Order_ID,Customer_ID,Product,Quantity,Price,Order_Date,Payment_Method,Location
FEB_000001,CUST_00463,Mouse,1,14420,2026-02-08,UPI,Pune
FEB_000002,CUST_02777,Smartphone,5,7952,2026-02-22,Debit Card,Pune
FEB_000003,CUST_02866,Keyboard,3,410,2026-02-17,Cash on Delivery,Delhi
FEB_000004,CUST_01246,Monitor,5,43687,2026-02-20,UPI,Pune
FEB_000005,CUST_04887,Mouse,5,4329,2026-02-24,Debit Card,Delhi
FEB_000006,CUST_01605,Keyboard,2,4604,2026-02-15,Credit Card,Hyderabad
FEB_000007,CUST_01677,Smartwatch,3,22237,2026-02-28,Cash on Delivery,Hyderabad
FEB_000008,CUST_00486,Headphones,2,839,2026-02-11,UPI,Bangalore
FEB_000009,CUST_04457,Mouse,4,44383,2026-02-07,Credit Card,Chennai
FEB_000010,CUST_03028,Smartphone,2,12269,2026-02-20,Debit Card,Chennai
FEB_000011,CUST_00623,Keyboard,3,39139,2026-02-11,UPI,Bangalore
FEB_000012,CUST_00929,Headphones,1,7693,2026-02-14,Debit Card,Mumbai
FEB_000013,CUST_03715,Keyboard,3,1394,2026-02-24,UPI,Chennai
FEB_000014,CUST_03644,Smartphone,4,41568,2026-02-27,UPI,Mumbai
FEB_000015,CUST_00256,Keyboard,1,29120,2026-02-24,Credit Card,Bangalore
FEB_000016,CUST_04972,Smartwatch,2,11675,2026-02-27,UPI,Bangalore
FEB_000017,CUST_01815,Keyboard,5,30620,2026-02-12,Debit Card,Delhi
FEB_000018,CUST_04050,Monitor,2,36003,2026-02-04,Cash on Delivery,Mumbai
FEB_000019,CUST_01515,Headphones,3,1708,2026-02-26,UPI,Mumbai
FEB_000020,CUST_02563,Keyboard,4,46648,2026-02-05,Debit Card,Hyderabad
FEB_000021,CUST_04367,Keyboard,3,2710,2026-02-03,UPI,Delhi
FEB_000022,CUST_04593,Tablet,3,1037,2026-02-05,Cash on Delivery,Bangalore
FEB_000023,CUST_04000,Mouse,2,15202,2026-02-21,Debit Card,Mumbai
FEB_000024,CUST_04598,Laptop,2,28630,2026-02-21,Debit Card,Delhi
FEB_000025,CUST_02471,Headphones,5,46671,2026-02-04,Debit Card,Mumbai
FEB_000026,CUST_01905,Mouse,3,32391,2026-02-13,Cash on Delivery,Pune
FEB_000027,CUST_01532,Tablet,5,27467,2026-02-19,Credit Card,Hyderabad
FEB_000028,CUST_01235,Laptop,3,24363,2026-02-22,UPI,Bangalore
FEB_000029,CUST_03812,Laptop,3,23465,2026-02-24,Credit Card,Pune
FEB_000030,CUST_01893,Laptop,3,14560,2026-02-24,Debit Card,Hyderabad
FEB_000031,CUST_04549,Smartphone,3,37367,2026-02-09,Credit Card,Pune
FEB_000032,CUST_04232,Tablet,3,19278,2026-02-13,Credit Card,Delhi
FEB_000033,CUST_04035,Keyboard,1,17446,2026-02-22,UPI,Delhi
FEB_000034,CUST_00173,Keyboard,1,3519,2026-02-20,UPI,Pune
FEB_000035,CUST_00061,Keyboard,5,6151,2026-02-26,UPI,Mumbai
FEB_000036,CUST_02455,Laptop,4,22766,2026-02-21,Debit Card,Hyderabad
FEB_000037,CUST_04404,Smartwatch,2,4909,2026-02-15,Cash on Delivery,Delhi
FEB_000038,CUST_04145,Mouse,3,15553,2026-02-09,UPI,Bangalore
FEB_000039,CUST_02468,Mouse,4,22262,2026-02-07,Debit Card,Mumbai
FEB_000040,CUST_04218,Headphones,2,36546,2026-02-26,Credit Card,Hyderabad
FEB_000041,CUST_04369,Smartphone,4,5454,2026-02-21,Credit Card,Chennai
FEB_000042,CUST_00699,Monitor,5,35286,2026-02-21,UPI,Chennai
FEB_000043,CUST_01176,Tablet,1,20357,2026-02-08,Cash on Delivery,Delhi
FEB_000044,CUST_02812,Mouse,2,35198,2026-02-12,Debit Card,Chennai
FEB_000045,CUST_04258,Smartwatch,2,41603,2026-02-27,Cash on Delivery,Delhi
FEB_000046,CUST_01715,Headphones,2,34624,2026-02-02,Credit Card,Delhi
FEB_000047,CUST_01039,Tablet,1,20659,2026-02-25,Debit Card,Delhi
FEB_000048,CUST_03907,Mouse,1,10684,2026-02-05,Cash on Delivery,Bangalore
FEB_000049,CUST_04503,Monitor,5,12032,2026-02-11,Debit Card,Bangalore
FEB_000050,CUST_00413,Headphones,2,47461,2026-02-18,Credit Card,Mumbai
FEB_000051,CUST_04160,Smartphone,5,23417,2026-02-01,Debit Card,Pune
FEB_000052,CUST_00196,Monitor,1,16790,2026-02-18,Credit Card,Pune
FEB_000053,CUST_04276,Headphones,4,14973,2026-02-17,Cash on Delivery,Pune
FEB_000054,CUST_02184,Laptop,5,37765,2026-02-25,Debit Card,Pune
FEB_000055,CUST_04075,Smartphone,5,42231,2026-02-09,UPI,Pune
FEB_000056,CUST_01182,Mouse,1,26836,2026-02-07,Credit Card,Mumbai
FEB_000057,CUST_02335,Smartwatch,1,15428,2026-02-24,Credit Card,Bangalore
FEB_000058,CUST_03587,Keyboard,2,31138,2026-02-09,UPI,Delhi
FEB_000059,CUST_02635,Monitor,3,49675,2026-02-28,Cash on Delivery,Delhi
FEB_000060,CUST_04501,Smartphone,3,7708,2026-02-10,Debit Card,Chennai
FEB_000061,CUST_00908,Laptop,4,16696,2026-02-15,Credit Card,Delhi
FEB_000062,CUST_01545,Smartwatch,4,23834,2026-02-25,Credit Card,Hyderabad
FEB_000063,CUST_02996,Smartphone,3,7168,2026-02-21,UPI,Hyderabad
FEB_000064,CUST_01479,Tablet,3,20981,2026-02-25,Cash on Delivery,Bangalore
FEB_000065,CUST_03371,Monitor,5,42826,2026-02-12,Credit Card,Bangalore
FEB_000066,CUST_03997,Smartwatch,2,15071,2026-02-01,Cash on Delivery,Pune
FEB_000067,CUST_01889,Smartwatch,3,13385,2026-02-26,Debit Card,Delhi
FEB_000068,CUST_00920,Headphones,1,19337,2026-02-16,Cash on Delivery,Delhi
FEB_000069,CUST_04089,Laptop,1,40030,2026-02-02,Debit Card,Hyderabad
FEB_000070,CUST_00170,Mouse,2,49419,2026-02-07,Cash on Delivery,Delhi
FEB_000071,CUST_01964,Smartphone,1,11807,2026-02-05,Cash on Delivery,Bangalore
FEB_000072,CUST_02620,Tablet,3,31464,2026-02-23,Debit Card,Pune
FEB_000073,CUST_04942,Keyboard,4,25985,2026-02-10,Cash on Delivery,Delhi
FEB_000074,CUST_01178,Smartphone,4,1255,2026-02-11,Credit Card,Bangalore
FEB_000075,CUST_01368,Tablet,3,447,2026-02-02,Credit Card,Pune
FEB_000076,CUST_01668,Mouse,5,45494,2026-02-19,Cash on Delivery,Bangalore
FEB_000077,CUST_04911,Keyboard,3,14551,2026-02-16,Debit Card,Chennai
FEB_000078,CUST_00862,Monitor,3,10001,2026-02-06,Cash on Delivery,Delhi
FEB_000079,CUST_03389,Tablet,1,34644,2026-02-27,Credit Card,Chennai
FEB_000080,CUST_03913,Laptop,1,13865,2026-02-24,Cash on Delivery,Mumbai
FEB_000081,CUST_00756,Smartwatch,4,28988,2026-02-19,Credit Card,Delhi
FEB_000082,CUST_01167,Smartphone,4,42748,2026-02-26,Cash on Delivery,Bangalore
FEB_000083,CUST_02269,Smartphone,3,17589,2026-02-19,Cash on Delivery,Chennai
FEB_000084,CUST_01461,Laptop,3,22589,2026-02-24,Credit Card,Delhi
FEB_000085,CUST_03173,Tablet,5,6833,2026-02-15,Cash on Delivery,Delhi
FEB_000086,CUST_03267,Headphones,3,16235,2026-02-15,Cash on Delivery,Pune
FEB_000087,CUST_03285,Keyboard,1,2730,2026-02-02,Cash on Delivery,Hyderabad
FEB_000088,CUST_01417,Keyboard,2,42113,2026-02-17,UPI,Chennai
FEB_000089,CUST_04020,Keyboard,3,27642,2026-02-17,Credit Card,Hyderabad
FEB_000090,CUST_00609,Smartphone,5,29942,2026-02-06,UPI,Pune
FEB_000091,CUST_01164,Smartwatch,5,34668,2026-02-13,Cash on Delivery,Chennai
FEB_000092,CUST_02690,Smartphone,1,23351,2026-02-08,Cash on Delivery,Delhi
FEB_000093,CUST_02459,Smartwatch,5,22690,2026-02-10,UPI,Mumbai
FEB_000094,CUST_02410,Tablet,5,44528,2026-02-20,Debit Card,Chennai
FEB_000095,CUST_04853,Headphones,5,15541,2026-02-25,Cash on Delivery,Pune
FEB_000096,CUST_03179,Smartwatch,2,48110,2026-02-04,UPI,Hyderabad
FEB_000097,CUST_04698,Headphones,5,26000,2026-02-15,Cash on Delivery,Delhi
FEB_000098,CUST_03497,Tablet,4,28228,2026-02-21,Credit Card,Hyderabad
FEB_000099,CUST_03160,Keyboard,3,8594,2026-02-13,Cash on Delivery,Delhi
FEB_000100,CUST_00094,Laptop,4,23874,2026-02-13,Debit Card,Mumbai
FEB_000101,CUST_00075,Mouse,1,46687,2026-02-09,Credit Card,Hyderabad
FEB_000102,CUST_04101,Laptop,1,4547,2026-02-08,Cash on Delivery,Bangalore
FEB_000103,CUST_04457,Headphones,1,42284,2026-02-05,Cash on Delivery,Hyderabad
FEB_000104,CUST_04074,Tablet,5,43236,2026-02-01,Cash on Delivery,Mumbai
FEB_000105,CUST_01427,Monitor,4,46482,2026-02-17,UPI,Chennai
FEB_000106,CUST_02138,Laptop,2,36393,2026-02-14,UPI,Delhi
FEB_000107,CUST_00215,Headphones,2,11966,2026-02-18,Debit Card,Bangalore
FEB_000108,CUST_03178,Smartwatch,1,45849,2026-02-27,Cash on Delivery,Bangalore
FEB_000109,CUST_03875,Monitor,5,28570,2026-02-03,Cash on Delivery,Chennai
FEB_000110,CUST_03305,Monitor,4,3639,2026-02-06,Debit Card,Delhi
FEB_000111,CUST_04342,Keyboard,2,49623,2026-02-18,Credit Card,Delhi
FEB_000112,CUST_04277,Mouse,1,41004,2026-02-22,UPI,Delhi
FEB_000113,CUST_03239,Smartphone,4,26756,2026-02-25,Debit Card,Hyderabad
FEB_000114,CUST_02993,Tablet,4,19630,2026-02-18,Credit Card,Chennai
FEB_000115,CUST_02582,Mouse,1,44704,2026-02-07,Cash on Delivery,Mumbai
FEB_000116,CUST_02638,Mouse,4,10315,2026-02-24,UPI,Hyderabad
FEB_000117,CUST_03550,Mouse,4,45278,2026-02-05,Debit Card,Delhi
FEB_000118,CUST_03383,Tablet,5,16663,2026-02-19,Cash on Delivery,Mumbai
FEB_000119,CUST_04950,Smartphone,4,27055,2026-02-17,UPI,Chennai
FEB_000120,CUST_00938,Laptop,1,5389,2026-02-08,Cash on Delivery,Hyderabad
FEB_000121,CUST_03850,Smartwatch,4,44014,2026-02-16,UPI,Mumbai
FEB_000122,CUST_01312,Laptop,1,42690,2026-02-06,Credit Card,Pune
FEB_000123,CUST_03524,Mouse,2,14432,2026-02-23,Credit Card,Delhi
FEB_000124,CUST_02816,Monitor,2,9441,2026-02-08,UPI,Hyderabad
FEB_000125,CUST_00831,Headphones,3,22232,2026-02-10,Cash on Delivery,Delhi
FEB_000126,CUST_00890,Headphones,1,11298,2026-02-21,Debit Card,Bangalore
FEB_000127,CUST_00216,Mouse,1,5424,2026-02-27,Credit Card,Hyderabad
FEB_000128,CUST_03300,Monitor,3,23015,2026-02-26,Credit Card,Bangalore
FEB_000129,CUST_02566,Smartphone,4,25725,2026-02-23,Debit Card,Chennai
FEB_000130,CUST_04592,Keyboard,4,20069,2026-02-23,Debit Card,Mumbai
FEB_000131,CUST_04911,Headphones,4,9867,2026-02-27,Cash on Delivery,Bangalore
FEB_000132,CUST_04023,Headphones,1,47996,2026-02-22,Credit Card,Pune
FEB_000133,CUST_02350,Keyboard,1,26764,2026-02-04,UPI,Bangalore
FEB_000134,CUST_01453,Monitor,5,38047,2026-02-08,Debit Card,Chennai
FEB_000135,CUST_04913,Laptop,4,39370,2026-02-02,UPI,Hyderabad
FEB_000136,CUST_01054,Keyboard,4,4883,2026-02-19,UPI,Bangalore
FEB_000137,CUST_04740,Laptop,4,6502,2026-02-10,UPI,Delhi
FEB_000138,CUST_03459,Mouse,4,35617,2026-02-22,UPI,Chennai
FEB_000139,CUST_04363,Tablet,5,20785,2026-02-23,UPI,Delhi
FEB_000140,CUST_00824,Headphones,4,31915,2026-02-20,UPI,Bangalore
FEB_000141,CUST_04435,Tablet,3,5171,2026-02-07,Debit Card,Delhi
FEB_000142,CUST_02062,Headphones,5,29791,2026-02-24,UPI,Delhi
FEB_000143,CUST_03790,Tablet,2,15405,2026-02-19,UPI,Mumbai
FEB_000144,CUST_00741,Mouse,2,11012,2026-02-09,Cash on Delivery,Pune
FEB_000145,CUST_02560,Mouse,1,721,2026-02-22,Debit Card,Delhi
FEB_000146,CUST_01156,Laptop,1,45847,2026-02-07,Cash on Delivery,Bangalore
FEB_000147,CUST_03074,Headphones,2,14827,2026-02-18,Debit Card,Hyderabad
FEB_000148,CUST_04292,Smartphone,5,15209,2026-02-16,Debit Card,Delhi
FEB_000149,CUST_00522,Mouse,4,42455,2026-02-03,Debit Card,Chennai
FEB_000150,CUST_02580,Tablet,2,11273,2026-02-15,Debit Card,Mumbai
FEB_000151,CUST_02051,Smartphone,3,27709,2026-02-23,UPI,Chennai
FEB_000152,CUST_00707,Headphones,3,15019,2026-02-07,Credit Card,Mumbai
FEB_000153,CUST_04762,Tablet,5,10282,2026-02-24,Debit Card,Chennai
FEB_000154,CUST_03265,Smartphone,4,18148,2026-02-26,UPI,Delhi
FEB_000155,CUST_01674,Laptop,1,21969,2026-02-11,Cash on Delivery,Hyderabad
FEB_000156,CUST_01015,Tablet,2,32271,2026-02-09,Credit Card,Bangalore
FEB_000157,CUST_03204,Tablet,3,17417,2026-02-02,UPI,Delhi
FEB_000158,CUST_01492,Smartwatch,2,47281,2026-02-25,UPI,Pune
FEB_000159,CUST_02621,Laptop,5,42196,2026-02-04,Credit Card,Delhi
FEB_000160,CUST_04132,Keyboard,1,38896,2026-02-20,Credit Card,Delhi
FEB_000161,CUST_01840,Keyboard,4,2200,2026-02-03,Debit Card,Pune
FEB_000162,CUST_00341,Keyboard,5,27047,2026-02-11,UPI,Chennai
FEB_000163,CUST_02448,Keyboard,1,27080,2026-02-06,Credit Card,Hyderabad
FEB_000164,CUST_01538,Mouse,3,8293,2026-02-15,Credit Card,Hyderabad
FEB_000165,CUST_00958,Tablet,2,35390,2026-02-12,Debit Card,Bangalore
FEB_000166,CUST_03143,Tablet,5,47430,2026-02-18,Credit Card,Mumbai
FEB_000167,CUST_00325,Headphones,4,33827,2026-02-13,Cash on Delivery,Delhi
FEB_000168,CUST_02425,Tablet,4,23896,2026-02-24,Cash on Delivery,Pune
FEB_000169,CUST_01092,Laptop,4,39924,2026-02-04,Debit Card,Bangalore
FEB_000170,CUST_01294,Smartphone,1,2533,2026-02-26,Debit Card,Delhi
FEB_000171,CUST_03259,Smartphone,3,25257,2026-02-03,Cash on Delivery,Chennai
FEB_000172,CUST_04535,Monitor,5,29273,2026-02-23,UPI,Delhi
FEB_000173,CUST_00596,Smartphone,2,40018,2026-02-09,Credit Card,Pune
FEB_000174,CUST_04258,Smartphone,1,17896,2026-02-18,Credit Card,Delhi
FEB_000175,CUST_02659,Headphones,3,29754,2026-02-18,Cash on Delivery,Bangalore
FEB_000176,CUST_02931,Mouse,3,3023,2026-02-23,Debit Card,Bangalore
FEB_000177,CUST_04430,Monitor,5,33902,2026-02-09,UPI,Chennai
FEB_000178,CUST_00413,Mouse,2,38179,2026-02-19,Cash on Delivery,Hyderabad
FEB_000179,CUST_04423,Mouse,5,42175,2026-02-17,Debit Card,Bangalore
FEB_000180,CUST_00010,Smartwatch,1,9772,2026-02-28,Cash on Delivery,Hyderabad
FEB_000181,CUST_00287,Monitor,5,20350,2026-02-25,UPI,Bangalore
FEB_000182,CUST_01088,Smartphone,5,34696,2026-02-22,UPI,Delhi
FEB_000183,CUST_04072,Tablet,4,12913,2026-02-01,UPI,Hyderabad
FEB_000184,CUST_00741,Monitor,2,1510,2026-02-17,Credit Card,Hyderabad
FEB_000185,CUST_01694,Keyboard,4,30670,2026-02-08,Cash on Delivery,Mumbai
FEB_000186,CUST_01156,Tablet,5,9159,2026-02-12,Debit Card,Delhi
FEB_000187,CUST_02520,Smartphone,2,45823,2026-02-18,Cash on Delivery,Hyderabad
FEB_000188,CUST_00852,Keyboard,2,24694,2026-02-21,Credit Card,Delhi
FEB_000189,CUST_02929,Mouse,1,20111,2026-02-05,UPI,Chennai
FEB_000190,CUST_03984,Mouse,2,9187,2026-02-06,UPI,Delhi
FEB_000191,CUST_00919,Smartphone,3,19931,2026-02-22,Debit Card,Bangalore
FEB_000192,CUST_04213,Monitor,1,9749,2026-02-21,Debit Card,Chennai
FEB_000193,CUST_00600,Laptop,1,25685,2026-02-23,UPI,Mumbai
FEB_000194,CUST_00838,Keyboard,4,31958,2026-02-16,Cash on Delivery,Delhi
FEB_000195,CUST_02744,Smartphone,3,41768,2026-02-01,Cash on Delivery,Mumbai
FEB_000196,CUST_01559,Tablet,2,3936,2026-02-15,Debit Card,Mumbai
FEB_000197,CUST_01459,Mouse,1,18797,2026-02-08,Debit Card,Mumbai
FEB_000198,CUST_01297,Smartphone,4,36622,2026-02-04,Debit Card,Chennai
FEB_000199,CUST_01682,Mouse,2,26410,2026-02-23,UPI,Bangalore
FEB_000200,CUST_02988,Laptop,1,10448,2026-02-11,UPI,Bangalore
FEB_000201,CUST_00680,Headphones,5,28692,2026-02-08,Cash on Delivery,Chennai
FEB_000202,CUST_03594,Monitor,4,19432,2026-02-15,Cash on Delivery,Hyderabad
FEB_000203,CUST_04110,Keyboard,4,16064,2026-02-26,Credit Card,Delhi
FEB_000204,CUST_04659,Mouse,5,48962,2026-02-02,UPI,Chennai
FEB_000205,CUST_02906,Keyboard,1,38363,2026-02-17,UPI,Pune
FEB_000206,CUST_03868,Laptop,1,49756,2026-02-17,Debit Card,Chennai
FEB_000207,CUST_04221,Tablet,1,41375,2026-02-04,Credit Card,Chennai
FEB_000208,CUST_01872,Headphones,3,25754,2026-02-23,Cash on Delivery,Hyderabad
FEB_000209,CUST_01895,Smartphone,3,45408,2026-02-25,Cash on Delivery,Bangalore
FEB_000210,CUST_02735,Laptop,5,34098,2026-02-06,Credit Card,Delhi
FEB_000211,CUST_02170,Keyboard,5,27129,2026-02-05,Cash on Delivery,Pune
FEB_000212,CUST_02500,Tablet,4,14157,2026-02-24,Credit Card,Delhi
FEB_000213,CUST_01286,Mouse,5,46951,2026-02-16,Credit Card,Hyderabad
FEB_000214,CUST_00711,Keyboard,2,9259,2026-02-06,Debit Card,Mumbai
FEB_000215,CUST_00590,Smartwatch,5,42515,2026-02-13,Debit Card,Chennai
FEB_000216,CUST_02930,Smartwatch,5,9999,2026-02-01,Cash on Delivery,Bangalore
FEB_000217,CUST_00222,Monitor,4,40677,2026-02-12,Debit Card,Pune
FEB_000218,CUST_01376,Smartwatch,1,28346,2026-02-17,UPI,Delhi
FEB_000219,CUST_01823,Smartphone,2,22414,2026-02-09,UPI,Delhi
FEB_000220,CUST_03211,Headphones,1,39492,2026-02-11,Cash on Delivery,Bangalore
FEB_000221,CUST_03571,Laptop,3,48214,2026-02-16,Debit Card,Mumbai
FEB_000222,CUST_01206,Mouse,1,19115,2026-02-10,Credit Card,Pune
FEB_000223,CUST_03412,Monitor,4,10356,2026-02-22,Cash on Delivery,Mumbai
FEB_000224,CUST_03237,Laptop,3,26668,2026-02-28,Debit Card,Delhi
FEB_000225,CUST_00222,Tablet,2,20226,2026-02-01,Cash on Delivery,Chennai
FEB_000226,CUST_00084,Monitor,2,4903,2026-02-13,Credit Card,Hyderabad
FEB_000227,CUST_03938,Keyboard,4,18805,2026-02-23,Cash on Delivery,Chennai
FEB_000228,CUST_04942,Keyboard,4,31159,2026-02-13,Cash on Delivery,Delhi
FEB_000229,CUST_01444,Mouse,2,31833,2026-02-10,Debit Card,Pune
FEB_000230,CUST_01444,Tablet,4,7145,2026-02-03,Credit Card,Pune
FEB_000231,CUST_01185,Smartwatch,1,10650,2026-02-17,Debit Card,Pune
FEB_000232,CUST_04536,Tablet,4,40128,2026-02-19,Debit Card,Pune
FEB_000233,CUST_04138,Smartphone,5,20623,2026-02-27,UPI,Chennai
FEB_000234,CUST_04518,Smartphone,2,30222,2026-02-23,Debit Card,Chennai
FEB_000235,CUST_00088,Mouse,1,36836,2026-02-03,Cash on Delivery,Chennai
FEB_000236,CUST_01538,Headphones,3,34357,2026-02-27,Cash on Delivery,Hyderabad
FEB_000237,CUST_04266,Smartphone,1,25000,2026-02-09,Credit Card,Bangalore
FEB_000238,CUST_00609,Smartwatch,3,25866,2026-02-15,Credit Card,Pune
FEB_000239,CUST_04387,Smartwatch,3,4758,2026-02-28,Credit Card,Mumbai
FEB_000240,CUST_02154,Smartphone,3,8639,2026-02-11,UPI,Pune
FEB_000241,CUST_04106,Smartwatch,3,30646,2026-02-16,Cash on Delivery,Mumbai
FEB_000242,CUST_03444,Smartwatch,2,1283,2026-02-04,Credit Card,Pune
FEB_000243,CUST_01582,Smartwatch,2,32416,2026-02-08,UPI,Chennai
FEB_000244,CUST_02000,Smartphone,2,31147,2026-02-12,Debit Card,Chennai
FEB_000245,CUST_01128,Keyboard,3,19508,2026-02-23,Credit Card,Bangalore
FEB_000246,CUST_00556,Headphones,5,1454,2026-02-21,Debit Card,Bangalore
FEB_000247,CUST_04636,Smartwatch,2,46592,2026-02-18,Debit Card,Hyderabad
FEB_000248,CUST_01131,Mouse,1,22452,2026-02-12,UPI,Mumbai
FEB_000249,CUST_02589,Smartphone,1,48216,2026-02-09,Cash on Delivery,Pune
FEB_000250,CUST_03338,Laptop,3,36648,2026-02-13,UPI,Hyderabad
FEB_000251,CUST_04660,Headphones,3,14037,2026-02-11,UPI,Bangalore
FEB_000252,CUST_04190,Keyboard,2,10375,2026-02-17,Debit Card,Chennai
FEB_000253,CUST_01381,Smartphone,1,27181,2026-02-02,Cash on Delivery,Chennai
FEB_000254,CUST_00355,Headphones,5,40128,2026-02-22,Credit Card,Hyderabad
FEB_000255,CUST_00768,Mouse,5,33354,2026-02-28,Cash on Delivery,Bangalore
FEB_000256,CUST_04829,Smartphone,4,36371,2026-02-14,UPI,Bangalore
FEB_000257,CUST_04526,Keyboard,4,5883,2026-02-09,UPI,Bangalore
FEB_000258,CUST_04569,Keyboard,2,24962,2026-02-08,Cash on Delivery,Pune
FEB_000259,CUST_02504,Mouse,5,13092,2026-02-28,Debit Card,Chennai
FEB_000260,CUST_02310,Keyboard,1,15455,2026-02-23,Debit Card,Pune
FEB_000261,CUST_03525,Tablet,5,49166,2026-02-05,Debit Card,Bangalore
FEB_000262,CUST_03242,Smartwatch,1,7338,2026-02-26,Debit Card,Bangalore
FEB_000263,CUST_04607,Smartphone,4,419,2026-02-13,Cash on Delivery,Bangalore
FEB_000264,CUST_00472,Monitor,4,33714,2026-02-22,Cash on Delivery,Chennai
FEB_000265,CUST_00225,Smartphone,4,35909,2026-02-14,Credit Card,Pune
FEB_000266,CUST_03121,Smartphone,3,49286,2026-02-20,Cash on Delivery,Delhi
FEB_000267,CUST_03707,Mouse,5,47347,2026-02-01,UPI,Delhi
FEB_000268,CUST_04904,Tablet,2,32720,2026-02-15,Credit Card,Mumbai
FEB_000269,CUST_04813,Smartwatch,5,38517,2026-02-04,Debit Card,Chennai
FEB_000270,CUST_03056,Headphones,1,31343,2026-02-27,Debit Card,Bangalore
FEB_000271,CUST_03208,Monitor,5,38343,2026-02-21,Debit Card,Delhi
FEB_000272,CUST_04531,Smartwatch,5,19588,2026-02-26,Debit Card,Delhi
FEB_000273,CUST_04567,Laptop,4,34443,2026-02-23,Debit Card,Mumbai
FEB_000274,CUST_02488,Monitor,4,37917,2026-02-27,Debit Card,Bangalore
FEB_000275,CUST_03724,Keyboard,5,4500,2026-02-24,Debit Card,Pune
FEB_000276,CUST_03703,Tablet,2,34895,2026-02-14,UPI,Bangalore
FEB_000277,CUST_00688,Keyboard,1,8399,2026-02-14,Credit Card,Delhi
FEB_000278,CUST_03941,Smartwatch,2,39182,2026-02-26,UPI,Chennai
FEB_000279,CUST_02328,Tablet,2,38069,2026-02-23,Cash on Delivery,Chennai
FEB_000280,CUST_03800,Smartwatch,3,38428,2026-02-17,Cash on Delivery,Bangalore
FEB_000281,CUST_04093,Smartphone,5,5455,2026-02-28,Cash on Delivery,Bangalore
FEB_000282,CUST_02181,Laptop,5,28528,2026-02-08,UPI,Pune
FEB_000283,CUST_03615,Monitor,1,5904,2026-02-19,Cash on Delivery,Bangalore
FEB_000284,CUST_01788,Mouse,3,4030,2026-02-14,Cash on Delivery,Mumbai
FEB_000285,CUST_00966,Laptop,5,6838,2026-02-05,Cash on Delivery,Delhi
FEB_000286,CUST_03403,Smartwatch,4,10853,2026-02-14,Cash on Delivery,Hyderabad
FEB_000287,CUST_01958,Keyboard,2,11848,2026-02-23,Cash on Delivery,Delhi
FEB_000288,CUST_01634,Smartphone,5,27269,2026-02-16,Credit Card,Bangalore
FEB_000289,CUST_03445,Smartphone,2,3224,2026-02-07,UPI,Chennai
FEB_000290,CUST_04558,Tablet,2,27862,2026-02-16,Cash on Delivery,Mumbai
FEB_000291,CUST_03457,Smartphone,3,47671,2026-02-12,Cash on Delivery,Mumbai
FEB_000292,CUST_01292,Keyboard,5,49235,2026-02-03,Debit Card,Pune
FEB_000293,CUST_02398,Smartphone,4,18267,2026-02-12,Cash on Delivery,Mumbai
FEB_000294,CUST_00881,Monitor,1,275,2026-02-16,Cash on Delivery,Pune
FEB_000295,CUST_03223,Monitor,2,36156,2026-02-23,Debit Card,Delhi
FEB_000296,CUST_00259,Mouse,3,24742,2026-02-02,Cash on Delivery,Pune
FEB_000297,CUST_04172,Smartwatch,5,22192,2026-02-21,Credit Card,Delhi
FEB_000298,CUST_01033,Laptop,1,25422,2026-02-05,Debit Card,Pune
FEB_000299,CUST_03919,Tablet,3,42254,2026-02-22,UPI,Bangalore
FEB_000300,CUST_01111,Laptop,1,33466,2026-02-09,UPI,Delhi
FEB_000301,CUST_01180,Laptop,4,48270,2026-02-10,Cash on Delivery,Delhi
FEB_000302,CUST_04093,Laptop,3,47676,2026-02-03,Cash on Delivery,Chennai
FEB_000303,CUST_03872,Laptop,5,8120,2026-02-17,Cash on Delivery,Hyderabad
FEB_000304,CUST_01161,Smartphone,1,28626,2026-02-13,Cash on Delivery,Mumbai
FEB_000305,CUST_01927,Laptop,3,25731,2026-02-05,Debit Card,Hyderabad
FEB_000306,CUST_03255,Monitor,5,40125,2026-02-08,UPI,Pune
FEB_000307,CUST_00787,Smartwatch,4,23659,2026-02-24,UPI,Delhi
FEB_000308,CUST_03340,Headphones,2,10234,2026-02-14,UPI,Hyderabad
FEB_000309,CUST_00516,Laptop,2,6784,2026-02-13,Credit Card,Mumbai
FEB_000310,CUST_02978,Laptop,5,25166,2026-02-23,Credit Card,Hyderabad
FEB_000311,CUST_02132,Tablet,5,12925,2026-02-19,Debit Card,Hyderabad
FEB_000312,CUST_00589,Mouse,4,613,2026-02-18,Credit Card,Bangalore
FEB_000313,CUST_03637,Mouse,1,48739,2026-02-23,Cash on Delivery,Hyderabad
FEB_000314,CUST_02479,Keyboard,3,20624,2026-02-23,Debit Card,Mumbai
FEB_000315,CUST_03827,Monitor,4,28330,2026-02-22,Cash on Delivery,Mumbai
FEB_000316,CUST_04919,Smartwatch,2,5938,2026-02-27,Credit Card,Delhi
FEB_000317,CUST_04782,Headphones,5,24677,2026-02-08,UPI,Mumbai
FEB_000318,CUST_04811,Tablet,4,5581,2026-02-22,UPI,Delhi
FEB_000319,CUST_00839,Smartwatch,3,33117,2026-02-05,UPI,Hyderabad
FEB_000320,CUST_01230,Smartwatch,4,44676,2026-02-15,UPI,Pune
FEB_000321,CUST_00621,Smartphone,5,14904,2026-02-11,Credit Card,Pune
FEB_000322,CUST_04938,Laptop,3,22588,2026-02-02,UPI,Chennai
FEB_000323,CUST_03852,Headphones,5,5603,2026-02-22,Credit Card,Mumbai
FEB_000324,CUST_01058,Laptop,1,36988,2026-02-09,Debit Card,Hyderabad
FEB_000325,CUST_02866,Headphones,4,15094,2026-02-02,UPI,Mumbai
FEB_000326,CUST_04505,Tablet,4,23208,2026-02-25,Cash on Delivery,Chennai
FEB_000327,CUST_01522,Mouse,1,10463,2026-02-06,Cash on Delivery,Bangalore
FEB_000328,CUST_00194,Keyboard,5,20663,2026-02-24,UPI,Mumbai
FEB_000329,CUST_04645,Monitor,5,39812,2026-02-04,Credit Card,Delhi
FEB_000330,CUST_02168,Headphones,3,16898,2026-02-06,Debit Card,Mumbai
FEB_000331,CUST_03277,Smartwatch,1,22849,2026-02-23,Credit Card,Pune
FEB_000332,CUST_01100,Laptop,5,32357,2026-02-05,Cash on Delivery,Pune
FEB_000333,CUST_02273,Smartwatch,1,36358,2026-02-22,Credit Card,Pune
FEB_000334,CUST_01377,Monitor,3,45331,2026-02-18,UPI,Bangalore
FEB_000335,CUST_01447,Smartphone,1,46622,2026-02-08,Cash on Delivery,Delhi
FEB_000336,CUST_02868,Smartwatch,1,22748,2026-02-09,UPI,Hyderabad
FEB_000337,CUST_00455,Laptop,5,27326,2026-02-06,UPI,Chennai
FEB_000338,CUST_00018,Tablet,1,13289,2026-02-17,Debit Card,Delhi
FEB_000339,CUST_02515,Tablet,2,10001,2026-02-17,Debit Card,Delhi
FEB_000340,CUST_02933,Tablet,1,49142,2026-02-02,Credit Card,Chennai
FEB_000341,CUST_04659,Monitor,5,12442,2026-02-12,Debit Card,Chennai
FEB_000342,CUST_04035,Headphones,4,43069,2026-02-01,Credit Card,Hyderabad
FEB_000343,CUST_02145,Smartwatch,5,49031,2026-02-01,UPI,Mumbai
FEB_000344,CUST_03585,Headphones,1,42760,2026-02-24,Credit Card,Chennai
FEB_000345,CUST_01484,Smartwatch,1,25294,2026-02-02,Cash on Delivery,Mumbai
FEB_000346,CUST_03892,Headphones,4,3705,2026-02-13,Credit Card,Delhi
FEB_000347,CUST_02396,Smartphone,1,11054,2026-02-24,Cash on Delivery,Delhi
FEB_000348,CUST_00136,Keyboard,1,36218,2026-02-04,Credit Card,Delhi
FEB_000349,CUST_04741,Smartphone,3,46693,2026-02-01,Credit Card,Pune
FEB_000350,CUST_04729,Keyboard,5,16925,2026-02-04,UPI,Bangalore
FEB_000351,CUST_02031,Smartphone,1,46521,2026-02-26,Credit Card,Delhi
FEB_000352,CUST_03947,Keyboard,1,15296,2026-02-02,Cash on Delivery,Delhi
FEB_000353,CUST_04432,Tablet,2,34877,2026-02-19,Cash on Delivery,Chennai
FEB_000354,CUST_01724,Laptop,3,9421,2026-02-03,Credit Card,Hyderabad
FEB_000355,CUST_03270,Laptop,5,650,2026-02-16,UPI,Pune
FEB_000356,CUST_03760,Smartwatch,3,10507,2026-02-16,Cash on Delivery,Chennai
FEB_000357,CUST_00283,Tablet,5,24333,2026-02-24,Credit Card,Bangalore
FEB_000358,CUST_04809,Smartphone,2,34506,2026-02-08,Debit Card,Bangalore
FEB_000359,CUST_01850,Smartphone,4,41297,2026-02-03,Debit Card,Bangalore
FEB_000360,CUST_02746,Smartphone,5,23703,2026-02-18,Debit Card,Bangalore
FEB_000361,CUST_01827,Keyboard,3,16945,2026-02-06,UPI,Delhi
FEB_000362,CUST_04559,Monitor,3,4365,2026-02-12,UPI,Hyderabad
FEB_000363,CUST_04967,Headphones,1,29279,2026-02-17,UPI,Mumbai
FEB_000364,CUST_03712,Mouse,5,21505,2026-02-17,Credit Card,Mumbai
FEB_000365,CUST_04931,Smartwatch,3,44385,2026-02-11,Cash on Delivery,Pune
FEB_000366,CUST_04581,Tablet,2,22397,2026-02-01,Debit Card,Chennai
FEB_000367,CUST_04063,Tablet,3,15678,2026-02-28,UPI,Pune
FEB_000368,CUST_03563,Keyboard,3,12643,2026-02-15,Credit Card,Bangalore
FEB_000369,CUST_04293,Smartphone,1,957,2026-02-16,UPI,Chennai
FEB_000370,CUST_00936,Tablet,3,18875,2026-02-05,Cash on Delivery,Hyderabad
FEB_000371,CUST_01651,Smartphone,4,36886,2026-02-25,UPI,Pune
FEB_000372,CUST_00601,Smartwatch,3,40562,2026-02-12,UPI,Pune
FEB_000373,CUST_00155,Tablet,1,41639,2026-02-20,Debit Card,Bangalore
FEB_000374,CUST_00951,Smartwatch,3,37943,2026-02-11,Credit Card,Delhi
FEB_000375,CUST_00205,Smartwatch,4,4473,2026-02-24,UPI,Mumbai
FEB_000376,CUST_02226,Mouse,2,21177,2026-02-16,Credit Card,Bangalore
FEB_000377,CUST_03352,Tablet,1,39488,2026-02-28,Credit Card,Mumbai
FEB_000378,CUST_02429,Tablet,2,45258,2026-02-13,UPI,Hyderabad
FEB_000379,CUST_02890,Keyboard,3,35161,2026-02-16,Credit Card,Delhi
FEB_000380,CUST_02239,Keyboard,3,43904,2026-02-24,Debit Card,Mumbai
FEB_000381,CUST_01563,Keyboard,1,47094,2026-02-08,Cash on Delivery,Pune
FEB_000382,CUST_03054,Mouse,2,8941,2026-02-20,Credit Card,Delhi
FEB_000383,CUST_03403,Keyboard,3,23528,2026-02-09,UPI,Chennai
FEB_000384,CUST_04066,Keyboard,4,31235,2026-02-20,Cash on Delivery,Delhi
FEB_000385,CUST_00439,Mouse,2,37073,2026-02-25,Cash on Delivery,Mumbai
FEB_000386,CUST_04201,Mouse,2,30698,2026-02-17,UPI,Pune
FEB_000387,CUST_03486,Monitor,4,18671,2026-02-13,Debit Card,Bangalore
FEB_000388,CUST_01786,Headphones,5,17293,2026-02-24,UPI,Delhi
FEB_000389,CUST_03990,Smartwatch,5,26508,2026-02-09,Debit Card,Pune
FEB_000390,CUST_02183,Mouse,1,27582,2026-02-12,Cash on Delivery,Hyderabad
FEB_000391,CUST_04847,Mouse,2,22486,2026-02-20,Credit Card,Delhi
FEB_000392,CUST_01547,Smartwatch,5,15418,2026-02-17,UPI,Pune
FEB_000393,CUST_00247,Smartphone,1,42644,2026-02-18,Cash on Delivery,Delhi
FEB_000394,CUST_01555,Keyboard,1,10975,2026-02-04,UPI,Pune
FEB_000395,CUST_02899,Smartwatch,3,29522,2026-02-01,Credit Card,Pune
FEB_000396,CUST_04399,Smartwatch,1,26938,2026-02-07,UPI,Mumbai
FEB_000397,CUST_03520,Smartphone,5,7280,2026-02-18,Credit Card,Pune
FEB_000398,CUST_03533,Mouse,1,45436,2026-02-28,Cash on Delivery,Hyderabad
FEB_000399,CUST_04432,Laptop,3,49030,2026-02-11,UPI,Hyderabad
FEB_000400,CUST_02543,Laptop,3,42410,2026-02-27,Cash on Delivery,Chennai
FEB_000401,CUST_02902,Laptop,2,8126,2026-02-08,Debit Card,Hyderabad
FEB_000402,CUST_02403,Smartphone,4,14860,2026-02-15,Credit Card,Delhi
FEB_000403,CUST_02563,Monitor,4,14851,2026-02-17,Credit Card,Chennai
FEB_000404,CUST_00041,Headphones,2,22194,2026-02-14,Credit Card,Pune
FEB_000405,CUST_00760,Tablet,5,43297,2026-02-26,Credit Card,Mumbai
FEB_000406,CUST_04573,Headphones,5,37812,2026-02-04,UPI,Delhi
FEB_000407,CUST_02643,Smartphone,1,10360,2026-02-01,Cash on Delivery,Mumbai
FEB_000408,CUST_00145,Monitor,5,5937,2026-02-20,Debit Card,Chennai
FEB_000409,CUST_04710,Smartwatch,1,46610,2026-02-28,Debit Card,Chennai
FEB_000410,CUST_01993,Keyboard,1,38915,2026-02-05,Debit Card,Chennai
FEB_000411,CUST_03690,Smartwatch,5,34715,2026-02-19,Debit Card,Pune
FEB_000412,CUST_01618,Mouse,4,18144,2026-02-09,Debit Card,Hyderabad
FEB_000413,CUST_02656,Mouse,4,13687,2026-02-05,Cash on Delivery,Delhi
FEB_000414,CUST_01800,Laptop,1,14796,2026-02-08,UPI,Bangalore
FEB_000415,CUST_00812,Smartwatch,4,10133,2026-02-15,Credit Card,Bangalore
FEB_000416,CUST_01447,Monitor,2,49016,2026-02-21,UPI,Mumbai
FEB_000417,CUST_04312,Smartphone,5,19082,2026-02-05,UPI,Mumbai
FEB_000418,CUST_00736,Headphones,5,22741,2026-02-04,Credit Card,Mumbai
FEB_000419,CUST_04118,Smartphone,5,32643,2026-02-16,Debit Card,Mumbai
FEB_000420,CUST_03166,Monitor,4,27568,2026-02-10,Credit Card,Chennai
FEB_000421,CUST_04044,Laptop,3,45437,2026-02-02,Credit Card,Pune
FEB_000422,CUST_03890,Keyboard,4,46328,2026-02-22,Debit Card,Mumbai
FEB_000423,CUST_01934,Monitor,2,21248,2026-02-09,Debit Card,Pune
FEB_000424,CUST_03507,Headphones,2,10184,2026-02-09,Debit Card,Chennai
FEB_000425,CUST_03315,Smartwatch,1,3895,2026-02-25,Cash on Delivery,Bangalore
FEB_000426,CUST_04729,Laptop,5,6178,2026-02-26,Credit Card,Chennai
FEB_000427,CUST_04969,Keyboard,3,36564,2026-02-04,UPI,Bangalore
FEB_000428,CUST_02438,Smartphone,5,24503,2026-02-04,Debit Card,Mumbai
FEB_000429,CUST_02547,Smartwatch,3,28690,2026-02-02,UPI,Hyderabad
FEB_000430,CUST_03168,Monitor,3,44130,2026-02-09,Debit Card,Hyderabad
FEB_000431,CUST_02572,Smartwatch,5,30793,2026-02-28,Cash on Delivery,Bangalore
FEB_000432,CUST_03510,Smartphone,2,16316,2026-02-12,Debit Card,Mumbai
FEB_000433,CUST_00671,Monitor,2,11914,2026-02-02,UPI,Bangalore
FEB_000434,CUST_00734,Monitor,1,31835,2026-02-01,Cash on Delivery,Delhi
FEB_000435,CUST_02215,Headphones,1,6638,2026-02-19,Credit Card,Pune
FEB_000436,CUST_03761,Headphones,2,2960,2026-02-04,Debit Card,Delhi
FEB_000437,CUST_01426,Headphones,1,34135,2026-02-09,Credit Card,Bangalore
FEB_000438,CUST_00694,Monitor,4,30055,2026-02-28,Cash on Delivery,Delhi
FEB_000439,CUST_00905,Keyboard,4,9968,2026-02-10,Credit Card,Mumbai
FEB_000440,CUST_03744,Keyboard,3,32510,2026-02-23,UPI,Pune
FEB_000441,CUST_03197,Smartphone,5,29339,2026-02-07,Cash on Delivery,Bangalore
FEB_000442,CUST_04075,Monitor,2,48963,2026-02-19,Debit Card,Delhi
FEB_000443,CUST_04371,Monitor,2,21065,2026-02-11,Debit Card,Pune
FEB_000444,CUST_04674,Monitor,1,20838,2026-02-24,Debit Card,Mumbai
FEB_000445,CUST_02033,Smartwatch,1,19135,2026-02-10,Credit Card,Hyderabad
FEB_000446,CUST_01042,Mouse,2,349,2026-02-16,Debit Card,Hyderabad
FEB_000447,CUST_03313,Laptop,4,17445,2026-02-25,UPI,Bangalore
FEB_000448,CUST_01264,Monitor,1,37409,2026-02-10,Cash on Delivery,Hyderabad
FEB_000449,CUST_02034,Tablet,3,46044,2026-02-07,Cash on Delivery,Hyderabad
FEB_000450,CUST_00400,Smartphone,3,23496,2026-02-22,UPI,Hyderabad
FEB_000451,CUST_00009,Smartwatch,2,37739,2026-02-18,Debit Card,Hyderabad
FEB_000452,CUST_02723,Mouse,3,642,2026-02-10,Debit Card,Pune
FEB_000453,CUST_01482,Smartwatch,3,15858,2026-02-22,Cash on Delivery,Mumbai
FEB_000454,CUST_02083,Tablet,4,47745,2026-02-28,UPI,Hyderabad
FEB_000455,CUST_02901,Smartwatch,5,15628,2026-02-18,Debit Card,Mumbai
FEB_000456,CUST_00801,Keyboard,3,20383,2026-02-12,UPI,Delhi
FEB_000457,CUST_02969,Monitor,3,41780,2026-02-15,Cash on Delivery,Pune
FEB_000458,CUST_01020,Mouse,2,38832,2026-02-02,Debit Card,Mumbai
FEB_000459,CUST_01649,Smartwatch,5,16232,2026-02-08,Cash on Delivery,Hyderabad
FEB_000460,CUST_02451,Laptop,2,6925,2026-02-08,UPI,Mumbai
FEB_000461,CUST_02834,Mouse,5,34249,2026-02-09,UPI,Pune
FEB_000462,CUST_02357,Smartwatch,1,26061,2026-02-21,Debit Card,Delhi
FEB_000463,CUST_04749,Keyboard,1,40847,2026-02-10,Cash on Delivery,Chennai
FEB_000464,CUST_03581,Keyboard,3,39746,2026-02-28,UPI,Chennai
FEB_000465,CUST_00442,Monitor,3,32507,2026-02-13,Cash on Delivery,Delhi
FEB_000466,CUST_04711,Laptop,3,23713,2026-02-28,Debit Card,Pune
FEB_000467,CUST_01574,Smartwatch,2,14751,2026-02-10,Credit Card,Mumbai
FEB_000468,CUST_01734,Smartphone,2,45164,2026-02-20,UPI,Pune
FEB_000469,CUST_04550,Smartphone,1,44892,2026-02-02,UPI,Delhi
FEB_000470,CUST_04007,Tablet,2,47828,2026-02-18,UPI,Mumbai
FEB_000471,CUST_04092,Smartphone,5,45505,2026-02-15,Cash on Delivery,Hyderabad
FEB_000472,CUST_03711,Laptop,4,25468,2026-02-25,Cash on Delivery,Hyderabad
FEB_000473,CUST_04154,Mouse,2,13061,2026-02-22,UPI,Chennai
FEB_000474,CUST_00267,Keyboard,2,35092,2026-02-11,UPI,Pune
FEB_000475,CUST_04018,Headphones,3,39938,2026-02-06,UPI,Mumbai
FEB_000476,CUST_02208,Laptop,3,20180,2026-02-28,Credit Card,Hyderabad
FEB_000477,CUST_02289,Smartwatch,5,34060,2026-02-08,Debit Card,Chennai
FEB_000478,CUST_02009,Mouse,2,39032,2026-02-22,Debit Card,Delhi
FEB_000479,CUST_03991,Headphones,3,47494,2026-02-28,UPI,Mumbai
FEB_000480,CUST_02755,Keyboard,3,34357,2026-02-27,Debit Card,Hyderabad
FEB_000481,CUST_01252,Laptop,1,13600,2026-02-14,Credit Card,Delhi
FEB_000482,CUST_01331,Laptop,1,47419,2026-02-02,Credit Card,Chennai
FEB_000483,CUST_04391,Smartwatch,1,7441,2026-02-22,Cash on Delivery,Delhi
FEB_000484,CUST_02907,Monitor,3,24020,2026-02-17,Debit Card,Mumbai
FEB_000485,CUST_00780,Smartphone,4,44531,2026-02-12,Cash on Delivery,Mumbai
FEB_000486,CUST_01305,Smartwatch,4,9280,2026-02-10,Debit Card,Bangalore
FEB_000487,CUST_03375,Tablet,4,46494,2026-02-08,UPI,Bangalore
FEB_000488,CUST_00736,Smartphone,1,33051,2026-02-21,UPI,Mumbai
FEB_000489,CUST_01464,Smartwatch,3,40696,2026-02-21,UPI,Delhi
FEB_000490,CUST_04826,Tablet,3,34676,2026-02-11,Debit Card,Chennai
FEB_000491,CUST_01145,Monitor,2,32421,2026-02-09,Debit Card,Pune
FEB_000492,CUST_00740,Tablet,4,49621,2026-02-07,UPI,Mumbai
FEB_000493,CUST_01892,Tablet,2,23669,2026-02-12,Cash on Delivery,Bangalore
FEB_000494,CUST_01835,Keyboard,4,13170,2026-02-13,Debit Card,Delhi
FEB_000495,CUST_02519,Smartphone,5,4166,2026-02-28,UPI,Mumbai
FEB_000496,CUST_01381,Mouse,2,1653,2026-02-01,UPI,Delhi
FEB_000497,CUST_03787,Smartwatch,1,25701,2026-02-15,Cash on Delivery,Delhi
FEB_000498,CUST_04770,Monitor,4,35854,2026-02-12,Cash on Delivery,Bangalore
FEB_000499,CUST_00911,Smartphone,2,48164,2026-02-10,Debit Card,Hyderabad
FEB_000500,CUST_01431,Smartphone,4,48350,2026-02-10,Credit Card,Chennai
FEB_000501,CUST_01217,Smartphone,5,16990,2026-02-09,UPI,Pune
FEB_000502,CUST_02354,Tablet,5,47624,2026-02-24,UPI,Delhi
FEB_000503,CUST_03932,Smartphone,4,4793,2026-02-14,Cash on Delivery,Hyderabad
FEB_000504,CUST_04819,Smartphone,2,25354,2026-02-10,Credit Card,Pune
FEB_000505,CUST_01040,Tablet,5,20420,2026-02-17,UPI,Bangalore
FEB_000506,CUST_02820,Laptop,5,30713,2026-02-12,Credit Card,Delhi
FEB_000507,CUST_00377,Tablet,1,14735,2026-02-07,Credit Card,Pune
FEB_000508,CUST_01393,Monitor,2,32720,2026-02-09,UPI,Bangalore
FEB_000509,CUST_03653,Keyboard,3,20260,2026-02-20,Debit Card,Chennai
FEB_000510,CUST_02413,Smartwatch,3,31719,2026-02-07,Debit Card,Hyderabad
FEB_000511,CUST_02771,Smartphone,2,6661,2026-02-14,UPI,Mumbai
FEB_000512,CUST_03051,Headphones,2,47338,2026-02-03,UPI,Pune
FEB_000513,CUST_00765,Monitor,5,23491,2026-02-17,UPI,Delhi
FEB_000514,CUST_03487,Smartwatch,4,2368,2026-02-07,Credit Card,Delhi
FEB_000515,CUST_01943,Monitor,1,4886,2026-02-05,Credit Card,Pune
FEB_000516,CUST_02693,Headphones,2,21347,2026-02-19,Debit Card,Hyderabad
FEB_000517,CUST_02345,Monitor,4,1462,2026-02-22,Credit Card,Mumbai
FEB_000518,CUST_03295,Smartphone,1,5877,2026-02-16,Credit Card,Delhi
FEB_000519,CUST_03849,Laptop,4,12522,2026-02-09,UPI,Hyderabad
FEB_000520,CUST_02397,Smartphone,3,12029,2026-02-04,Credit Card,Chennai
FEB_000521,CUST_03590,Mouse,3,44805,2026-02-12,Debit Card,Bangalore
FEB_000522,CUST_01004,Tablet,2,49854,2026-02-28,Credit Card,Mumbai
FEB_000523,CUST_03330,Monitor,3,33477,2026-02-03,Cash on Delivery,Chennai
FEB_000524,CUST_03676,Smartphone,3,48478,2026-02-12,UPI,Chennai
FEB_000525,CUST_02894,Monitor,1,28940,2026-02-13,Credit Card,Hyderabad
FEB_000526,CUST_02053,Headphones,1,14400,2026-02-13,Cash on Delivery,Mumbai
FEB_000527,CUST_03934,Smartphone,3,31900,2026-02-04,Credit Card,Delhi
FEB_000528,CUST_01029,Mouse,3,13335,2026-02-27,UPI,Hyderabad
FEB_000529,CUST_02600,Smartphone,4,18684,2026-02-13,Debit Card,Mumbai
FEB_000530,CUST_00128,Monitor,3,886,2026-02-18,UPI,Hyderabad
FEB_000531,CUST_01842,Laptop,5,18105,2026-02-11,Credit Card,Mumbai
FEB_000532,CUST_03820,Smartwatch,1,45816,2026-02-25,UPI,Pune
FEB_000533,CUST_03794,Smartwatch,3,48595,2026-02-20,UPI,Delhi
FEB_000534,CUST_00863,Tablet,1,43685,2026-02-04,Cash on Delivery,Hyderabad
FEB_000535,CUST_00627,Monitor,4,17299,2026-02-24,UPI,Chennai
FEB_000536,CUST_03982,Smartphone,4,21207,2026-02-28,Cash on Delivery,Chennai
FEB_000537,CUST_04713,Smartwatch,4,32460,2026-02-02,Debit Card,Mumbai
FEB_000538,CUST_03486,Headphones,1,13392,2026-02-24,Debit Card,Delhi
FEB_000539,CUST_04227,Monitor,4,40305,2026-02-21,Debit Card,Mumbai
FEB_000540,CUST_02763,Mouse,1,43878,2026-02-03,Debit Card,Mumbai
FEB_000541,CUST_04213,Monitor,1,7126,2026-02-13,UPI,Mumbai
FEB_000542,CUST_04016,Tablet,2,18015,2026-02-13,UPI,Hyderabad
FEB_000543,CUST_02625,Smartphone,3,40492,2026-02-25,Cash on Delivery,Chennai
FEB_000544,CUST_03068,Tablet,1,45801,2026-02-15,Cash on Delivery,Hyderabad
FEB_000545,CUST_02380,Laptop,2,12783,2026-02-11,UPI,Delhi
FEB_000546,CUST_02353,Headphones,4,36912,2026-02-25,Credit Card,Hyderabad
FEB_000547,CUST_03135,Monitor,4,6431,2026-02-21,Credit Card,Pune
FEB_000548,CUST_02894,Tablet,1,3177,2026-02-21,UPI,Chennai
FEB_000549,CUST_02395,Monitor,1,41202,2026-02-18,Credit Card,Delhi
FEB_000550,CUST_02220,Laptop,2,14695,2026-02-24,Cash on Delivery,Hyderabad
FEB_000551,CUST_01550,Laptop,2,35409,2026-02-20,UPI,Bangalore
FEB_000552,CUST_03813,Smartwatch,1,18219,2026-02-24,UPI,Hyderabad
FEB_000553,CUST_01508,Smartwatch,2,37113,2026-02-13,Credit Card,Delhi
FEB_000554,CUST_04652,Monitor,2,29178,2026-02-12,Cash on Delivery,Delhi
FEB_000555,CUST_00046,Monitor,2,12078,2026-02-04,Cash on Delivery,Delhi
FEB_000556,CUST_01113,Laptop,4,26211,2026-02-15,Cash on Delivery,Bangalore
FEB_000557,CUST_04768,Laptop,3,38038,2026-02-09,Cash on Delivery,Delhi
FEB_000558,CUST_01971,Tablet,3,43856,2026-02-01,Credit Card,Chennai
FEB_000559,CUST_02093,Monitor,1,33401,2026-02-25,Credit Card,Mumbai
FEB_000560,CUST_03283,Headphones,5,17262,2026-02-23,UPI,Chennai
FEB_000561,CUST_02280,Smartwatch,4,9962,2026-02-02,Debit Card,Delhi
FEB_000562,CUST_00691,Smartphone,4,14108,2026-02-15,Cash on Delivery,Pune
FEB_000563,CUST_04285,Laptop,1,17855,2026-02-20,Cash on Delivery,Delhi
FEB_000564,CUST_01365,Headphones,2,38099,2026-02-01,Cash on Delivery,Hyderabad
FEB_000565,CUST_04000,Laptop,5,29057,2026-02-28,Cash on Delivery,Mumbai
FEB_000566,CUST_00567,Monitor,2,48972,2026-02-28,Debit Card,Pune
FEB_000567,CUST_02192,Mouse,2,5919,2026-02-06,UPI,Delhi
FEB_000568,CUST_04699,Keyboard,2,6402,2026-02-20,UPI,Delhi
FEB_000569,CUST_03865,Mouse,1,2528,2026-02-13,Credit Card,Pune
FEB_000570,CUST_02159,Headphones,4,1769,2026-02-11,Credit Card,Mumbai
FEB_000571,CUST_04212,Smartphone,5,4174,2026-02-23,Credit Card,Bangalore
FEB_000572,CUST_00241,Tablet,1,19976,2026-02-07,Credit Card,Mumbai
FEB_000573,CUST_02517,Monitor,1,36200,2026-02-11,Credit Card,Chennai
FEB_000574,CUST_02934,Smartwatch,5,24367,2026-02-21,UPI,Hyderabad
FEB_000575,CUST_02295,Mouse,4,43157,2026-02-16,Cash on Delivery,Bangalore
FEB_000576,CUST_01280,Headphones,2,11405,2026-02-18,Cash on Delivery,Bangalore
FEB_000577,CUST_02742,Laptop,3,26910,2026-02-06,Debit Card,Chennai
FEB_000578,CUST_03977,Mouse,2,25552,2026-02-03,Debit Card,Hyderabad
FEB_000579,CUST_02445,Laptop,4,28739,2026-02-18,UPI,Delhi
FEB_000580,CUST_02826,Laptop,1,4799,2026-02-09,Cash on Delivery,Pune
FEB_000581,CUST_00824,Headphones,3,46327,2026-02-02,UPI,Hyderabad
FEB_000582,CUST_00830,Smartwatch,1,30104,2026-02-04,Cash on Delivery,Delhi
FEB_000583,CUST_00830,Laptop,5,26401,2026-02-24,Credit Card,Chennai
FEB_000584,CUST_01484,Smartphone,4,36965,2026-02-24,Debit Card,Chennai
FEB_000585,CUST_00153,Headphones,1,25082,2026-02-06,Credit Card,Mumbai
FEB_000586,CUST_02556,Smartphone,1,38963,2026-02-26,Credit Card,Bangalore
FEB_000587,CUST_01757,Headphones,5,23615,2026-02-09,Debit Card,Mumbai
FEB_000588,CUST_02819,Smartwatch,5,46204,2026-02-22,Cash on Delivery,Bangalore
FEB_000589,CUST_04696,Smartwatch,1,46598,2026-02-05,Cash on Delivery,Delhi
FEB_000590,CUST_02270,Tablet,2,32448,2026-02-25,Credit Card,Mumbai
FEB_000591,CUST_04552,Tablet,1,28650,2026-02-17,UPI,Bangalore
FEB_000592,CUST_03190,Headphones,1,14013,2026-02-09,Cash on Delivery,Bangalore
FEB_000593,CUST_02899,Tablet,1,37998,2026-02-10,UPI,Pune
FEB_000594,CUST_03907,Keyboard,3,45965,2026-02-14,Credit Card,Pune
FEB_000595,CUST_02083,Headphones,1,6705,2026-02-03,Debit Card,Mumbai
FEB_000596,CUST_04574,Smartphone,2,28823,2026-02-15,Cash on Delivery,Bangalore
FEB_000597,CUST_01081,Laptop,4,3955,2026-02-20,Credit Card,Hyderabad
FEB_000598,CUST_01817,Mouse,2,30496,2026-02-26,UPI,Pune
FEB_000599,CUST_02171,Headphones,3,32277,2026-02-08,UPI,Chennai
FEB_000600,CUST_02436,Headphones,2,8576,2026-02-22,Debit Card,Pune
FEB_000601,CUST_00797,Smartwatch,3,3448,2026-02-15,UPI,Bangalore
FEB_000602,CUST_04105,Monitor,2,17475,2026-02-28,UPI,Bangalore
FEB_000603,CUST_02301,Monitor,4,20368,2026-02-08,Cash on Delivery,Chennai
FEB_000604,CUST_04945,Tablet,1,33007,2026-02-07,UPI,Mumbai
FEB_000605,CUST_00366,Smartwatch,2,15994,2026-02-05,Debit Card,Chennai
FEB_000606,CUST_04738,Tablet,5,18103,2026-02-12,Cash on Delivery,Bangalore
FEB_000607,CUST_03774,Monitor,4,18570,2026-02-13,Cash on Delivery,Pune
FEB_000608,CUST_04064,Smartwatch,4,29112,2026-02-14,Debit Card,Hyderabad
FEB_000609,CUST_00761,Keyboard,3,46246,2026-02-23,UPI,Chennai
FEB_000610,CUST_02281,Laptop,2,11081,2026-02-19,Debit Card,Delhi
FEB_000611,CUST_00907,Smartwatch,3,48887,2026-02-06,Debit Card,Delhi
FEB_000612,CUST_01113,Mouse,3,45497,2026-02-23,Credit Card,Mumbai
FEB_000613,CUST_03270,Smartphone,1,1269,2026-02-10,Debit Card,Hyderabad
FEB_000614,CUST_01570,Monitor,5,3011,2026-02-17,UPI,Bangalore
FEB_000615,CUST_04115,Smartphone,5,36936,2026-02-27,Credit Card,Chennai
FEB_000616,CUST_00619,Mouse,4,38293,2026-02-12,UPI,Bangalore
FEB_000617,CUST_00702,Keyboard,4,27249,2026-02-20,Debit Card,Delhi
FEB_000618,CUST_03747,Laptop,1,21224,2026-02-20,Cash on Delivery,Hyderabad
FEB_000619,CUST_02094,Smartphone,1,35781,2026-02-07,UPI,Chennai
FEB_000620,CUST_00294,Monitor,1,43314,2026-02-12,Credit Card,Bangalore
FEB_000621,CUST_03051,Smartphone,2,28367,2026-02-09,Debit Card,Mumbai
FEB_000622,CUST_04978,Mouse,2,47913,2026-02-05,Credit Card,Pune
FEB_000623,CUST_00358,Monitor,5,21257,2026-02-27,UPI,Delhi
FEB_000624,CUST_00817,Headphones,1,23784,2026-02-26,Debit Card,Hyderabad
FEB_000625,CUST_04708,Monitor,5,11528,2026-02-12,Debit Card,Mumbai
FEB_000626,CUST_03600,Smartphone,4,25852,2026-02-20,Debit Card,Bangalore
FEB_000627,CUST_01776,Smartwatch,1,7938,2026-02-26,UPI,Mumbai
FEB_000628,CUST_03854,Laptop,2,8708,2026-02-21,UPI,Pune
FEB_000629,CUST_01239,Monitor,2,35412,2026-02-08,Credit Card,Chennai
FEB_000630,CUST_02351,Mouse,5,8137,2026-02-03,Cash on Delivery,Hyderabad
FEB_000631,CUST_00579,Smartwatch,3,5001,2026-02-05,Debit Card,Hyderabad
FEB_000632,CUST_00518,Smartphone,3,26966,2026-02-04,Cash on Delivery,Delhi
FEB_000633,CUST_00947,Smartphone,4,15571,2026-02-13,Cash on Delivery,Mumbai
FEB_000634,CUST_01001,Monitor,2,35921,2026-02-06,Debit Card,Bangalore
FEB_000635,CUST_01673,Monitor,3,41295,2026-02-02,Cash on Delivery,Chennai
FEB_000636,CUST_00721,Keyboard,1,10149,2026-02-08,UPI,Delhi
FEB_000637,CUST_00611,Headphones,3,13167,2026-02-26,Debit Card,Pune
FEB_000638,CUST_03123,Smartwatch,4,8597,2026-02-22,UPI,Delhi
FEB_000639,CUST_03090,Headphones,1,22129,2026-02-23,Credit Card,Hyderabad
FEB_000640,CUST_02113,Laptop,4,344,2026-02-09,UPI,Bangalore
FEB_000641,CUST_00925,Headphones,1,22692,2026-02-14,Debit Card,Hyderabad
FEB_000642,CUST_02306,Mouse,4,24597,2026-02-18,Credit Card,Hyderabad
FEB_000643,CUST_03488,Laptop,1,31626,2026-02-07,Debit Card,Hyderabad
FEB_000644,CUST_01656,Keyboard,3,15638,2026-02-04,Credit Card,Pune
FEB_000645,CUST_03512,Mouse,1,29239,2026-02-08,Debit Card,Mumbai
FEB_000646,CUST_00241,Laptop,4,43662,2026-02-17,Debit Card,Chennai
FEB_000647,CUST_04386,Headphones,3,21690,2026-02-12,Debit Card,Hyderabad
FEB_000648,CUST_01956,Smartwatch,5,49092,2026-02-24,Cash on Delivery,Mumbai
FEB_000649,CUST_01628,Monitor,5,32082,2026-02-05,UPI,Bangalore
FEB_000650,CUST_03927,Keyboard,1,46235,2026-02-01,UPI,Chennai
FEB_000651,CUST_01043,Mouse,5,20762,2026-02-28,Cash on Delivery,Delhi
FEB_000652,CUST_03491,Smartwatch,4,12899,2026-02-13,UPI,Delhi
FEB_000653,CUST_04931,Smartwatch,2,45409,2026-02-25,Cash on Delivery,Delhi
FEB_000654,CUST_04464,Tablet,3,20368,2026-02-07,Cash on Delivery,Mumbai
FEB_000655,CUST_00651,Headphones,1,19031,2026-02-04,Credit Card,Pune
FEB_000656,CUST_04980,Keyboard,5,15098,2026-02-12,Debit Card,Delhi
FEB_000657,CUST_01395,Headphones,5,33703,2026-02-15,UPI,Bangalore
FEB_000658,CUST_03015,Smartwatch,1,19459,2026-02-14,UPI,Delhi
FEB_000659,CUST_03807,Mouse,3,30366,2026-02-18,Cash on Delivery,Mumbai
FEB_000660,CUST_02299,Smartphone,2,15911,2026-02-13,Debit Card,Chennai
FEB_000661,CUST_01299,Headphones,3,49094,2026-02-17,Debit Card,Delhi
FEB_000662,CUST_02664,Laptop,4,36002,2026-02-08,Debit Card,Delhi
FEB_000663,CUST_04850,Keyboard,5,14808,2026-02-25,Cash on Delivery,Mumbai
FEB_000664,CUST_01188,Smartwatch,2,35772,2026-02-13,Credit Card,Delhi
FEB_000665,CUST_00899,Headphones,5,19577,2026-02-20,Cash on Delivery,Pune
FEB_000666,CUST_04115,Tablet,3,23457,2026-02-24,Debit Card,Bangalore
FEB_000667,CUST_00122,Keyboard,1,42735,2026-02-14,Cash on Delivery,Hyderabad
FEB_000668,CUST_03159,Monitor,5,12191,2026-02-27,Cash on Delivery,Hyderabad
FEB_000669,CUST_04892,Mouse,5,7668,2026-02-27,Credit Card,Hyderabad
FEB_000670,CUST_03378,Mouse,3,18852,2026-02-21,Credit Card,Chennai
FEB_000671,CUST_01024,Monitor,5,5486,2026-02-16,UPI,Hyderabad
FEB_000672,CUST_04812,Mouse,1,47620,2026-02-24,Credit Card,Chennai
FEB_000673,CUST_02542,Tablet,4,10737,2026-02-10,UPI,Mumbai
FEB_000674,CUST_04117,Mouse,3,3042,2026-02-18,UPI,Bangalore
FEB_000675,CUST_00016,Headphones,2,5969,2026-02-15,Cash on Delivery,Mumbai
FEB_000676,CUST_01173,Monitor,5,35984,2026-02-16,Credit Card,Pune
FEB_000677,CUST_04229,Mouse,3,48259,2026-02-22,Credit Card,Chennai
FEB_000678,CUST_04154,Laptop,3,23864,2026-02-04,Debit Card,Hyderabad
FEB_000679,CUST_01440,Monitor,1,10763,2026-02-03,UPI,Pune
FEB_000680,CUST_03911,Mouse,3,29269,2026-02-27,Debit Card,Chennai
FEB_000681,CUST_01878,Smartwatch,3,8335,2026-02-25,Credit Card,Chennai
FEB_000682,CUST_02483,Tablet,1,46672,2026-02-01,Credit Card,Delhi
FEB_000683,CUST_03713,Smartphone,2,23974,2026-02-28,UPI,Chennai
FEB_000684,CUST_04175,Headphones,1,48219,2026-02-26,Credit Card,Mumbai
FEB_000685,CUST_03016,Smartphone,2,40643,2026-02-08,Cash on Delivery,Hyderabad
FEB_000686,CUST_02712,Smartphone,5,44902,2026-02-22,Cash on Delivery,Pune
FEB_000687,CUST_02163,Monitor,2,17543,2026-02-06,UPI,Bangalore
FEB_000688,CUST_04149,Tablet,2,15467,2026-02-12,Debit Card,Hyderabad
FEB_000689,CUST_04656,Monitor,3,10460,2026-02-03,Credit Card,Hyderabad
FEB_000690,CUST_03596,Tablet,1,12130,2026-02-05,Debit Card,Pune
FEB_000691,CUST_04517,Mouse,3,36920,2026-02-19,Debit Card,Bangalore
FEB_000692,CUST_02334,Headphones,2,2692,2026-02-27,Debit Card,Bangalore
FEB_000693,CUST_04113,Tablet,2,38068,2026-02-24,UPI,Delhi
FEB_000694,CUST_04129,Smartwatch,4,15818,2026-02-20,Credit Card,Pune
FEB_000695,CUST_01931,Tablet,1,41610,2026-02-12,Cash on Delivery,Pune
FEB_000696,CUST_01198,Keyboard,1,431,2026-02-07,UPI,Chennai
FEB_000697,CUST_04985,Monitor,3,31460,2026-02-03,Cash on Delivery,Delhi
FEB_000698,CUST_04878,Monitor,1,25954,2026-02-05,Cash on Delivery,Delhi
FEB_000699,CUST_02851,Smartwatch,4,17891,2026-02-03,Cash on Delivery,Delhi
FEB_000700,CUST_02316,Tablet,1,15716,2026-02-16,UPI,Delhi
FEB_000701,CUST_03221,Keyboard,5,28214,2026-02-14,UPI,Delhi
FEB_000702,CUST_04190,Tablet,1,44819,2026-02-13,Cash on Delivery,Bangalore
FEB_000703,CUST_02113,Laptop,3,15036,2026-02-17,UPI,Hyderabad
FEB_000704,CUST_04520,Smartwatch,3,35995,2026-02-21,Debit Card,Delhi
FEB_000705,CUST_04153,Tablet,4,48291,2026-02-06,UPI,Chennai
FEB_000706,CUST_03786,Mouse,4,3997,2026-02-06,UPI,Delhi
FEB_000707,CUST_00737,Laptop,3,36957,2026-02-10,Credit Card,Hyderabad
FEB_000708,CUST_00230,Keyboard,3,6015,2026-02-15,Cash on Delivery,Mumbai
FEB_000709,CUST_04820,Mouse,5,29357,2026-02-19,Debit Card,Bangalore
FEB_000710,CUST_00167,Tablet,1,28199,2026-02-01,Debit Card,Pune
FEB_000711,CUST_00413,Tablet,1,42151,2026-02-09,Credit Card,Pune
FEB_000712,CUST_01874,Mouse,4,7171,2026-02-11,UPI,Bangalore
FEB_000713,CUST_02692,Monitor,2,17253,2026-02-28,UPI,Delhi
FEB_000714,CUST_04589,Headphones,1,7641,2026-02-15,Debit Card,Hyderabad
FEB_000715,CUST_00939,Keyboard,1,33882,2026-02-03,Credit Card,Hyderabad
FEB_000716,CUST_01562,Smartphone,1,28617,2026-02-12,Debit Card,Pune
FEB_000717,CUST_01011,Monitor,2,9826,2026-02-22,Credit Card,Bangalore
FEB_000718,CUST_00449,Smartwatch,1,45244,2026-02-11,Cash on Delivery,Mumbai
FEB_000719,CUST_01777,Tablet,4,25309,2026-02-24,Cash on Delivery,Mumbai
FEB_000720,CUST_04594,Laptop,4,853,2026-02-22,Cash on Delivery,Mumbai
FEB_000721,CUST_00491,Smartwatch,3,2033,2026-02-11,Debit Card,Mumbai
FEB_000722,CUST_04427,Keyboard,2,36354,2026-02-03,Debit Card,Mumbai
FEB_000723,CUST_00797,Mouse,3,2867,2026-02-27,Cash on Delivery,Hyderabad
FEB_000724,CUST_02240,Keyboard,5,37237,2026-02-01,Credit Card,Bangalore
FEB_000725,CUST_00830,Tablet,2,48609,2026-02-08,Credit Card,Bangalore
FEB_000726,CUST_00895,Monitor,3,10443,2026-02-14,Credit Card,Bangalore
FEB_000727,CUST_00658,Smartphone,2,17272,2026-02-21,UPI,Bangalore
FEB_000728,CUST_00852,Headphones,4,48173,2026-02-18,Credit Card,Chennai
FEB_000729,CUST_04420,Keyboard,3,41883,2026-02-12,Credit Card,Chennai
FEB_000730,CUST_04398,Keyboard,5,27068,2026-02-08,Debit Card,Chennai
FEB_000731,CUST_03353,Mouse,3,49706,2026-02-01,Cash on Delivery,Hyderabad
FEB_000732,CUST_02244,Tablet,1,39987,2026-02-21,Credit Card,Mumbai
FEB_000733,CUST_03071,Tablet,5,43839,2026-02-20,Cash on Delivery,Bangalore
FEB_000734,CUST_00850,Headphones,2,39153,2026-02-19,Debit Card,Bangalore
FEB_000735,CUST_04980,Mouse,5,14464,2026-02-27,UPI,Chennai
FEB_000736,CUST_04531,Mouse,3,29990,2026-02-21,Debit Card,Bangalore
FEB_000737,CUST_00508,Headphones,2,4024,2026-02-20,Cash on Delivery,Chennai
FEB_000738,CUST_02537,Smartwatch,3,45251,2026-02-04,UPI,Pune
FEB_000739,CUST_01225,Smartwatch,1,5119,2026-02-22,UPI,Hyderabad
FEB_000740,CUST_03642,Smartwatch,5,4612,2026-02-08,UPI,Hyderabad
FEB_000741,CUST_04480,Smartphone,2,31183,2026-02-03,UPI,Mumbai
FEB_000742,CUST_00361,Mouse,4,414,2026-02-04,Debit Card,Bangalore
FEB_000743,CUST_02073,Mouse,3,15293,2026-02-23,Credit Card,Bangalore
FEB_000744,CUST_03850,Headphones,1,45709,2026-02-13,UPI,Hyderabad
FEB_000745,CUST_02719,Smartphone,1,696,2026-02-22,Debit Card,Bangalore
FEB_000746,CUST_01081,Smartwatch,3,49769,2026-02-24,Credit Card,Mumbai
FEB_000747,CUST_02798,Monitor,1,19863,2026-02-14,Cash on Delivery,Delhi
FEB_000748,CUST_00090,Laptop,1,35138,2026-02-22,Cash on Delivery,Pune
FEB_000749,CUST_02445,Smartphone,3,15926,2026-02-14,Cash on Delivery,Chennai
FEB_000750,CUST_01312,Headphones,5,24363,2026-02-06,Debit Card,Chennai
FEB_000751,CUST_04747,Keyboard,1,49705,2026-02-26,Debit Card,Hyderabad
FEB_000752,CUST_02909,Mouse,5,36804,2026-02-08,UPI,Pune
FEB_000753,CUST_04033,Keyboard,2,30571,2026-02-02,Cash on Delivery,Pune
FEB_000754,CUST_00591,Laptop,2,29530,2026-02-28,Cash on Delivery,Chennai
FEB_000755,CUST_00725,Smartphone,1,11341,2026-02-08,Debit Card,Pune
FEB_000756,CUST_01583,Tablet,3,38245,2026-02-26,Credit Card,Delhi
FEB_000757,CUST_04455,Monitor,1,45723,2026-02-11,Debit Card,Pune
FEB_000758,CUST_02422,Mouse,1,43736,2026-02-03,UPI,Chennai
FEB_000759,CUST_03536,Tablet,2,15097,2026-02-09,Cash on Delivery,Hyderabad
FEB_000760,CUST_04275,Smartphone,1,34592,2026-02-27,Credit Card,Mumbai
FEB_000761,CUST_00385,Tablet,4,44873,2026-02-25,UPI,Bangalore
FEB_000762,CUST_04735,Monitor,3,35287,2026-02-22,Cash on Delivery,Mumbai
FEB_000763,CUST_01181,Monitor,2,45569,2026-02-09,Cash on Delivery,Chennai
FEB_000764,CUST_04860,Smartwatch,4,47075,2026-02-14,Credit Card,Delhi
FEB_000765,CUST_03058,Mouse,5,25912,2026-02-27,Cash on Delivery,Mumbai
FEB_000766,CUST_03981,Laptop,2,36102,2026-02-27,Cash on Delivery,Delhi
FEB_000767,CUST_04059,Headphones,2,36234,2026-02-25,UPI,Bangalore
FEB_000768,CUST_00957,Headphones,1,26614,2026-02-15,Cash on Delivery,Delhi
FEB_000769,CUST_03150,Smartwatch,5,41529,2026-02-20,Credit Card,Chennai
FEB_000770,CUST_02172,Headphones,5,37147,2026-02-08,UPI,Pune
FEB_000771,CUST_02176,Headphones,4,35731,2026-02-26,Debit Card,Pune
FEB_000772,CUST_02386,Mouse,4,395,2026-02-22,Cash on Delivery,Hyderabad
FEB_000773,CUST_04706,Monitor,5,39874,2026-02-17,Credit Card,Delhi
FEB_000774,CUST_00632,Keyboard,2,48287,2026-02-03,UPI,Bangalore
FEB_000775,CUST_01037,Smartphone,4,39849,2026-02-10,Debit Card,Delhi
FEB_000776,CUST_04359,Monitor,4,16699,2026-02-10,Debit Card,Pune
FEB_000777,CUST_02321,Mouse,4,11233,2026-02-01,Debit Card,Mumbai
FEB_000778,CUST_02534,Mouse,1,26724,2026-02-28,Credit Card,Mumbai
FEB_000779,CUST_03167,Mouse,1,32110,2026-02-14,UPI,Mumbai
FEB_000780,CUST_01809,Keyboard,4,38616,2026-02-02,UPI,Bangalore
FEB_000781,CUST_03611,Mouse,2,7852,2026-02-27,Credit Card,Pune
FEB_000782,CUST_03488,Smartwatch,1,24769,2026-02-02,UPI,Pune
FEB_000783,CUST_04386,Monitor,4,39095,2026-02-27,UPI,Delhi
FEB_000784,CUST_04581,Smartphone,4,3616,2026-02-24,UPI,Chennai
FEB_000785,CUST_01153,Mouse,2,4264,2026-02-26,Cash on Delivery,Bangalore
FEB_000786,CUST_00147,Tablet,4,9760,2026-02-08,Credit Card,Chennai
FEB_000787,CUST_04904,Smartwatch,4,29363,2026-02-27,Credit Card,Bangalore
FEB_000788,CUST_02582,Smartwatch,1,6054,2026-02-20,Debit Card,Pune
FEB_000789,CUST_00368,Monitor,5,21342,2026-02-02,Debit Card,Hyderabad
FEB_000790,CUST_02386,Smartwatch,3,4625,2026-02-03,Cash on Delivery,Chennai
FEB_000791,CUST_04789,Headphones,1,9570,2026-02-26,Cash on Delivery,Mumbai
FEB_000792,CUST_04939,Monitor,2,26793,2026-02-24,UPI,Chennai
FEB_000793,CUST_04205,Smartwatch,4,4140,2026-02-04,Cash on Delivery,Hyderabad
FEB_000794,CUST_03888,Headphones,1,4636,2026-02-08,Cash on Delivery,Bangalore
FEB_000795,CUST_02581,Mouse,4,5326,2026-02-18,Credit Card,Delhi
FEB_000796,CUST_02672,Smartphone,5,46378,2026-02-05,Cash on Delivery,Delhi
FEB_000797,CUST_04542,Smartphone,2,1388,2026-02-09,UPI,Bangalore
FEB_000798,CUST_01981,Smartwatch,2,24579,2026-02-22,Cash on Delivery,Hyderabad
FEB_000799,CUST_02729,Keyboard,5,44491,2026-02-04,Credit Card,Mumbai
FEB_000800,CUST_04560,Smartphone,5,32944,2026-02-11,Cash on Delivery,Delhi
FEB_000801,CUST_00028,Mouse,4,24969,2026-02-10,UPI,Mumbai
FEB_000802,CUST_00521,Laptop,4,45185,2026-02-27,UPI,Hyderabad
FEB_000803,CUST_04157,Smartphone,4,6200,2026-02-12,Credit Card,Pune
FEB_000804,CUST_04702,Smartwatch,3,12846,2026-02-05,Cash on Delivery,Chennai
FEB_000805,CUST_00925,Mouse,3,1335,2026-02-25,UPI,Hyderabad
FEB_000806,CUST_04600,Tablet,5,23995,2026-02-03,UPI,Delhi
FEB_000807,CUST_03801,Mouse,2,25417,2026-02-27,UPI,Delhi
FEB_000808,CUST_00538,Mouse,2,49868,2026-02-11,Cash on Delivery,Mumbai
FEB_000809,CUST_04940,Smartphone,2,20617,2026-02-17,UPI,Bangalore
FEB_000810,CUST_01311,Smartphone,2,5490,2026-02-27,Credit Card,Delhi
FEB_000811,CUST_03725,Keyboard,1,3156,2026-02-18,Cash on Delivery,Mumbai
FEB_000812,CUST_01925,Headphones,5,38825,2026-02-26,Cash on Delivery,Hyderabad
FEB_000813,CUST_02939,Tablet,2,30873,2026-02-26,Cash on Delivery,Bangalore
FEB_000814,CUST_02432,Smartphone,1,36250,2026-02-14,Debit Card,Bangalore
FEB_000815,CUST_00258,Tablet,2,22318,2026-02-05,Debit Card,Pune
FEB_000816,CUST_01582,Tablet,4,17382,2026-02-01,Debit Card,Pune
FEB_000817,CUST_01584,Keyboard,1,39077,2026-02-03,Debit Card,Pune
FEB_000818,CUST_02958,Headphones,2,24741,2026-02-11,Debit Card,Bangalore
FEB_000819,CUST_02095,Headphones,2,33591,2026-02-28,Debit Card,Mumbai
FEB_000820,CUST_00747,Keyboard,4,48461,2026-02-09,Credit Card,Delhi
FEB_000821,CUST_02583,Smartwatch,1,15613,2026-02-12,Credit Card,Pune
FEB_000822,CUST_01750,Laptop,3,28220,2026-02-07,UPI,Pune
FEB_000823,CUST_00884,Smartphone,1,44181,2026-02-08,Credit Card,Chennai
FEB_000824,CUST_01693,Smartwatch,4,47187,2026-02-05,UPI,Hyderabad
FEB_000825,CUST_01022,Keyboard,3,47784,2026-02-06,Credit Card,Pune
FEB_000826,CUST_00626,Smartphone,1,7005,2026-02-05,UPI,Hyderabad
FEB_000827,CUST_01770,Laptop,5,31792,2026-02-18,Credit Card,Delhi
FEB_000828,CUST_00383,Smartphone,2,34034,2026-02-07,UPI,Pune
FEB_000829,CUST_04976,Smartwatch,1,10798,2026-02-21,UPI,Hyderabad
FEB_000830,CUST_04603,Smartwatch,5,41870,2026-02-05,UPI,Hyderabad
FEB_000831,CUST_02179,Keyboard,2,21027,2026-02-04,Cash on Delivery,Delhi
FEB_000832,CUST_02033,Monitor,5,47243,2026-02-18,UPI,Bangalore
FEB_000833,CUST_04299,Tablet,4,43387,2026-02-18,Cash on Delivery,Hyderabad
FEB_000834,CUST_03747,Smartwatch,5,32636,2026-02-02,UPI,Delhi
FEB_000835,CUST_02325,Smartwatch,3,18116,2026-02-09,Credit Card,Delhi
FEB_000836,CUST_02822,Smartwatch,3,33903,2026-02-21,Debit Card,Mumbai
FEB_000837,CUST_04783,Headphones,4,2118,2026-02-23,Credit Card,Hyderabad
FEB_000838,CUST_03970,Monitor,3,9696,2026-02-02,Credit Card,Pune
FEB_000839,CUST_04542,Laptop,1,19937,2026-02-09,Cash on Delivery,Chennai
FEB_000840,CUST_04724,Keyboard,4,12666,2026-02-18,UPI,Bangalore
FEB_000841,CUST_03209,Monitor,5,24788,2026-02-20,Cash on Delivery,Pune
FEB_000842,CUST_00874,Mouse,1,16352,2026-02-17,Debit Card,Hyderabad
FEB_000843,CUST_02066,Monitor,3,21457,2026-02-28,Credit Card,Chennai
FEB_000844,CUST_04643,Keyboard,2,27501,2026-02-15,Credit Card,Delhi
FEB_000845,CUST_02823,Tablet,1,33413,2026-02-09,UPI,Mumbai
FEB_000846,CUST_02944,Smartwatch,4,5893,2026-02-16,Debit Card,Bangalore
FEB_000847,CUST_03473,Smartwatch,3,34241,2026-02-22,Debit Card,Hyderabad
FEB_000848,CUST_04298,Monitor,4,8253,2026-02-02,UPI,Chennai
FEB_000849,CUST_03147,Smartphone,1,17031,2026-02-02,UPI,Delhi
FEB_000850,CUST_01754,Monitor,5,27580,2026-02-06,UPI,Chennai
FEB_000851,CUST_04269,Monitor,3,11578,2026-02-12,Credit Card,Hyderabad
FEB_000852,CUST_02968,Laptop,5,44220,2026-02-26,Debit Card,Bangalore
FEB_000853,CUST_03563,Laptop,3,35201,2026-02-07,Debit Card,Hyderabad
FEB_000854,CUST_03236,Smartphone,5,7366,2026-02-22,Cash on Delivery,Bangalore
FEB_000855,CUST_03602,Monitor,4,26588,2026-02-11,Credit Card,Chennai
FEB_000856,CUST_01750,Smartwatch,5,45949,2026-02-21,UPI,Pune
FEB_000857,CUST_04156,Tablet,2,42689,2026-02-02,UPI,Delhi
FEB_000858,CUST_02910,Laptop,4,30896,2026-02-14,Debit Card,Chennai
FEB_000859,CUST_02055,Keyboard,2,19693,2026-02-15,UPI,Hyderabad
FEB_000860,CUST_03740,Laptop,3,22348,2026-02-23,Debit Card,Mumbai
FEB_000861,CUST_01635,Keyboard,2,19269,2026-02-04,Credit Card,Pune
FEB_000862,CUST_03850,Headphones,4,46051,2026-02-03,Debit Card,Hyderabad
FEB_000863,CUST_01836,Smartphone,5,33398,2026-02-14,Debit Card,Delhi
FEB_000864,CUST_02109,Laptop,2,25839,2026-02-24,UPI,Pune
FEB_000865,CUST_01003,Monitor,5,21162,2026-02-02,Credit Card,Chennai
FEB_000866,CUST_01387,Keyboard,1,3213,2026-02-07,Cash on Delivery,Pune
FEB_000867,CUST_04262,Monitor,4,31247,2026-02-26,Debit Card,Chennai
FEB_000868,CUST_00263,Monitor,3,9011,2026-02-05,UPI,Pune
FEB_000869,CUST_00719,Smartphone,5,27693,2026-02-23,Cash on Delivery,Hyderabad
FEB_000870,CUST_03850,Headphones,4,15067,2026-02-06,Debit Card,Mumbai
FEB_000871,CUST_04173,Smartphone,3,37242,2026-02-03,Cash on Delivery,Pune
FEB_000872,CUST_02099,Smartphone,5,5087,2026-02-15,Credit Card,Chennai
FEB_000873,CUST_02915,Smartphone,2,49356,2026-02-03,UPI,Hyderabad
FEB_000874,CUST_04307,Headphones,5,36923,2026-02-09,Credit Card,Chennai
FEB_000875,CUST_01794,Mouse,2,39271,2026-02-14,Debit Card,Chennai
FEB_000876,CUST_03041,Tablet,1,35064,2026-02-08,Cash on Delivery,Pune
FEB_000877,CUST_01614,Monitor,3,31166,2026-02-18,Credit Card,Chennai
FEB_000878,CUST_02727,Tablet,1,20596,2026-02-10,Cash on Delivery,Delhi
FEB_000879,CUST_02164,Tablet,5,13444,2026-02-15,UPI,Pune
FEB_000880,CUST_04916,Laptop,4,5056,2026-02-21,Credit Card,Delhi
FEB_000881,CUST_03474,Tablet,5,6958,2026-02-07,Credit Card,Pune
FEB_000882,CUST_02717,Monitor,3,10664,2026-02-04,Credit Card,Chennai
FEB_000883,CUST_04826,Tablet,4,43708,2026-02-08,UPI,Bangalore
FEB_000884,CUST_00844,Mouse,3,35623,2026-02-22,Cash on Delivery,Mumbai
FEB_000885,CUST_03235,Mouse,2,10085,2026-02-07,Credit Card,Bangalore
FEB_000886,CUST_00268,Smartwatch,2,8562,2026-02-19,Cash on Delivery,Chennai
FEB_000887,CUST_02780,Mouse,5,18943,2026-02-11,UPI,Mumbai
FEB_000888,CUST_01229,Smartphone,1,45098,2026-02-10,Cash on Delivery,Hyderabad
FEB_000889,CUST_04259,Monitor,4,26899,2026-02-23,UPI,Mumbai
FEB_000890,CUST_04681,Smartwatch,4,43422,2026-02-22,Cash on Delivery,Pune
FEB_000891,CUST_04689,Keyboard,5,37306,2026-02-15,Credit Card,Chennai
FEB_000892,CUST_01595,Smartwatch,1,46343,2026-02-18,Cash on Delivery,Hyderabad
FEB_000893,CUST_04894,Laptop,5,32109,2026-02-17,Credit Card,Mumbai
FEB_000894,CUST_04723,Keyboard,2,34300,2026-02-16,UPI,Mumbai
FEB_000895,CUST_01551,Smartwatch,2,18581,2026-02-04,UPI,Hyderabad
FEB_000896,CUST_01565,Smartphone,5,22108,2026-02-24,Credit Card,Pune
FEB_000897,CUST_03101,Mouse,4,31775,2026-02-23,Debit Card,Bangalore
FEB_000898,CUST_03369,Keyboard,2,9673,2026-02-11,Debit Card,Mumbai
FEB_000899,CUST_02500,Smartwatch,4,48473,2026-02-12,Debit Card,Hyderabad
FEB_000900,CUST_04553,Laptop,3,38087,2026-02-28,Debit Card,Bangalore
FEB_000901,CUST_02350,Headphones,1,2064,2026-02-16,Credit Card,Hyderabad
FEB_000902,CUST_01223,Keyboard,3,14675,2026-02-19,Cash on Delivery,Mumbai
FEB_000903,CUST_01439,Mouse,2,44515,2026-02-10,UPI,Mumbai
FEB_000904,CUST_03779,Headphones,3,40015,2026-02-08,Credit Card,Hyderabad
FEB_000905,CUST_02428,Laptop,5,26613,2026-02-18,Cash on Delivery,Bangalore
FEB_000906,CUST_01826,Monitor,2,41313,2026-02-16,Cash on Delivery,Bangalore
FEB_000907,CUST_00894,Headphones,2,980,2026-02-27,Cash on Delivery,Delhi
FEB_000908,CUST_02603,Laptop,3,25380,2026-02-03,UPI,Delhi
FEB_000909,CUST_01230,Mouse,4,42924,2026-02-06,UPI,Delhi
FEB_000910,CUST_00689,Keyboard,2,30605,2026-02-06,UPI,Mumbai
FEB_000911,CUST_04403,Mouse,1,40575,2026-02-13,Cash on Delivery,Bangalore
FEB_000912,CUST_04689,Keyboard,5,23928,2026-02-05,Debit Card,Bangalore
FEB_000913,CUST_03595,Keyboard,2,682,2026-02-02,UPI,Pune
FEB_000914,CUST_04344,Headphones,2,19847,2026-02-23,Debit Card,Pune
FEB_000915,CUST_04854,Smartphone,2,2789,2026-02-26,Cash on Delivery,Mumbai
FEB_000916,CUST_04193,Monitor,3,43222,2026-02-01,Cash on Delivery,Mumbai
FEB_000917,CUST_00993,Keyboard,4,16888,2026-02-09,UPI,Chennai
FEB_000918,CUST_00808,Monitor,1,8318,2026-02-09,Credit Card,Delhi
FEB_000919,CUST_02356,Smartphone,2,44154,2026-02-06,Credit Card,Pune
FEB_000920,CUST_04728,Monitor,1,5306,2026-02-24,UPI,Delhi
FEB_000921,CUST_01466,Keyboard,2,47466,2026-02-08,UPI,Delhi
FEB_000922,CUST_04733,Headphones,5,20823,2026-02-19,UPI,Bangalore
FEB_000923,CUST_04055,Keyboard,3,2573,2026-02-06,Credit Card,Delhi
FEB_000924,CUST_02202,Smartphone,4,6301,2026-02-04,UPI,Pune
FEB_000925,CUST_00692,Monitor,2,44931,2026-02-25,Credit Card,Mumbai
FEB_000926,CUST_02693,Tablet,5,42243,2026-02-01,Debit Card,Pune
FEB_000927,CUST_01468,Smartphone,3,42992,2026-02-26,Credit Card,Pune
FEB_000928,CUST_00988,Mouse,1,41149,2026-02-11,Cash on Delivery,Hyderabad
FEB_000929,CUST_04402,Smartphone,4,26844,2026-02-26,Credit Card,Mumbai
FEB_000930,CUST_00870,Smartphone,1,22992,2026-02-22,Debit Card,Delhi
FEB_000931,CUST_00934,Smartwatch,4,3597,2026-02-24,UPI,Pune
FEB_000932,CUST_00899,Laptop,3,44388,2026-02-10,Credit Card,Mumbai
FEB_000933,CUST_02150,Monitor,4,9744,2026-02-14,UPI,Pune
FEB_000934,CUST_04482,Keyboard,2,46438,2026-02-01,Cash on Delivery,Delhi
FEB_000935,CUST_03016,Headphones,5,13607,2026-02-14,Cash on Delivery,Delhi
FEB_000936,CUST_01035,Laptop,3,25020,2026-02-12,Debit Card,Chennai
FEB_000937,CUST_03804,Smartphone,4,29342,2026-02-23,UPI,Delhi
FEB_000938,CUST_02546,Mouse,1,6551,2026-02-15,Credit Card,Mumbai
FEB_000939,CUST_04723,Tablet,2,21248,2026-02-12,Credit Card,Delhi
FEB_000940,CUST_01353,Mouse,5,29993,2026-02-21,UPI,Chennai
FEB_000941,CUST_01620,Laptop,4,36647,2026-02-22,Cash on Delivery,Hyderabad
FEB_000942,CUST_03872,Smartwatch,1,37841,2026-02-17,Credit Card,Mumbai
FEB_000943,CUST_01118,Headphones,5,46180,2026-02-23,Debit Card,Bangalore
FEB_000944,CUST_02197,Laptop,2,26634,2026-02-02,UPI,Chennai
FEB_000945,CUST_03197,Mouse,3,45158,2026-02-28,UPI,Mumbai
FEB_000946,CUST_03538,Headphones,2,22643,2026-02-11,Debit Card,Hyderabad
FEB_000947,CUST_00147,Smartwatch,1,19232,2026-02-04,Debit Card,Pune
FEB_000948,CUST_04996,Headphones,4,36198,2026-02-24,UPI,Bangalore
FEB_000949,CUST_00292,Monitor,4,19933,2026-02-16,Cash on Delivery,Pune
FEB_000950,CUST_03963,Headphones,5,8316,2026-02-04,Credit Card,Chennai
FEB_000951,CUST_04205,Smartphone,3,16179,2026-02-19,Credit Card,Bangalore
FEB_000952,CUST_01846,Keyboard,5,19713,2026-02-12,Credit Card,Mumbai
FEB_000953,CUST_01134,Smartwatch,5,29934,2026-02-20,Credit Card,Delhi
FEB_000954,CUST_00413,Headphones,1,33189,2026-02-04,Debit Card,Pune
FEB_000955,CUST_00355,Monitor,4,17159,2026-02-05,Debit Card,Hyderabad
FEB_000956,CUST_00080,Keyboard,3,16941,2026-02-17,UPI,Bangalore
FEB_000957,CUST_02935,Smartwatch,3,48318,2026-02-18,Debit Card,Mumbai
FEB_000958,CUST_03857,Mouse,2,39895,2026-02-19,Debit Card,Mumbai
FEB_000959,CUST_02431,Mouse,5,48172,2026-02-09,Credit Card,Pune
FEB_000960,CUST_04858,Monitor,3,21183,2026-02-01,Debit Card,Bangalore
FEB_000961,CUST_00712,Headphones,5,14012,2026-02-20,UPI,Mumbai
FEB_000962,CUST_03709,Mouse,5,19462,2026-02-26,Debit Card,Delhi
FEB_000963,CUST_04208,Keyboard,2,41097,2026-02-06,Debit Card,Pune
FEB_000964,CUST_03761,Mouse,2,28924,2026-02-17,Cash on Delivery,Pune
FEB_000965,CUST_00029,Mouse,5,21222,2026-02-08,Debit Card,Mumbai
FEB_000966,CUST_02492,Tablet,5,42946,2026-02-19,Cash on Delivery,Pune
FEB_000967,CUST_00551,Smartwatch,2,36004,2026-02-10,Credit Card,Hyderabad
FEB_000968,CUST_00521,Laptop,3,47374,2026-02-22,Credit Card,Bangalore
FEB_000969,CUST_01345,Smartphone,1,33226,2026-02-04,Debit Card,Chennai
FEB_000970,CUST_02005,Smartphone,1,28646,2026-02-06,Cash on Delivery,Bangalore
FEB_000971,CUST_03022,Smartwatch,2,41416,2026-02-27,Cash on Delivery,Delhi
FEB_000972,CUST_00397,Mouse,2,13471,2026-02-01,Debit Card,Hyderabad
FEB_000973,CUST_00333,Smartphone,3,26180,2026-02-28,Debit Card,Mumbai
FEB_000974,CUST_02992,Monitor,4,37355,2026-02-15,Debit Card,Mumbai
FEB_000975,CUST_03195,Tablet,2,22495,2026-02-09,Credit Card,Pune
FEB_000976,CUST_01599,Smartwatch,2,24353,2026-02-17,Cash on Delivery,Chennai
FEB_000977,CUST_00832,Smartwatch,1,27944,2026-02-09,Debit Card,Chennai
FEB_000978,CUST_03222,Monitor,4,26545,2026-02-22,Debit Card,Mumbai
FEB_000979,CUST_01742,Keyboard,4,23633,2026-02-13,Debit Card,Hyderabad
FEB_000980,CUST_00939,Tablet,1,5720,2026-02-13,UPI,Chennai
FEB_000981,CUST_03349,Tablet,5,25768,2026-02-19,Credit Card,Hyderabad
FEB_000982,CUST_02300,Smartwatch,2,15050,2026-02-06,Debit Card,Bangalore
FEB_000983,CUST_03466,Headphones,5,20880,2026-02-07,UPI,Bangalore
FEB_000984,CUST_01521,Keyboard,4,39422,2026-02-14,Debit Card,Chennai
FEB_000985,CUST_02374,Smartphone,4,48491,2026-02-15,Credit Card,Delhi
FEB_000986,CUST_02026,Smartwatch,1,7787,2026-02-23,UPI,Chennai
FEB_000987,CUST_03482,Tablet,4,44991,2026-02-18,UPI,Bangalore
FEB_000988,CUST_02317,Monitor,1,13628,2026-02-07,Debit Card,Hyderabad
FEB_000989,CUST_00818,Smartwatch,3,20473,2026-02-27,UPI,Pune
FEB_000990,CUST_03218,Smartphone,5,20630,2026-02-22,Cash on Delivery,Bangalore
FEB_000991,CUST_04047,Smartwatch,1,34476,2026-02-18,Debit Card,Chennai
FEB_000992,CUST_02506,Smartwatch,1,13550,2026-02-13,Cash on Delivery,Delhi
FEB_000993,CUST_01385,Mouse,2,35416,2026-02-22,Cash on Delivery,Chennai
FEB_000994,CUST_01177,Tablet,1,40941,2026-02-06,Credit Card,Mumbai
FEB_000995,CUST_01833,Smartwatch,4,49206,2026-02-15,Debit Card,Chennai
FEB_000996,CUST_03745,Keyboard,5,3861,2026-02-14,Cash on Delivery,Pune
FEB_000997,CUST_00363,Tablet,2,32827,2026-02-25,Cash on Delivery,Delhi
FEB_000998,CUST_01600,Smartwatch,3,46893,2026-02-26,Cash on Delivery,Chennai
FEB_000999,CUST_02121,Tablet,4,27151,2026-02-03,Debit Card,Pune
FEB_001000,CUST_03847,Smartphone,4,16921,2026-02-26,UPI,Delhi
FEB_001001,CUST_03236,Smartphone,2,13030,2026-02-06,Debit Card,Hyderabad
FEB_001002,CUST_02091,Monitor,4,11622,2026-02-23,Debit Card,Pune
FEB_001003,CUST_04872,Smartphone,4,28412,2026-02-09,Debit Card,Hyderabad
FEB_001004,CUST_01507,Smartwatch,1,19942,2026-02-23,UPI,Mumbai
FEB_001005,CUST_04878,Monitor,4,33808,2026-02-19,UPI,Hyderabad
FEB_001006,CUST_01669,Laptop,4,1022,2026-02-08,Credit Card,Pune
FEB_001007,CUST_00950,Monitor,4,27576,2026-02-08,Cash on Delivery,Mumbai
FEB_001008,CUST_01584,Keyboard,1,35117,2026-02-11,Debit Card,Mumbai
FEB_001009,CUST_04388,Keyboard,5,44557,2026-02-20,Cash on Delivery,Mumbai
FEB_001010,CUST_04659,Smartwatch,2,20357,2026-02-13,Debit Card,Chennai
FEB_001011,CUST_04686,Smartphone,1,3012,2026-02-24,Credit Card,Mumbai
FEB_001012,CUST_04820,Tablet,3,34797,2026-02-18,Cash on Delivery,Delhi
FEB_001013,CUST_00232,Mouse,1,19634,2026-02-18,Debit Card,Mumbai
FEB_001014,CUST_00610,Smartwatch,4,41876,2026-02-13,UPI,Delhi
FEB_001015,CUST_00030,Smartwatch,2,21687,2026-02-26,Debit Card,Hyderabad
FEB_001016,CUST_01588,Smartwatch,1,41450,2026-02-12,UPI,Bangalore
FEB_001017,CUST_04219,Laptop,5,37025,2026-02-26,UPI,Bangalore
FEB_001018,CUST_03920,Mouse,5,34461,2026-02-28,Cash on Delivery,Bangalore
FEB_001019,CUST_02074,Laptop,2,19867,2026-02-17,Credit Card,Hyderabad
FEB_001020,CUST_00546,Keyboard,5,39519,2026-02-15,Credit Card,Chennai
FEB_001021,CUST_01884,Monitor,3,49767,2026-02-19,Debit Card,Pune
FEB_001022,CUST_02758,Laptop,3,48342,2026-02-09,Cash on Delivery,Delhi
FEB_001023,CUST_00510,Smartphone,5,49129,2026-02-21,Debit Card,Delhi
FEB_001024,CUST_00614,Mouse,3,44735,2026-02-13,Cash on Delivery,Pune
FEB_001025,CUST_01397,Mouse,3,48263,2026-02-17,Cash on Delivery,Chennai
FEB_001026,CUST_03560,Keyboard,1,23708,2026-02-08,UPI,Delhi
FEB_001027,CUST_00687,Smartwatch,2,28895,2026-02-17,Cash on Delivery,Delhi
FEB_001028,CUST_03774,Keyboard,2,49626,2026-02-03,Credit Card,Hyderabad
FEB_001029,CUST_02885,Smartwatch,5,41440,2026-02-27,Credit Card,Chennai
FEB_001030,CUST_02732,Tablet,1,48148,2026-02-19,UPI,Mumbai
FEB_001031,CUST_00278,Keyboard,3,13586,2026-02-11,UPI,Chennai
FEB_001032,CUST_04993,Headphones,2,47840,2026-02-05,Debit Card,Chennai
FEB_001033,CUST_01014,Keyboard,3,12937,2026-02-06,Credit Card,Bangalore
FEB_001034,CUST_00725,Headphones,1,21348,2026-02-15,Cash on Delivery,Bangalore
FEB_001035,CUST_01055,Smartphone,2,42138,2026-02-20,Cash on Delivery,Mumbai
FEB_001036,CUST_04131,Headphones,5,40264,2026-02-13,Cash on Delivery,Delhi
FEB_001037,CUST_04188,Tablet,1,9507,2026-02-26,Debit Card,Bangalore
FEB_001038,CUST_02537,Monitor,2,8011,2026-02-13,UPI,Chennai
FEB_001039,CUST_04789,Laptop,4,2146,2026-02-13,UPI,Pune
FEB_001040,CUST_03160,Laptop,5,37820,2026-02-19,Cash on Delivery,Chennai
FEB_001041,CUST_02162,Keyboard,3,38611,2026-02-10,Credit Card,Bangalore
FEB_001042,CUST_04038,Smartphone,4,46141,2026-02-12,UPI,Bangalore
FEB_001043,CUST_03488,Keyboard,2,25714,2026-02-21,UPI,Chennai
FEB_001044,CUST_00665,Laptop,1,16097,2026-02-22,Credit Card,Delhi
FEB_001045,CUST_01474,Keyboard,1,15142,2026-02-03,Cash on Delivery,Chennai
FEB_001046,CUST_03501,Mouse,4,15192,2026-02-06,UPI,Hyderabad
FEB_001047,CUST_03368,Laptop,2,22655,2026-02-03,UPI,Delhi
FEB_001048,CUST_02227,Headphones,1,26437,2026-02-24,Credit Card,Hyderabad
FEB_001049,CUST_04999,Monitor,5,49078,2026-02-24,UPI,Bangalore
FEB_001050,CUST_02391,Monitor,1,41388,2026-02-05,UPI,Pune
FEB_001051,CUST_04305,Keyboard,5,10685,2026-02-14,UPI,Mumbai
FEB_001052,CUST_02019,Smartwatch,4,36271,2026-02-10,Debit Card,Hyderabad
FEB_001053,CUST_01915,Keyboard,3,25543,2026-02-15,Cash on Delivery,Chennai
FEB_001054,CUST_03271,Headphones,5,13814,2026-02-14,UPI,Mumbai
FEB_001055,CUST_04000,Keyboard,4,1158,2026-02-24,Credit Card,Hyderabad
FEB_001056,CUST_04048,Mouse,4,17813,2026-02-15,Credit Card,Hyderabad
FEB_001057,CUST_02799,Laptop,5,34161,2026-02-22,Credit Card,Bangalore
FEB_001058,CUST_03695,Laptop,3,17609,2026-02-22,Debit Card,Bangalore
FEB_001059,CUST_01342,Keyboard,3,41728,2026-02-09,Cash on Delivery,Pune
FEB_001060,CUST_01409,Smartphone,1,38303,2026-02-09,Debit Card,Delhi
FEB_001061,CUST_04456,Laptop,3,18648,2026-02-28,Cash on Delivery,Hyderabad
FEB_001062,CUST_02163,Keyboard,1,8061,2026-02-21,Cash on Delivery,Mumbai
FEB_001063,CUST_00235,Tablet,3,47045,2026-02-18,Credit Card,Hyderabad
FEB_001064,CUST_04833,Monitor,4,29785,2026-02-08,Cash on Delivery,Mumbai
FEB_001065,CUST_02066,Headphones,4,2809,2026-02-01,Credit Card,Hyderabad
FEB_001066,CUST_02749,Mouse,5,41397,2026-02-14,Debit Card,Pune
FEB_001067,CUST_01772,Laptop,3,14427,2026-02-07,Cash on Delivery,Delhi
FEB_001068,CUST_03635,Smartphone,4,32667,2026-02-09,UPI,Bangalore
FEB_001069,CUST_03638,Laptop,3,41500,2026-02-25,Debit Card,Bangalore
FEB_001070,CUST_01075,Headphones,3,33929,2026-02-12,Credit Card,Bangalore
FEB_001071,CUST_00882,Mouse,5,636,2026-02-19,Cash on Delivery,Bangalore
FEB_001072,CUST_04685,Headphones,1,42852,2026-02-11,Credit Card,Mumbai
FEB_001073,CUST_00326,Monitor,5,31690,2026-02-25,Cash on Delivery,Hyderabad
FEB_001074,CUST_04927,Mouse,4,4493,2026-02-13,Debit Card,Mumbai
FEB_001075,CUST_02641,Tablet,1,17245,2026-02-13,UPI,Pune
FEB_001076,CUST_04520,Tablet,3,44153,2026-02-16,UPI,Mumbai
FEB_001077,CUST_03287,Smartwatch,2,8700,2026-02-11,Cash on Delivery,Delhi
FEB_001078,CUST_02266,Smartwatch,2,2289,2026-02-28,Credit Card,Bangalore
FEB_001079,CUST_04038,Smartwatch,3,15451,2026-02-25,Debit Card,Chennai
FEB_001080,CUST_03143,Smartwatch,4,30361,2026-02-18,Credit Card,Chennai
FEB_001081,CUST_00231,Keyboard,2,6521,2026-02-27,UPI,Pune
FEB_001082,CUST_01364,Mouse,3,37012,2026-02-22,Cash on Delivery,Mumbai
FEB_001083,CUST_02251,Tablet,5,38078,2026-02-12,Debit Card,Bangalore
FEB_001084,CUST_00830,Monitor,1,39393,2026-02-23,Cash on Delivery,Hyderabad
FEB_001085,CUST_01300,Tablet,4,9448,2026-02-07,UPI,Hyderabad
FEB_001086,CUST_01798,Tablet,1,2011,2026-02-05,Debit Card,Hyderabad
FEB_001087,CUST_00093,Headphones,2,15002,2026-02-14,UPI,Bangalore
FEB_001088,CUST_02012,Headphones,4,12223,2026-02-15,Credit Card,Bangalore
FEB_001089,CUST_04010,Monitor,5,48922,2026-02-07,UPI,Mumbai
FEB_001090,CUST_01098,Monitor,5,25795,2026-02-14,Cash on Delivery,Mumbai
FEB_001091,CUST_03018,Smartphone,1,17790,2026-02-17,Cash on Delivery,Chennai
FEB_001092,CUST_00977,Smartwatch,2,7821,2026-02-15,Debit Card,Hyderabad
FEB_001093,CUST_04290,Laptop,5,26516,2026-02-07,Credit Card,Pune
FEB_001094,CUST_03807,Smartwatch,1,6322,2026-02-24,UPI,Hyderabad
FEB_001095,CUST_04576,Keyboard,3,46861,2026-02-06,Debit Card,Mumbai
FEB_001096,CUST_01070,Smartwatch,1,43987,2026-02-27,Credit Card,Bangalore
FEB_001097,CUST_04549,Tablet,3,41760,2026-02-22,Credit Card,Bangalore
FEB_001098,CUST_02502,Laptop,5,20846,2026-02-21,Debit Card,Delhi
FEB_001099,CUST_00012,Mouse,5,23950,2026-02-28,Debit Card,Hyderabad
FEB_001100,CUST_04127,Tablet,4,30846,2026-02-06,Debit Card,Chennai
FEB_001101,CUST_02588,Keyboard,5,27025,2026-02-15,Cash on Delivery,Hyderabad
FEB_001102,CUST_00625,Mouse,3,42499,2026-02-17,Credit Card,Hyderabad
FEB_001103,CUST_01066,Mouse,1,13300,2026-02-27,Credit Card,Chennai
FEB_001104,CUST_01541,Headphones,4,43373,2026-02-07,Debit Card,Mumbai
FEB_001105,CUST_00792,Mouse,3,18979,2026-02-17,UPI,Delhi
FEB_001106,CUST_04268,Mouse,2,30842,2026-02-01,Credit Card,Bangalore
FEB_001107,CUST_04765,Smartphone,5,8575,2026-02-20,UPI,Bangalore
FEB_001108,CUST_04153,Smartwatch,3,46385,2026-02-16,Debit Card,Pune
FEB_001109,CUST_01337,Smartwatch,1,11192,2026-02-17,UPI,Bangalore
FEB_001110,CUST_04183,Tablet,1,2532,2026-02-05,UPI,Hyderabad
FEB_001111,CUST_03086,Headphones,3,28164,2026-02-02,Debit Card,Delhi
FEB_001112,CUST_01033,Headphones,3,26774,2026-02-03,Credit Card,Bangalore
FEB_001113,CUST_01794,Tablet,4,10246,2026-02-10,Credit Card,Pune
FEB_001114,CUST_03473,Smartwatch,3,17265,2026-02-02,Debit Card,Chennai
FEB_001115,CUST_03446,Tablet,1,12628,2026-02-21,Cash on Delivery,Mumbai
FEB_001116,CUST_00386,Smartphone,1,37291,2026-02-15,Debit Card,Pune
FEB_001117,CUST_03962,Monitor,2,33468,2026-02-12,Credit Card,Bangalore
FEB_001118,CUST_03712,Mouse,2,30276,2026-02-25,UPI,Mumbai
FEB_001119,CUST_00588,Monitor,4,40685,2026-02-16,UPI,Pune
FEB_001120,CUST_03871,Smartphone,5,36916,2026-02-03,Cash on Delivery,Bangalore
FEB_001121,CUST_04137,Smartphone,3,36235,2026-02-26,UPI,Hyderabad
FEB_001122,CUST_03518,Headphones,2,39654,2026-02-21,Credit Card,Chennai
FEB_001123,CUST_02190,Laptop,5,42658,2026-02-17,Cash on Delivery,Mumbai
FEB_001124,CUST_02983,Tablet,1,22789,2026-02-19,Cash on Delivery,Delhi
FEB_001125,CUST_00870,Laptop,1,1419,2026-02-25,Debit Card,Chennai
FEB_001126,CUST_00574,Mouse,1,28656,2026-02-23,Debit Card,Chennai
FEB_001127,CUST_02779,Laptop,1,12893,2026-02-17,Cash on Delivery,Mumbai
FEB_001128,CUST_03416,Smartphone,3,27923,2026-02-18,Credit Card,Hyderabad
FEB_001129,CUST_00443,Headphones,4,41709,2026-02-03,Debit Card,Delhi
FEB_001130,CUST_03858,Keyboard,4,42723,2026-02-07,Cash on Delivery,Delhi
FEB_001131,CUST_00907,Mouse,4,470,2026-02-08,UPI,Delhi
FEB_001132,CUST_00148,Monitor,4,46417,2026-02-13,Credit Card,Hyderabad
FEB_001133,CUST_03301,Smartwatch,5,10841,2026-02-05,Credit Card,Chennai
FEB_001134,CUST_00428,Smartphone,2,19146,2026-02-05,Credit Card,Mumbai
FEB_001135,CUST_04174,Tablet,4,15220,2026-02-09,UPI,Delhi
FEB_001136,CUST_04851,Smartwatch,2,33116,2026-02-23,UPI,Mumbai
FEB_001137,CUST_00147,Keyboard,1,38740,2026-02-18,Cash on Delivery,Pune
FEB_001138,CUST_04451,Monitor,2,24102,2026-02-17,UPI,Delhi
FEB_001139,CUST_02861,Headphones,4,16559,2026-02-24,Cash on Delivery,Pune
FEB_001140,CUST_03659,Headphones,3,21910,2026-02-10,UPI,Hyderabad
FEB_001141,CUST_04083,Smartphone,2,14182,2026-02-17,UPI,Chennai
FEB_001142,CUST_01620,Headphones,5,34199,2026-02-05,Credit Card,Pune
FEB_001143,CUST_01844,Headphones,4,21147,2026-02-25,Debit Card,Mumbai
FEB_001144,CUST_01667,Tablet,1,24609,2026-02-25,Debit Card,Bangalore
FEB_001145,CUST_02306,Laptop,3,45366,2026-02-26,Debit Card,Chennai
FEB_001146,CUST_02883,Keyboard,2,19530,2026-02-11,UPI,Delhi
FEB_001147,CUST_00333,Tablet,1,10564,2026-02-14,Debit Card,Hyderabad
FEB_001148,CUST_00961,Mouse,1,1025,2026-02-20,Cash on Delivery,Mumbai
FEB_001149,CUST_04514,Tablet,5,37225,2026-02-16,Cash on Delivery,Chennai
FEB_001150,CUST_02919,Keyboard,4,875,2026-02-25,UPI,Bangalore
FEB_001151,CUST_02568,Mouse,3,32843,2026-02-27,Debit Card,Delhi
FEB_001152,CUST_03029,Keyboard,4,14264,2026-02-16,Cash on Delivery,Delhi
FEB_001153,CUST_03249,Monitor,2,29757,2026-02-06,Credit Card,Bangalore
FEB_001154,CUST_02245,Tablet,1,10910,2026-02-10,Credit Card,Chennai
FEB_001155,CUST_02577,Smartphone,3,42747,2026-02-19,Credit Card,Chennai
FEB_001156,CUST_01329,Laptop,1,38197,2026-02-20,UPI,Delhi
FEB_001157,CUST_04186,Monitor,2,20645,2026-02-12,UPI,Delhi
FEB_001158,CUST_03969,Laptop,5,37939,2026-02-20,Debit Card,Delhi
FEB_001159,CUST_04991,Tablet,1,28726,2026-02-17,Debit Card,Mumbai
FEB_001160,CUST_01682,Tablet,3,36535,2026-02-03,Cash on Delivery,Chennai
FEB_001161,CUST_01068,Smartwatch,2,32330,2026-02-18,Cash on Delivery,Hyderabad
FEB_001162,CUST_02154,Smartwatch,1,611,2026-02-05,Debit Card,Pune
FEB_001163,CUST_04914,Keyboard,1,35967,2026-02-19,UPI,Bangalore
FEB_001164,CUST_02459,Tablet,5,18877,2026-02-22,UPI,Bangalore
FEB_001165,CUST_02688,Smartphone,3,38565,2026-02-02,Debit Card,Hyderabad
FEB_001166,CUST_03352,Laptop,2,21833,2026-02-01,Cash on Delivery,Pune
FEB_001167,CUST_01321,Tablet,1,25447,2026-02-26,UPI,Mumbai
FEB_001168,CUST_02966,Laptop,1,39469,2026-02-22,UPI,Chennai
FEB_001169,CUST_00860,Monitor,2,29090,2026-02-26,Credit Card,Hyderabad
FEB_001170,CUST_03779,Tablet,3,598,2026-02-04,Debit Card,Chennai
FEB_001171,CUST_03617,Monitor,2,5109,2026-02-19,UPI,Bangalore
FEB_001172,CUST_02380,Monitor,1,27794,2026-02-24,Debit Card,Delhi
FEB_001173,CUST_01999,Headphones,5,35232,2026-02-24,Credit Card,Chennai
FEB_001174,CUST_03784,Laptop,1,39070,2026-02-28,Cash on Delivery,Bangalore
FEB_001175,CUST_00861,Smartwatch,5,9198,2026-02-28,Cash on Delivery,Pune
FEB_001176,CUST_04011,Smartphone,5,44376,2026-02-12,Cash on Delivery,Delhi
FEB_001177,CUST_01585,Laptop,4,22546,2026-02-21,Debit Card,Chennai
FEB_001178,CUST_04500,Smartwatch,1,25073,2026-02-27,Debit Card,Hyderabad
FEB_001179,CUST_00822,Keyboard,1,2625,2026-02-09,Credit Card,Delhi
FEB_001180,CUST_00179,Smartwatch,3,26534,2026-02-06,Credit Card,Mumbai
FEB_001181,CUST_03508,Tablet,2,40576,2026-02-14,Credit Card,Chennai
FEB_001182,CUST_00696,Mouse,1,47619,2026-02-25,UPI,Delhi
FEB_001183,CUST_04122,Headphones,5,26631,2026-02-28,Credit Card,Pune
FEB_001184,CUST_04186,Laptop,2,28746,2026-02-25,Debit Card,Hyderabad
FEB_001185,CUST_01259,Laptop,2,5084,2026-02-28,Debit Card,Mumbai
FEB_001186,CUST_01321,Headphones,4,20871,2026-02-21,UPI,Pune
FEB_001187,CUST_03619,Tablet,2,38313,2026-02-26,Credit Card,Bangalore
FEB_001188,CUST_04352,Keyboard,4,15542,2026-02-15,Cash on Delivery,Hyderabad
FEB_001189,CUST_01045,Keyboard,1,21524,2026-02-04,Credit Card,Delhi
FEB_001190,CUST_02682,Headphones,4,3386,2026-02-27,UPI,Mumbai
FEB_001191,CUST_00727,Smartphone,2,16219,2026-02-21,UPI,Chennai
FEB_001192,CUST_04301,Laptop,1,41465,2026-02-07,Credit Card,Delhi
FEB_001193,CUST_01116,Mouse,2,49114,2026-02-03,Cash on Delivery,Bangalore
FEB_001194,CUST_00780,Laptop,1,2279,2026-02-05,Cash on Delivery,Pune
FEB_001195,CUST_02725,Headphones,1,47740,2026-02-09,Debit Card,Pune
FEB_001196,CUST_00283,Smartphone,1,40030,2026-02-02,Cash on Delivery,Mumbai
FEB_001197,CUST_04133,Laptop,5,24545,2026-02-11,UPI,Mumbai
FEB_001198,CUST_00518,Monitor,1,43724,2026-02-23,Debit Card,Mumbai
FEB_001199,CUST_01324,Monitor,1,5168,2026-02-06,UPI,Delhi
FEB_001200,CUST_03733,Monitor,1,34363,2026-02-17,Credit Card,Chennai
FEB_001201,CUST_00341,Keyboard,5,3803,2026-02-15,Cash on Delivery,Delhi
FEB_001202,CUST_00068,Tablet,5,38826,2026-02-18,UPI,Bangalore
FEB_001203,CUST_01972,Tablet,1,39542,2026-02-20,UPI,Mumbai
FEB_001204,CUST_03031,Smartphone,3,8212,2026-02-09,Debit Card,Chennai
FEB_001205,CUST_04408,Smartphone,4,21044,2026-02-23,Cash on Delivery,Mumbai
FEB_001206,CUST_04637,Monitor,5,15101,2026-02-02,Debit Card,Hyderabad
FEB_001207,CUST_01962,Monitor,5,4487,2026-02-24,Credit Card,Chennai
FEB_001208,CUST_01867,Smartwatch,2,19937,2026-02-11,Cash on Delivery,Hyderabad
FEB_001209,CUST_00459,Monitor,2,15244,2026-02-20,Credit Card,Pune
FEB_001210,CUST_02523,Tablet,3,1085,2026-02-22,UPI,Chennai
FEB_001211,CUST_01584,Monitor,4,12746,2026-02-18,Cash on Delivery,Bangalore
FEB_001212,CUST_00288,Monitor,5,21865,2026-02-27,UPI,Mumbai
FEB_001213,CUST_03041,Monitor,4,31339,2026-02-18,UPI,Chennai
FEB_001214,CUST_03626,Tablet,3,31156,2026-02-01,Cash on Delivery,Chennai
FEB_001215,CUST_03784,Smartphone,1,46710,2026-02-05,Cash on Delivery,Mumbai
FEB_001216,CUST_02336,Headphones,1,16576,2026-02-02,UPI,Chennai
FEB_001217,CUST_02859,Keyboard,5,25793,2026-02-07,Credit Card,Hyderabad
FEB_001218,CUST_02637,Tablet,5,1586,2026-02-03,UPI,Pune
FEB_001219,CUST_04599,Smartwatch,1,28306,2026-02-15,UPI,Mumbai
FEB_001220,CUST_04266,Monitor,2,17279,2026-02-27,Cash on Delivery,Bangalore
FEB_001221,CUST_00498,Tablet,3,34599,2026-02-11,UPI,Bangalore
FEB_001222,CUST_02505,Keyboard,5,17380,2026-02-10,Debit Card,Chennai
FEB_001223,CUST_04933,Headphones,4,26339,2026-02-24,Credit Card,Chennai
FEB_001224,CUST_01775,Monitor,1,38546,2026-02-25,UPI,Pune
FEB_001225,CUST_01870,Keyboard,2,18504,2026-02-27,Debit Card,Mumbai
FEB_001226,CUST_02763,Headphones,5,48755,2026-02-11,Credit Card,Chennai
FEB_001227,CUST_03859,Tablet,1,12665,2026-02-15,Debit Card,Hyderabad
FEB_001228,CUST_04955,Smartwatch,1,25908,2026-02-20,UPI,Mumbai
FEB_001229,CUST_01680,Smartphone,1,16092,2026-02-03,Cash on Delivery,Hyderabad
FEB_001230,CUST_00553,Tablet,5,30426,2026-02-15,Credit Card,Hyderabad
FEB_001231,CUST_01979,Laptop,5,3969,2026-02-28,Cash on Delivery,Chennai
FEB_001232,CUST_02618,Mouse,1,3595,2026-02-05,UPI,Chennai
FEB_001233,CUST_02713,Laptop,5,18018,2026-02-06,Cash on Delivery,Pune
FEB_001234,CUST_03235,Laptop,3,322,2026-02-13,Cash on Delivery,Hyderabad
FEB_001235,CUST_00216,Headphones,3,48759,2026-02-19,Debit Card,Pune
FEB_001236,CUST_04142,Tablet,2,30350,2026-02-06,Debit Card,Mumbai
FEB_001237,CUST_00091,Mouse,1,38309,2026-02-15,UPI,Delhi
FEB_001238,CUST_00989,Smartwatch,1,32693,2026-02-09,Cash on Delivery,Delhi
FEB_001239,CUST_04083,Tablet,2,2308,2026-02-07,UPI,Bangalore
FEB_001240,CUST_01595,Laptop,1,44450,2026-02-08,Credit Card,Bangalore
FEB_001241,CUST_04317,Smartwatch,3,29566,2026-02-04,UPI,Bangalore
FEB_001242,CUST_03054,Monitor,1,11378,2026-02-17,Credit Card,Mumbai
FEB_001243,CUST_03685,Mouse,3,32214,2026-02-08,UPI,Bangalore
FEB_001244,CUST_02935,Laptop,2,31226,2026-02-13,UPI,Bangalore
FEB_001245,CUST_00255,Laptop,4,17019,2026-02-24,Credit Card,Hyderabad
FEB_001246,CUST_03574,Headphones,1,5566,2026-02-05,Credit Card,Mumbai
FEB_001247,CUST_00881,Monitor,2,26711,2026-02-05,Credit Card,Mumbai
FEB_001248,CUST_03487,Tablet,5,24116,2026-02-16,Cash on Delivery,Bangalore
FEB_001249,CUST_03789,Smartphone,5,28594,2026-02-22,Cash on Delivery,Delhi
FEB_001250,CUST_00129,Laptop,4,39213,2026-02-12,Cash on Delivery,Delhi
FEB_001251,CUST_02808,Tablet,5,17302,2026-02-14,Credit Card,Pune
FEB_001252,CUST_00979,Monitor,1,7415,2026-02-07,UPI,Pune
FEB_001253,CUST_00643,Tablet,5,13173,2026-02-18,UPI,Delhi
FEB_001254,CUST_03757,Smartphone,5,4052,2026-02-11,Credit Card,Pune
FEB_001255,CUST_03358,Smartwatch,1,31916,2026-02-25,Cash on Delivery,Bangalore
FEB_001256,CUST_04156,Smartphone,5,33628,2026-02-17,Credit Card,Chennai
FEB_001257,CUST_03095,Laptop,4,4636,2026-02-27,Cash on Delivery,Mumbai
FEB_001258,CUST_02912,Monitor,1,29740,2026-02-05,Debit Card,Hyderabad
FEB_001259,CUST_04700,Keyboard,5,7847,2026-02-09,Cash on Delivery,Hyderabad
FEB_001260,CUST_03433,Mouse,1,36040,2026-02-06,Credit Card,Bangalore
FEB_001261,CUST_02239,Mouse,2,18195,2026-02-22,UPI,Delhi
FEB_001262,CUST_04276,Monitor,3,39101,2026-02-17,UPI,Mumbai
FEB_001263,CUST_03742,Tablet,1,32215,2026-02-17,Debit Card,Chennai
FEB_001264,CUST_02024,Monitor,4,38330,2026-02-13,UPI,Delhi
FEB_001265,CUST_04158,Smartphone,5,27994,2026-02-27,Credit Card,Delhi
FEB_001266,CUST_00079,Tablet,2,36477,2026-02-02,Cash on Delivery,Bangalore
FEB_001267,CUST_01912,Tablet,1,7117,2026-02-10,UPI,Delhi
FEB_001268,CUST_04874,Headphones,5,40125,2026-02-13,Cash on Delivery,Pune
FEB_001269,CUST_01093,Mouse,5,29367,2026-02-05,Cash on Delivery,Mumbai
FEB_001270,CUST_01795,Mouse,5,32603,2026-02-20,Cash on Delivery,Pune
FEB_001271,CUST_03126,Laptop,1,14737,2026-02-22,UPI,Mumbai
FEB_001272,CUST_04369,Smartwatch,2,17309,2026-02-23,Debit Card,Delhi
FEB_001273,CUST_01011,Monitor,4,7161,2026-02-03,Credit Card,Chennai
FEB_001274,CUST_01102,Headphones,4,7863,2026-02-11,UPI,Chennai
FEB_001275,CUST_02130,Smartwatch,4,28791,2026-02-17,Debit Card,Chennai
FEB_001276,CUST_04438,Mouse,1,18776,2026-02-12,Credit Card,Pune
FEB_001277,CUST_04746,Smartphone,1,14291,2026-02-23,Cash on Delivery,Bangalore
FEB_001278,CUST_03697,Keyboard,4,19821,2026-02-19,Debit Card,Chennai
FEB_001279,CUST_00604,Headphones,1,46256,2026-02-16,Credit Card,Bangalore
FEB_001280,CUST_04525,Tablet,4,42138,2026-02-20,Debit Card,Mumbai
FEB_001281,CUST_02882,Tablet,2,8143,2026-02-11,Credit Card,Mumbai
FEB_001282,CUST_00681,Keyboard,5,25005,2026-02-23,Credit Card,Hyderabad
FEB_001283,CUST_00392,Headphones,5,10674,2026-02-28,Cash on Delivery,Chennai
FEB_001284,CUST_01446,Headphones,1,32662,2026-02-16,UPI,Pune
FEB_001285,CUST_01765,Monitor,1,42259,2026-02-03,Credit Card,Delhi
FEB_001286,CUST_03381,Mouse,5,19075,2026-02-14,Credit Card,Chennai
FEB_001287,CUST_01685,Smartwatch,4,31742,2026-02-18,Debit Card,Bangalore
FEB_001288,CUST_01537,Headphones,3,21941,2026-02-16,Cash on Delivery,Mumbai
FEB_001289,CUST_02706,Monitor,3,37269,2026-02-19,Cash on Delivery,Hyderabad
FEB_001290,CUST_03897,Headphones,4,45218,2026-02-09,Cash on Delivery,Mumbai
FEB_001291,CUST_00566,Headphones,5,6279,2026-02-09,Cash on Delivery,Chennai
FEB_001292,CUST_03982,Smartphone,4,38598,2026-02-04,Debit Card,Bangalore
FEB_001293,CUST_01518,Keyboard,5,25006,2026-02-10,Credit Card,Delhi
FEB_001294,CUST_04039,Laptop,1,20534,2026-02-09,Credit Card,Hyderabad
FEB_001295,CUST_03044,Monitor,3,30963,2026-02-22,UPI,Delhi
FEB_001296,CUST_00299,Tablet,2,5979,2026-02-02,Cash on Delivery,Hyderabad
FEB_001297,CUST_04398,Laptop,4,36943,2026-02-02,Credit Card,Bangalore
FEB_001298,CUST_02009,Tablet,4,25873,2026-02-05,Cash on Delivery,Bangalore
FEB_001299,CUST_01042,Keyboard,5,6827,2026-02-07,Cash on Delivery,Pune
FEB_001300,CUST_04975,Laptop,3,33105,2026-02-11,Debit Card,Mumbai
FEB_001301,CUST_02539,Headphones,3,27557,2026-02-19,Debit Card,Pune
FEB_001302,CUST_00945,Smartphone,5,34403,2026-02-25,UPI,Delhi
FEB_001303,CUST_02209,Smartwatch,4,3192,2026-02-24,UPI,Chennai
FEB_001304,CUST_03462,Keyboard,5,17586,2026-02-04,Cash on Delivery,Delhi
FEB_001305,CUST_00598,Laptop,4,16279,2026-02-17,Cash on Delivery,Mumbai
FEB_001306,CUST_03599,Headphones,1,37035,2026-02-22,Debit Card,Mumbai
FEB_001307,CUST_01047,Headphones,4,4451,2026-02-18,Cash on Delivery,Delhi
FEB_001308,CUST_00377,Monitor,3,25742,2026-02-10,Debit Card,Hyderabad
FEB_001309,CUST_02677,Laptop,1,31397,2026-02-17,Debit Card,Delhi
FEB_001310,CUST_02535,Laptop,1,4929,2026-02-27,Cash on Delivery,Bangalore
FEB_001311,CUST_00202,Mouse,5,43797,2026-02-12,Credit Card,Bangalore
FEB_001312,CUST_04491,Smartphone,3,6335,2026-02-15,Credit Card,Chennai
FEB_001313,CUST_00196,Smartphone,3,15911,2026-02-16,Credit Card,Hyderabad
FEB_001314,CUST_04895,Headphones,5,15844,2026-02-16,Credit Card,Hyderabad
FEB_001315,CUST_01263,Keyboard,5,44247,2026-02-04,UPI,Pune
FEB_001316,CUST_04533,Tablet,3,42976,2026-02-03,UPI,Mumbai
FEB_001317,CUST_04062,Mouse,2,49598,2026-02-26,Credit Card,Chennai
FEB_001318,CUST_04396,Mouse,2,11156,2026-02-06,Credit Card,Pune
FEB_001319,CUST_03150,Laptop,2,21136,2026-02-16,Cash on Delivery,Chennai
FEB_001320,CUST_04857,Mouse,3,9736,2026-02-05,Debit Card,Chennai
FEB_001321,CUST_01134,Headphones,4,18979,2026-02-06,Cash on Delivery,Delhi
FEB_001322,CUST_02027,Keyboard,2,20168,2026-02-17,Credit Card,Delhi
FEB_001323,CUST_03103,Laptop,2,12011,2026-02-21,Credit Card,Delhi
FEB_001324,CUST_03650,Monitor,4,6773,2026-02-22,Cash on Delivery,Pune
FEB_001325,CUST_04323,Keyboard,3,44881,2026-02-12,Debit Card,Pune
FEB_001326,CUST_03739,Keyboard,1,41039,2026-02-03,UPI,Pune
FEB_001327,CUST_04224,Smartphone,5,46708,2026-02-26,Credit Card,Bangalore
FEB_001328,CUST_01166,Mouse,1,11377,2026-02-24,Cash on Delivery,Delhi
FEB_001329,CUST_04936,Tablet,3,10747,2026-02-12,Credit Card,Hyderabad
FEB_001330,CUST_04164,Keyboard,2,2241,2026-02-23,Credit Card,Hyderabad
FEB_001331,CUST_02145,Laptop,1,39923,2026-02-16,Credit Card,Hyderabad
FEB_001332,CUST_03339,Tablet,4,35170,2026-02-08,Debit Card,Mumbai
FEB_001333,CUST_02864,Monitor,3,48387,2026-02-09,Debit Card,Bangalore
FEB_001334,CUST_02507,Headphones,5,42535,2026-02-09,Cash on Delivery,Delhi
FEB_001335,CUST_01203,Smartwatch,5,12531,2026-02-16,Credit Card,Delhi
FEB_001336,CUST_02079,Keyboard,2,31997,2026-02-07,Debit Card,Bangalore
FEB_001337,CUST_03666,Keyboard,4,35679,2026-02-23,Debit Card,Mumbai
FEB_001338,CUST_04868,Keyboard,1,7219,2026-02-08,Cash on Delivery,Bangalore
FEB_001339,CUST_00933,Headphones,4,16732,2026-02-07,Debit Card,Chennai
FEB_001340,CUST_03099,Tablet,3,29245,2026-02-23,UPI,Bangalore
FEB_001341,CUST_00878,Tablet,1,23903,2026-02-16,UPI,Pune
FEB_001342,CUST_01828,Keyboard,2,15424,2026-02-18,Debit Card,Chennai
FEB_001343,CUST_03047,Monitor,1,8221,2026-02-06,Credit Card,Bangalore
FEB_001344,CUST_04515,Mouse,1,3806,2026-02-25,Credit Card,Pune
FEB_001345,CUST_00682,Smartphone,2,29108,2026-02-09,Credit Card,Pune
FEB_001346,CUST_00194,Headphones,2,2301,2026-02-05,UPI,Chennai
FEB_001347,CUST_04425,Headphones,2,41535,2026-02-08,Cash on Delivery,Mumbai
FEB_001348,CUST_03251,Smartwatch,5,45794,2026-02-26,Cash on Delivery,Chennai
FEB_001349,CUST_00007,Tablet,1,41136,2026-02-08,Cash on Delivery,Bangalore
FEB_001350,CUST_04423,Smartwatch,2,39190,2026-02-18,Cash on Delivery,Bangalore
FEB_001351,CUST_04594,Smartphone,5,11279,2026-02-14,Debit Card,Hyderabad
FEB_001352,CUST_00663,Smartphone,1,8635,2026-02-26,Debit Card,Hyderabad
FEB_001353,CUST_01701,Keyboard,3,1131,2026-02-21,Credit Card,Delhi
FEB_001354,CUST_03024,Keyboard,2,40681,2026-02-15,Cash on Delivery,Hyderabad
FEB_001355,CUST_04102,Smartwatch,2,45239,2026-02-10,Credit Card,Mumbai
FEB_001356,CUST_00670,Keyboard,1,26173,2026-02-23,Debit Card,Delhi
FEB_001357,CUST_01407,Keyboard,5,45492,2026-02-07,Cash on Delivery,Hyderabad
FEB_001358,CUST_00801,Smartwatch,4,20457,2026-02-03,UPI,Mumbai
FEB_001359,CUST_00764,Smartwatch,3,46184,2026-02-11,Debit Card,Chennai
FEB_001360,CUST_02730,Headphones,2,40952,2026-02-26,Cash on Delivery,Bangalore
FEB_001361,CUST_03870,Headphones,4,38518,2026-02-20,UPI,Mumbai
FEB_001362,CUST_00122,Laptop,3,30040,2026-02-17,UPI,Delhi
FEB_001363,CUST_01313,Smartwatch,1,48884,2026-02-06,UPI,Hyderabad
FEB_001364,CUST_04353,Mouse,2,37110,2026-02-17,UPI,Delhi
FEB_001365,CUST_02191,Tablet,2,7913,2026-02-23,UPI,Bangalore
FEB_001366,CUST_04606,Keyboard,1,10749,2026-02-07,UPI,Bangalore
FEB_001367,CUST_02232,Headphones,5,9691,2026-02-28,Credit Card,Pune
FEB_001368,CUST_01021,Smartwatch,1,5799,2026-02-14,UPI,Pune
FEB_001369,CUST_04031,Headphones,5,41080,2026-02-20,Credit Card,Pune
FEB_001370,CUST_01405,Smartphone,2,49150,2026-02-18,UPI,Mumbai
FEB_001371,CUST_02965,Smartphone,1,27395,2026-02-04,UPI,Pune
FEB_001372,CUST_04016,Mouse,5,31798,2026-02-20,UPI,Bangalore
FEB_001373,CUST_01266,Laptop,5,28878,2026-02-22,Cash on Delivery,Pune
FEB_001374,CUST_03496,Keyboard,1,2372,2026-02-13,UPI,Hyderabad
FEB_001375,CUST_02737,Keyboard,1,39313,2026-02-10,Debit Card,Delhi
FEB_001376,CUST_01759,Smartwatch,3,48927,2026-02-05,Credit Card,Delhi
FEB_001377,CUST_00652,Mouse,4,45693,2026-02-16,Credit Card,Pune
FEB_001378,CUST_02836,Laptop,4,24973,2026-02-22,Credit Card,Delhi
FEB_001379,CUST_01044,Tablet,3,2790,2026-02-08,Debit Card,Bangalore
FEB_001380,CUST_02126,Keyboard,1,32677,2026-02-27,Debit Card,Pune
FEB_001381,CUST_01755,Smartwatch,1,5017,2026-02-19,Cash on Delivery,Mumbai
FEB_001382,CUST_04199,Tablet,4,14846,2026-02-14,UPI,Chennai
FEB_001383,CUST_03811,Headphones,2,43295,2026-02-07,Debit Card,Chennai
FEB_001384,CUST_04467,Mouse,5,15993,2026-02-12,Cash on Delivery,Delhi
FEB_001385,CUST_00975,Tablet,1,6901,2026-02-20,Credit Card,Hyderabad
FEB_001386,CUST_04566,Smartphone,1,9610,2026-02-20,Debit Card,Chennai
FEB_001387,CUST_04257,Headphones,2,44269,2026-02-18,Credit Card,Delhi
FEB_001388,CUST_02759,Smartwatch,2,14246,2026-02-22,Debit Card,Delhi
FEB_001389,CUST_01076,Keyboard,3,8793,2026-02-22,Credit Card,Chennai
FEB_001390,CUST_00624,Laptop,1,17143,2026-02-10,Debit Card,Delhi
FEB_001391,CUST_00045,Monitor,4,25790,2026-02-07,Debit Card,Chennai
FEB_001392,CUST_03451,Laptop,4,7279,2026-02-15,Credit Card,Bangalore
FEB_001393,CUST_03982,Mouse,2,19978,2026-02-04,Credit Card,Mumbai
FEB_001394,CUST_04436,Mouse,2,40647,2026-02-01,Credit Card,Pune
FEB_001395,CUST_00219,Keyboard,1,28725,2026-02-19,Cash on Delivery,Bangalore
FEB_001396,CUST_03539,Laptop,2,25917,2026-02-13,Cash on Delivery,Bangalore
FEB_001397,CUST_04583,Monitor,1,41475,2026-02-24,UPI,Chennai
FEB_001398,CUST_03475,Smartwatch,1,9857,2026-02-27,Debit Card,Chennai
FEB_001399,CUST_03078,Monitor,5,30093,2026-02-26,Cash on Delivery,Chennai
FEB_001400,CUST_03505,Headphones,4,24291,2026-02-10,UPI,Delhi
FEB_001401,CUST_01312,Tablet,4,45962,2026-02-18,Debit Card,Chennai
FEB_001402,CUST_02276,Headphones,3,46988,2026-02-20,Debit Card,Bangalore
FEB_001403,CUST_03106,Keyboard,3,19527,2026-02-15,Cash on Delivery,Pune
FEB_001404,CUST_01404,Laptop,1,7349,2026-02-18,Credit Card,Chennai
FEB_001405,CUST_03166,Keyboard,3,10635,2026-02-22,UPI,Delhi
FEB_001406,CUST_01058,Mouse,2,49540,2026-02-16,UPI,Bangalore
FEB_001407,CUST_03004,Keyboard,3,10579,2026-02-14,UPI,Pune
FEB_001408,CUST_00507,Monitor,4,9014,2026-02-16,Cash on Delivery,Chennai
FEB_001409,CUST_04689,Keyboard,1,3311,2026-02-15,Credit Card,Pune
FEB_001410,CUST_00402,Keyboard,1,17794,2026-02-24,Credit Card,Delhi
FEB_001411,CUST_03980,Tablet,5,1362,2026-02-02,UPI,Pune
FEB_001412,CUST_01067,Smartphone,3,12985,2026-02-03,Credit Card,Delhi
FEB_001413,CUST_04451,Mouse,1,37557,2026-02-17,Debit Card,Bangalore
FEB_001414,CUST_00081,Smartwatch,2,32019,2026-02-11,UPI,Hyderabad
FEB_001415,CUST_00417,Smartwatch,2,4842,2026-02-04,Debit Card,Bangalore
FEB_001416,CUST_04451,Laptop,4,25692,2026-02-09,Cash on Delivery,Pune
FEB_001417,CUST_02220,Smartwatch,2,41905,2026-02-13,UPI,Pune
FEB_001418,CUST_03456,Monitor,1,26350,2026-02-28,Debit Card,Mumbai
FEB_001419,CUST_03288,Monitor,3,31424,2026-02-05,Credit Card,Chennai
FEB_001420,CUST_02233,Headphones,1,20081,2026-02-02,UPI,Bangalore
FEB_001421,CUST_01930,Tablet,4,49413,2026-02-05,Cash on Delivery,Mumbai
FEB_001422,CUST_00221,Laptop,5,34915,2026-02-25,Debit Card,Bangalore
FEB_001423,CUST_00459,Smartwatch,5,13644,2026-02-12,Debit Card,Pune
FEB_001424,CUST_03265,Keyboard,2,33948,2026-02-16,UPI,Delhi
FEB_001425,CUST_02654,Mouse,2,42976,2026-02-07,Credit Card,Chennai
FEB_001426,CUST_03218,Headphones,1,13736,2026-02-02,Cash on Delivery,Chennai
FEB_001427,CUST_01061,Laptop,4,2301,2026-02-02,Cash on Delivery,Delhi
FEB_001428,CUST_01945,Smartwatch,4,35398,2026-02-16,UPI,Delhi
FEB_001429,CUST_03559,Tablet,4,1264,2026-02-03,Cash on Delivery,Pune
FEB_001430,CUST_00116,Mouse,4,42404,2026-02-20,Cash on Delivery,Mumbai
FEB_001431,CUST_02758,Monitor,5,49907,2026-02-02,Credit Card,Pune
FEB_001432,CUST_04784,Mouse,5,12531,2026-02-03,Debit Card,Bangalore
FEB_001433,CUST_04979,Smartphone,4,5798,2026-02-20,Debit Card,Hyderabad
FEB_001434,CUST_01530,Tablet,5,45993,2026-02-02,Credit Card,Chennai
FEB_001435,CUST_01417,Headphones,3,22241,2026-02-21,Debit Card,Chennai
FEB_001436,CUST_00880,Mouse,3,41702,2026-02-10,UPI,Hyderabad
FEB_001437,CUST_00313,Smartwatch,4,1840,2026-02-21,Credit Card,Chennai
FEB_001438,CUST_02177,Laptop,5,42481,2026-02-08,UPI,Pune
FEB_001439,CUST_03119,Smartphone,4,37276,2026-02-25,Credit Card,Mumbai
FEB_001440,CUST_01620,Keyboard,4,13355,2026-02-08,Debit Card,Bangalore
FEB_001441,CUST_01414,Laptop,3,43843,2026-02-26,Credit Card,Delhi
FEB_001442,CUST_03165,Mouse,3,17689,2026-02-06,Debit Card,Hyderabad
FEB_001443,CUST_03320,Mouse,5,18115,2026-02-04,Cash on Delivery,Mumbai
FEB_001444,CUST_02690,Headphones,5,27076,2026-02-26,UPI,Bangalore
FEB_001445,CUST_00896,Monitor,4,30761,2026-02-20,Debit Card,Pune
FEB_001446,CUST_00150,Tablet,5,16734,2026-02-25,UPI,Chennai
FEB_001447,CUST_00240,Smartwatch,1,44057,2026-02-21,UPI,Delhi
FEB_001448,CUST_03602,Laptop,4,2208,2026-02-12,Credit Card,Pune
FEB_001449,CUST_04350,Headphones,2,17602,2026-02-20,Cash on Delivery,Mumbai
FEB_001450,CUST_03900,Laptop,4,32194,2026-02-10,Debit Card,Hyderabad
FEB_001451,CUST_02698,Laptop,1,44371,2026-02-13,UPI,Delhi
FEB_001452,CUST_00928,Tablet,5,29413,2026-02-27,Cash on Delivery,Bangalore
FEB_001453,CUST_03645,Laptop,3,45392,2026-02-26,Cash on Delivery,Pune
FEB_001454,CUST_00673,Smartwatch,3,26306,2026-02-01,UPI,Delhi
FEB_001455,CUST_03576,Smartwatch,2,21973,2026-02-10,Cash on Delivery,Hyderabad
FEB_001456,CUST_00527,Headphones,3,4555,2026-02-12,Cash on Delivery,Delhi
FEB_001457,CUST_00241,Headphones,4,7358,2026-02-17,Debit Card,Delhi
FEB_001458,CUST_04308,Mouse,4,19009,2026-02-05,Cash on Delivery,Hyderabad
FEB_001459,CUST_04272,Monitor,1,13992,2026-02-16,Cash on Delivery,Hyderabad
FEB_001460,CUST_04973,Mouse,5,1633,2026-02-03,Debit Card,Bangalore
FEB_001461,CUST_03082,Keyboard,3,45142,2026-02-24,UPI,Mumbai
FEB_001462,CUST_01099,Tablet,2,40205,2026-02-24,UPI,Chennai
FEB_001463,CUST_02185,Smartphone,1,8978,2026-02-04,UPI,Delhi
FEB_001464,CUST_00334,Monitor,5,33108,2026-02-20,Debit Card,Mumbai
FEB_001465,CUST_01606,Smartwatch,2,24780,2026-02-19,Credit Card,Mumbai
FEB_001466,CUST_01816,Mouse,5,16927,2026-02-25,Cash on Delivery,Mumbai
FEB_001467,CUST_04196,Smartphone,5,10692,2026-02-15,Debit Card,Delhi
FEB_001468,CUST_04830,Keyboard,5,22649,2026-02-04,Credit Card,Delhi
FEB_001469,CUST_01788,Smartphone,1,20588,2026-02-06,Credit Card,Delhi
FEB_001470,CUST_00650,Monitor,3,31862,2026-02-03,Cash on Delivery,Pune
FEB_001471,CUST_00070,Mouse,5,48185,2026-02-24,Credit Card,Mumbai
FEB_001472,CUST_01425,Laptop,4,43522,2026-02-26,UPI,Bangalore
FEB_001473,CUST_01885,Monitor,3,16223,2026-02-27,Credit Card,Hyderabad
FEB_001474,CUST_02842,Smartphone,2,39351,2026-02-09,Credit Card,Hyderabad
FEB_001475,CUST_04276,Mouse,2,5226,2026-02-15,UPI,Chennai
FEB_001476,CUST_04686,Smartphone,3,34770,2026-02-10,Cash on Delivery,Chennai
FEB_001477,CUST_02303,Headphones,4,14414,2026-02-27,UPI,Mumbai
FEB_001478,CUST_01367,Laptop,1,35140,2026-02-19,Cash on Delivery,Mumbai
FEB_001479,CUST_03427,Keyboard,2,49400,2026-02-25,Credit Card,Bangalore
FEB_001480,CUST_00653,Smartphone,4,11525,2026-02-02,UPI,Mumbai
FEB_001481,CUST_03404,Laptop,4,16053,2026-02-25,Credit Card,Hyderabad
FEB_001482,CUST_04705,Tablet,3,41219,2026-02-04,UPI,Chennai
FEB_001483,CUST_01232,Smartphone,5,36674,2026-02-16,UPI,Chennai
FEB_001484,CUST_02869,Laptop,3,28097,2026-02-14,Debit Card,Bangalore
FEB_001485,CUST_02291,Laptop,1,10034,2026-02-08,Cash on Delivery,Pune
FEB_001486,CUST_00677,Smartwatch,1,29992,2026-02-16,Credit Card,Chennai
FEB_001487,CUST_02602,Keyboard,5,37310,2026-02-15,Debit Card,Bangalore
FEB_001488,CUST_00767,Smartwatch,1,5021,2026-02-07,Cash on Delivery,Hyderabad
FEB_001489,CUST_00909,Mouse,2,42930,2026-02-17,UPI,Hyderabad
FEB_001490,CUST_04723,Headphones,5,16024,2026-02-12,UPI,Mumbai
FEB_001491,CUST_02249,Headphones,2,38328,2026-02-10,Debit Card,Chennai
FEB_001492,CUST_04518,Tablet,4,41433,2026-02-26,UPI,Chennai
FEB_001493,CUST_03368,Smartphone,1,35293,2026-02-27,Debit Card,Chennai
FEB_001494,CUST_00406,Smartphone,1,37787,2026-02-02,Credit Card,Mumbai
FEB_001495,CUST_03893,Keyboard,4,36347,2026-02-27,Cash on Delivery,Chennai
FEB_001496,CUST_02942,Tablet,1,40073,2026-02-11,Debit Card,Bangalore
FEB_001497,CUST_01353,Laptop,2,17589,2026-02-16,UPI,Pune
FEB_001498,CUST_04477,Smartwatch,3,4906,2026-02-08,Cash on Delivery,Chennai
FEB_001499,CUST_01885,Tablet,2,31988,2026-02-16,Credit Card,Bangalore
FEB_001500,CUST_04829,Laptop,4,12739,2026-02-27,Debit Card,Hyderabad
FEB_001501,CUST_01795,Smartphone,2,7884,2026-02-23,Debit Card,Mumbai
FEB_001502,CUST_00382,Laptop,5,39421,2026-02-22,UPI,Delhi
FEB_001503,CUST_04832,Headphones,3,34461,2026-02-20,Cash on Delivery,Mumbai
FEB_001504,CUST_00683,Smartphone,1,12655,2026-02-07,Debit Card,Hyderabad
FEB_001505,CUST_03725,Tablet,1,3913,2026-02-01,UPI,Delhi
FEB_001506,CUST_02079,Monitor,5,15244,2026-02-02,Cash on Delivery,Hyderabad
FEB_001507,CUST_04992,Smartwatch,2,34390,2026-02-12,Debit Card,Bangalore
FEB_001508,CUST_02669,Mouse,4,36037,2026-02-08,UPI,Hyderabad
FEB_001509,CUST_03148,Headphones,2,47548,2026-02-14,UPI,Mumbai
FEB_001510,CUST_03635,Keyboard,4,13087,2026-02-07,Cash on Delivery,Pune
FEB_001511,CUST_02819,Tablet,1,34156,2026-02-27,UPI,Bangalore
FEB_001512,CUST_04409,Laptop,4,32641,2026-02-03,Credit Card,Delhi
FEB_001513,CUST_03497,Headphones,4,4381,2026-02-25,Debit Card,Pune
FEB_001514,CUST_02481,Smartwatch,3,23489,2026-02-27,Debit Card,Chennai
FEB_001515,CUST_01820,Smartphone,1,3078,2026-02-12,Credit Card,Chennai
FEB_001516,CUST_03506,Tablet,3,12171,2026-02-28,Cash on Delivery,Bangalore
FEB_001517,CUST_00581,Mouse,5,39217,2026-02-15,UPI,Delhi
FEB_001518,CUST_02865,Headphones,5,6603,2026-02-12,Cash on Delivery,Bangalore
FEB_001519,CUST_04989,Tablet,5,16593,2026-02-07,Debit Card,Chennai
FEB_001520,CUST_00080,Smartphone,3,36331,2026-02-09,Cash on Delivery,Chennai
FEB_001521,CUST_02315,Headphones,4,10666,2026-02-17,Debit Card,Bangalore
FEB_001522,CUST_01387,Keyboard,2,18181,2026-02-11,UPI,Delhi
FEB_001523,CUST_00266,Smartphone,2,10823,2026-02-07,Debit Card,Delhi
FEB_001524,CUST_03605,Smartphone,3,2574,2026-02-20,UPI,Mumbai
FEB_001525,CUST_02023,Mouse,1,20424,2026-02-05,Credit Card,Pune
FEB_001526,CUST_04829,Laptop,1,37455,2026-02-23,Debit Card,Mumbai
FEB_001527,CUST_03620,Tablet,3,41086,2026-02-04,UPI,Hyderabad
FEB_001528,CUST_04174,Keyboard,2,19581,2026-02-06,Debit Card,Mumbai
FEB_001529,CUST_00050,Smartwatch,4,2221,2026-02-04,Credit Card,Bangalore
FEB_001530,CUST_00524,Smartphone,4,38063,2026-02-20,Credit Card,Bangalore
FEB_001531,CUST_03746,Tablet,4,27345,2026-02-24,Credit Card,Hyderabad
FEB_001532,CUST_02236,Smartwatch,4,39967,2026-02-16,Credit Card,Mumbai
FEB_001533,CUST_03784,Headphones,1,48365,2026-02-23,Cash on Delivery,Hyderabad
FEB_001534,CUST_00601,Headphones,4,39764,2026-02-06,UPI,Pune
FEB_001535,CUST_00456,Smartwatch,5,42834,2026-02-26,Debit Card,Chennai
FEB_001536,CUST_01456,Tablet,2,19929,2026-02-10,Debit Card,Pune
FEB_001537,CUST_03171,Keyboard,3,33814,2026-02-15,Cash on Delivery,Delhi
FEB_001538,CUST_00716,Smartphone,2,24173,2026-02-04,Debit Card,Pune
FEB_001539,CUST_01478,Monitor,5,25275,2026-02-20,Cash on Delivery,Bangalore
FEB_001540,CUST_03341,Mouse,3,14905,2026-02-11,UPI,Delhi
FEB_001541,CUST_04395,Smartphone,3,25510,2026-02-06,UPI,Delhi
FEB_001542,CUST_04097,Headphones,2,15638,2026-02-14,Credit Card,Hyderabad
FEB_001543,CUST_00281,Mouse,4,450,2026-02-23,Debit Card,Chennai
FEB_001544,CUST_03622,Mouse,1,31014,2026-02-22,Credit Card,Bangalore
FEB_001545,CUST_04331,Laptop,1,33869,2026-02-27,Cash on Delivery,Hyderabad
FEB_001546,CUST_04956,Tablet,1,32190,2026-02-20,UPI,Hyderabad
FEB_001547,CUST_02082,Smartphone,3,46000,2026-02-26,Credit Card,Chennai
FEB_001548,CUST_00869,Smartphone,3,48360,2026-02-15,Credit Card,Chennai
FEB_001549,CUST_00116,Tablet,2,49854,2026-02-11,Cash on Delivery,Mumbai
FEB_001550,CUST_01957,Headphones,1,20108,2026-02-28,UPI,Chennai
FEB_001551,CUST_02048,Headphones,2,12911,2026-02-27,Cash on Delivery,Delhi
FEB_001552,CUST_04149,Smartphone,5,30111,2026-02-21,UPI,Mumbai
FEB_001553,CUST_00673,Keyboard,1,31319,2026-02-26,Credit Card,Chennai
FEB_001554,CUST_00738,Smartwatch,4,7387,2026-02-13,Cash on Delivery,Hyderabad
FEB_001555,CUST_04866,Tablet,5,4606,2026-02-14,Cash on Delivery,Delhi
FEB_001556,CUST_03111,Tablet,1,49856,2026-02-13,Debit Card,Mumbai
FEB_001557,CUST_04471,Headphones,4,43717,2026-02-14,Debit Card,Hyderabad
FEB_001558,CUST_00337,Laptop,4,14303,2026-02-16,Credit Card,Mumbai
FEB_001559,CUST_01131,Tablet,1,43963,2026-02-26,Credit Card,Mumbai
FEB_001560,CUST_02903,Smartphone,5,29308,2026-02-26,UPI,Hyderabad
FEB_001561,CUST_03303,Headphones,4,14549,2026-02-27,UPI,Chennai
FEB_001562,CUST_01666,Mouse,5,40900,2026-02-16,Credit Card,Hyderabad
FEB_001563,CUST_02121,Headphones,4,32195,2026-02-27,Cash on Delivery,Pune
FEB_001564,CUST_03666,Mouse,1,21436,2026-02-03,Debit Card,Hyderabad
FEB_001565,CUST_00926,Headphones,1,26921,2026-02-12,UPI,Delhi
FEB_001566,CUST_03093,Tablet,2,30995,2026-02-24,UPI,Mumbai
FEB_001567,CUST_02181,Tablet,4,6834,2026-02-09,Debit Card,Hyderabad
FEB_001568,CUST_04980,Headphones,4,36557,2026-02-21,UPI,Pune
FEB_001569,CUST_02929,Keyboard,2,47260,2026-02-05,UPI,Hyderabad
FEB_001570,CUST_04737,Keyboard,4,33065,2026-02-16,Cash on Delivery,Bangalore
FEB_001571,CUST_00964,Monitor,1,5487,2026-02-06,Credit Card,Pune
FEB_001572,CUST_03202,Smartphone,1,38716,2026-02-26,UPI,Pune
FEB_001573,CUST_04321,Headphones,4,32127,2026-02-05,Debit Card,Chennai
FEB_001574,CUST_02879,Keyboard,5,37346,2026-02-22,Credit Card,Chennai
FEB_001575,CUST_03827,Keyboard,2,27827,2026-02-14,Debit Card,Delhi
FEB_001576,CUST_03401,Tablet,4,14074,2026-02-14,UPI,Mumbai
FEB_001577,CUST_01090,Keyboard,3,43360,2026-02-09,Credit Card,Chennai
FEB_001578,CUST_02194,Keyboard,3,2651,2026-02-22,Cash on Delivery,Mumbai
FEB_001579,CUST_03327,Headphones,4,26470,2026-02-23,Cash on Delivery,Bangalore
FEB_001580,CUST_04330,Mouse,5,28659,2026-02-16,UPI,Pune
FEB_001581,CUST_03145,Mouse,1,15237,2026-02-11,UPI,Pune
FEB_001582,CUST_03284,Smartwatch,4,3107,2026-02-01,Credit Card,Hyderabad
FEB_001583,CUST_04064,Headphones,5,20103,2026-02-23,Debit Card,Mumbai
FEB_001584,CUST_02906,Smartwatch,1,39586,2026-02-07,UPI,Mumbai
FEB_001585,CUST_02134,Laptop,4,36541,2026-02-22,UPI,Mumbai
FEB_001586,CUST_02775,Monitor,1,13569,2026-02-14,Cash on Delivery,Delhi
FEB_001587,CUST_01206,Smartwatch,2,15060,2026-02-22,Cash on Delivery,Bangalore
FEB_001588,CUST_02748,Mouse,2,10294,2026-02-01,Credit Card,Pune
FEB_001589,CUST_00083,Headphones,4,36906,2026-02-14,Debit Card,Chennai
FEB_001590,CUST_01494,Mouse,1,24811,2026-02-23,Credit Card,Chennai
FEB_001591,CUST_02752,Mouse,3,34627,2026-02-27,Cash on Delivery,Pune
FEB_001592,CUST_01182,Keyboard,1,31071,2026-02-02,UPI,Mumbai
FEB_001593,CUST_02690,Smartwatch,3,2919,2026-02-24,UPI,Chennai
FEB_001594,CUST_02503,Smartphone,3,34590,2026-02-15,Cash on Delivery,Chennai
FEB_001595,CUST_02607,Headphones,3,47743,2026-02-20,UPI,Pune
FEB_001596,CUST_04059,Mouse,1,20913,2026-02-18,Debit Card,Mumbai
FEB_001597,CUST_02720,Tablet,4,17154,2026-02-15,Debit Card,Hyderabad
FEB_001598,CUST_02029,Headphones,1,20134,2026-02-13,UPI,Hyderabad
FEB_001599,CUST_02545,Headphones,3,47114,2026-02-13,UPI,Bangalore
FEB_001600,CUST_01602,Smartwatch,3,19260,2026-02-25,Debit Card,Mumbai
FEB_001601,CUST_00612,Smartwatch,1,3505,2026-02-19,Credit Card,Pune
FEB_001602,CUST_01244,Smartwatch,3,46855,2026-02-05,Cash on Delivery,Chennai
FEB_001603,CUST_01285,Smartwatch,4,9009,2026-02-20,Debit Card,Delhi
FEB_001604,CUST_02278,Smartphone,4,35796,2026-02-28,UPI,Bangalore
FEB_001605,CUST_00348,Smartwatch,3,47954,2026-02-17,Cash on Delivery,Mumbai
FEB_001606,CUST_03338,Headphones,1,45551,2026-02-10,UPI,Hyderabad
FEB_001607,CUST_03125,Tablet,3,31585,2026-02-08,Debit Card,Mumbai
FEB_001608,CUST_01423,Tablet,4,32029,2026-02-06,UPI,Pune
FEB_001609,CUST_02188,Mouse,4,4855,2026-02-09,Cash on Delivery,Hyderabad
FEB_001610,CUST_00522,Keyboard,5,3596,2026-02-10,Debit Card,Mumbai
FEB_001611,CUST_00429,Smartwatch,2,46930,2026-02-18,Credit Card,Bangalore
FEB_001612,CUST_02684,Tablet,1,18660,2026-02-24,Credit Card,Chennai
FEB_001613,CUST_04807,Keyboard,1,39232,2026-02-02,UPI,Pune
FEB_001614,CUST_00524,Headphones,3,43185,2026-02-06,Debit Card,Delhi
FEB_001615,CUST_01757,Headphones,3,8017,2026-02-11,Credit Card,Chennai
FEB_001616,CUST_03303,Headphones,1,28100,2026-02-14,Debit Card,Chennai
FEB_001617,CUST_00356,Laptop,2,33952,2026-02-14,Debit Card,Bangalore
FEB_001618,CUST_00573,Smartphone,1,41903,2026-02-03,Credit Card,Mumbai
FEB_001619,CUST_02939,Laptop,2,24830,2026-02-03,UPI,Bangalore
FEB_001620,CUST_02084,Headphones,4,45491,2026-02-12,Cash on Delivery,Pune
FEB_001621,CUST_02237,Smartphone,1,20620,2026-02-03,Debit Card,Delhi
FEB_001622,CUST_04272,Tablet,4,19220,2026-02-28,Cash on Delivery,Hyderabad
FEB_001623,CUST_00176,Laptop,3,41096,2026-02-17,Debit Card,Delhi
FEB_001624,CUST_00227,Monitor,1,48670,2026-02-13,Debit Card,Bangalore
FEB_001625,CUST_03150,Mouse,1,13434,2026-02-24,Cash on Delivery,Delhi
FEB_001626,CUST_04582,Smartphone,1,8563,2026-02-27,Credit Card,Delhi
FEB_001627,CUST_02482,Mouse,5,35145,2026-02-03,Cash on Delivery,Delhi
FEB_001628,CUST_03468,Laptop,2,40067,2026-02-14,Debit Card,Bangalore
FEB_001629,CUST_04462,Monitor,5,46327,2026-02-09,Cash on Delivery,Bangalore
FEB_001630,CUST_01510,Smartwatch,3,32248,2026-02-27,UPI,Mumbai
FEB_001631,CUST_03363,Headphones,5,46055,2026-02-12,Debit Card,Bangalore
FEB_001632,CUST_01580,Headphones,5,42242,2026-02-28,UPI,Pune
FEB_001633,CUST_00722,Smartphone,4,3043,2026-02-18,Cash on Delivery,Delhi
FEB_001634,CUST_02017,Monitor,4,6193,2026-02-20,Credit Card,Chennai
FEB_001635,CUST_02657,Smartphone,1,672,2026-02-03,Credit Card,Chennai
FEB_001636,CUST_04685,Headphones,1,10040,2026-02-09,UPI,Hyderabad
FEB_001637,CUST_04200,Smartwatch,1,3422,2026-02-14,Cash on Delivery,Chennai
FEB_001638,CUST_02687,Tablet,1,23912,2026-02-28,Debit Card,Bangalore
FEB_001639,CUST_01133,Keyboard,5,45012,2026-02-13,Debit Card,Chennai
FEB_001640,CUST_02529,Smartwatch,5,4325,2026-02-14,Debit Card,Bangalore
FEB_001641,CUST_04180,Monitor,5,46022,2026-02-15,UPI,Hyderabad
FEB_001642,CUST_00984,Laptop,5,20704,2026-02-11,UPI,Bangalore
FEB_001643,CUST_00145,Keyboard,2,25742,2026-02-13,Cash on Delivery,Delhi
FEB_001644,CUST_02787,Smartphone,1,15459,2026-02-24,UPI,Bangalore
FEB_001645,CUST_02033,Laptop,5,30879,2026-02-28,UPI,Delhi
FEB_001646,CUST_00007,Headphones,3,27088,2026-02-08,Cash on Delivery,Chennai
FEB_001647,CUST_03441,Tablet,1,28046,2026-02-14,Debit Card,Mumbai
FEB_001648,CUST_04162,Laptop,5,43525,2026-02-02,UPI,Mumbai
FEB_001649,CUST_01279,Smartwatch,4,11413,2026-02-16,Credit Card,Bangalore
FEB_001650,CUST_04319,Monitor,3,7766,2026-02-25,Debit Card,Pune
FEB_001651,CUST_00295,Keyboard,3,13504,2026-02-15,Debit Card,Hyderabad
FEB_001652,CUST_03597,Smartphone,1,3663,2026-02-03,Credit Card,Pune
FEB_001653,CUST_02808,Tablet,1,22125,2026-02-21,Credit Card,Pune
FEB_001654,CUST_02524,Mouse,2,41213,2026-02-08,Cash on Delivery,Bangalore
FEB_001655,CUST_03071,Laptop,4,13839,2026-02-16,Cash on Delivery,Hyderabad
FEB_001656,CUST_01710,Headphones,5,26347,2026-02-11,Credit Card,Chennai
FEB_001657,CUST_01905,Mouse,1,4382,2026-02-19,Debit Card,Delhi
FEB_001658,CUST_03429,Mouse,1,42788,2026-02-12,Cash on Delivery,Bangalore
FEB_001659,CUST_03535,Mouse,2,46464,2026-02-02,Credit Card,Mumbai
FEB_001660,CUST_02417,Laptop,4,37553,2026-02-12,Cash on Delivery,Bangalore
FEB_001661,CUST_02261,Headphones,4,36770,2026-02-04,Credit Card,Chennai
FEB_001662,CUST_02778,Smartwatch,2,41135,2026-02-05,Credit Card,Mumbai
FEB_001663,CUST_04762,Headphones,2,18451,2026-02-02,UPI,Mumbai
FEB_001664,CUST_03881,Smartphone,3,23266,2026-02-16,Credit Card,Chennai
FEB_001665,CUST_01984,Smartphone,4,19271,2026-02-16,Credit Card,Mumbai
FEB_001666,CUST_02804,Headphones,1,45729,2026-02-04,Credit Card,Chennai
FEB_001667,CUST_04928,Keyboard,4,668,2026-02-24,Cash on Delivery,Mumbai
FEB_001668,CUST_01558,Monitor,3,6764,2026-02-16,Credit Card,Mumbai
FEB_001669,CUST_01971,Smartwatch,5,34303,2026-02-01,Cash on Delivery,Delhi
FEB_001670,CUST_04875,Mouse,1,9421,2026-02-11,Credit Card,Mumbai
FEB_001671,CUST_03870,Monitor,4,49913,2026-02-22,Cash on Delivery,Bangalore
FEB_001672,CUST_02042,Tablet,4,2562,2026-02-11,Cash on Delivery,Bangalore
FEB_001673,CUST_01120,Monitor,4,13857,2026-02-05,Debit Card,Mumbai
FEB_001674,CUST_00234,Keyboard,1,10316,2026-02-14,UPI,Hyderabad
FEB_001675,CUST_02457,Mouse,2,48562,2026-02-03,Credit Card,Hyderabad
FEB_001676,CUST_02554,Monitor,3,3916,2026-02-03,Credit Card,Delhi
FEB_001677,CUST_02227,Smartphone,3,16903,2026-02-16,Cash on Delivery,Bangalore
FEB_001678,CUST_01272,Monitor,3,37434,2026-02-06,Credit Card,Delhi
FEB_001679,CUST_00607,Headphones,1,31022,2026-02-16,Debit Card,Bangalore
FEB_001680,CUST_00865,Mouse,5,25423,2026-02-03,Credit Card,Hyderabad
FEB_001681,CUST_03989,Keyboard,2,41984,2026-02-27,Debit Card,Bangalore
FEB_001682,CUST_04267,Smartphone,2,37697,2026-02-07,UPI,Pune
FEB_001683,CUST_03555,Laptop,3,45842,2026-02-14,UPI,Pune
FEB_001684,CUST_00225,Keyboard,4,35720,2026-02-28,Cash on Delivery,Mumbai
FEB_001685,CUST_03851,Headphones,1,24290,2026-02-03,UPI,Hyderabad
FEB_001686,CUST_02165,Tablet,3,17173,2026-02-28,UPI,Mumbai
FEB_001687,CUST_02603,Mouse,2,42295,2026-02-02,UPI,Pune
FEB_001688,CUST_01041,Headphones,4,19804,2026-02-06,Credit Card,Delhi
FEB_001689,CUST_03623,Headphones,3,41769,2026-02-05,Debit Card,Pune
FEB_001690,CUST_02941,Laptop,2,33207,2026-02-21,Credit Card,Bangalore
FEB_001691,CUST_03477,Mouse,5,38516,2026-02-16,Debit Card,Delhi
FEB_001692,CUST_01537,Headphones,3,13257,2026-02-23,Cash on Delivery,Chennai
FEB_001693,CUST_02425,Headphones,2,42176,2026-02-21,Cash on Delivery,Chennai
FEB_001694,CUST_03116,Mouse,5,16946,2026-02-03,Credit Card,Bangalore
FEB_001695,CUST_02349,Monitor,3,47783,2026-02-04,Cash on Delivery,Delhi
FEB_001696,CUST_00328,Monitor,3,15193,2026-02-13,Debit Card,Bangalore
FEB_001697,CUST_04436,Monitor,5,38837,2026-02-12,UPI,Pune
FEB_001698,CUST_04337,Laptop,2,17750,2026-02-28,Cash on Delivery,Chennai
FEB_001699,CUST_02065,Mouse,5,38030,2026-02-22,Debit Card,Hyderabad
FEB_001700,CUST_01734,Smartphone,1,49575,2026-02-11,UPI,Delhi
FEB_001701,CUST_04366,Keyboard,2,48467,2026-02-02,UPI,Delhi
FEB_001702,CUST_03497,Smartphone,4,27697,2026-02-04,Credit Card,Bangalore
FEB_001703,CUST_04708,Tablet,2,44690,2026-02-03,UPI,Pune
FEB_001704,CUST_01213,Keyboard,2,6374,2026-02-01,Credit Card,Chennai
FEB_001705,CUST_01158,Smartphone,1,3820,2026-02-11,Cash on Delivery,Bangalore
FEB_001706,CUST_04477,Tablet,1,826,2026-02-26,Debit Card,Bangalore
FEB_001707,CUST_02390,Laptop,3,16318,2026-02-17,UPI,Mumbai
FEB_001708,CUST_03118,Smartwatch,4,21876,2026-02-18,UPI,Bangalore
FEB_001709,CUST_01711,Keyboard,4,10401,2026-02-28,Credit Card,Delhi
FEB_001710,CUST_01974,Keyboard,4,18288,2026-02-25,Cash on Delivery,Hyderabad
FEB_001711,CUST_02192,Mouse,4,23772,2026-02-12,Credit Card,Mumbai
FEB_001712,CUST_02463,Monitor,1,30839,2026-02-12,Credit Card,Delhi
FEB_001713,CUST_03796,Smartphone,4,12306,2026-02-12,UPI,Chennai
FEB_001714,CUST_01357,Smartwatch,5,8630,2026-02-16,Debit Card,Delhi
FEB_001715,CUST_01060,Laptop,5,40377,2026-02-07,Cash on Delivery,Chennai
FEB_001716,CUST_03704,Headphones,3,2396,2026-02-05,Cash on Delivery,Mumbai
FEB_001717,CUST_01109,Laptop,1,36232,2026-02-03,Debit Card,Mumbai
FEB_001718,CUST_02993,Headphones,2,9750,2026-02-16,Cash on Delivery,Delhi
FEB_001719,CUST_02560,Monitor,5,40635,2026-02-22,Credit Card,Mumbai
FEB_001720,CUST_04211,Monitor,5,31048,2026-02-16,Cash on Delivery,Delhi
FEB_001721,CUST_00436,Monitor,2,35595,2026-02-09,Cash on Delivery,Chennai
FEB_001722,CUST_03312,Tablet,4,998,2026-02-23,Credit Card,Chennai
FEB_001723,CUST_01555,Tablet,5,26734,2026-02-21,Cash on Delivery,Delhi
FEB_001724,CUST_00321,Keyboard,4,29255,2026-02-18,UPI,Pune
FEB_001725,CUST_04725,Mouse,4,48785,2026-02-19,Debit Card,Mumbai
FEB_001726,CUST_01527,Keyboard,3,31862,2026-02-03,Credit Card,Delhi
FEB_001727,CUST_02227,Tablet,1,35730,2026-02-07,Credit Card,Bangalore
FEB_001728,CUST_03562,Headphones,4,9425,2026-02-02,Debit Card,Pune
FEB_001729,CUST_03248,Mouse,3,4999,2026-02-08,Debit Card,Hyderabad
FEB_001730,CUST_03881,Tablet,4,41734,2026-02-28,Debit Card,Bangalore
FEB_001731,CUST_04639,Mouse,1,33049,2026-02-19,Credit Card,Chennai
FEB_001732,CUST_00044,Laptop,5,12850,2026-02-17,Credit Card,Mumbai
FEB_001733,CUST_04903,Smartwatch,3,19361,2026-02-15,UPI,Chennai
FEB_001734,CUST_02911,Monitor,2,22196,2026-02-27,Credit Card,Hyderabad
FEB_001735,CUST_01495,Monitor,3,9282,2026-02-03,Debit Card,Mumbai
FEB_001736,CUST_01577,Laptop,5,37935,2026-02-01,Cash on Delivery,Delhi
FEB_001737,CUST_03897,Smartwatch,1,43594,2026-02-24,Credit Card,Chennai
FEB_001738,CUST_03883,Laptop,2,16577,2026-02-17,Credit Card,Mumbai
FEB_001739,CUST_02775,Keyboard,4,13845,2026-02-27,UPI,Delhi
FEB_001740,CUST_01029,Monitor,5,48345,2026-02-23,Cash on Delivery,Chennai
FEB_001741,CUST_01834,Smartwatch,1,19335,2026-02-09,Credit Card,Delhi
FEB_001742,CUST_01126,Smartphone,4,48191,2026-02-13,Debit Card,Mumbai
FEB_001743,CUST_00326,Mouse,4,4466,2026-02-14,UPI,Pune
FEB_001744,CUST_03194,Monitor,1,15432,2026-02-22,UPI,Hyderabad
FEB_001745,CUST_02257,Headphones,5,26832,2026-02-04,Cash on Delivery,Delhi
FEB_001746,CUST_00128,Tablet,3,25828,2026-02-25,Cash on Delivery,Pune
FEB_001747,CUST_04413,Smartwatch,3,25682,2026-02-07,UPI,Mumbai
FEB_001748,CUST_03734,Smartphone,2,29787,2026-02-24,Cash on Delivery,Hyderabad
FEB_001749,CUST_01003,Tablet,4,21525,2026-02-09,Debit Card,Hyderabad
FEB_001750,CUST_04528,Headphones,2,39487,2026-02-20,UPI,Chennai
FEB_001751,CUST_01188,Tablet,1,19453,2026-02-23,UPI,Bangalore
FEB_001752,CUST_00975,Monitor,4,8579,2026-02-21,Credit Card,Delhi
FEB_001753,CUST_04358,Keyboard,1,26504,2026-02-07,Cash on Delivery,Delhi
FEB_001754,CUST_00385,Laptop,2,29841,2026-02-19,Credit Card,Pune
FEB_001755,CUST_04025,Laptop,5,43649,2026-02-10,Debit Card,Mumbai
FEB_001756,CUST_02931,Smartphone,2,3634,2026-02-24,Cash on Delivery,Bangalore
FEB_001757,CUST_03008,Headphones,5,2465,2026-02-11,UPI,Delhi
FEB_001758,CUST_01385,Laptop,3,31537,2026-02-12,UPI,Hyderabad
FEB_001759,CUST_04764,Headphones,2,27436,2026-02-07,Credit Card,Pune
FEB_001760,CUST_01686,Laptop,4,33284,2026-02-01,Credit Card,Pune
FEB_001761,CUST_00543,Smartwatch,3,9870,2026-02-16,Debit Card,Pune
FEB_001762,CUST_00828,Headphones,3,42549,2026-02-13,Cash on Delivery,Hyderabad
FEB_001763,CUST_01007,Headphones,2,12644,2026-02-18,UPI,Pune
FEB_001764,CUST_00238,Keyboard,1,35546,2026-02-14,Credit Card,Pune
FEB_001765,CUST_03046,Smartwatch,2,44489,2026-02-25,UPI,Mumbai
FEB_001766,CUST_00177,Headphones,1,23118,2026-02-10,Credit Card,Mumbai
FEB_001767,CUST_00121,Mouse,1,10720,2026-02-17,Cash on Delivery,Chennai
FEB_001768,CUST_03824,Tablet,5,6842,2026-02-03,Credit Card,Pune
FEB_001769,CUST_04829,Keyboard,2,8855,2026-02-17,Credit Card,Bangalore
FEB_001770,CUST_02102,Headphones,2,49881,2026-02-12,Credit Card,Pune
FEB_001771,CUST_00699,Tablet,4,34074,2026-02-22,UPI,Chennai
FEB_001772,CUST_00916,Mouse,2,31337,2026-02-06,Cash on Delivery,Bangalore
FEB_001773,CUST_03538,Monitor,4,1611,2026-02-21,Cash on Delivery,Chennai
FEB_001774,CUST_00554,Mouse,1,26981,2026-02-05,Credit Card,Bangalore
FEB_001775,CUST_01140,Smartphone,3,12472,2026-02-02,UPI,Mumbai
FEB_001776,CUST_00986,Smartphone,3,4739,2026-02-13,UPI,Pune
FEB_001777,CUST_02320,Monitor,3,33189,2026-02-13,Credit Card,Mumbai
FEB_001778,CUST_04692,Mouse,1,45582,2026-02-01,Credit Card,Bangalore
FEB_001779,CUST_02944,Smartphone,4,6545,2026-02-09,Debit Card,Chennai
FEB_001780,CUST_02027,Tablet,1,41134,2026-02-11,Credit Card,Delhi
FEB_001781,CUST_04191,Tablet,5,34162,2026-02-24,Credit Card,Delhi
FEB_001782,CUST_01827,Headphones,2,46848,2026-02-21,Cash on Delivery,Chennai
FEB_001783,CUST_00201,Monitor,2,19739,2026-02-15,Credit Card,Bangalore
FEB_001784,CUST_00544,Tablet,1,8180,2026-02-23,Credit Card,Pune
FEB_001785,CUST_04101,Smartphone,2,8113,2026-02-11,Debit Card,Bangalore
FEB_001786,CUST_02869,Headphones,3,36847,2026-02-25,Credit Card,Mumbai
FEB_001787,CUST_04138,Tablet,1,13573,2026-02-25,UPI,Mumbai
FEB_001788,CUST_00752,Laptop,3,49626,2026-02-13,UPI,Mumbai
FEB_001789,CUST_01486,Smartphone,2,25432,2026-02-23,UPI,Mumbai
FEB_001790,CUST_00038,Smartwatch,1,3380,2026-02-19,Credit Card,Pune
FEB_001791,CUST_03194,Tablet,3,27620,2026-02-19,Cash on Delivery,Chennai
FEB_001792,CUST_00207,Keyboard,3,37645,2026-02-17,Credit Card,Mumbai
FEB_001793,CUST_01908,Keyboard,3,35838,2026-02-14,Credit Card,Bangalore
FEB_001794,CUST_03619,Mouse,5,2134,2026-02-12,Debit Card,Chennai
FEB_001795,CUST_03995,Smartphone,4,29200,2026-02-10,UPI,Bangalore
FEB_001796,CUST_03359,Mouse,5,37899,2026-02-11,Cash on Delivery,Bangalore
FEB_001797,CUST_01250,Headphones,3,25898,2026-02-08,Cash on Delivery,Delhi
FEB_001798,CUST_04376,Smartphone,3,35128,2026-02-04,Cash on Delivery,Mumbai
FEB_001799,CUST_01613,Headphones,4,13451,2026-02-19,Debit Card,Delhi
FEB_001800,CUST_04908,Headphones,4,10520,2026-02-02,UPI,Bangalore
FEB_001801,CUST_01107,Mouse,1,7502,2026-02-17,Debit Card,Delhi
FEB_001802,CUST_03691,Keyboard,5,7429,2026-02-03,UPI,Mumbai
FEB_001803,CUST_04275,Tablet,2,48822,2026-02-22,Credit Card,Pune
FEB_001804,CUST_01498,Mouse,4,6655,2026-02-21,Debit Card,Pune
FEB_001805,CUST_02799,Smartwatch,4,15533,2026-02-06,UPI,Delhi
FEB_001806,CUST_03177,Tablet,2,34289,2026-02-04,UPI,Hyderabad
FEB_001807,CUST_04179,Monitor,5,16609,2026-02-25,UPI,Chennai
FEB_001808,CUST_02369,Keyboard,1,37663,2026-02-08,UPI,Pune
FEB_001809,CUST_02906,Tablet,2,18297,2026-02-18,Cash on Delivery,Hyderabad
FEB_001810,CUST_04225,Smartwatch,4,22463,2026-02-25,Cash on Delivery,Mumbai
FEB_001811,CUST_02702,Mouse,2,43820,2026-02-03,Credit Card,Pune
FEB_001812,CUST_04040,Laptop,5,47534,2026-02-21,Debit Card,Bangalore
FEB_001813,CUST_03730,Headphones,1,3274,2026-02-16,Debit Card,Pune
FEB_001814,CUST_03400,Laptop,5,37965,2026-02-08,Cash on Delivery,Bangalore
FEB_001815,CUST_02568,Keyboard,5,11749,2026-02-08,UPI,Mumbai
FEB_001816,CUST_03842,Tablet,4,29810,2026-02-18,UPI,Delhi
FEB_001817,CUST_04683,Mouse,3,48011,2026-02-28,UPI,Mumbai
FEB_001818,CUST_01809,Laptop,5,7257,2026-02-12,Credit Card,Pune
FEB_001819,CUST_00462,Tablet,2,25477,2026-02-16,Cash on Delivery,Delhi
FEB_001820,CUST_03355,Headphones,4,8392,2026-02-02,Debit Card,Bangalore
FEB_001821,CUST_00097,Smartwatch,4,17237,2026-02-15,Debit Card,Mumbai
FEB_001822,CUST_00531,Smartwatch,2,15462,2026-02-15,Credit Card,Bangalore
FEB_001823,CUST_03564,Monitor,3,21992,2026-02-05,Cash on Delivery,Bangalore
FEB_001824,CUST_03341,Smartphone,1,10862,2026-02-15,UPI,Mumbai
FEB_001825,CUST_02931,Smartwatch,3,45183,2026-02-28,Debit Card,Bangalore
FEB_001826,CUST_00399,Mouse,1,31799,2026-02-08,Debit Card,Delhi
FEB_001827,CUST_04879,Keyboard,5,30257,2026-02-21,Credit Card,Pune
FEB_001828,CUST_00080,Tablet,3,39914,2026-02-15,Credit Card,Delhi
FEB_001829,CUST_01443,Mouse,2,12977,2026-02-12,Debit Card,Bangalore
FEB_001830,CUST_01061,Keyboard,2,35901,2026-02-18,UPI,Mumbai
FEB_001831,CUST_03863,Smartphone,1,26186,2026-02-24,Credit Card,Chennai
FEB_001832,CUST_00620,Smartphone,5,28457,2026-02-17,Credit Card,Hyderabad
FEB_001833,CUST_04786,Monitor,3,12713,2026-02-07,Debit Card,Pune
FEB_001834,CUST_04090,Smartphone,2,36813,2026-02-11,Debit Card,Mumbai
FEB_001835,CUST_01787,Mouse,1,24324,2026-02-26,Cash on Delivery,Mumbai
FEB_001836,CUST_00759,Keyboard,1,36047,2026-02-09,Cash on Delivery,Delhi
FEB_001837,CUST_01910,Keyboard,3,6875,2026-02-05,Debit Card,Mumbai
FEB_001838,CUST_03394,Headphones,2,16348,2026-02-20,Debit Card,Bangalore
FEB_001839,CUST_02981,Keyboard,5,48161,2026-02-01,Credit Card,Delhi
FEB_001840,CUST_01721,Tablet,5,32093,2026-02-07,Credit Card,Pune
FEB_001841,CUST_01883,Monitor,5,4066,2026-02-22,Debit Card,Hyderabad
FEB_001842,CUST_04800,Monitor,5,49209,2026-02-06,UPI,Bangalore
FEB_001843,CUST_04393,Laptop,3,40507,2026-02-17,Debit Card,Mumbai
FEB_001844,CUST_02804,Smartwatch,4,18168,2026-02-12,Cash on Delivery,Bangalore
FEB_001845,CUST_01499,Tablet,2,3628,2026-02-05,UPI,Chennai
FEB_001846,CUST_03207,Mouse,4,2700,2026-02-08,Debit Card,Hyderabad
FEB_001847,CUST_00491,Mouse,2,34962,2026-02-16,UPI,Bangalore
FEB_001848,CUST_04431,Smartphone,5,9434,2026-02-22,Debit Card,Pune
FEB_001849,CUST_03629,Smartwatch,2,13019,2026-02-09,Cash on Delivery,Chennai
FEB_001850,CUST_04936,Keyboard,5,1441,2026-02-25,Debit Card,Chennai
FEB_001851,CUST_00334,Smartphone,2,778,2026-02-26,Credit Card,Chennai
FEB_001852,CUST_00090,Mouse,5,7308,2026-02-14,UPI,Pune
FEB_001853,CUST_04873,Tablet,1,21940,2026-02-16,Cash on Delivery,Hyderabad
FEB_001854,CUST_03669,Keyboard,1,1540,2026-02-28,UPI,Pune
FEB_001855,CUST_03998,Smartphone,2,27866,2026-02-06,Credit Card,Delhi
FEB_001856,CUST_03011,Tablet,5,18701,2026-02-11,UPI,Hyderabad
FEB_001857,CUST_02042,Headphones,2,8970,2026-02-01,UPI,Mumbai
FEB_001858,CUST_04153,Smartwatch,5,42187,2026-02-08,UPI,Hyderabad
FEB_001859,CUST_03551,Laptop,4,1150,2026-02-13,Debit Card,Mumbai
FEB_001860,CUST_04766,Monitor,4,10651,2026-02-23,Debit Card,Mumbai
FEB_001861,CUST_04567,Monitor,5,43520,2026-02-14,Debit Card,Bangalore
FEB_001862,CUST_01710,Smartwatch,5,33529,2026-02-23,UPI,Pune
FEB_001863,CUST_02862,Keyboard,3,812,2026-02-02,Debit Card,Delhi
FEB_001864,CUST_04071,Mouse,5,12173,2026-02-10,Credit Card,Mumbai
FEB_001865,CUST_04422,Smartphone,1,31075,2026-02-22,Credit Card,Bangalore
FEB_001866,CUST_03328,Monitor,1,14905,2026-02-12,UPI,Chennai
FEB_001867,CUST_01381,Smartwatch,4,19892,2026-02-22,Debit Card,Delhi
FEB_001868,CUST_01845,Smartwatch,2,20971,2026-02-24,UPI,Chennai
FEB_001869,CUST_04508,Laptop,2,31713,2026-02-28,UPI,Bangalore
FEB_001870,CUST_01140,Tablet,2,31771,2026-02-06,Credit Card,Pune
FEB_001871,CUST_03389,Keyboard,5,27867,2026-02-05,UPI,Chennai
FEB_001872,CUST_03116,Smartphone,2,49795,2026-02-04,Credit Card,Bangalore
FEB_001873,CUST_00850,Tablet,5,6408,2026-02-17,UPI,Bangalore
FEB_001874,CUST_02442,Monitor,1,12519,2026-02-05,Debit Card,Chennai
FEB_001875,CUST_04385,Keyboard,3,20560,2026-02-21,Credit Card,Mumbai
FEB_001876,CUST_00955,Keyboard,3,31227,2026-02-25,Cash on Delivery,Mumbai
FEB_001877,CUST_02145,Mouse,1,4162,2026-02-10,Debit Card,Chennai
FEB_001878,CUST_04662,Tablet,5,36154,2026-02-19,Debit Card,Delhi
FEB_001879,CUST_02794,Headphones,2,32002,2026-02-03,UPI,Mumbai
FEB_001880,CUST_03820,Mouse,4,23203,2026-02-01,Debit Card,Mumbai
FEB_001881,CUST_03027,Keyboard,1,11963,2026-02-13,UPI,Mumbai
FEB_001882,CUST_04402,Smartwatch,3,42905,2026-02-14,Credit Card,Delhi
FEB_001883,CUST_00414,Mouse,2,1652,2026-02-06,Debit Card,Delhi
FEB_001884,CUST_02282,Tablet,1,17344,2026-02-05,Credit Card,Hyderabad
FEB_001885,CUST_04105,Monitor,1,5135,2026-02-10,Credit Card,Chennai
FEB_001886,CUST_01129,Mouse,3,1511,2026-02-16,Credit Card,Delhi
FEB_001887,CUST_00438,Laptop,5,20990,2026-02-24,Cash on Delivery,Bangalore
FEB_001888,CUST_00532,Keyboard,2,25312,2026-02-05,Debit Card,Bangalore
FEB_001889,CUST_03073,Mouse,2,6689,2026-02-22,UPI,Delhi
FEB_001890,CUST_00951,Headphones,1,37167,2026-02-19,Cash on Delivery,Chennai
FEB_001891,CUST_02798,Keyboard,3,32505,2026-02-21,UPI,Pune
FEB_001892,CUST_03852,Smartwatch,2,1042,2026-02-23,Credit Card,Chennai
FEB_001893,CUST_04726,Tablet,5,12778,2026-02-19,Debit Card,Hyderabad
FEB_001894,CUST_01428,Mouse,5,1280,2026-02-07,Cash on Delivery,Bangalore
FEB_001895,CUST_03294,Laptop,1,29519,2026-02-05,Debit Card,Mumbai
FEB_001896,CUST_03819,Tablet,3,18401,2026-02-04,Cash on Delivery,Bangalore
FEB_001897,CUST_01806,Smartphone,4,41661,2026-02-02,UPI,Bangalore
FEB_001898,CUST_01567,Smartwatch,4,20584,2026-02-15,UPI,Pune
FEB_001899,CUST_03419,Laptop,1,11707,2026-02-20,UPI,Mumbai
FEB_001900,CUST_04639,Laptop,5,42855,2026-02-07,UPI,Pune
FEB_001901,CUST_03774,Laptop,3,29236,2026-02-20,Cash on Delivery,Bangalore
FEB_001902,CUST_02722,Mouse,3,2672,2026-02-20,Debit Card,Mumbai
FEB_001903,CUST_04019,Headphones,1,37773,2026-02-07,Credit Card,Mumbai
FEB_001904,CUST_00753,Laptop,5,43011,2026-02-10,Debit Card,Hyderabad
FEB_001905,CUST_04802,Smartwatch,1,46936,2026-02-05,Debit Card,Chennai
FEB_001906,CUST_00457,Tablet,2,36276,2026-02-06,Debit Card,Delhi
FEB_001907,CUST_01376,Smartphone,3,25840,2026-02-05,Credit Card,Bangalore
FEB_001908,CUST_04956,Tablet,4,33217,2026-02-07,Credit Card,Pune
FEB_001909,CUST_01052,Keyboard,5,6458,2026-02-12,Debit Card,Bangalore
FEB_001910,CUST_02516,Keyboard,2,42447,2026-02-16,Debit Card,Bangalore
FEB_001911,CUST_03668,Monitor,3,15788,2026-02-26,Credit Card,Bangalore
FEB_001912,CUST_03569,Monitor,3,4913,2026-02-01,Credit Card,Hyderabad
FEB_001913,CUST_00248,Tablet,3,16668,2026-02-27,Credit Card,Delhi
FEB_001914,CUST_03973,Headphones,1,12374,2026-02-19,Credit Card,Delhi
FEB_001915,CUST_01184,Keyboard,4,43233,2026-02-04,UPI,Pune
FEB_001916,CUST_01279,Headphones,5,33068,2026-02-08,Cash on Delivery,Mumbai
FEB_001917,CUST_01483,Smartwatch,1,3994,2026-02-22,Debit Card,Delhi
FEB_001918,CUST_03470,Smartphone,1,49663,2026-02-02,Debit Card,Mumbai
FEB_001919,CUST_03161,Tablet,4,45222,2026-02-01,Cash on Delivery,Bangalore
FEB_001920,CUST_01143,Keyboard,5,25946,2026-02-07,Credit Card,Pune
FEB_001921,CUST_03968,Tablet,2,26618,2026-02-21,Debit Card,Delhi
FEB_001922,CUST_03623,Monitor,4,10715,2026-02-04,Credit Card,Hyderabad
FEB_001923,CUST_00159,Mouse,2,26152,2026-02-24,UPI,Chennai
FEB_001924,CUST_02415,Headphones,2,36530,2026-02-24,UPI,Pune
FEB_001925,CUST_03571,Smartphone,5,5615,2026-02-18,UPI,Hyderabad
FEB_001926,CUST_00852,Tablet,3,21113,2026-02-18,Debit Card,Pune
FEB_001927,CUST_03683,Monitor,2,32693,2026-02-05,UPI,Mumbai
FEB_001928,CUST_00909,Laptop,2,48358,2026-02-09,Credit Card,Delhi
FEB_001929,CUST_03168,Headphones,5,24986,2026-02-28,Debit Card,Mumbai
FEB_001930,CUST_03213,Headphones,4,31099,2026-02-03,UPI,Delhi
FEB_001931,CUST_04871,Keyboard,1,44120,2026-02-18,Credit Card,Pune
FEB_001932,CUST_03502,Mouse,5,1554,2026-02-22,Credit Card,Chennai
FEB_001933,CUST_02682,Tablet,1,27950,2026-02-23,Cash on Delivery,Delhi
FEB_001934,CUST_01815,Smartphone,5,2168,2026-02-19,UPI,Mumbai
FEB_001935,CUST_04442,Monitor,3,17996,2026-02-03,UPI,Bangalore
FEB_001936,CUST_03973,Mouse,3,34017,2026-02-25,Cash on Delivery,Mumbai
FEB_001937,CUST_04549,Smartphone,4,6590,2026-02-08,Cash on Delivery,Bangalore
FEB_001938,CUST_02383,Laptop,4,40340,2026-02-16,Credit Card,Delhi
FEB_001939,CUST_04309,Monitor,2,15581,2026-02-05,Cash on Delivery,Delhi
FEB_001940,CUST_01200,Keyboard,1,45606,2026-02-13,Debit Card,Chennai
FEB_001941,CUST_01237,Laptop,4,11118,2026-02-13,Cash on Delivery,Chennai
FEB_001942,CUST_04943,Keyboard,1,35139,2026-02-27,Debit Card,Hyderabad
FEB_001943,CUST_02782,Headphones,1,34348,2026-02-25,Cash on Delivery,Delhi
FEB_001944,CUST_01817,Monitor,4,14206,2026-02-12,Debit Card,Pune
FEB_001945,CUST_04031,Mouse,2,8966,2026-02-18,Debit Card,Delhi
FEB_001946,CUST_02393,Laptop,5,13366,2026-02-24,Debit Card,Delhi
FEB_001947,CUST_04792,Headphones,4,14725,2026-02-13,Debit Card,Bangalore
FEB_001948,CUST_04596,Keyboard,1,16659,2026-02-10,UPI,Mumbai
FEB_001949,CUST_03036,Mouse,3,43170,2026-02-28,Cash on Delivery,Mumbai
FEB_001950,CUST_04880,Keyboard,4,32334,2026-02-03,Credit Card,Hyderabad
FEB_001951,CUST_04090,Monitor,4,26687,2026-02-13,UPI,Chennai
FEB_001952,CUST_02537,Monitor,4,8350,2026-02-07,UPI,Chennai
FEB_001953,CUST_03753,Laptop,4,23244,2026-02-04,Debit Card,Mumbai
FEB_001954,CUST_03502,Mouse,4,8992,2026-02-06,Credit Card,Delhi
FEB_001955,CUST_02142,Smartwatch,3,10309,2026-02-03,UPI,Delhi
FEB_001956,CUST_03654,Smartwatch,3,32141,2026-02-01,Cash on Delivery,Chennai
FEB_001957,CUST_03729,Monitor,5,5484,2026-02-25,Credit Card,Bangalore
FEB_001958,CUST_02428,Mouse,4,29156,2026-02-08,Cash on Delivery,Pune
FEB_001959,CUST_01900,Smartwatch,5,25418,2026-02-06,Cash on Delivery,Pune
FEB_001960,CUST_03658,Smartwatch,1,12113,2026-02-08,UPI,Bangalore
FEB_001961,CUST_04044,Tablet,4,31783,2026-02-12,Debit Card,Mumbai
FEB_001962,CUST_02856,Laptop,4,42313,2026-02-09,Credit Card,Bangalore
FEB_001963,CUST_00697,Smartphone,1,22937,2026-02-27,Debit Card,Chennai
FEB_001964,CUST_01454,Headphones,4,44011,2026-02-11,UPI,Pune
FEB_001965,CUST_03320,Headphones,3,44844,2026-02-07,UPI,Pune
FEB_001966,CUST_03551,Tablet,4,40084,2026-02-09,Credit Card,Delhi
FEB_001967,CUST_01940,Monitor,1,10093,2026-02-18,Cash on Delivery,Hyderabad
FEB_001968,CUST_01285,Smartwatch,2,44506,2026-02-13,UPI,Bangalore
FEB_001969,CUST_01872,Monitor,1,12847,2026-02-03,Cash on Delivery,Hyderabad
FEB_001970,CUST_02568,Smartphone,3,4847,2026-02-28,Credit Card,Mumbai
FEB_001971,CUST_00548,Smartphone,5,1799,2026-02-27,Cash on Delivery,Chennai
FEB_001972,CUST_01886,Smartwatch,5,21124,2026-02-16,Credit Card,Pune
FEB_001973,CUST_03726,Mouse,4,27440,2026-02-08,UPI,Mumbai
FEB_001974,CUST_02804,Mouse,5,43931,2026-02-11,Cash on Delivery,Delhi
FEB_001975,CUST_02486,Laptop,1,34237,2026-02-17,UPI,Mumbai
FEB_001976,CUST_00509,Monitor,2,6168,2026-02-27,Credit Card,Bangalore
FEB_001977,CUST_03921,Smartwatch,4,31778,2026-02-01,Cash on Delivery,Pune
FEB_001978,CUST_00831,Smartwatch,4,19182,2026-02-26,Debit Card,Delhi
FEB_001979,CUST_04235,Keyboard,4,15079,2026-02-08,Credit Card,Mumbai
FEB_001980,CUST_03596,Mouse,4,26408,2026-02-02,UPI,Delhi
FEB_001981,CUST_00328,Tablet,4,30204,2026-02-03,Credit Card,Pune
FEB_001982,CUST_02020,Keyboard,5,27033,2026-02-12,Debit Card,Mumbai
FEB_001983,CUST_02530,Smartphone,2,31712,2026-02-09,Debit Card,Chennai
FEB_001984,CUST_04660,Laptop,2,30187,2026-02-27,Credit Card,Mumbai
FEB_001985,CUST_04992,Keyboard,3,10944,2026-02-20,Debit Card,Mumbai
FEB_001986,CUST_00008,Tablet,3,22523,2026-02-05,Debit Card,Pune
FEB_001987,CUST_04085,Laptop,1,18956,2026-02-13,Cash on Delivery,Bangalore
FEB_001988,CUST_04487,Tablet,1,6697,2026-02-22,Credit Card,Pune
FEB_001989,CUST_00159,Tablet,1,12757,2026-02-17,Debit Card,Mumbai
FEB_001990,CUST_03211,Keyboard,5,27647,2026-02-04,UPI,Mumbai
FEB_001991,CUST_00073,Keyboard,1,6970,2026-02-03,Debit Card,Delhi
FEB_001992,CUST_01131,Tablet,5,1635,2026-02-11,UPI,Pune
FEB_001993,CUST_03347,Laptop,5,35116,2026-02-11,Cash on Delivery,Delhi
FEB_001994,CUST_04570,Mouse,1,39595,2026-02-26,Cash on Delivery,Delhi
FEB_001995,CUST_04461,Mouse,1,39445,2026-02-28,Debit Card,Bangalore
FEB_001996,CUST_02307,Smartwatch,5,2099,2026-02-15,Debit Card,Chennai
FEB_001997,CUST_01363,Keyboard,2,43625,2026-02-19,UPI,Hyderabad
FEB_001998,CUST_04681,Monitor,4,27418,2026-02-07,Debit Card,Delhi
FEB_001999,CUST_04965,Keyboard,2,21644,2026-02-17,Cash on Delivery,Delhi
FEB_002000,CUST_02191,Smartphone,5,22931,2026-02-23,UPI,Chennai
FEB_002001,CUST_04547,Smartwatch,2,6699,2026-02-25,Credit Card,Chennai
FEB_002002,CUST_03114,Monitor,4,33790,2026-02-17,Cash on Delivery,Pune
FEB_002003,CUST_04660,Smartwatch,4,46199,2026-02-28,Credit Card,Chennai
FEB_002004,CUST_04888,Monitor,4,35225,2026-02-23,UPI,Pune
FEB_002005,CUST_02641,Smartwatch,4,23063,2026-02-17,Credit Card,Mumbai
FEB_002006,CUST_01789,Mouse,5,31394,2026-02-13,Cash on Delivery,Pune
FEB_002007,CUST_04271,Laptop,1,3570,2026-02-09,Debit Card,Mumbai
FEB_002008,CUST_00761,Mouse,2,43548,2026-02-21,Cash on Delivery,Bangalore
FEB_002009,CUST_00040,Headphones,2,3509,2026-02-04,Debit Card,Hyderabad
FEB_002010,CUST_02639,Monitor,4,36430,2026-02-08,UPI,Pune
FEB_002011,CUST_01830,Monitor,2,24867,2026-02-18,Credit Card,Pune
FEB_002012,CUST_02002,Headphones,4,26181,2026-02-15,UPI,Chennai
FEB_002013,CUST_03735,Laptop,4,9718,2026-02-23,Debit Card,Mumbai
FEB_002014,CUST_00660,Tablet,5,11193,2026-02-20,Cash on Delivery,Mumbai
FEB_002015,CUST_04414,Laptop,5,21558,2026-02-04,Cash on Delivery,Pune
FEB_002016,CUST_03083,Keyboard,2,16262,2026-02-02,Credit Card,Pune
FEB_002017,CUST_03533,Tablet,2,26399,2026-02-07,Debit Card,Pune
FEB_002018,CUST_00391,Smartphone,5,48193,2026-02-09,Cash on Delivery,Delhi
FEB_002019,CUST_00572,Smartphone,2,1680,2026-02-04,Credit Card,Chennai
FEB_002020,CUST_01457,Smartphone,4,16064,2026-02-06,UPI,Chennai
FEB_002021,CUST_00783,Keyboard,5,37469,2026-02-10,Credit Card,Pune
FEB_002022,CUST_01988,Keyboard,3,1231,2026-02-15,Debit Card,Hyderabad
FEB_002023,CUST_02003,Monitor,3,28809,2026-02-13,Credit Card,Delhi
FEB_002024,CUST_01142,Smartwatch,4,9315,2026-02-26,Debit Card,Delhi
FEB_002025,CUST_04858,Smartwatch,4,14812,2026-02-19,UPI,Chennai
FEB_002026,CUST_01079,Smartwatch,4,13547,2026-02-09,Credit Card,Hyderabad
FEB_002027,CUST_00690,Headphones,2,34786,2026-02-21,UPI,Mumbai
FEB_002028,CUST_01823,Tablet,1,41641,2026-02-06,Cash on Delivery,Mumbai
FEB_002029,CUST_01602,Smartphone,3,4548,2026-02-20,Cash on Delivery,Pune
FEB_002030,CUST_02040,Smartwatch,1,10687,2026-02-08,Credit Card,Hyderabad
FEB_002031,CUST_01654,Smartphone,5,38933,2026-02-07,Debit Card,Bangalore
FEB_002032,CUST_02292,Tablet,3,5521,2026-02-21,Debit Card,Delhi
FEB_002033,CUST_04342,Monitor,5,37879,2026-02-08,Cash on Delivery,Delhi
FEB_002034,CUST_00173,Smartwatch,4,46826,2026-02-12,UPI,Delhi
FEB_002035,CUST_01090,Keyboard,4,46340,2026-02-05,UPI,Hyderabad
FEB_002036,CUST_01952,Smartphone,2,20453,2026-02-01,Cash on Delivery,Bangalore
FEB_002037,CUST_01864,Laptop,1,21763,2026-02-10,Credit Card,Delhi
FEB_002038,CUST_02748,Keyboard,2,45563,2026-02-19,Credit Card,Pune
FEB_002039,CUST_02956,Laptop,5,1055,2026-02-14,UPI,Delhi
FEB_002040,CUST_00579,Mouse,5,40343,2026-02-17,Credit Card,Pune
FEB_002041,CUST_02455,Monitor,5,4286,2026-02-13,Credit Card,Pune
FEB_002042,CUST_00469,Smartwatch,4,37905,2026-02-02,UPI,Pune
FEB_002043,CUST_02327,Smartwatch,5,48527,2026-02-07,UPI,Chennai
FEB_002044,CUST_00226,Smartwatch,3,26120,2026-02-21,UPI,Delhi
FEB_002045,CUST_04039,Mouse,4,9290,2026-02-04,Cash on Delivery,Chennai
FEB_002046,CUST_01736,Mouse,1,28648,2026-02-06,Cash on Delivery,Chennai
FEB_002047,CUST_03944,Monitor,2,36117,2026-02-05,Cash on Delivery,Chennai
FEB_002048,CUST_04876,Tablet,1,29342,2026-02-18,Credit Card,Pune
FEB_002049,CUST_01026,Smartphone,5,1263,2026-02-10,Credit Card,Mumbai
FEB_002050,CUST_04957,Headphones,2,47427,2026-02-13,Cash on Delivery,Hyderabad
FEB_002051,CUST_04853,Monitor,2,47039,2026-02-25,Debit Card,Delhi
FEB_002052,CUST_00240,Monitor,4,26819,2026-02-22,UPI,Chennai
FEB_002053,CUST_02937,Headphones,4,29721,2026-02-08,Debit Card,Chennai
FEB_002054,CUST_01446,Laptop,3,16114,2026-02-12,UPI,Delhi
FEB_002055,CUST_00971,Laptop,1,17812,2026-02-13,Cash on Delivery,Pune
FEB_002056,CUST_02723,Smartphone,1,1706,2026-02-01,UPI,Hyderabad
FEB_002057,CUST_02799,Laptop,1,41119,2026-02-23,Cash on Delivery,Delhi
FEB_002058,CUST_02224,Smartwatch,2,29670,2026-02-13,UPI,Chennai
FEB_002059,CUST_02876,Headphones,1,23876,2026-02-15,Credit Card,Pune
FEB_002060,CUST_02731,Mouse,1,24397,2026-02-27,Cash on Delivery,Pune
FEB_002061,CUST_01925,Tablet,3,12328,2026-02-06,Debit Card,Chennai
FEB_002062,CUST_01222,Monitor,5,38749,2026-02-10,UPI,Hyderabad
FEB_002063,CUST_04761,Monitor,5,32425,2026-02-28,Debit Card,Chennai
FEB_002064,CUST_00735,Mouse,4,44847,2026-02-11,Debit Card,Chennai
FEB_002065,CUST_00903,Smartwatch,1,13550,2026-02-07,Credit Card,Pune
FEB_002066,CUST_04538,Mouse,5,37707,2026-02-18,Cash on Delivery,Hyderabad
FEB_002067,CUST_02482,Smartphone,4,8483,2026-02-27,Cash on Delivery,Delhi
FEB_002068,CUST_02919,Headphones,5,36296,2026-02-23,Credit Card,Hyderabad
FEB_002069,CUST_04337,Headphones,2,6583,2026-02-01,Debit Card,Delhi
FEB_002070,CUST_00313,Headphones,3,9965,2026-02-22,UPI,Mumbai
FEB_002071,CUST_01039,Laptop,3,10797,2026-02-21,Cash on Delivery,Hyderabad
FEB_002072,CUST_04484,Laptop,5,31548,2026-02-23,Credit Card,Bangalore
FEB_002073,CUST_02142,Smartwatch,4,43249,2026-02-08,UPI,Hyderabad
FEB_002074,CUST_03634,Monitor,1,49636,2026-02-19,Cash on Delivery,Mumbai
FEB_002075,CUST_00552,Keyboard,1,42833,2026-02-13,Credit Card,Mumbai
FEB_002076,CUST_04323,Smartphone,4,42509,2026-02-15,Credit Card,Chennai
FEB_002077,CUST_03298,Tablet,3,49754,2026-02-14,Credit Card,Delhi
FEB_002078,CUST_01865,Mouse,3,20622,2026-02-08,Cash on Delivery,Mumbai
FEB_002079,CUST_03773,Monitor,3,39121,2026-02-03,Debit Card,Pune
FEB_002080,CUST_00552,Smartphone,4,885,2026-02-15,Debit Card,Hyderabad
FEB_002081,CUST_02535,Smartphone,3,12809,2026-02-09,Cash on Delivery,Mumbai
FEB_002082,CUST_02744,Smartphone,5,49482,2026-02-09,Credit Card,Mumbai
FEB_002083,CUST_01878,Headphones,1,45094,2026-02-27,UPI,Pune
FEB_002084,CUST_03877,Laptop,3,38422,2026-02-13,UPI,Bangalore
FEB_002085,CUST_00889,Laptop,1,32088,2026-02-13,Credit Card,Chennai
FEB_002086,CUST_03821,Smartwatch,5,44912,2026-02-02,Debit Card,Mumbai
FEB_002087,CUST_02385,Laptop,4,19070,2026-02-14,UPI,Mumbai
FEB_002088,CUST_04516,Mouse,3,22944,2026-02-11,UPI,Pune
FEB_002089,CUST_01101,Headphones,4,9383,2026-02-26,Debit Card,Delhi
FEB_002090,CUST_04459,Smartphone,1,27904,2026-02-18,Cash on Delivery,Bangalore
FEB_002091,CUST_04894,Tablet,2,44157,2026-02-26,Debit Card,Hyderabad
FEB_002092,CUST_02019,Headphones,3,39590,2026-02-24,Debit Card,Chennai
FEB_002093,CUST_04518,Monitor,5,7313,2026-02-10,Credit Card,Delhi
FEB_002094,CUST_02882,Keyboard,2,16953,2026-02-16,Debit Card,Hyderabad
FEB_002095,CUST_01698,Smartphone,5,32227,2026-02-06,UPI,Chennai
FEB_002096,CUST_02071,Smartwatch,4,22778,2026-02-19,Cash on Delivery,Hyderabad
FEB_002097,CUST_01114,Headphones,3,42577,2026-02-25,Cash on Delivery,Chennai
FEB_002098,CUST_00263,Tablet,2,21812,2026-02-17,Cash on Delivery,Pune
FEB_002099,CUST_03626,Monitor,1,12635,2026-02-19,UPI,Bangalore
FEB_002100,CUST_02282,Smartwatch,2,27934,2026-02-24,Cash on Delivery,Pune
FEB_002101,CUST_01239,Smartphone,2,45137,2026-02-14,Cash on Delivery,Mumbai
FEB_002102,CUST_01209,Mouse,5,18262,2026-02-14,Debit Card,Chennai
FEB_002103,CUST_01501,Tablet,2,20605,2026-02-21,Debit Card,Bangalore
FEB_002104,CUST_03985,Smartwatch,5,38689,2026-02-22,Cash on Delivery,Bangalore
FEB_002105,CUST_00858,Mouse,5,39005,2026-02-03,Credit Card,Pune
FEB_002106,CUST_01823,Smartwatch,2,40635,2026-02-07,Cash on Delivery,Mumbai
FEB_002107,CUST_02556,Mouse,4,7624,2026-02-03,Debit Card,Pune
FEB_002108,CUST_04734,Tablet,4,43343,2026-02-24,UPI,Hyderabad
FEB_002109,CUST_02239,Monitor,5,24043,2026-02-09,Cash on Delivery,Mumbai
FEB_002110,CUST_00317,Tablet,4,20446,2026-02-09,UPI,Hyderabad
FEB_002111,CUST_00845,Headphones,4,16717,2026-02-10,UPI,Bangalore
FEB_002112,CUST_02024,Monitor,2,39386,2026-02-28,Credit Card,Delhi
FEB_002113,CUST_03790,Smartwatch,5,46078,2026-02-05,Cash on Delivery,Delhi
FEB_002114,CUST_00484,Monitor,4,12033,2026-02-23,UPI,Hyderabad
FEB_002115,CUST_02286,Monitor,2,8680,2026-02-14,Cash on Delivery,Mumbai
FEB_002116,CUST_03294,Smartphone,4,17087,2026-02-27,Credit Card,Pune
FEB_002117,CUST_04997,Mouse,3,42315,2026-02-23,Credit Card,Delhi
FEB_002118,CUST_04863,Smartphone,5,906,2026-02-15,Debit Card,Bangalore
FEB_002119,CUST_02163,Tablet,1,3845,2026-02-26,Cash on Delivery,Hyderabad
FEB_002120,CUST_03971,Keyboard,1,41174,2026-02-17,Credit Card,Hyderabad
FEB_002121,CUST_01059,Laptop,3,48457,2026-02-14,Cash on Delivery,Pune
FEB_002122,CUST_01906,Smartwatch,3,3340,2026-02-08,Cash on Delivery,Chennai
FEB_002123,CUST_04454,Headphones,4,5781,2026-02-05,Credit Card,Pune
FEB_002124,CUST_04570,Headphones,4,16237,2026-02-26,UPI,Mumbai
FEB_002125,CUST_04656,Smartwatch,5,30066,2026-02-24,Credit Card,Bangalore
FEB_002126,CUST_00382,Tablet,4,48339,2026-02-10,Debit Card,Hyderabad
FEB_002127,CUST_04342,Smartphone,4,33472,2026-02-28,Credit Card,Mumbai
FEB_002128,CUST_01769,Headphones,5,6207,2026-02-09,Credit Card,Chennai
FEB_002129,CUST_01786,Smartphone,4,49730,2026-02-16,Cash on Delivery,Bangalore
FEB_002130,CUST_01379,Tablet,5,39815,2026-02-22,Debit Card,Delhi
FEB_002131,CUST_04462,Tablet,2,17894,2026-02-16,Credit Card,Chennai
FEB_002132,CUST_04106,Smartphone,3,1839,2026-02-12,Cash on Delivery,Bangalore
FEB_002133,CUST_00470,Monitor,5,727,2026-02-27,Debit Card,Delhi
FEB_002134,CUST_03504,Mouse,4,3310,2026-02-04,Debit Card,Hyderabad
FEB_002135,CUST_02159,Tablet,3,12713,2026-02-21,Debit Card,Mumbai
FEB_002136,CUST_01772,Headphones,5,41860,2026-02-16,Debit Card,Bangalore
FEB_002137,CUST_04449,Keyboard,2,9280,2026-02-13,UPI,Pune
FEB_002138,CUST_00714,Laptop,5,12441,2026-02-16,Credit Card,Hyderabad
FEB_002139,CUST_04633,Mouse,1,14261,2026-02-04,Credit Card,Bangalore
FEB_002140,CUST_03933,Tablet,3,42008,2026-02-19,Credit Card,Delhi
FEB_002141,CUST_03627,Keyboard,3,33893,2026-02-13,Debit Card,Bangalore
FEB_002142,CUST_04761,Laptop,5,27079,2026-02-09,Cash on Delivery,Pune
FEB_002143,CUST_04301,Smartphone,2,33196,2026-02-28,Credit Card,Delhi
FEB_002144,CUST_00857,Smartphone,5,26900,2026-02-23,Cash on Delivery,Pune
FEB_002145,CUST_02304,Tablet,3,43875,2026-02-13,Credit Card,Delhi
FEB_002146,CUST_03096,Smartwatch,2,34177,2026-02-12,Credit Card,Hyderabad
FEB_002147,CUST_01483,Tablet,1,26354,2026-02-06,Cash on Delivery,Chennai
FEB_002148,CUST_03980,Keyboard,1,35096,2026-02-15,Debit Card,Delhi
FEB_002149,CUST_04143,Monitor,1,29722,2026-02-19,Cash on Delivery,Mumbai
FEB_002150,CUST_01147,Keyboard,4,35534,2026-02-21,UPI,Pune
FEB_002151,CUST_02124,Smartwatch,2,25575,2026-02-02,Credit Card,Delhi
FEB_002152,CUST_00157,Smartphone,3,19808,2026-02-24,Cash on Delivery,Mumbai
FEB_002153,CUST_00596,Mouse,5,6161,2026-02-05,Credit Card,Pune
FEB_002154,CUST_04396,Smartwatch,4,12604,2026-02-06,UPI,Pune
FEB_002155,CUST_02132,Smartphone,5,16973,2026-02-19,Credit Card,Pune
FEB_002156,CUST_02614,Smartphone,1,35036,2026-02-14,Debit Card,Pune
FEB_002157,CUST_00456,Headphones,1,12071,2026-02-17,Credit Card,Mumbai
FEB_002158,CUST_01364,Smartphone,5,1057,2026-02-11,Cash on Delivery,Mumbai
FEB_002159,CUST_02544,Headphones,1,7552,2026-02-05,Debit Card,Pune
FEB_002160,CUST_02659,Tablet,2,987,2026-02-08,UPI,Chennai
FEB_002161,CUST_03858,Headphones,4,12555,2026-02-11,UPI,Mumbai
FEB_002162,CUST_02772,Mouse,3,27625,2026-02-14,Credit Card,Delhi
FEB_002163,CUST_02053,Monitor,3,48904,2026-02-22,UPI,Pune
FEB_002164,CUST_01854,Smartwatch,1,26398,2026-02-12,Debit Card,Chennai
FEB_002165,CUST_00822,Monitor,3,41210,2026-02-17,UPI,Hyderabad
FEB_002166,CUST_02987,Headphones,1,29706,2026-02-17,Cash on Delivery,Delhi
FEB_002167,CUST_04638,Smartwatch,2,9965,2026-02-21,Credit Card,Delhi
FEB_002168,CUST_02320,Smartwatch,4,7221,2026-02-24,Debit Card,Bangalore
FEB_002169,CUST_00609,Tablet,2,9396,2026-02-14,Cash on Delivery,Bangalore
FEB_002170,CUST_00208,Tablet,4,47781,2026-02-08,Cash on Delivery,Chennai
FEB_002171,CUST_02066,Laptop,1,6722,2026-02-28,Debit Card,Chennai
FEB_002172,CUST_03495,Smartwatch,5,39405,2026-02-26,Debit Card,Delhi
FEB_002173,CUST_04685,Smartwatch,1,29281,2026-02-12,UPI,Delhi
FEB_002174,CUST_00438,Mouse,4,25275,2026-02-09,Debit Card,Pune
FEB_002175,CUST_00238,Monitor,4,11611,2026-02-05,Credit Card,Pune
FEB_002176,CUST_03720,Smartphone,5,4081,2026-02-10,Credit Card,Pune
FEB_002177,CUST_04225,Smartphone,3,41603,2026-02-26,Credit Card,Chennai
FEB_002178,CUST_00493,Mouse,3,42328,2026-02-04,Credit Card,Chennai
FEB_002179,CUST_04848,Smartwatch,1,1914,2026-02-02,Cash on Delivery,Bangalore
FEB_002180,CUST_03766,Tablet,3,9697,2026-02-02,Credit Card,Mumbai
FEB_002181,CUST_04149,Laptop,4,27034,2026-02-15,Cash on Delivery,Chennai
FEB_002182,CUST_02493,Smartphone,5,38090,2026-02-27,Credit Card,Mumbai
FEB_002183,CUST_00550,Smartwatch,2,45399,2026-02-23,Cash on Delivery,Hyderabad
FEB_002184,CUST_01028,Smartwatch,2,14083,2026-02-09,Cash on Delivery,Mumbai
FEB_002185,CUST_04804,Smartphone,2,20955,2026-02-18,Debit Card,Hyderabad
FEB_002186,CUST_03568,Monitor,4,10826,2026-02-25,Cash on Delivery,Delhi
FEB_002187,CUST_04035,Smartphone,5,16952,2026-02-18,UPI,Pune
FEB_002188,CUST_03801,Smartwatch,2,44403,2026-02-10,Credit Card,Hyderabad
FEB_002189,CUST_01293,Smartwatch,4,3997,2026-02-02,Debit Card,Chennai
FEB_002190,CUST_04565,Smartwatch,4,44651,2026-02-03,Cash on Delivery,Mumbai
FEB_002191,CUST_03335,Mouse,1,34211,2026-02-24,UPI,Bangalore
FEB_002192,CUST_00426,Mouse,5,38120,2026-02-14,UPI,Delhi
FEB_002193,CUST_01821,Smartwatch,2,9712,2026-02-19,Credit Card,Hyderabad
FEB_002194,CUST_01371,Tablet,5,33664,2026-02-01,UPI,Mumbai
FEB_002195,CUST_02436,Tablet,2,49189,2026-02-07,UPI,Hyderabad
FEB_002196,CUST_04015,Keyboard,5,47800,2026-02-14,Cash on Delivery,Chennai
FEB_002197,CUST_02826,Smartphone,5,28452,2026-02-16,Debit Card,Delhi
FEB_002198,CUST_03178,Tablet,1,16081,2026-02-15,Credit Card,Chennai
FEB_002199,CUST_04879,Smartphone,3,15385,2026-02-10,Credit Card,Hyderabad
FEB_002200,CUST_02616,Laptop,3,14584,2026-02-15,UPI,Hyderabad
FEB_002201,CUST_01573,Keyboard,4,2623,2026-02-21,UPI,Bangalore
FEB_002202,CUST_04013,Smartphone,3,5163,2026-02-14,UPI,Pune
FEB_002203,CUST_04596,Headphones,4,3636,2026-02-18,Credit Card,Delhi
FEB_002204,CUST_01391,Mouse,5,40314,2026-02-24,UPI,Delhi
FEB_002205,CUST_00320,Mouse,2,29635,2026-02-13,Debit Card,Bangalore
FEB_002206,CUST_03679,Smartwatch,4,47732,2026-02-12,Credit Card,Hyderabad
FEB_002207,CUST_02485,Laptop,5,5778,2026-02-28,Credit Card,Chennai
FEB_002208,CUST_04153,Mouse,5,10495,2026-02-11,Cash on Delivery,Chennai
FEB_002209,CUST_04857,Mouse,4,39756,2026-02-12,Credit Card,Delhi
FEB_002210,CUST_00428,Smartphone,5,10085,2026-02-15,Debit Card,Pune
FEB_002211,CUST_03796,Monitor,5,20821,2026-02-13,Cash on Delivery,Hyderabad
FEB_002212,CUST_03137,Keyboard,2,31298,2026-02-21,UPI,Pune
FEB_002213,CUST_04921,Keyboard,3,7951,2026-02-03,Cash on Delivery,Mumbai
FEB_002214,CUST_03734,Smartphone,4,20733,2026-02-18,UPI,Hyderabad
FEB_002215,CUST_00900,Tablet,1,13559,2026-02-26,Cash on Delivery,Chennai
FEB_002216,CUST_01778,Monitor,2,19065,2026-02-03,Credit Card,Hyderabad
FEB_002217,CUST_03507,Mouse,3,15949,2026-02-04,Debit Card,Bangalore
FEB_002218,CUST_02437,Headphones,4,8950,2026-02-11,Debit Card,Bangalore
FEB_002219,CUST_03588,Monitor,2,40822,2026-02-21,Cash on Delivery,Pune
FEB_002220,CUST_04773,Headphones,1,6086,2026-02-21,Debit Card,Hyderabad
FEB_002221,CUST_01376,Keyboard,4,40200,2026-02-05,Credit Card,Bangalore
FEB_002222,CUST_04692,Smartwatch,5,27098,2026-02-22,Debit Card,Mumbai
FEB_002223,CUST_03420,Laptop,1,5813,2026-02-13,Cash on Delivery,Bangalore
FEB_002224,CUST_04310,Smartwatch,3,6402,2026-02-11,UPI,Bangalore
FEB_002225,CUST_01949,Monitor,3,24446,2026-02-01,UPI,Hyderabad
FEB_002226,CUST_00458,Laptop,4,26406,2026-02-22,UPI,Bangalore
FEB_002227,CUST_03962,Tablet,2,42113,2026-02-14,UPI,Delhi
FEB_002228,CUST_00146,Laptop,5,18116,2026-02-14,Credit Card,Hyderabad
FEB_002229,CUST_00200,Smartwatch,2,47430,2026-02-02,Credit Card,Chennai
FEB_002230,CUST_01131,Keyboard,4,38542,2026-02-17,UPI,Mumbai
FEB_002231,CUST_04092,Tablet,2,4448,2026-02-20,UPI,Chennai
FEB_002232,CUST_00055,Smartphone,4,21857,2026-02-07,UPI,Chennai
FEB_002233,CUST_00344,Laptop,3,31753,2026-02-18,Credit Card,Mumbai
FEB_002234,CUST_01631,Monitor,4,43843,2026-02-11,UPI,Mumbai
FEB_002235,CUST_01702,Monitor,5,29688,2026-02-20,UPI,Chennai
FEB_002236,CUST_01526,Laptop,1,43471,2026-02-02,Debit Card,Bangalore
FEB_002237,CUST_02989,Laptop,1,49327,2026-02-22,Cash on Delivery,Hyderabad
FEB_002238,CUST_00097,Laptop,3,12471,2026-02-19,Debit Card,Delhi
FEB_002239,CUST_01074,Monitor,3,43706,2026-02-08,Debit Card,Delhi
FEB_002240,CUST_01613,Mouse,5,11414,2026-02-21,Credit Card,Delhi
FEB_002241,CUST_00687,Headphones,3,13248,2026-02-21,UPI,Delhi
FEB_002242,CUST_04222,Keyboard,2,45575,2026-02-11,UPI,Delhi
FEB_002243,CUST_00599,Keyboard,2,9352,2026-02-13,Cash on Delivery,Chennai
FEB_002244,CUST_04749,Laptop,3,42756,2026-02-24,Cash on Delivery,Pune
FEB_002245,CUST_02443,Tablet,2,983,2026-02-09,UPI,Mumbai
FEB_002246,CUST_00252,Tablet,5,1074,2026-02-27,Cash on Delivery,Chennai
FEB_002247,CUST_03120,Tablet,5,20184,2026-02-27,Debit Card,Delhi
FEB_002248,CUST_02378,Keyboard,2,23179,2026-02-07,Cash on Delivery,Hyderabad
FEB_002249,CUST_01795,Tablet,1,4773,2026-02-10,UPI,Hyderabad
FEB_002250,CUST_00376,Keyboard,2,48797,2026-02-25,Cash on Delivery,Mumbai
FEB_002251,CUST_03209,Keyboard,4,46436,2026-02-07,Debit Card,Mumbai
FEB_002252,CUST_00180,Monitor,1,14663,2026-02-14,Credit Card,Pune
FEB_002253,CUST_00799,Smartphone,4,15686,2026-02-12,Cash on Delivery,Hyderabad
FEB_002254,CUST_02357,Monitor,4,41171,2026-02-25,Credit Card,Chennai
FEB_002255,CUST_01377,Monitor,2,1040,2026-02-26,Credit Card,Bangalore
FEB_002256,CUST_01030,Smartwatch,1,11263,2026-02-22,Cash on Delivery,Delhi
FEB_002257,CUST_01052,Smartwatch,5,40102,2026-02-06,Credit Card,Chennai
FEB_002258,CUST_04240,Tablet,1,8723,2026-02-05,Credit Card,Hyderabad
FEB_002259,CUST_00116,Laptop,5,47115,2026-02-10,Cash on Delivery,Bangalore
FEB_002260,CUST_00572,Laptop,2,37460,2026-02-03,Credit Card,Hyderabad
FEB_002261,CUST_02167,Laptop,5,37904,2026-02-21,Cash on Delivery,Bangalore
FEB_002262,CUST_03833,Monitor,4,18197,2026-02-14,Debit Card,Hyderabad
FEB_002263,CUST_04293,Smartphone,4,4397,2026-02-22,Credit Card,Mumbai
FEB_002264,CUST_01319,Headphones,5,19325,2026-02-08,Debit Card,Delhi
FEB_002265,CUST_01366,Smartphone,2,35905,2026-02-24,Debit Card,Pune
FEB_002266,CUST_01783,Headphones,1,16116,2026-02-07,Credit Card,Mumbai
FEB_002267,CUST_00413,Mouse,2,40917,2026-02-02,Debit Card,Chennai
FEB_002268,CUST_01556,Laptop,2,39274,2026-02-01,Credit Card,Pune
FEB_002269,CUST_04763,Monitor,5,32336,2026-02-01,Credit Card,Mumbai
FEB_002270,CUST_00196,Tablet,3,10239,2026-02-06,UPI,Mumbai
FEB_002271,CUST_01411,Monitor,3,25945,2026-02-27,Credit Card,Mumbai
FEB_002272,CUST_03542,Laptop,4,46489,2026-02-17,Credit Card,Delhi
FEB_002273,CUST_00960,Mouse,2,34723,2026-02-27,Cash on Delivery,Bangalore
FEB_002274,CUST_01893,Tablet,2,658,2026-02-10,Debit Card,Delhi
FEB_002275,CUST_03439,Headphones,4,27308,2026-02-12,Credit Card,Mumbai
FEB_002276,CUST_04807,Tablet,4,15230,2026-02-02,Credit Card,Bangalore
FEB_002277,CUST_03752,Keyboard,5,29029,2026-02-05,Cash on Delivery,Chennai
FEB_002278,CUST_02120,Smartphone,2,38088,2026-02-25,UPI,Bangalore
FEB_002279,CUST_00065,Keyboard,4,23952,2026-02-05,Cash on Delivery,Hyderabad
FEB_002280,CUST_00513,Mouse,2,4782,2026-02-10,Debit Card,Mumbai
FEB_002281,CUST_01922,Tablet,5,20431,2026-02-04,Credit Card,Hyderabad
FEB_002282,CUST_01974,Keyboard,4,6970,2026-02-12,Debit Card,Delhi
FEB_002283,CUST_02310,Laptop,5,45942,2026-02-18,Debit Card,Chennai
FEB_002284,CUST_01817,Laptop,2,43370,2026-02-22,Debit Card,Delhi
FEB_002285,CUST_01245,Laptop,1,18998,2026-02-03,UPI,Chennai
FEB_002286,CUST_04541,Monitor,1,24310,2026-02-09,Debit Card,Hyderabad
FEB_002287,CUST_03321,Mouse,5,31462,2026-02-28,UPI,Delhi
FEB_002288,CUST_01110,Smartphone,5,30557,2026-02-28,UPI,Delhi
FEB_002289,CUST_03008,Laptop,5,36289,2026-02-20,Debit Card,Delhi
FEB_002290,CUST_01899,Monitor,5,17571,2026-02-26,UPI,Delhi
FEB_002291,CUST_00567,Smartwatch,5,35632,2026-02-24,UPI,Chennai
FEB_002292,CUST_00569,Keyboard,3,41345,2026-02-18,Cash on Delivery,Delhi
FEB_002293,CUST_03147,Headphones,2,17915,2026-02-22,Debit Card,Chennai
FEB_002294,CUST_01505,Smartwatch,3,24041,2026-02-25,Cash on Delivery,Mumbai
FEB_002295,CUST_04023,Tablet,2,15208,2026-02-12,Debit Card,Pune
FEB_002296,CUST_00689,Tablet,2,30437,2026-02-12,Debit Card,Pune
FEB_002297,CUST_02430,Tablet,5,44903,2026-02-18,Credit Card,Chennai
FEB_002298,CUST_02895,Mouse,3,24964,2026-02-02,UPI,Chennai
FEB_002299,CUST_02584,Keyboard,4,3873,2026-02-08,Cash on Delivery,Pune
FEB_002300,CUST_02351,Mouse,4,48290,2026-02-17,UPI,Chennai
FEB_002301,CUST_04009,Mouse,1,40091,2026-02-24,UPI,Pune
FEB_002302,CUST_03159,Laptop,2,41865,2026-02-06,Cash on Delivery,Pune
FEB_002303,CUST_00192,Tablet,1,7252,2026-02-02,UPI,Chennai
FEB_002304,CUST_04168,Laptop,2,12936,2026-02-10,Credit Card,Bangalore
FEB_002305,CUST_04165,Smartwatch,5,40920,2026-02-22,UPI,Mumbai
FEB_002306,CUST_04444,Smartphone,3,34612,2026-02-25,Debit Card,Hyderabad
FEB_002307,CUST_04949,Mouse,4,45196,2026-02-21,Debit Card,Bangalore
FEB_002308,CUST_00558,Headphones,3,47155,2026-02-03,Credit Card,Delhi
FEB_002309,CUST_03369,Laptop,4,40840,2026-02-20,UPI,Delhi
FEB_002310,CUST_04557,Headphones,1,31264,2026-02-26,Credit Card,Pune
FEB_002311,CUST_02563,Headphones,1,36795,2026-02-25,Cash on Delivery,Chennai
FEB_002312,CUST_04237,Headphones,2,43430,2026-02-15,Cash on Delivery,Chennai
FEB_002313,CUST_03523,Tablet,4,46609,2026-02-11,Debit Card,Hyderabad
FEB_002314,CUST_04560,Smartwatch,2,29684,2026-02-10,Cash on Delivery,Pune
FEB_002315,CUST_04337,Monitor,3,38849,2026-02-22,Cash on Delivery,Mumbai
FEB_002316,CUST_00660,Tablet,2,18696,2026-02-27,UPI,Hyderabad
FEB_002317,CUST_03635,Laptop,4,13242,2026-02-24,Credit Card,Chennai
FEB_002318,CUST_04402,Tablet,3,29350,2026-02-21,Credit Card,Pune
FEB_002319,CUST_03628,Keyboard,2,25457,2026-02-14,UPI,Delhi
FEB_002320,CUST_00538,Monitor,5,14761,2026-02-14,Cash on Delivery,Bangalore
FEB_002321,CUST_03958,Smartwatch,2,3210,2026-02-02,Credit Card,Pune
FEB_002322,CUST_01267,Laptop,4,20349,2026-02-18,Debit Card,Pune
FEB_002323,CUST_03348,Headphones,3,6039,2026-02-20,Credit Card,Delhi
FEB_002324,CUST_02815,Smartphone,2,15937,2026-02-09,UPI,Bangalore
FEB_002325,CUST_00688,Mouse,2,5561,2026-02-22,Debit Card,Hyderabad
FEB_002326,CUST_02808,Mouse,3,48429,2026-02-05,UPI,Bangalore
FEB_002327,CUST_02507,Keyboard,5,9914,2026-02-08,Debit Card,Mumbai
FEB_002328,CUST_04319,Smartwatch,5,38737,2026-02-02,Credit Card,Mumbai
FEB_002329,CUST_00567,Laptop,2,16662,2026-02-12,UPI,Bangalore
FEB_002330,CUST_02486,Headphones,5,12503,2026-02-19,Debit Card,Hyderabad
FEB_002331,CUST_01248,Keyboard,3,9077,2026-02-10,Cash on Delivery,Mumbai
FEB_002332,CUST_00089,Tablet,4,42602,2026-02-14,UPI,Bangalore
FEB_002333,CUST_03921,Smartwatch,3,9558,2026-02-20,Credit Card,Chennai
FEB_002334,CUST_00876,Tablet,1,15571,2026-02-20,Credit Card,Bangalore
FEB_002335,CUST_01493,Keyboard,3,4756,2026-02-06,Cash on Delivery,Pune
FEB_002336,CUST_04811,Headphones,1,44473,2026-02-15,UPI,Chennai
FEB_002337,CUST_00296,Monitor,2,19062,2026-02-02,Debit Card,Hyderabad
FEB_002338,CUST_00110,Laptop,1,10638,2026-02-13,Cash on Delivery,Mumbai
FEB_002339,CUST_01393,Laptop,5,44253,2026-02-16,Debit Card,Mumbai
FEB_002340,CUST_03644,Laptop,5,17964,2026-02-06,Credit Card,Mumbai
FEB_002341,CUST_01394,Smartphone,1,49836,2026-02-12,Cash on Delivery,Mumbai
FEB_002342,CUST_04284,Smartwatch,2,22811,2026-02-16,Cash on Delivery,Pune
FEB_002343,CUST_00742,Monitor,4,15978,2026-02-28,Cash on Delivery,Hyderabad
FEB_002344,CUST_03266,Mouse,4,41850,2026-02-18,Debit Card,Pune
FEB_002345,CUST_02330,Monitor,4,37874,2026-02-01,Cash on Delivery,Mumbai
FEB_002346,CUST_03397,Headphones,5,23154,2026-02-25,Credit Card,Chennai
FEB_002347,CUST_03997,Mouse,5,11355,2026-02-27,UPI,Hyderabad
FEB_002348,CUST_00626,Smartphone,2,46577,2026-02-16,Cash on Delivery,Delhi
FEB_002349,CUST_02367,Keyboard,1,15432,2026-02-12,Credit Card,Mumbai
FEB_002350,CUST_01159,Tablet,1,28825,2026-02-03,Debit Card,Bangalore
FEB_002351,CUST_03934,Keyboard,5,49060,2026-02-10,UPI,Bangalore
FEB_002352,CUST_04741,Tablet,5,46963,2026-02-28,UPI,Mumbai
FEB_002353,CUST_00328,Keyboard,2,31308,2026-02-08,UPI,Chennai
FEB_002354,CUST_04206,Monitor,1,10739,2026-02-03,Cash on Delivery,Chennai
FEB_002355,CUST_00429,Smartwatch,3,18719,2026-02-15,UPI,Hyderabad
FEB_002356,CUST_00244,Monitor,4,29043,2026-02-07,Cash on Delivery,Pune
FEB_002357,CUST_00712,Mouse,1,25313,2026-02-21,Credit Card,Chennai
FEB_002358,CUST_00358,Monitor,3,10334,2026-02-01,Cash on Delivery,Delhi
FEB_002359,CUST_04002,Mouse,1,36735,2026-02-12,Debit Card,Mumbai
FEB_002360,CUST_02517,Mouse,3,19211,2026-02-15,UPI,Delhi
FEB_002361,CUST_04318,Headphones,3,35653,2026-02-25,Credit Card,Pune
FEB_002362,CUST_02879,Monitor,2,25915,2026-02-08,Credit Card,Chennai
FEB_002363,CUST_02010,Laptop,4,6760,2026-02-07,Cash on Delivery,Chennai
FEB_002364,CUST_04921,Laptop,3,13887,2026-02-20,UPI,Mumbai
FEB_002365,CUST_03250,Keyboard,1,374,2026-02-01,Debit Card,Hyderabad
FEB_002366,CUST_02883,Laptop,4,26603,2026-02-21,UPI,Bangalore
FEB_002367,CUST_02154,Smartwatch,5,30839,2026-02-01,UPI,Pune
FEB_002368,CUST_04884,Laptop,4,16022,2026-02-14,Credit Card,Hyderabad
FEB_002369,CUST_00875,Laptop,5,12110,2026-02-05,UPI,Mumbai
FEB_002370,CUST_00882,Smartphone,3,39713,2026-02-20,Credit Card,Mumbai
FEB_002371,CUST_03129,Monitor,1,37815,2026-02-22,Debit Card,Chennai
FEB_002372,CUST_01581,Keyboard,4,17047,2026-02-20,Cash on Delivery,Hyderabad
FEB_002373,CUST_03453,Smartphone,1,40386,2026-02-01,Cash on Delivery,Mumbai
FEB_002374,CUST_01917,Headphones,2,44991,2026-02-08,Credit Card,Hyderabad
FEB_002375,CUST_01359,Headphones,2,24710,2026-02-21,Credit Card,Chennai
FEB_002376,CUST_02670,Tablet,2,30679,2026-02-11,UPI,Bangalore
FEB_002377,CUST_01082,Monitor,1,42843,2026-02-20,UPI,Hyderabad
FEB_002378,CUST_04385,Tablet,2,3234,2026-02-28,Cash on Delivery,Hyderabad
FEB_002379,CUST_02949,Tablet,4,26818,2026-02-13,Cash on Delivery,Pune
FEB_002380,CUST_03811,Tablet,1,12632,2026-02-25,UPI,Hyderabad
FEB_002381,CUST_02083,Keyboard,5,32734,2026-02-21,Credit Card,Mumbai
FEB_002382,CUST_03210,Smartwatch,2,8723,2026-02-02,Debit Card,Chennai
FEB_002383,CUST_04616,Smartwatch,3,28992,2026-02-17,Debit Card,Hyderabad
FEB_002384,CUST_04802,Keyboard,4,30696,2026-02-25,UPI,Chennai
FEB_002385,CUST_00538,Tablet,3,738,2026-02-24,UPI,Delhi
FEB_002386,CUST_00630,Mouse,1,17067,2026-02-17,Credit Card,Hyderabad
FEB_002387,CUST_00021,Smartphone,3,13603,2026-02-18,UPI,Bangalore
FEB_002388,CUST_00086,Monitor,5,13962,2026-02-01,Debit Card,Pune
FEB_002389,CUST_02478,Monitor,5,19423,2026-02-07,Credit Card,Bangalore
FEB_002390,CUST_03258,Smartphone,3,4344,2026-02-11,Cash on Delivery,Hyderabad
FEB_002391,CUST_01791,Tablet,4,2047,2026-02-10,UPI,Hyderabad
FEB_002392,CUST_01624,Headphones,3,31512,2026-02-24,UPI,Pune
FEB_002393,CUST_04886,Monitor,2,42450,2026-02-13,Debit Card,Delhi
FEB_002394,CUST_03335,Keyboard,4,3591,2026-02-09,Debit Card,Pune
FEB_002395,CUST_02688,Laptop,3,48764,2026-02-06,UPI,Mumbai
FEB_002396,CUST_01981,Monitor,5,37850,2026-02-20,UPI,Pune
FEB_002397,CUST_04170,Mouse,2,47071,2026-02-24,Credit Card,Bangalore
FEB_002398,CUST_02520,Monitor,4,46845,2026-02-27,Debit Card,Delhi
FEB_002399,CUST_01500,Monitor,5,23459,2026-02-10,UPI,Delhi
FEB_002400,CUST_04563,Smartwatch,5,22076,2026-02-05,Credit Card,Hyderabad
FEB_002401,CUST_01820,Headphones,1,3425,2026-02-25,Cash on Delivery,Delhi
FEB_002402,CUST_03128,Monitor,2,6663,2026-02-18,UPI,Mumbai
FEB_002403,CUST_03745,Keyboard,3,39295,2026-02-23,UPI,Mumbai
FEB_002404,CUST_01503,Monitor,4,1692,2026-02-07,Debit Card,Bangalore
FEB_002405,CUST_00693,Mouse,5,9588,2026-02-26,Credit Card,Bangalore
FEB_002406,CUST_01716,Laptop,2,22438,2026-02-25,Debit Card,Hyderabad
FEB_002407,CUST_04572,Monitor,3,29281,2026-02-17,Credit Card,Hyderabad
FEB_002408,CUST_01804,Tablet,3,11226,2026-02-28,Cash on Delivery,Mumbai
FEB_002409,CUST_02941,Monitor,1,9080,2026-02-18,Cash on Delivery,Delhi
FEB_002410,CUST_03070,Smartphone,3,49944,2026-02-25,Credit Card,Bangalore
FEB_002411,CUST_04683,Monitor,5,21078,2026-02-07,Cash on Delivery,Hyderabad
FEB_002412,CUST_00997,Tablet,2,1153,2026-02-27,Cash on Delivery,Mumbai
FEB_002413,CUST_03567,Tablet,5,36718,2026-02-08,Credit Card,Chennai
FEB_002414,CUST_03186,Keyboard,1,6504,2026-02-07,Debit Card,Pune
FEB_002415,CUST_03865,Tablet,2,30879,2026-02-06,Debit Card,Pune
FEB_002416,CUST_00763,Smartphone,5,19915,2026-02-18,Debit Card,Hyderabad
FEB_002417,CUST_04374,Laptop,3,10039,2026-02-16,UPI,Hyderabad
FEB_002418,CUST_02328,Mouse,1,37503,2026-02-28,UPI,Mumbai
FEB_002419,CUST_01376,Monitor,3,34010,2026-02-28,Cash on Delivery,Hyderabad
FEB_002420,CUST_02655,Tablet,2,7368,2026-02-05,Credit Card,Mumbai
FEB_002421,CUST_01283,Laptop,2,29870,2026-02-06,Credit Card,Pune
FEB_002422,CUST_02470,Laptop,3,42150,2026-02-12,Credit Card,Delhi
FEB_002423,CUST_02071,Laptop,1,27563,2026-02-22,Debit Card,Pune
FEB_002424,CUST_04450,Monitor,1,46754,2026-02-15,Cash on Delivery,Mumbai
FEB_002425,CUST_01875,Keyboard,4,4726,2026-02-20,Cash on Delivery,Bangalore
FEB_002426,CUST_02618,Smartphone,1,8760,2026-02-17,UPI,Pune
FEB_002427,CUST_03283,Monitor,3,35435,2026-02-10,UPI,Hyderabad
FEB_002428,CUST_01685,Headphones,2,1649,2026-02-26,Cash on Delivery,Mumbai
FEB_002429,CUST_01398,Monitor,1,5416,2026-02-12,UPI,Chennai
FEB_002430,CUST_04932,Tablet,5,20758,2026-02-16,UPI,Bangalore
FEB_002431,CUST_00260,Laptop,4,12222,2026-02-15,Credit Card,Bangalore
FEB_002432,CUST_00362,Smartphone,4,32539,2026-02-27,Debit Card,Hyderabad
FEB_002433,CUST_03809,Mouse,5,42469,2026-02-03,UPI,Hyderabad
FEB_002434,CUST_01632,Keyboard,4,1320,2026-02-06,Debit Card,Pune
FEB_002435,CUST_03972,Laptop,4,47814,2026-02-09,UPI,Chennai
FEB_002436,CUST_00420,Monitor,4,40616,2026-02-14,Cash on Delivery,Bangalore
FEB_002437,CUST_03872,Keyboard,5,36732,2026-02-05,Credit Card,Mumbai
FEB_002438,CUST_00783,Headphones,3,39037,2026-02-24,Credit Card,Delhi
FEB_002439,CUST_00701,Tablet,1,7404,2026-02-27,Cash on Delivery,Delhi
FEB_002440,CUST_02385,Mouse,3,22733,2026-02-22,UPI,Chennai
FEB_002441,CUST_03371,Smartphone,2,32211,2026-02-20,UPI,Delhi
FEB_002442,CUST_00243,Mouse,5,31323,2026-02-09,Debit Card,Delhi
FEB_002443,CUST_02603,Laptop,2,41188,2026-02-04,Cash on Delivery,Pune
FEB_002444,CUST_01983,Keyboard,5,46988,2026-02-10,UPI,Hyderabad
FEB_002445,CUST_03114,Monitor,3,20844,2026-02-04,Debit Card,Hyderabad
FEB_002446,CUST_03361,Headphones,1,38085,2026-02-01,Debit Card,Delhi
FEB_002447,CUST_04053,Monitor,5,41741,2026-02-24,Cash on Delivery,Mumbai
FEB_002448,CUST_01287,Monitor,1,39199,2026-02-15,Credit Card,Delhi
FEB_002449,CUST_01799,Laptop,2,3490,2026-02-21,Cash on Delivery,Hyderabad
FEB_002450,CUST_01168,Laptop,3,14268,2026-02-06,Debit Card,Bangalore
FEB_002451,CUST_01325,Smartphone,2,16601,2026-02-26,Cash on Delivery,Hyderabad
FEB_002452,CUST_03662,Monitor,2,14842,2026-02-11,Credit Card,Chennai
FEB_002453,CUST_00704,Laptop,2,36242,2026-02-13,Credit Card,Mumbai
FEB_002454,CUST_04297,Smartwatch,2,688,2026-02-04,Debit Card,Mumbai
FEB_002455,CUST_01051,Monitor,3,4513,2026-02-22,Credit Card,Mumbai
FEB_002456,CUST_04807,Smartwatch,2,40108,2026-02-19,Debit Card,Delhi
FEB_002457,CUST_03338,Mouse,5,32850,2026-02-26,Cash on Delivery,Mumbai
FEB_002458,CUST_00168,Keyboard,3,22336,2026-02-16,Cash on Delivery,Delhi
FEB_002459,CUST_02917,Monitor,3,9157,2026-02-03,Cash on Delivery,Bangalore
FEB_002460,CUST_00902,Smartwatch,5,6951,2026-02-05,Debit Card,Chennai
FEB_002461,CUST_04648,Mouse,1,43643,2026-02-12,UPI,Bangalore
FEB_002462,CUST_02165,Laptop,4,21314,2026-02-11,Debit Card,Pune
FEB_002463,CUST_04071,Headphones,5,9819,2026-02-28,Debit Card,Mumbai
FEB_002464,CUST_04111,Smartwatch,4,26622,2026-02-21,UPI,Pune
FEB_002465,CUST_04327,Tablet,1,1074,2026-02-04,Cash on Delivery,Bangalore
FEB_002466,CUST_04541,Laptop,1,27433,2026-02-20,UPI,Hyderabad
FEB_002467,CUST_01253,Laptop,2,7728,2026-02-02,Debit Card,Bangalore
FEB_002468,CUST_03807,Tablet,3,12365,2026-02-14,UPI,Chennai
FEB_002469,CUST_03011,Headphones,3,48317,2026-02-07,Debit Card,Bangalore
FEB_002470,CUST_02912,Laptop,4,28673,2026-02-25,Debit Card,Bangalore
FEB_002471,CUST_04325,Smartphone,3,24541,2026-02-15,Credit Card,Hyderabad
FEB_002472,CUST_04792,Tablet,4,23961,2026-02-18,UPI,Bangalore
FEB_002473,CUST_02615,Laptop,4,48937,2026-02-05,Debit Card,Delhi
FEB_002474,CUST_00936,Headphones,1,12781,2026-02-06,Cash on Delivery,Pune
FEB_002475,CUST_03388,Laptop,1,7157,2026-02-07,Debit Card,Bangalore
FEB_002476,CUST_01983,Headphones,2,8788,2026-02-06,UPI,Bangalore
FEB_002477,CUST_00278,Mouse,1,32147,2026-02-05,Credit Card,Pune
FEB_002478,CUST_02688,Keyboard,5,19314,2026-02-19,Credit Card,Mumbai
FEB_002479,CUST_00580,Mouse,4,28448,2026-02-16,UPI,Hyderabad
FEB_002480,CUST_01997,Monitor,1,42742,2026-02-01,Debit Card,Hyderabad
FEB_002481,CUST_01707,Keyboard,2,6567,2026-02-02,Credit Card,Hyderabad
FEB_002482,CUST_03124,Laptop,3,45920,2026-02-07,Cash on Delivery,Delhi
FEB_002483,CUST_00432,Tablet,2,6015,2026-02-24,UPI,Bangalore
FEB_002484,CUST_03382,Tablet,4,45003,2026-02-27,Credit Card,Delhi
FEB_002485,CUST_03502,Monitor,5,8891,2026-02-17,Cash on Delivery,Delhi
FEB_002486,CUST_00791,Smartwatch,1,33221,2026-02-01,UPI,Delhi
FEB_002487,CUST_01763,Tablet,5,18189,2026-02-02,Credit Card,Chennai
FEB_002488,CUST_02316,Laptop,3,19523,2026-02-07,Cash on Delivery,Bangalore
FEB_002489,CUST_00596,Monitor,4,40954,2026-02-12,Credit Card,Delhi
FEB_002490,CUST_04990,Smartphone,5,4588,2026-02-06,Credit Card,Hyderabad
FEB_002491,CUST_00057,Smartphone,5,5736,2026-02-21,Cash on Delivery,Chennai
FEB_002492,CUST_00236,Smartphone,5,45281,2026-02-23,Credit Card,Chennai
FEB_002493,CUST_00948,Tablet,5,22223,2026-02-15,Cash on Delivery,Chennai
FEB_002494,CUST_02700,Tablet,4,28829,2026-02-17,UPI,Delhi
FEB_002495,CUST_03691,Tablet,3,47865,2026-02-03,Debit Card,Bangalore
FEB_002496,CUST_02831,Smartwatch,3,29673,2026-02-04,Debit Card,Delhi
FEB_002497,CUST_03943,Monitor,5,34797,2026-02-28,Credit Card,Bangalore
FEB_002498,CUST_00612,Keyboard,2,35503,2026-02-18,UPI,Hyderabad
FEB_002499,CUST_00777,Headphones,5,45187,2026-02-01,Debit Card,Bangalore
FEB_002500,CUST_02235,Mouse,3,29523,2026-02-17,Credit Card,Bangalore
FEB_002501,CUST_03200,Mouse,1,29507,2026-02-06,UPI,Pune
FEB_002502,CUST_02496,Smartphone,2,7252,2026-02-24,UPI,Bangalore
FEB_002503,CUST_03045,Headphones,4,20587,2026-02-14,UPI,Pune
FEB_002504,CUST_02915,Smartwatch,3,21234,2026-02-09,Debit Card,Delhi
FEB_002505,CUST_01457,Laptop,2,34812,2026-02-03,Credit Card,Chennai
FEB_002506,CUST_00813,Headphones,5,16929,2026-02-11,Cash on Delivery,Delhi
FEB_002507,CUST_04770,Headphones,4,14886,2026-02-19,Credit Card,Chennai
FEB_002508,CUST_00275,Monitor,1,4751,2026-02-02,Credit Card,Pune
FEB_002509,CUST_00681,Headphones,2,10430,2026-02-20,Cash on Delivery,Pune
FEB_002510,CUST_00810,Monitor,5,16876,2026-02-14,Credit Card,Bangalore
FEB_002511,CUST_00692,Smartphone,5,49430,2026-02-23,Cash on Delivery,Pune
FEB_002512,CUST_01485,Headphones,2,8071,2026-02-10,Debit Card,Hyderabad
FEB_002513,CUST_00718,Keyboard,2,41035,2026-02-07,Cash on Delivery,Bangalore
FEB_002514,CUST_00216,Keyboard,3,2087,2026-02-16,Cash on Delivery,Mumbai
FEB_002515,CUST_04387,Smartphone,3,35249,2026-02-24,Debit Card,Bangalore
FEB_002516,CUST_03293,Headphones,4,42978,2026-02-08,Debit Card,Hyderabad
FEB_002517,CUST_00870,Tablet,2,7800,2026-02-28,Cash on Delivery,Pune
FEB_002518,CUST_02575,Headphones,5,31596,2026-02-18,Cash on Delivery,Bangalore
FEB_002519,CUST_04165,Mouse,4,36241,2026-02-06,Debit Card,Mumbai
FEB_002520,CUST_01254,Smartwatch,1,32145,2026-02-19,Debit Card,Pune
FEB_002521,CUST_03267,Headphones,4,46195,2026-02-18,Debit Card,Delhi
FEB_002522,CUST_00410,Laptop,2,40828,2026-02-22,UPI,Chennai
FEB_002523,CUST_00340,Headphones,5,5575,2026-02-04,UPI,Mumbai
FEB_002524,CUST_04014,Laptop,3,1539,2026-02-04,Debit Card,Pune
FEB_002525,CUST_04458,Tablet,2,31399,2026-02-16,Debit Card,Hyderabad
FEB_002526,CUST_03061,Headphones,1,47748,2026-02-02,Cash on Delivery,Pune
FEB_002527,CUST_01052,Laptop,4,16057,2026-02-01,Cash on Delivery,Mumbai
FEB_002528,CUST_00655,Smartwatch,2,8367,2026-02-21,Cash on Delivery,Delhi
FEB_002529,CUST_02585,Smartphone,1,29787,2026-02-19,Cash on Delivery,Mumbai
FEB_002530,CUST_03241,Tablet,4,32322,2026-02-19,Debit Card,Mumbai
FEB_002531,CUST_03297,Smartwatch,1,26749,2026-02-22,Debit Card,Hyderabad
FEB_002532,CUST_04501,Mouse,3,17618,2026-02-11,Credit Card,Bangalore
FEB_002533,CUST_00478,Mouse,5,49134,2026-02-11,Cash on Delivery,Bangalore
FEB_002534,CUST_02901,Keyboard,5,27913,2026-02-28,Debit Card,Bangalore
FEB_002535,CUST_01411,Smartwatch,3,11833,2026-02-04,Cash on Delivery,Chennai
FEB_002536,CUST_03643,Keyboard,1,22683,2026-02-14,Debit Card,Delhi
FEB_002537,CUST_02211,Smartphone,4,35528,2026-02-11,Credit Card,Delhi
FEB_002538,CUST_00645,Headphones,4,35515,2026-02-03,UPI,Hyderabad
FEB_002539,CUST_04239,Monitor,1,25815,2026-02-14,Credit Card,Bangalore
FEB_002540,CUST_04320,Monitor,4,49132,2026-02-11,Cash on Delivery,Chennai
FEB_002541,CUST_00011,Mouse,3,42979,2026-02-03,Cash on Delivery,Hyderabad
FEB_002542,CUST_04544,Headphones,4,45994,2026-02-27,Credit Card,Bangalore
FEB_002543,CUST_02490,Headphones,2,23764,2026-02-06,Credit Card,Hyderabad
FEB_002544,CUST_04260,Tablet,1,1277,2026-02-28,Debit Card,Delhi
FEB_002545,CUST_00673,Keyboard,4,12126,2026-02-12,Cash on Delivery,Delhi
FEB_002546,CUST_04376,Smartwatch,1,33410,2026-02-11,Credit Card,Mumbai
FEB_002547,CUST_02106,Laptop,5,18107,2026-02-03,Cash on Delivery,Bangalore
FEB_002548,CUST_03383,Smartphone,3,41625,2026-02-05,Debit Card,Chennai
FEB_002549,CUST_01396,Smartphone,4,8426,2026-02-04,Cash on Delivery,Bangalore
FEB_002550,CUST_01570,Keyboard,2,2368,2026-02-15,UPI,Chennai
FEB_002551,CUST_00926,Keyboard,4,36487,2026-02-04,Debit Card,Delhi
FEB_002552,CUST_03847,Mouse,5,842,2026-02-20,Credit Card,Pune
FEB_002553,CUST_01893,Monitor,2,15920,2026-02-07,Debit Card,Hyderabad
FEB_002554,CUST_02080,Monitor,5,28588,2026-02-21,Credit Card,Hyderabad
FEB_002555,CUST_04228,Mouse,4,4285,2026-02-07,Cash on Delivery,Bangalore
FEB_002556,CUST_00580,Smartwatch,5,34424,2026-02-19,UPI,Bangalore
FEB_002557,CUST_02649,Smartwatch,1,12881,2026-02-11,Cash on Delivery,Pune
FEB_002558,CUST_02547,Tablet,3,7831,2026-02-02,UPI,Bangalore
FEB_002559,CUST_02202,Headphones,3,36669,2026-02-06,Debit Card,Chennai
FEB_002560,CUST_04243,Keyboard,2,16206,2026-02-12,Debit Card,Chennai
FEB_002561,CUST_03669,Smartwatch,5,46915,2026-02-03,Debit Card,Delhi
FEB_002562,CUST_02221,Mouse,1,34492,2026-02-17,Debit Card,Pune
FEB_002563,CUST_03807,Headphones,4,40474,2026-02-15,Cash on Delivery,Delhi
FEB_002564,CUST_00199,Headphones,4,30152,2026-02-17,UPI,Bangalore
FEB_002565,CUST_00200,Mouse,4,17014,2026-02-01,UPI,Hyderabad
FEB_002566,CUST_04928,Smartphone,4,15662,2026-02-16,Cash on Delivery,Mumbai
FEB_002567,CUST_04301,Monitor,4,49207,2026-02-17,Debit Card,Delhi
FEB_002568,CUST_02978,Headphones,1,25794,2026-02-09,Debit Card,Delhi
FEB_002569,CUST_00284,Smartphone,1,48378,2026-02-21,UPI,Hyderabad
FEB_002570,CUST_04951,Monitor,3,41514,2026-02-06,Debit Card,Delhi
FEB_002571,CUST_00670,Headphones,1,45667,2026-02-03,Debit Card,Hyderabad
FEB_002572,CUST_03463,Keyboard,2,16405,2026-02-10,UPI,Pune
FEB_002573,CUST_04664,Mouse,2,28892,2026-02-16,Cash on Delivery,Hyderabad
FEB_002574,CUST_00830,Tablet,4,1903,2026-02-02,Cash on Delivery,Hyderabad
FEB_002575,CUST_00425,Monitor,2,13084,2026-02-21,Cash on Delivery,Mumbai
FEB_002576,CUST_01012,Keyboard,4,15097,2026-02-22,Cash on Delivery,Pune
FEB_002577,CUST_00515,Mouse,2,26937,2026-02-11,Debit Card,Chennai
FEB_002578,CUST_04657,Smartwatch,5,3842,2026-02-06,Debit Card,Bangalore
FEB_002579,CUST_02791,Headphones,1,38804,2026-02-23,UPI,Hyderabad
FEB_002580,CUST_03241,Tablet,1,12436,2026-02-06,Debit Card,Hyderabad
FEB_002581,CUST_02251,Laptop,3,32593,2026-02-26,Cash on Delivery,Mumbai
FEB_002582,CUST_02028,Laptop,4,16382,2026-02-17,Debit Card,Bangalore
FEB_002583,CUST_00393,Laptop,4,38292,2026-02-14,Cash on Delivery,Pune
FEB_002584,CUST_00487,Tablet,4,34021,2026-02-09,Debit Card,Chennai
FEB_002585,CUST_02116,Headphones,3,22469,2026-02-09,Credit Card,Delhi
FEB_002586,CUST_04362,Smartwatch,5,21118,2026-02-09,Debit Card,Chennai
FEB_002587,CUST_00495,Laptop,2,11807,2026-02-18,UPI,Pune
FEB_002588,CUST_03632,Smartwatch,3,25767,2026-02-20,Debit Card,Delhi
FEB_002589,CUST_04078,Monitor,5,22353,2026-02-03,Cash on Delivery,Delhi
FEB_002590,CUST_03880,Mouse,2,14364,2026-02-22,Credit Card,Bangalore
FEB_002591,CUST_01001,Headphones,5,45499,2026-02-22,Credit Card,Bangalore
FEB_002592,CUST_01952,Tablet,1,16004,2026-02-27,Cash on Delivery,Bangalore
FEB_002593,CUST_03215,Smartwatch,5,24738,2026-02-06,Cash on Delivery,Bangalore
FEB_002594,CUST_04892,Smartphone,4,42329,2026-02-08,UPI,Delhi
FEB_002595,CUST_02154,Smartwatch,5,40134,2026-02-20,Credit Card,Delhi
FEB_002596,CUST_03968,Smartwatch,4,5978,2026-02-05,Cash on Delivery,Delhi
FEB_002597,CUST_04112,Mouse,5,7021,2026-02-20,UPI,Chennai
FEB_002598,CUST_01219,Monitor,1,11633,2026-02-05,Debit Card,Chennai
FEB_002599,CUST_04246,Smartphone,3,13885,2026-02-10,Credit Card,Bangalore
FEB_002600,CUST_00425,Smartwatch,2,39872,2026-02-14,UPI,Pune
FEB_002601,CUST_00047,Monitor,3,18009,2026-02-17,Credit Card,Mumbai
FEB_002602,CUST_03208,Laptop,5,41291,2026-02-25,Credit Card,Hyderabad
FEB_002603,CUST_03235,Laptop,1,46429,2026-02-26,Cash on Delivery,Hyderabad
FEB_002604,CUST_02114,Keyboard,3,630,2026-02-19,Cash on Delivery,Mumbai
FEB_002605,CUST_03713,Headphones,2,33681,2026-02-16,Credit Card,Mumbai
FEB_002606,CUST_02879,Smartphone,1,15909,2026-02-15,Debit Card,Hyderabad
FEB_002607,CUST_03527,Monitor,4,38938,2026-02-25,Cash on Delivery,Pune
FEB_002608,CUST_00922,Laptop,2,12414,2026-02-18,UPI,Delhi
FEB_002609,CUST_02123,Laptop,1,32102,2026-02-06,Credit Card,Pune
FEB_002610,CUST_04581,Smartphone,3,40358,2026-02-06,Debit Card,Pune
FEB_002611,CUST_01713,Smartphone,2,17233,2026-02-10,Cash on Delivery,Chennai
FEB_002612,CUST_00078,Laptop,5,19114,2026-02-09,UPI,Bangalore
FEB_002613,CUST_03675,Smartphone,3,4791,2026-02-08,UPI,Hyderabad
FEB_002614,CUST_04332,Tablet,2,27683,2026-02-12,UPI,Chennai
FEB_002615,CUST_01902,Mouse,1,24521,2026-02-23,UPI,Delhi
FEB_002616,CUST_00379,Monitor,4,12399,2026-02-02,Credit Card,Hyderabad
FEB_002617,CUST_01688,Headphones,4,37243,2026-02-12,UPI,Hyderabad
FEB_002618,CUST_01858,Keyboard,1,27000,2026-02-06,Cash on Delivery,Mumbai
FEB_002619,CUST_01123,Smartwatch,5,4491,2026-02-14,Cash on Delivery,Bangalore
FEB_002620,CUST_04553,Smartphone,3,19516,2026-02-10,Credit Card,Pune
FEB_002621,CUST_02017,Keyboard,3,10395,2026-02-23,UPI,Bangalore
FEB_002622,CUST_00401,Headphones,2,44197,2026-02-13,Credit Card,Bangalore
FEB_002623,CUST_04062,Mouse,4,34732,2026-02-26,Cash on Delivery,Hyderabad
FEB_002624,CUST_04046,Smartphone,5,23145,2026-02-05,Debit Card,Pune
FEB_002625,CUST_01884,Tablet,1,13873,2026-02-03,Debit Card,Pune
FEB_002626,CUST_04762,Tablet,5,30159,2026-02-26,UPI,Hyderabad
FEB_002627,CUST_04147,Mouse,1,30212,2026-02-16,Cash on Delivery,Chennai
FEB_002628,CUST_01834,Keyboard,4,39265,2026-02-20,Credit Card,Hyderabad
FEB_002629,CUST_04874,Monitor,4,12335,2026-02-10,UPI,Delhi
FEB_002630,CUST_01688,Monitor,2,8151,2026-02-02,UPI,Bangalore
FEB_002631,CUST_00789,Smartphone,3,27554,2026-02-18,UPI,Delhi
FEB_002632,CUST_04813,Keyboard,2,5011,2026-02-18,Credit Card,Hyderabad
FEB_002633,CUST_01630,Mouse,5,9090,2026-02-14,Credit Card,Bangalore
FEB_002634,CUST_01101,Mouse,5,13099,2026-02-23,Cash on Delivery,Pune
FEB_002635,CUST_00916,Laptop,3,6718,2026-02-26,Cash on Delivery,Chennai
FEB_002636,CUST_04554,Monitor,1,620,2026-02-06,Credit Card,Pune
FEB_002637,CUST_00579,Smartwatch,3,2943,2026-02-01,Debit Card,Mumbai
FEB_002638,CUST_03836,Smartwatch,2,7761,2026-02-08,UPI,Hyderabad
FEB_002639,CUST_00167,Smartwatch,5,2624,2026-02-18,Debit Card,Delhi
FEB_002640,CUST_04127,Smartphone,1,20125,2026-02-27,Credit Card,Mumbai
FEB_002641,CUST_04723,Smartphone,2,205,2026-02-20,Cash on Delivery,Delhi
FEB_002642,CUST_02079,Mouse,1,34812,2026-02-27,Debit Card,Mumbai
FEB_002643,CUST_03414,Smartwatch,3,44059,2026-02-03,UPI,Bangalore
FEB_002644,CUST_00150,Monitor,4,48825,2026-02-27,Debit Card,Chennai
FEB_002645,CUST_00711,Smartphone,2,16760,2026-02-17,Credit Card,Mumbai
FEB_002646,CUST_01827,Headphones,5,14762,2026-02-11,UPI,Bangalore
FEB_002647,CUST_01904,Headphones,5,42548,2026-02-19,Credit Card,Delhi
FEB_002648,CUST_03007,Smartwatch,2,18374,2026-02-07,Cash on Delivery,Delhi
FEB_002649,CUST_03516,Headphones,3,29340,2026-02-25,UPI,Hyderabad
FEB_002650,CUST_01913,Smartphone,4,21030,2026-02-25,Credit Card,Chennai
FEB_002651,CUST_03623,Keyboard,1,35862,2026-02-22,Cash on Delivery,Pune
FEB_002652,CUST_02065,Laptop,2,26152,2026-02-05,Debit Card,Hyderabad
FEB_002653,CUST_00331,Laptop,2,43753,2026-02-25,Debit Card,Pune
FEB_002654,CUST_00076,Smartwatch,3,48894,2026-02-10,Cash on Delivery,Pune
FEB_002655,CUST_03461,Monitor,1,32442,2026-02-15,Credit Card,Chennai
FEB_002656,CUST_04090,Monitor,2,10491,2026-02-24,UPI,Delhi
FEB_002657,CUST_03142,Monitor,3,28734,2026-02-07,Debit Card,Bangalore
FEB_002658,CUST_02134,Keyboard,1,2244,2026-02-04,UPI,Pune
FEB_002659,CUST_03016,Laptop,2,36917,2026-02-27,Credit Card,Bangalore
FEB_002660,CUST_01950,Laptop,5,10958,2026-02-01,Credit Card,Pune
FEB_002661,CUST_01835,Mouse,2,25508,2026-02-17,Debit Card,Bangalore
FEB_002662,CUST_03144,Smartwatch,2,1730,2026-02-12,UPI,Chennai
FEB_002663,CUST_04677,Monitor,5,3678,2026-02-14,Debit Card,Hyderabad
FEB_002664,CUST_00155,Smartwatch,4,19952,2026-02-09,Debit Card,Chennai
FEB_002665,CUST_03022,Smartphone,3,30548,2026-02-28,UPI,Chennai
FEB_002666,CUST_04732,Headphones,2,3497,2026-02-22,UPI,Delhi
FEB_002667,CUST_04124,Keyboard,3,38087,2026-02-17,Credit Card,Hyderabad
FEB_002668,CUST_02431,Monitor,3,49675,2026-02-09,UPI,Chennai
FEB_002669,CUST_01405,Headphones,5,1527,2026-02-10,Credit Card,Pune
FEB_002670,CUST_04756,Mouse,3,2174,2026-02-16,UPI,Mumbai
FEB_002671,CUST_00031,Monitor,4,34963,2026-02-03,Cash on Delivery,Chennai
FEB_002672,CUST_00413,Keyboard,4,17070,2026-02-20,Cash on Delivery,Bangalore
FEB_002673,CUST_01101,Headphones,1,26597,2026-02-10,Cash on Delivery,Pune
FEB_002674,CUST_04972,Headphones,5,28541,2026-02-17,Cash on Delivery,Hyderabad
FEB_002675,CUST_03718,Keyboard,3,32969,2026-02-26,Debit Card,Hyderabad
FEB_002676,CUST_01538,Monitor,4,8407,2026-02-14,Credit Card,Pune
FEB_002677,CUST_00696,Monitor,2,44242,2026-02-07,Cash on Delivery,Mumbai
FEB_002678,CUST_03750,Mouse,5,4705,2026-02-12,Debit Card,Chennai
FEB_002679,CUST_04343,Smartphone,1,2536,2026-02-11,UPI,Pune
FEB_002680,CUST_02513,Mouse,4,23778,2026-02-12,UPI,Delhi
FEB_002681,CUST_03042,Tablet,2,31444,2026-02-09,Debit Card,Hyderabad
FEB_002682,CUST_00311,Laptop,2,470,2026-02-27,Credit Card,Delhi
FEB_002683,CUST_04248,Tablet,1,29155,2026-02-28,Cash on Delivery,Pune
FEB_002684,CUST_03922,Keyboard,2,43650,2026-02-03,Credit Card,Bangalore
FEB_002685,CUST_00476,Smartphone,3,47397,2026-02-22,Debit Card,Chennai
FEB_002686,CUST_01301,Headphones,2,12274,2026-02-08,Credit Card,Pune
FEB_002687,CUST_03292,Laptop,1,29918,2026-02-05,Debit Card,Bangalore
FEB_002688,CUST_03223,Keyboard,2,4155,2026-02-05,UPI,Delhi
FEB_002689,CUST_01222,Keyboard,3,36397,2026-02-09,Credit Card,Pune
FEB_002690,CUST_00309,Smartwatch,1,46315,2026-02-20,Debit Card,Bangalore
FEB_002691,CUST_03964,Headphones,4,33689,2026-02-13,Debit Card,Chennai
FEB_002692,CUST_00190,Headphones,2,43530,2026-02-07,Debit Card,Hyderabad
FEB_002693,CUST_03933,Tablet,1,17806,2026-02-10,Cash on Delivery,Chennai
FEB_002694,CUST_01687,Laptop,5,10286,2026-02-08,UPI,Delhi
FEB_002695,CUST_03625,Laptop,1,34412,2026-02-24,Credit Card,Delhi
FEB_002696,CUST_02149,Laptop,2,7856,2026-02-16,Cash on Delivery,Hyderabad
FEB_002697,CUST_03915,Mouse,2,17260,2026-02-10,UPI,Hyderabad
FEB_002698,CUST_00904,Monitor,4,42907,2026-02-17,Cash on Delivery,Pune
FEB_002699,CUST_03041,Smartphone,3,4187,2026-02-25,Credit Card,Mumbai
FEB_002700,CUST_03288,Mouse,3,40057,2026-02-17,Credit Card,Mumbai
FEB_002701,CUST_02481,Smartphone,3,5734,2026-02-19,Cash on Delivery,Chennai
FEB_002702,CUST_02016,Smartwatch,1,36364,2026-02-25,UPI,Hyderabad
FEB_002703,CUST_02467,Laptop,2,4236,2026-02-12,Credit Card,Delhi
FEB_002704,CUST_01819,Monitor,3,21827,2026-02-12,Debit Card,Delhi
FEB_002705,CUST_03679,Headphones,1,46493,2026-02-20,Debit Card,Chennai
FEB_002706,CUST_00026,Smartwatch,3,9375,2026-02-01,UPI,Hyderabad
FEB_002707,CUST_01165,Monitor,5,32431,2026-02-06,Credit Card,Hyderabad
FEB_002708,CUST_03397,Tablet,1,29412,2026-02-27,UPI,Mumbai
FEB_002709,CUST_00181,Smartphone,1,46287,2026-02-13,Credit Card,Pune
FEB_002710,CUST_00036,Keyboard,2,10830,2026-02-26,Credit Card,Pune
FEB_002711,CUST_02047,Monitor,3,14865,2026-02-06,Credit Card,Pune
FEB_002712,CUST_02126,Monitor,2,28361,2026-02-16,Debit Card,Chennai
FEB_002713,CUST_01127,Smartwatch,4,46388,2026-02-02,Debit Card,Mumbai
FEB_002714,CUST_01411,Smartphone,4,14649,2026-02-28,Credit Card,Bangalore
FEB_002715,CUST_04783,Smartwatch,2,11189,2026-02-11,Credit Card,Hyderabad
FEB_002716,CUST_03996,Headphones,3,45427,2026-02-21,Debit Card,Delhi
FEB_002717,CUST_03504,Laptop,5,38769,2026-02-19,Cash on Delivery,Pune
FEB_002718,CUST_03758,Keyboard,5,5399,2026-02-02,UPI,Bangalore
FEB_002719,CUST_02894,Laptop,4,4770,2026-02-04,UPI,Hyderabad
FEB_002720,CUST_00635,Smartwatch,3,13311,2026-02-27,Debit Card,Hyderabad
FEB_002721,CUST_04365,Monitor,1,24135,2026-02-23,Credit Card,Pune
FEB_002722,CUST_01269,Laptop,5,11383,2026-02-28,Credit Card,Pune
FEB_002723,CUST_01947,Mouse,2,42831,2026-02-12,Debit Card,Pune
FEB_002724,CUST_02716,Laptop,1,21121,2026-02-20,Credit Card,Pune
FEB_002725,CUST_04362,Laptop,1,47861,2026-02-24,Cash on Delivery,Bangalore
FEB_002726,CUST_04319,Smartwatch,1,41213,2026-02-27,Debit Card,Chennai
FEB_002727,CUST_03742,Keyboard,2,17768,2026-02-22,Cash on Delivery,Pune
FEB_002728,CUST_03279,Mouse,5,11368,2026-02-20,Cash on Delivery,Delhi
FEB_002729,CUST_04327,Smartwatch,5,910,2026-02-25,UPI,Delhi
FEB_002730,CUST_03452,Smartwatch,5,47510,2026-02-23,Credit Card,Mumbai
FEB_002731,CUST_02624,Mouse,4,26599,2026-02-02,Debit Card,Delhi
FEB_002732,CUST_02359,Mouse,3,9501,2026-02-24,Credit Card,Hyderabad
FEB_002733,CUST_04215,Keyboard,2,22304,2026-02-03,Debit Card,Mumbai
FEB_002734,CUST_01297,Smartwatch,4,48139,2026-02-27,UPI,Chennai
FEB_002735,CUST_04397,Headphones,4,10503,2026-02-21,Cash on Delivery,Delhi
FEB_002736,CUST_01960,Smartwatch,5,45465,2026-02-04,UPI,Hyderabad
FEB_002737,CUST_03507,Laptop,2,8662,2026-02-13,Cash on Delivery,Delhi
FEB_002738,CUST_03363,Monitor,1,7879,2026-02-03,Credit Card,Bangalore
FEB_002739,CUST_00489,Mouse,1,49322,2026-02-27,Credit Card,Bangalore
FEB_002740,CUST_03933,Smartwatch,1,43770,2026-02-04,Cash on Delivery,Mumbai
FEB_002741,CUST_04096,Tablet,4,41057,2026-02-07,Credit Card,Hyderabad
FEB_002742,CUST_02439,Laptop,3,30719,2026-02-13,UPI,Bangalore
FEB_002743,CUST_01241,Laptop,5,27973,2026-02-27,Cash on Delivery,Pune
FEB_002744,CUST_04044,Smartwatch,2,24042,2026-02-10,Debit Card,Delhi
FEB_002745,CUST_00623,Headphones,2,25604,2026-02-01,Debit Card,Mumbai
FEB_002746,CUST_01999,Monitor,3,13190,2026-02-11,UPI,Hyderabad
FEB_002747,CUST_00105,Monitor,1,40891,2026-02-16,Credit Card,Delhi
FEB_002748,CUST_03332,Headphones,3,40891,2026-02-03,Credit Card,Delhi
FEB_002749,CUST_01482,Mouse,1,46496,2026-02-28,Debit Card,Pune
FEB_002750,CUST_04080,Mouse,5,13242,2026-02-01,Credit Card,Bangalore
FEB_002751,CUST_03335,Headphones,2,49840,2026-02-03,Credit Card,Bangalore
FEB_002752,CUST_01089,Tablet,3,20400,2026-02-21,UPI,Delhi
FEB_002753,CUST_00921,Keyboard,2,9112,2026-02-19,Credit Card,Chennai
FEB_002754,CUST_00168,Keyboard,5,12015,2026-02-14,UPI,Hyderabad
FEB_002755,CUST_03365,Monitor,5,49587,2026-02-04,UPI,Chennai
FEB_002756,CUST_01748,Monitor,3,48715,2026-02-09,UPI,Delhi
FEB_002757,CUST_04767,Smartwatch,4,46235,2026-02-20,Credit Card,Mumbai
FEB_002758,CUST_00248,Monitor,5,16238,2026-02-17,UPI,Hyderabad
FEB_002759,CUST_03201,Laptop,3,24818,2026-02-15,Credit Card,Bangalore
FEB_002760,CUST_04080,Tablet,2,49317,2026-02-01,UPI,Hyderabad
FEB_002761,CUST_04394,Monitor,5,15661,2026-02-27,Cash on Delivery,Chennai
FEB_002762,CUST_01966,Keyboard,3,39197,2026-02-12,Debit Card,Pune
FEB_002763,CUST_04670,Monitor,2,12864,2026-02-02,Credit Card,Pune
FEB_002764,CUST_02030,Keyboard,3,1452,2026-02-09,Cash on Delivery,Hyderabad
FEB_002765,CUST_04311,Mouse,3,16140,2026-02-25,Credit Card,Pune
FEB_002766,CUST_00165,Headphones,3,17617,2026-02-17,Cash on Delivery,Pune
FEB_002767,CUST_01443,Tablet,5,513,2026-02-03,Cash on Delivery,Chennai
FEB_002768,CUST_02534,Monitor,4,31840,2026-02-09,Cash on Delivery,Hyderabad
FEB_002769,CUST_01399,Smartwatch,5,23576,2026-02-20,Debit Card,Mumbai
FEB_002770,CUST_03935,Laptop,1,6960,2026-02-05,Credit Card,Chennai
FEB_002771,CUST_03240,Keyboard,4,986,2026-02-02,Debit Card,Bangalore
FEB_002772,CUST_02927,Smartwatch,3,7010,2026-02-10,Debit Card,Bangalore
FEB_002773,CUST_00732,Mouse,2,14659,2026-02-21,Cash on Delivery,Mumbai
FEB_002774,CUST_02581,Laptop,5,20181,2026-02-10,UPI,Delhi
FEB_002775,CUST_04547,Headphones,2,23463,2026-02-21,UPI,Bangalore
FEB_002776,CUST_00277,Smartphone,1,7348,2026-02-23,UPI,Hyderabad
FEB_002777,CUST_02821,Laptop,3,47859,2026-02-01,Debit Card,Pune
FEB_002778,CUST_04447,Smartphone,4,20191,2026-02-06,Debit Card,Hyderabad
FEB_002779,CUST_00287,Smartphone,1,41678,2026-02-23,Cash on Delivery,Pune
FEB_002780,CUST_02716,Monitor,1,38143,2026-02-08,Cash on Delivery,Delhi
FEB_002781,CUST_01560,Mouse,3,23612,2026-02-13,Debit Card,Chennai
FEB_002782,CUST_04520,Headphones,3,32580,2026-02-12,Cash on Delivery,Hyderabad
FEB_002783,CUST_02591,Mouse,3,38814,2026-02-05,Cash on Delivery,Delhi
FEB_002784,CUST_00393,Monitor,1,8134,2026-02-05,UPI,Chennai
FEB_002785,CUST_00184,Headphones,4,34173,2026-02-01,Debit Card,Pune
FEB_002786,CUST_03575,Tablet,4,32585,2026-02-19,Cash on Delivery,Pune
FEB_002787,CUST_04785,Headphones,1,8892,2026-02-04,Cash on Delivery,Chennai
FEB_002788,CUST_03601,Tablet,3,22952,2026-02-08,Debit Card,Pune
FEB_002789,CUST_03628,Mouse,2,6995,2026-02-25,Credit Card,Chennai
FEB_002790,CUST_03643,Smartphone,1,26432,2026-02-13,Credit Card,Bangalore
FEB_002791,CUST_02747,Headphones,2,39961,2026-02-07,Credit Card,Hyderabad
FEB_002792,CUST_01368,Smartphone,5,31416,2026-02-13,Credit Card,Pune
FEB_002793,CUST_03826,Monitor,5,16566,2026-02-24,Cash on Delivery,Pune
FEB_002794,CUST_03918,Monitor,1,14398,2026-02-05,UPI,Bangalore
FEB_002795,CUST_03108,Headphones,1,31119,2026-02-17,UPI,Delhi
FEB_002796,CUST_04296,Mouse,4,43854,2026-02-28,Cash on Delivery,Pune
FEB_002797,CUST_02753,Mouse,1,29296,2026-02-18,Debit Card,Bangalore
FEB_002798,CUST_01739,Mouse,1,6965,2026-02-08,Credit Card,Delhi
FEB_002799,CUST_02456,Smartwatch,2,42587,2026-02-14,Debit Card,Mumbai
FEB_002800,CUST_04698,Smartwatch,4,45361,2026-02-13,Credit Card,Pune
FEB_002801,CUST_00051,Smartwatch,3,30384,2026-02-28,Debit Card,Mumbai
FEB_002802,CUST_02790,Monitor,1,14859,2026-02-23,Cash on Delivery,Bangalore
FEB_002803,CUST_01017,Smartwatch,1,21362,2026-02-01,Debit Card,Chennai
FEB_002804,CUST_00356,Mouse,4,33514,2026-02-24,Cash on Delivery,Pune
FEB_002805,CUST_01087,Keyboard,4,48024,2026-02-03,Credit Card,Hyderabad
FEB_002806,CUST_01944,Monitor,4,26442,2026-02-16,Debit Card,Chennai
FEB_002807,CUST_01242,Smartwatch,3,14094,2026-02-09,UPI,Hyderabad
FEB_002808,CUST_02326,Tablet,1,32749,2026-02-11,Cash on Delivery,Bangalore
FEB_002809,CUST_00789,Smartwatch,5,27886,2026-02-24,Cash on Delivery,Bangalore
FEB_002810,CUST_02276,Smartwatch,1,45389,2026-02-23,Debit Card,Mumbai
FEB_002811,CUST_03542,Laptop,1,36673,2026-02-22,UPI,Bangalore
FEB_002812,CUST_01669,Monitor,5,15146,2026-02-10,Debit Card,Pune
FEB_002813,CUST_00869,Laptop,1,27516,2026-02-25,Cash on Delivery,Mumbai
FEB_002814,CUST_03658,Smartwatch,1,16344,2026-02-26,Debit Card,Bangalore
FEB_002815,CUST_00160,Laptop,4,41924,2026-02-08,Credit Card,Bangalore
FEB_002816,CUST_02947,Headphones,4,18304,2026-02-03,Credit Card,Pune
FEB_002817,CUST_01159,Smartphone,2,13360,2026-02-03,UPI,Hyderabad
FEB_002818,CUST_01975,Laptop,1,49659,2026-02-10,UPI,Hyderabad
FEB_002819,CUST_02882,Keyboard,4,19682,2026-02-16,UPI,Delhi
FEB_002820,CUST_03423,Laptop,1,10779,2026-02-24,Cash on Delivery,Pune
FEB_002821,CUST_03600,Mouse,3,45003,2026-02-28,Cash on Delivery,Mumbai
FEB_002822,CUST_04278,Mouse,2,49777,2026-02-27,UPI,Chennai
FEB_002823,CUST_02412,Tablet,5,8710,2026-02-05,UPI,Delhi
FEB_002824,CUST_04598,Headphones,3,12976,2026-02-25,Cash on Delivery,Bangalore
FEB_002825,CUST_02605,Headphones,2,1626,2026-02-26,Debit Card,Delhi
FEB_002826,CUST_04410,Mouse,5,4273,2026-02-26,Credit Card,Mumbai
FEB_002827,CUST_02891,Smartphone,3,30743,2026-02-06,UPI,Chennai
FEB_002828,CUST_00515,Monitor,3,27077,2026-02-27,Cash on Delivery,Delhi
FEB_002829,CUST_04895,Laptop,3,20118,2026-02-07,UPI,Hyderabad
FEB_002830,CUST_00306,Tablet,1,49642,2026-02-12,UPI,Delhi
FEB_002831,CUST_01637,Monitor,1,17255,2026-02-17,Cash on Delivery,Delhi
FEB_002832,CUST_02381,Tablet,4,24290,2026-02-12,Debit Card,Hyderabad
FEB_002833,CUST_04542,Monitor,3,46578,2026-02-23,Cash on Delivery,Chennai
FEB_002834,CUST_00016,Smartwatch,5,15356,2026-02-06,Debit Card,Hyderabad
FEB_002835,CUST_03969,Keyboard,4,1313,2026-02-13,Credit Card,Mumbai
FEB_002836,CUST_04889,Tablet,4,8110,2026-02-23,Cash on Delivery,Bangalore
FEB_002837,CUST_01135,Smartwatch,3,47413,2026-02-07,UPI,Chennai
FEB_002838,CUST_01518,Monitor,3,8060,2026-02-06,Debit Card,Bangalore
FEB_002839,CUST_04165,Monitor,1,8342,2026-02-18,Credit Card,Hyderabad
FEB_002840,CUST_04672,Laptop,5,6280,2026-02-19,UPI,Mumbai
FEB_002841,CUST_01398,Smartwatch,2,38393,2026-02-02,UPI,Mumbai
FEB_002842,CUST_00837,Laptop,4,47317,2026-02-22,Credit Card,Hyderabad
FEB_002843,CUST_04596,Keyboard,3,224,2026-02-09,Credit Card,Hyderabad
FEB_002844,CUST_03469,Laptop,4,43219,2026-02-02,Cash on Delivery,Mumbai
FEB_002845,CUST_03783,Headphones,5,32066,2026-02-18,UPI,Delhi
FEB_002846,CUST_02576,Laptop,3,35935,2026-02-09,Credit Card,Pune
FEB_002847,CUST_01405,Mouse,3,26400,2026-02-02,Debit Card,Pune
FEB_002848,CUST_01700,Tablet,3,12039,2026-02-27,Credit Card,Bangalore
FEB_002849,CUST_04029,Keyboard,1,20471,2026-02-16,Credit Card,Mumbai
FEB_002850,CUST_02632,Keyboard,5,10700,2026-02-09,Credit Card,Delhi
FEB_002851,CUST_00743,Keyboard,1,4692,2026-02-06,Credit Card,Hyderabad
FEB_002852,CUST_03146,Headphones,2,26235,2026-02-25,Cash on Delivery,Delhi
FEB_002853,CUST_02815,Smartwatch,1,4387,2026-02-08,Debit Card,Delhi
FEB_002854,CUST_00805,Mouse,4,21668,2026-02-14,Cash on Delivery,Delhi
FEB_002855,CUST_03667,Headphones,2,23619,2026-02-19,Debit Card,Delhi
FEB_002856,CUST_04357,Mouse,3,20378,2026-02-03,Cash on Delivery,Hyderabad
FEB_002857,CUST_02449,Keyboard,3,25885,2026-02-02,Credit Card,Bangalore
FEB_002858,CUST_00809,Smartwatch,5,42405,2026-02-16,UPI,Mumbai
FEB_002859,CUST_03868,Tablet,1,3997,2026-02-28,Cash on Delivery,Hyderabad
FEB_002860,CUST_03005,Mouse,1,26126,2026-02-13,Debit Card,Mumbai
FEB_002861,CUST_01193,Keyboard,3,26595,2026-02-02,Debit Card,Mumbai
FEB_002862,CUST_00277,Tablet,4,7407,2026-02-10,Debit Card,Delhi
FEB_002863,CUST_00186,Monitor,3,16255,2026-02-03,Debit Card,Pune
FEB_002864,CUST_00704,Keyboard,4,6774,2026-02-26,Credit Card,Pune
FEB_002865,CUST_04843,Tablet,5,37752,2026-02-09,Credit Card,Delhi
FEB_002866,CUST_00836,Laptop,5,2983,2026-02-20,Cash on Delivery,Chennai
FEB_002867,CUST_03044,Monitor,5,41352,2026-02-18,UPI,Pune
FEB_002868,CUST_01428,Headphones,1,30481,2026-02-20,Cash on Delivery,Hyderabad
FEB_002869,CUST_03515,Laptop,2,35016,2026-02-27,Credit Card,Bangalore
FEB_002870,CUST_04304,Smartwatch,2,27036,2026-02-16,Debit Card,Chennai
FEB_002871,CUST_00688,Smartwatch,1,21951,2026-02-26,UPI,Mumbai
FEB_002872,CUST_03372,Laptop,3,1045,2026-02-18,Credit Card,Bangalore
FEB_002873,CUST_00108,Tablet,5,26808,2026-02-02,UPI,Mumbai
FEB_002874,CUST_02090,Laptop,4,28434,2026-02-23,Cash on Delivery,Mumbai
FEB_002875,CUST_02468,Tablet,1,2435,2026-02-08,Credit Card,Chennai
FEB_002876,CUST_03960,Mouse,4,18725,2026-02-07,Cash on Delivery,Delhi
FEB_002877,CUST_02847,Laptop,4,17267,2026-02-05,Cash on Delivery,Chennai
FEB_002878,CUST_00768,Keyboard,5,48768,2026-02-06,Credit Card,Pune
FEB_002879,CUST_02615,Keyboard,1,5112,2026-02-22,Cash on Delivery,Hyderabad
FEB_002880,CUST_02087,Tablet,1,29131,2026-02-26,UPI,Hyderabad
FEB_002881,CUST_01052,Monitor,4,21635,2026-02-19,UPI,Mumbai
FEB_002882,CUST_00635,Mouse,3,45557,2026-02-15,UPI,Delhi
FEB_002883,CUST_01458,Tablet,3,41616,2026-02-10,Cash on Delivery,Chennai
FEB_002884,CUST_00928,Smartphone,1,8386,2026-02-07,Cash on Delivery,Chennai
FEB_002885,CUST_00020,Headphones,4,40319,2026-02-13,UPI,Pune
FEB_002886,CUST_03396,Smartphone,3,18356,2026-02-05,UPI,Hyderabad
FEB_002887,CUST_03002,Smartwatch,5,5636,2026-02-17,UPI,Delhi
FEB_002888,CUST_01654,Mouse,5,8189,2026-02-19,UPI,Mumbai
FEB_002889,CUST_01568,Mouse,3,13969,2026-02-08,Credit Card,Mumbai
FEB_002890,CUST_03898,Mouse,2,9665,2026-02-21,UPI,Chennai
FEB_002891,CUST_04773,Smartphone,1,23865,2026-02-12,Cash on Delivery,Hyderabad
FEB_002892,CUST_00737,Keyboard,4,44415,2026-02-25,Cash on Delivery,Pune
FEB_002893,CUST_04905,Monitor,2,29200,2026-02-17,Credit Card,Hyderabad
FEB_002894,CUST_03197,Keyboard,5,25244,2026-02-02,Credit Card,Bangalore
FEB_002895,CUST_00610,Tablet,2,40382,2026-02-17,Cash on Delivery,Mumbai
FEB_002896,CUST_00555,Smartphone,3,48919,2026-02-07,Credit Card,Bangalore
FEB_002897,CUST_04414,Mouse,2,18461,2026-02-02,Credit Card,Mumbai
FEB_002898,CUST_00961,Headphones,1,45580,2026-02-28,Credit Card,Hyderabad
FEB_002899,CUST_01380,Smartphone,3,23120,2026-02-17,Debit Card,Chennai
FEB_002900,CUST_02623,Mouse,2,13916,2026-02-02,Credit Card,Mumbai
FEB_002901,CUST_02628,Monitor,3,12801,2026-02-05,Credit Card,Pune
FEB_002902,CUST_02393,Keyboard,5,12225,2026-02-09,Credit Card,Mumbai
FEB_002903,CUST_04215,Smartphone,1,21848,2026-02-15,UPI,Hyderabad
FEB_002904,CUST_04566,Mouse,1,48972,2026-02-19,UPI,Chennai
FEB_002905,CUST_03780,Headphones,2,14218,2026-02-21,Cash on Delivery,Hyderabad
FEB_002906,CUST_03050,Smartphone,1,30612,2026-02-08,Credit Card,Hyderabad
FEB_002907,CUST_00516,Monitor,2,19117,2026-02-12,Credit Card,Bangalore
FEB_002908,CUST_03911,Mouse,1,22800,2026-02-14,Debit Card,Pune
FEB_002909,CUST_02472,Smartwatch,1,29323,2026-02-01,Debit Card,Bangalore
FEB_002910,CUST_03358,Keyboard,4,36612,2026-02-11,UPI,Mumbai
FEB_002911,CUST_03969,Smartphone,3,6072,2026-02-17,Credit Card,Mumbai
FEB_002912,CUST_03245,Keyboard,3,2521,2026-02-01,Cash on Delivery,Mumbai
FEB_002913,CUST_04811,Headphones,4,9952,2026-02-06,Credit Card,Chennai
FEB_002914,CUST_04451,Smartphone,3,28976,2026-02-04,Cash on Delivery,Chennai
FEB_002915,CUST_02354,Headphones,2,30828,2026-02-14,Debit Card,Mumbai
FEB_002916,CUST_04616,Laptop,3,30399,2026-02-15,Debit Card,Bangalore
FEB_002917,CUST_01615,Laptop,2,13858,2026-02-06,Debit Card,Pune
FEB_002918,CUST_00864,Headphones,2,11155,2026-02-01,UPI,Mumbai
FEB_002919,CUST_00848,Smartphone,2,17662,2026-02-26,Credit Card,Bangalore
FEB_002920,CUST_02906,Headphones,2,5686,2026-02-04,Credit Card,Mumbai
FEB_002921,CUST_03038,Smartphone,1,3062,2026-02-25,UPI,Pune
FEB_002922,CUST_04442,Monitor,1,25620,2026-02-20,Cash on Delivery,Bangalore
FEB_002923,CUST_01856,Monitor,4,6353,2026-02-20,Debit Card,Mumbai
FEB_002924,CUST_04494,Smartphone,3,44461,2026-02-01,Debit Card,Delhi
FEB_002925,CUST_04517,Smartwatch,1,26575,2026-02-21,Credit Card,Mumbai
FEB_002926,CUST_02515,Mouse,4,47594,2026-02-16,UPI,Chennai
FEB_002927,CUST_04917,Monitor,2,9299,2026-02-09,Debit Card,Hyderabad
FEB_002928,CUST_02163,Tablet,4,15219,2026-02-20,UPI,Chennai
FEB_002929,CUST_00388,Tablet,4,37479,2026-02-01,Debit Card,Mumbai
FEB_002930,CUST_03425,Monitor,5,30642,2026-02-23,UPI,Pune
FEB_002931,CUST_02854,Headphones,5,23011,2026-02-03,UPI,Chennai
FEB_002932,CUST_02754,Mouse,1,41797,2026-02-08,Cash on Delivery,Chennai
FEB_002933,CUST_02722,Keyboard,1,18336,2026-02-17,Debit Card,Bangalore
FEB_002934,CUST_03812,Monitor,5,33824,2026-02-13,UPI,Hyderabad
FEB_002935,CUST_03307,Keyboard,2,42138,2026-02-21,Debit Card,Pune
FEB_002936,CUST_01629,Monitor,1,35354,2026-02-07,Debit Card,Mumbai
FEB_002937,CUST_00944,Headphones,4,17229,2026-02-28,UPI,Chennai
FEB_002938,CUST_03445,Monitor,2,1817,2026-02-05,Debit Card,Chennai
FEB_002939,CUST_03389,Laptop,3,45681,2026-02-22,Credit Card,Delhi
FEB_002940,CUST_00528,Tablet,3,26506,2026-02-21,Debit Card,Chennai
FEB_002941,CUST_04349,Headphones,3,26996,2026-02-07,UPI,Delhi
FEB_002942,CUST_04309,Tablet,4,6215,2026-02-25,Cash on Delivery,Pune
FEB_002943,CUST_04401,Smartphone,2,33389,2026-02-14,UPI,Mumbai
FEB_002944,CUST_00323,Tablet,3,2332,2026-02-05,Credit Card,Hyderabad
FEB_002945,CUST_04769,Keyboard,4,22011,2026-02-19,UPI,Mumbai
FEB_002946,CUST_02041,Smartphone,5,1578,2026-02-24,Debit Card,Chennai
FEB_002947,CUST_04555,Headphones,3,34526,2026-02-18,Debit Card,Delhi
FEB_002948,CUST_00155,Smartwatch,3,8465,2026-02-06,UPI,Chennai
FEB_002949,CUST_02400,Smartwatch,1,11980,2026-02-16,Debit Card,Chennai
FEB_002950,CUST_03892,Smartphone,1,45459,2026-02-08,Cash on Delivery,Hyderabad
FEB_002951,CUST_04981,Tablet,2,29144,2026-02-02,Credit Card,Delhi
FEB_002952,CUST_04100,Monitor,3,32457,2026-02-21,Cash on Delivery,Hyderabad
FEB_002953,CUST_02186,Mouse,1,34427,2026-02-16,Debit Card,Delhi
FEB_002954,CUST_01477,Smartwatch,1,39623,2026-02-25,Credit Card,Chennai
FEB_002955,CUST_03348,Laptop,4,22409,2026-02-05,Cash on Delivery,Chennai
FEB_002956,CUST_01305,Smartwatch,4,9823,2026-02-17,Credit Card,Bangalore
FEB_002957,CUST_03777,Smartwatch,5,3032,2026-02-04,Debit Card,Delhi
FEB_002958,CUST_04416,Tablet,5,44895,2026-02-17,Credit Card,Bangalore
FEB_002959,CUST_04672,Smartwatch,4,45493,2026-02-26,Credit Card,Pune
FEB_002960,CUST_00998,Monitor,3,8306,2026-02-10,Debit Card,Chennai
FEB_002961,CUST_03893,Smartwatch,2,26695,2026-02-03,Cash on Delivery,Chennai
FEB_002962,CUST_01440,Headphones,3,32027,2026-02-27,Cash on Delivery,Bangalore
FEB_002963,CUST_02754,Smartphone,3,28438,2026-02-11,Debit Card,Hyderabad
FEB_002964,CUST_04142,Keyboard,1,17803,2026-02-19,Credit Card,Mumbai
FEB_002965,CUST_04870,Monitor,2,10574,2026-02-20,UPI,Hyderabad
FEB_002966,CUST_01942,Smartphone,3,45190,2026-02-19,Credit Card,Mumbai
FEB_002967,CUST_04190,Smartwatch,3,17433,2026-02-11,Credit Card,Delhi
FEB_002968,CUST_04123,Laptop,4,32931,2026-02-22,UPI,Hyderabad
FEB_002969,CUST_04038,Mouse,2,24034,2026-02-04,UPI,Hyderabad
FEB_002970,CUST_03492,Tablet,3,43881,2026-02-28,Cash on Delivery,Chennai
FEB_002971,CUST_03886,Smartphone,4,43184,2026-02-22,Debit Card,Pune
FEB_002972,CUST_02460,Laptop,5,30143,2026-02-05,Debit Card,Hyderabad
FEB_002973,CUST_00886,Keyboard,5,15278,2026-02-13,Debit Card,Chennai
FEB_002974,CUST_04758,Monitor,1,3383,2026-02-09,Debit Card,Bangalore
FEB_002975,CUST_00526,Monitor,1,835,2026-02-28,Cash on Delivery,Mumbai
FEB_002976,CUST_00065,Tablet,5,34234,2026-02-07,Debit Card,Delhi
FEB_002977,CUST_03084,Keyboard,3,34685,2026-02-25,Cash on Delivery,Mumbai
FEB_002978,CUST_03510,Monitor,5,33671,2026-02-11,Cash on Delivery,Hyderabad
FEB_002979,CUST_01582,Mouse,1,41407,2026-02-26,Debit Card,Hyderabad
FEB_002980,CUST_04954,Keyboard,5,46754,2026-02-13,Debit Card,Mumbai
FEB_002981,CUST_03890,Laptop,4,34388,2026-02-07,Cash on Delivery,Mumbai
FEB_002982,CUST_01557,Laptop,1,18526,2026-02-08,UPI,Mumbai
FEB_002983,CUST_01228,Smartwatch,1,28474,2026-02-17,UPI,Chennai
FEB_002984,CUST_01370,Smartphone,4,40776,2026-02-17,Cash on Delivery,Chennai
FEB_002985,CUST_03272,Tablet,1,22675,2026-02-09,Cash on Delivery,Bangalore
FEB_002986,CUST_00002,Monitor,1,42623,2026-02-06,UPI,Hyderabad
FEB_002987,CUST_00076,Laptop,1,34826,2026-02-02,Credit Card,Chennai
FEB_002988,CUST_03272,Headphones,1,7926,2026-02-01,UPI,Hyderabad
FEB_002989,CUST_00065,Smartwatch,5,36773,2026-02-20,Cash on Delivery,Mumbai
FEB_002990,CUST_04970,Laptop,5,3748,2026-02-24,Debit Card,Delhi
FEB_002991,CUST_01227,Smartwatch,4,14840,2026-02-08,Debit Card,Bangalore
FEB_002992,CUST_02529,Monitor,1,41799,2026-02-13,Debit Card,Mumbai
FEB_002993,CUST_03922,Mouse,2,42421,2026-02-23,Debit Card,Hyderabad
FEB_002994,CUST_01031,Laptop,2,4302,2026-02-05,Credit Card,Hyderabad
FEB_002995,CUST_02677,Headphones,1,31159,2026-02-21,Cash on Delivery,Bangalore
FEB_002996,CUST_02035,Monitor,5,14368,2026-02-22,Credit Card,Bangalore
FEB_002997,CUST_01002,Keyboard,4,2823,2026-02-14,UPI,Bangalore
FEB_002998,CUST_03936,Mouse,3,5787,2026-02-15,Cash on Delivery,Chennai
FEB_002999,CUST_00959,Mouse,3,47824,2026-02-05,Debit Card,Pune
FEB_003000,CUST_04237,Mouse,4,42531,2026-02-21,UPI,Chennai
FEB_003001,CUST_04691,Keyboard,4,47955,2026-02-21,UPI,Chennai
FEB_003002,CUST_02638,Smartwatch,5,11387,2026-02-22,Cash on Delivery,Hyderabad
FEB_003003,CUST_00525,Mouse,1,24187,2026-02-28,Debit Card,Pune
FEB_003004,CUST_00705,Mouse,3,30035,2026-02-01,UPI,Mumbai
FEB_003005,CUST_00134,Smartphone,4,12626,2026-02-10,Credit Card,Chennai
FEB_003006,CUST_04800,Smartphone,1,41930,2026-02-11,Credit Card,Hyderabad
FEB_003007,CUST_03448,Smartphone,2,8042,2026-02-21,Credit Card,Hyderabad
FEB_003008,CUST_02698,Tablet,1,6127,2026-02-11,Cash on Delivery,Mumbai
FEB_003009,CUST_03500,Smartphone,5,40864,2026-02-04,Debit Card,Hyderabad
FEB_003010,CUST_01388,Monitor,2,21492,2026-02-10,Credit Card,Bangalore
FEB_003011,CUST_03685,Laptop,5,19900,2026-02-08,Credit Card,Mumbai
FEB_003012,CUST_03180,Monitor,5,38566,2026-02-27,Debit Card,Pune
FEB_003013,CUST_02297,Mouse,1,36194,2026-02-22,UPI,Pune
FEB_003014,CUST_04768,Monitor,5,39940,2026-02-19,Credit Card,Pune
FEB_003015,CUST_04247,Headphones,1,42453,2026-02-22,Debit Card,Bangalore
FEB_003016,CUST_04745,Smartwatch,2,959,2026-02-28,Credit Card,Hyderabad
FEB_003017,CUST_03922,Tablet,2,43265,2026-02-23,Debit Card,Mumbai
FEB_003018,CUST_04103,Keyboard,2,36944,2026-02-18,Debit Card,Delhi
FEB_003019,CUST_04804,Smartphone,1,11888,2026-02-10,Cash on Delivery,Delhi
FEB_003020,CUST_04470,Smartwatch,3,39009,2026-02-20,Credit Card,Bangalore
FEB_003021,CUST_02114,Tablet,1,29523,2026-02-10,Debit Card,Bangalore
FEB_003022,CUST_02961,Keyboard,5,36020,2026-02-10,Credit Card,Delhi
FEB_003023,CUST_02225,Laptop,5,8113,2026-02-08,Cash on Delivery,Mumbai
FEB_003024,CUST_04116,Monitor,4,20205,2026-02-25,Credit Card,Hyderabad
FEB_003025,CUST_03507,Tablet,5,10023,2026-02-05,Credit Card,Chennai
FEB_003026,CUST_04756,Tablet,4,34569,2026-02-12,UPI,Chennai
FEB_003027,CUST_04542,Smartphone,1,23530,2026-02-19,UPI,Pune
FEB_003028,CUST_00893,Mouse,4,38368,2026-02-08,Credit Card,Hyderabad
FEB_003029,CUST_01795,Keyboard,5,24889,2026-02-27,Credit Card,Bangalore
FEB_003030,CUST_04132,Tablet,2,14890,2026-02-12,Cash on Delivery,Delhi
FEB_003031,CUST_03073,Headphones,5,21899,2026-02-21,Debit Card,Pune
FEB_003032,CUST_04814,Smartphone,1,42126,2026-02-26,Debit Card,Bangalore
FEB_003033,CUST_02958,Tablet,2,35047,2026-02-16,Cash on Delivery,Hyderabad
FEB_003034,CUST_00244,Monitor,1,45594,2026-02-17,Cash on Delivery,Bangalore
FEB_003035,CUST_00790,Smartphone,3,11866,2026-02-11,Debit Card,Chennai
FEB_003036,CUST_00610,Tablet,1,1418,2026-02-27,UPI,Mumbai
FEB_003037,CUST_01626,Laptop,1,16282,2026-02-25,Debit Card,Pune
FEB_003038,CUST_03890,Monitor,1,30595,2026-02-05,Credit Card,Hyderabad
FEB_003039,CUST_01818,Headphones,3,41120,2026-02-13,Debit Card,Hyderabad
FEB_003040,CUST_04134,Keyboard,4,49857,2026-02-16,UPI,Pune
FEB_003041,CUST_00342,Headphones,5,33310,2026-02-22,Debit Card,Pune
FEB_003042,CUST_03023,Monitor,5,12234,2026-02-21,UPI,Bangalore
FEB_003043,CUST_03308,Smartphone,4,48393,2026-02-25,Credit Card,Chennai
FEB_003044,CUST_00684,Smartphone,2,33892,2026-02-01,Cash on Delivery,Delhi
FEB_003045,CUST_03969,Headphones,5,16277,2026-02-04,Cash on Delivery,Mumbai
FEB_003046,CUST_04973,Smartwatch,4,35514,2026-02-14,Debit Card,Bangalore
FEB_003047,CUST_04039,Mouse,5,16085,2026-02-18,UPI,Chennai
FEB_003048,CUST_01620,Headphones,2,2107,2026-02-07,Cash on Delivery,Delhi
FEB_003049,CUST_04536,Laptop,4,10706,2026-02-09,Cash on Delivery,Bangalore
FEB_003050,CUST_02752,Monitor,4,37599,2026-02-07,Credit Card,Delhi
FEB_003051,CUST_04008,Mouse,2,19181,2026-02-17,Credit Card,Mumbai
FEB_003052,CUST_02710,Laptop,2,18954,2026-02-26,UPI,Hyderabad
FEB_003053,CUST_00043,Monitor,1,36849,2026-02-27,Credit Card,Pune
FEB_003054,CUST_02336,Monitor,1,13043,2026-02-28,Cash on Delivery,Delhi
FEB_003055,CUST_00102,Headphones,4,37443,2026-02-12,Credit Card,Bangalore
FEB_003056,CUST_01327,Smartwatch,1,31114,2026-02-23,Debit Card,Mumbai
FEB_003057,CUST_02093,Smartphone,5,35857,2026-02-12,Credit Card,Pune
FEB_003058,CUST_04156,Tablet,1,3809,2026-02-06,Credit Card,Mumbai
FEB_003059,CUST_01784,Smartwatch,1,14360,2026-02-28,Credit Card,Delhi
FEB_003060,CUST_01773,Tablet,3,44609,2026-02-05,Debit Card,Bangalore
FEB_003061,CUST_01316,Headphones,4,27756,2026-02-04,UPI,Chennai
FEB_003062,CUST_04377,Smartwatch,4,691,2026-02-27,Cash on Delivery,Pune
FEB_003063,CUST_02381,Mouse,2,428,2026-02-13,Cash on Delivery,Mumbai
FEB_003064,CUST_04008,Smartphone,2,42518,2026-02-16,Debit Card,Pune
FEB_003065,CUST_01278,Keyboard,2,5968,2026-02-19,Credit Card,Hyderabad
FEB_003066,CUST_04780,Monitor,1,6012,2026-02-20,Cash on Delivery,Pune
FEB_003067,CUST_00023,Monitor,3,8550,2026-02-22,Credit Card,Mumbai
FEB_003068,CUST_01350,Smartwatch,2,23363,2026-02-04,Cash on Delivery,Bangalore
FEB_003069,CUST_04883,Mouse,4,26524,2026-02-17,Cash on Delivery,Bangalore
FEB_003070,CUST_02667,Monitor,1,23977,2026-02-13,Cash on Delivery,Bangalore
FEB_003071,CUST_00517,Mouse,2,16879,2026-02-22,Credit Card,Bangalore
FEB_003072,CUST_04107,Headphones,3,43812,2026-02-09,UPI,Hyderabad
FEB_003073,CUST_00516,Smartphone,3,20275,2026-02-12,Debit Card,Chennai
FEB_003074,CUST_03062,Laptop,3,27927,2026-02-23,Debit Card,Delhi
FEB_003075,CUST_01401,Monitor,3,43079,2026-02-09,Credit Card,Delhi
FEB_003076,CUST_04106,Laptop,2,46462,2026-02-25,Credit Card,Chennai
FEB_003077,CUST_01393,Tablet,3,36957,2026-02-01,UPI,Bangalore
FEB_003078,CUST_04867,Smartwatch,5,29667,2026-02-15,Credit Card,Delhi
FEB_003079,CUST_02824,Headphones,1,6740,2026-02-25,Cash on Delivery,Chennai
FEB_003080,CUST_00737,Smartphone,1,45048,2026-02-28,Cash on Delivery,Chennai
FEB_003081,CUST_00318,Headphones,5,27901,2026-02-07,Cash on Delivery,Pune
FEB_003082,CUST_02817,Keyboard,3,46263,2026-02-27,UPI,Hyderabad
FEB_003083,CUST_04744,Monitor,4,40774,2026-02-27,UPI,Pune
FEB_003084,CUST_01297,Smartphone,3,34310,2026-02-15,Cash on Delivery,Hyderabad
FEB_003085,CUST_01349,Keyboard,5,46569,2026-02-18,Debit Card,Bangalore
FEB_003086,CUST_02825,Smartphone,1,44048,2026-02-04,Credit Card,Bangalore
FEB_003087,CUST_03466,Tablet,2,3402,2026-02-13,UPI,Bangalore
FEB_003088,CUST_00033,Smartphone,2,48094,2026-02-18,Cash on Delivery,Delhi
FEB_003089,CUST_04037,Mouse,4,1123,2026-02-28,UPI,Mumbai
FEB_003090,CUST_00999,Smartphone,3,28717,2026-02-25,Cash on Delivery,Delhi
FEB_003091,CUST_00987,Smartphone,1,48269,2026-02-21,Debit Card,Hyderabad
FEB_003092,CUST_02794,Tablet,5,42586,2026-02-12,Credit Card,Hyderabad
FEB_003093,CUST_01838,Smartphone,2,16586,2026-02-22,UPI,Mumbai
FEB_003094,CUST_02344,Tablet,4,25506,2026-02-26,Cash on Delivery,Bangalore
FEB_003095,CUST_02166,Smartwatch,1,21941,2026-02-18,UPI,Mumbai
FEB_003096,CUST_02455,Monitor,2,37819,2026-02-04,Cash on Delivery,Pune
FEB_003097,CUST_00839,Tablet,2,48639,2026-02-26,UPI,Bangalore
FEB_003098,CUST_00807,Smartphone,2,33250,2026-02-07,Cash on Delivery,Bangalore
FEB_003099,CUST_04621,Keyboard,1,41923,2026-02-01,UPI,Pune
FEB_003100,CUST_00860,Tablet,2,22537,2026-02-14,Debit Card,Pune
FEB_003101,CUST_04009,Smartphone,4,31477,2026-02-20,Cash on Delivery,Delhi
FEB_003102,CUST_00931,Smartwatch,4,19136,2026-02-28,UPI,Mumbai
FEB_003103,CUST_03186,Headphones,3,37147,2026-02-26,Debit Card,Delhi
FEB_003104,CUST_02946,Mouse,4,40305,2026-02-09,Cash on Delivery,Delhi
FEB_003105,CUST_00255,Keyboard,4,10348,2026-02-18,Debit Card,Hyderabad
FEB_003106,CUST_03515,Smartphone,4,47471,2026-02-12,Credit Card,Chennai
FEB_003107,CUST_02587,Laptop,1,20245,2026-02-22,UPI,Pune
FEB_003108,CUST_01386,Tablet,1,49354,2026-02-02,Credit Card,Chennai
FEB_003109,CUST_02268,Smartwatch,3,46175,2026-02-28,Cash on Delivery,Chennai
FEB_003110,CUST_00354,Monitor,2,32878,2026-02-03,Credit Card,Delhi
FEB_003111,CUST_04088,Monitor,3,13067,2026-02-22,Debit Card,Bangalore
FEB_003112,CUST_03951,Laptop,1,21119,2026-02-16,Credit Card,Chennai
FEB_003113,CUST_00090,Tablet,3,35159,2026-02-27,Cash on Delivery,Hyderabad
FEB_003114,CUST_01769,Monitor,5,34410,2026-02-23,Credit Card,Hyderabad
FEB_003115,CUST_04522,Mouse,4,39462,2026-02-16,UPI,Pune
FEB_003116,CUST_03307,Smartwatch,3,37627,2026-02-22,UPI,Bangalore
FEB_003117,CUST_02121,Monitor,1,15039,2026-02-10,Credit Card,Pune
FEB_003118,CUST_01012,Headphones,3,41780,2026-02-07,UPI,Bangalore
FEB_003119,CUST_01304,Tablet,3,8604,2026-02-27,Debit Card,Hyderabad
FEB_003120,CUST_00843,Monitor,5,25103,2026-02-19,Debit Card,Bangalore
FEB_003121,CUST_04441,Headphones,4,14420,2026-02-11,Cash on Delivery,Pune
FEB_003122,CUST_00192,Mouse,1,28780,2026-02-06,Credit Card,Hyderabad
FEB_003123,CUST_02186,Headphones,3,8008,2026-02-23,Debit Card,Mumbai
FEB_003124,CUST_04302,Laptop,1,25598,2026-02-10,UPI,Chennai
FEB_003125,CUST_00108,Tablet,4,8472,2026-02-16,Debit Card,Mumbai
FEB_003126,CUST_01045,Keyboard,2,41664,2026-02-17,UPI,Mumbai
FEB_003127,CUST_04735,Headphones,4,14525,2026-02-22,Credit Card,Hyderabad
FEB_003128,CUST_01255,Headphones,3,32572,2026-02-11,UPI,Delhi
FEB_003129,CUST_03279,Tablet,2,4584,2026-02-23,Credit Card,Bangalore
FEB_003130,CUST_00618,Monitor,4,32390,2026-02-16,Credit Card,Pune
FEB_003131,CUST_03934,Monitor,2,26807,2026-02-04,Credit Card,Hyderabad
FEB_003132,CUST_04416,Smartwatch,5,3011,2026-02-15,Credit Card,Chennai
FEB_003133,CUST_04313,Mouse,2,40424,2026-02-04,Cash on Delivery,Hyderabad
FEB_003134,CUST_01310,Keyboard,2,27182,2026-02-06,UPI,Hyderabad
FEB_003135,CUST_03616,Smartphone,4,36104,2026-02-11,Credit Card,Mumbai
FEB_003136,CUST_01591,Laptop,3,25033,2026-02-02,Debit Card,Bangalore
FEB_003137,CUST_02635,Smartwatch,5,38186,2026-02-03,Cash on Delivery,Bangalore
FEB_003138,CUST_01219,Tablet,3,42399,2026-02-17,Credit Card,Pune
FEB_003139,CUST_01573,Smartphone,5,43130,2026-02-22,Credit Card,Pune
FEB_003140,CUST_00149,Headphones,1,21606,2026-02-20,Cash on Delivery,Delhi
FEB_003141,CUST_01266,Laptop,5,13900,2026-02-27,Cash on Delivery,Mumbai
FEB_003142,CUST_03093,Headphones,2,33189,2026-02-28,Cash on Delivery,Hyderabad
FEB_003143,CUST_03871,Keyboard,1,4404,2026-02-10,UPI,Hyderabad
FEB_003144,CUST_01055,Laptop,3,34322,2026-02-17,UPI,Chennai
FEB_003145,CUST_00521,Keyboard,2,28317,2026-02-04,Credit Card,Hyderabad
FEB_003146,CUST_03026,Tablet,1,6958,2026-02-18,Debit Card,Hyderabad
FEB_003147,CUST_04954,Smartwatch,4,7280,2026-02-24,Cash on Delivery,Bangalore
FEB_003148,CUST_03546,Keyboard,1,11052,2026-02-06,Cash on Delivery,Chennai
FEB_003149,CUST_04305,Laptop,2,9287,2026-02-20,Cash on Delivery,Pune
FEB_003150,CUST_01714,Smartwatch,4,25386,2026-02-27,Credit Card,Hyderabad
FEB_003151,CUST_04730,Smartphone,2,30120,2026-02-01,Debit Card,Mumbai
FEB_003152,CUST_01302,Keyboard,5,44993,2026-02-27,UPI,Pune
FEB_003153,CUST_02826,Smartwatch,4,14185,2026-02-15,Debit Card,Mumbai
FEB_003154,CUST_04369,Headphones,2,45665,2026-02-22,UPI,Pune
FEB_003155,CUST_04046,Keyboard,1,6434,2026-02-09,Credit Card,Bangalore
FEB_003156,CUST_00227,Tablet,3,33623,2026-02-19,Credit Card,Bangalore
FEB_003157,CUST_04484,Keyboard,2,23304,2026-02-04,Cash on Delivery,Chennai
FEB_003158,CUST_00255,Tablet,1,42493,2026-02-05,UPI,Mumbai
FEB_003159,CUST_03964,Keyboard,3,48803,2026-02-09,Credit Card,Chennai
FEB_003160,CUST_01419,Laptop,5,37579,2026-02-06,Debit Card,Hyderabad
FEB_003161,CUST_00085,Laptop,1,23843,2026-02-22,UPI,Chennai
FEB_003162,CUST_02323,Smartwatch,2,8539,2026-02-27,UPI,Chennai
FEB_003163,CUST_03439,Tablet,2,27076,2026-02-18,Debit Card,Delhi
FEB_003164,CUST_04377,Mouse,1,24602,2026-02-21,Credit Card,Delhi
FEB_003165,CUST_04822,Headphones,1,9055,2026-02-12,UPI,Mumbai
FEB_003166,CUST_03281,Monitor,1,23977,2026-02-13,UPI,Chennai
FEB_003167,CUST_04031,Tablet,2,16113,2026-02-09,Debit Card,Delhi
FEB_003168,CUST_03527,Smartwatch,4,18711,2026-02-22,Cash on Delivery,Hyderabad
FEB_003169,CUST_02385,Smartwatch,3,42933,2026-02-17,UPI,Delhi
FEB_003170,CUST_02935,Laptop,3,25291,2026-02-08,UPI,Pune
FEB_003171,CUST_00838,Monitor,2,29571,2026-02-27,Cash on Delivery,Bangalore
FEB_003172,CUST_03220,Laptop,2,2621,2026-02-02,Cash on Delivery,Bangalore
FEB_003173,CUST_04106,Monitor,4,40065,2026-02-23,Credit Card,Pune
FEB_003174,CUST_03395,Keyboard,2,11552,2026-02-20,UPI,Hyderabad
FEB_003175,CUST_02756,Tablet,4,15643,2026-02-09,Debit Card,Delhi
FEB_003176,CUST_02030,Tablet,1,11594,2026-02-28,Credit Card,Chennai
FEB_003177,CUST_00305,Smartwatch,1,39977,2026-02-08,Credit Card,Chennai
FEB_003178,CUST_03826,Laptop,4,8017,2026-02-23,Cash on Delivery,Hyderabad
FEB_003179,CUST_00390,Smartphone,5,30720,2026-02-24,UPI,Chennai
FEB_003180,CUST_04796,Keyboard,3,42789,2026-02-13,UPI,Mumbai
FEB_003181,CUST_02791,Smartwatch,4,44568,2026-02-11,Credit Card,Bangalore
FEB_003182,CUST_03691,Mouse,2,2479,2026-02-05,Cash on Delivery,Hyderabad
FEB_003183,CUST_01461,Tablet,1,30236,2026-02-10,UPI,Delhi
FEB_003184,CUST_02809,Smartwatch,3,36711,2026-02-15,Cash on Delivery,Chennai
FEB_003185,CUST_00922,Mouse,2,27257,2026-02-24,Debit Card,Hyderabad
FEB_003186,CUST_01894,Smartwatch,1,30412,2026-02-19,Debit Card,Hyderabad
FEB_003187,CUST_04101,Tablet,1,4103,2026-02-01,Credit Card,Bangalore
FEB_003188,CUST_04325,Headphones,5,7471,2026-02-04,Cash on Delivery,Mumbai
FEB_003189,CUST_02670,Keyboard,2,17376,2026-02-06,Debit Card,Mumbai
FEB_003190,CUST_00938,Laptop,2,11642,2026-02-28,UPI,Mumbai
FEB_003191,CUST_04611,Headphones,1,27150,2026-02-08,UPI,Pune
FEB_003192,CUST_01144,Headphones,5,40274,2026-02-19,Credit Card,Chennai
FEB_003193,CUST_04891,Tablet,2,27633,2026-02-01,Credit Card,Delhi
FEB_003194,CUST_04627,Keyboard,2,43780,2026-02-05,UPI,Mumbai
FEB_003195,CUST_01670,Headphones,5,45762,2026-02-05,Debit Card,Delhi
FEB_003196,CUST_01159,Mouse,1,2874,2026-02-04,Cash on Delivery,Delhi
FEB_003197,CUST_02217,Smartphone,4,20079,2026-02-05,Cash on Delivery,Mumbai
FEB_003198,CUST_03285,Mouse,5,45053,2026-02-01,Credit Card,Bangalore
FEB_003199,CUST_03559,Laptop,2,38991,2026-02-15,UPI,Pune
FEB_003200,CUST_03798,Smartwatch,5,46554,2026-02-06,UPI,Bangalore
FEB_003201,CUST_00384,Headphones,1,41890,2026-02-11,Credit Card,Chennai
FEB_003202,CUST_01085,Tablet,5,11021,2026-02-24,Cash on Delivery,Delhi
FEB_003203,CUST_02715,Keyboard,5,34660,2026-02-28,Credit Card,Pune
FEB_003204,CUST_02373,Monitor,2,29288,2026-02-16,Debit Card,Mumbai
FEB_003205,CUST_01528,Smartwatch,5,17675,2026-02-03,UPI,Hyderabad
FEB_003206,CUST_03412,Mouse,2,9544,2026-02-12,UPI,Chennai
FEB_003207,CUST_02718,Keyboard,1,9748,2026-02-26,Debit Card,Hyderabad
FEB_003208,CUST_04357,Headphones,4,40091,2026-02-08,UPI,Chennai
FEB_003209,CUST_02592,Mouse,3,29772,2026-02-21,Credit Card,Bangalore
FEB_003210,CUST_04576,Monitor,3,7939,2026-02-22,Credit Card,Delhi
FEB_003211,CUST_03572,Smartwatch,1,27518,2026-02-08,Credit Card,Bangalore
FEB_003212,CUST_01830,Laptop,5,4630,2026-02-06,Cash on Delivery,Delhi
FEB_003213,CUST_01576,Mouse,5,19804,2026-02-22,Debit Card,Delhi
FEB_003214,CUST_00124,Mouse,3,9885,2026-02-25,Debit Card,Delhi
FEB_003215,CUST_00487,Monitor,2,27303,2026-02-21,Cash on Delivery,Delhi
FEB_003216,CUST_04183,Laptop,4,25015,2026-02-17,UPI,Delhi
FEB_003217,CUST_04492,Tablet,4,15174,2026-02-04,Debit Card,Bangalore
FEB_003218,CUST_00343,Laptop,2,9214,2026-02-23,UPI,Pune
FEB_003219,CUST_03558,Tablet,5,36702,2026-02-06,Cash on Delivery,Hyderabad
FEB_003220,CUST_00841,Headphones,4,48564,2026-02-12,UPI,Bangalore
FEB_003221,CUST_00236,Headphones,4,12690,2026-02-16,UPI,Pune
FEB_003222,CUST_04256,Headphones,1,3759,2026-02-08,UPI,Pune
FEB_003223,CUST_01786,Laptop,1,7368,2026-02-02,UPI,Hyderabad
FEB_003224,CUST_00415,Headphones,5,11229,2026-02-02,UPI,Mumbai
FEB_003225,CUST_04456,Tablet,5,7086,2026-02-07,Debit Card,Mumbai
FEB_003226,CUST_00861,Tablet,5,38245,2026-02-10,Credit Card,Chennai
FEB_003227,CUST_02339,Laptop,1,26017,2026-02-12,Credit Card,Pune
FEB_003228,CUST_01143,Monitor,3,24336,2026-02-10,Credit Card,Hyderabad
FEB_003229,CUST_00405,Tablet,5,6049,2026-02-16,Debit Card,Pune
FEB_003230,CUST_01302,Headphones,1,23763,2026-02-10,Credit Card,Delhi
FEB_003231,CUST_04262,Keyboard,4,4304,2026-02-23,Debit Card,Hyderabad
FEB_003232,CUST_02699,Mouse,3,40179,2026-02-16,Cash on Delivery,Delhi
FEB_003233,CUST_02176,Headphones,3,25881,2026-02-06,Cash on Delivery,Mumbai
FEB_003234,CUST_03976,Headphones,5,16998,2026-02-10,Debit Card,Delhi
FEB_003235,CUST_00195,Laptop,1,7180,2026-02-06,Debit Card,Delhi
FEB_003236,CUST_00803,Laptop,1,28635,2026-02-26,UPI,Hyderabad
FEB_003237,CUST_00212,Smartwatch,4,42757,2026-02-15,UPI,Bangalore
FEB_003238,CUST_02002,Laptop,2,18094,2026-02-24,UPI,Hyderabad
FEB_003239,CUST_02854,Laptop,5,46425,2026-02-07,UPI,Bangalore
FEB_003240,CUST_01434,Keyboard,2,23133,2026-02-09,Cash on Delivery,Bangalore
FEB_003241,CUST_02917,Smartphone,5,49912,2026-02-03,UPI,Delhi
FEB_003242,CUST_02051,Headphones,5,42073,2026-02-27,UPI,Bangalore
FEB_003243,CUST_02289,Tablet,2,37368,2026-02-03,UPI,Bangalore
FEB_003244,CUST_03804,Smartphone,3,43361,2026-02-08,Debit Card,Chennai
FEB_003245,CUST_04524,Tablet,4,36253,2026-02-05,Debit Card,Pune
FEB_003246,CUST_00815,Smartphone,4,8550,2026-02-27,Credit Card,Chennai
FEB_003247,CUST_01629,Smartwatch,2,17264,2026-02-04,Credit Card,Pune
FEB_003248,CUST_00971,Smartphone,4,44147,2026-02-10,Credit Card,Pune
FEB_003249,CUST_04702,Monitor,5,15208,2026-02-25,Credit Card,Hyderabad
FEB_003250,CUST_02504,Mouse,1,22157,2026-02-12,Debit Card,Bangalore
FEB_003251,CUST_03161,Keyboard,2,5886,2026-02-25,Credit Card,Chennai
FEB_003252,CUST_00081,Smartwatch,2,28333,2026-02-01,Cash on Delivery,Mumbai
FEB_003253,CUST_00352,Mouse,3,31129,2026-02-27,Cash on Delivery,Mumbai
FEB_003254,CUST_04001,Tablet,5,33538,2026-02-21,Cash on Delivery,Pune
FEB_003255,CUST_01289,Smartwatch,4,19302,2026-02-28,Credit Card,Delhi
FEB_003256,CUST_04527,Monitor,2,21191,2026-02-07,UPI,Bangalore
FEB_003257,CUST_03264,Headphones,3,11126,2026-02-19,Debit Card,Pune
FEB_003258,CUST_04563,Laptop,2,46332,2026-02-11,UPI,Bangalore
FEB_003259,CUST_04949,Monitor,2,4444,2026-02-08,Credit Card,Mumbai
FEB_003260,CUST_02917,Headphones,1,20035,2026-02-07,Debit Card,Pune
FEB_003261,CUST_02775,Smartphone,4,17728,2026-02-16,Credit Card,Mumbai
FEB_003262,CUST_01519,Smartwatch,2,5348,2026-02-20,Cash on Delivery,Pune
FEB_003263,CUST_00857,Mouse,3,29813,2026-02-08,Credit Card,Chennai
FEB_003264,CUST_03011,Mouse,2,21407,2026-02-21,Cash on Delivery,Pune
FEB_003265,CUST_00026,Smartphone,5,45170,2026-02-13,Debit Card,Chennai
FEB_003266,CUST_00843,Smartphone,4,232,2026-02-23,UPI,Mumbai
FEB_003267,CUST_02440,Monitor,2,23434,2026-02-16,Debit Card,Pune
FEB_003268,CUST_04471,Smartwatch,1,42469,2026-02-27,Debit Card,Mumbai
FEB_003269,CUST_02959,Monitor,1,6254,2026-02-17,UPI,Pune
FEB_003270,CUST_04406,Laptop,2,1177,2026-02-25,Cash on Delivery,Pune
FEB_003271,CUST_02841,Mouse,4,6329,2026-02-04,UPI,Bangalore
FEB_003272,CUST_04401,Tablet,1,16440,2026-02-15,Cash on Delivery,Mumbai
FEB_003273,CUST_00909,Smartphone,5,20445,2026-02-07,Credit Card,Pune
FEB_003274,CUST_00632,Laptop,1,13162,2026-02-15,Cash on Delivery,Chennai
FEB_003275,CUST_00075,Smartwatch,2,10157,2026-02-14,Cash on Delivery,Hyderabad
FEB_003276,CUST_04568,Smartphone,3,38478,2026-02-17,Debit Card,Pune
FEB_003277,CUST_02758,Smartwatch,1,26040,2026-02-22,Debit Card,Bangalore
FEB_003278,CUST_04849,Smartphone,3,11841,2026-02-21,Debit Card,Delhi
FEB_003279,CUST_02570,Laptop,5,2207,2026-02-16,UPI,Chennai
FEB_003280,CUST_00854,Monitor,2,41217,2026-02-26,Cash on Delivery,Bangalore
FEB_003281,CUST_01814,Smartphone,4,10957,2026-02-09,Credit Card,Mumbai
FEB_003282,CUST_02033,Laptop,1,20383,2026-02-01,Debit Card,Pune
FEB_003283,CUST_00354,Headphones,2,20683,2026-02-06,UPI,Hyderabad
FEB_003284,CUST_04202,Keyboard,1,5929,2026-02-13,Debit Card,Hyderabad
FEB_003285,CUST_01623,Smartwatch,4,26925,2026-02-13,Debit Card,Bangalore
FEB_003286,CUST_00540,Headphones,1,39212,2026-02-09,UPI,Chennai
FEB_003287,CUST_00420,Smartwatch,2,9647,2026-02-25,UPI,Chennai
FEB_003288,CUST_04786,Mouse,2,27245,2026-02-18,UPI,Delhi
FEB_003289,CUST_00119,Laptop,2,43614,2026-02-05,UPI,Delhi
FEB_003290,CUST_00929,Monitor,3,9141,2026-02-20,Debit Card,Hyderabad
FEB_003291,CUST_01249,Keyboard,5,45961,2026-02-10,UPI,Mumbai
FEB_003292,CUST_00943,Laptop,3,38891,2026-02-05,Cash on Delivery,Mumbai
FEB_003293,CUST_01528,Mouse,3,10151,2026-02-03,Credit Card,Chennai
FEB_003294,CUST_01165,Monitor,4,32309,2026-02-01,Credit Card,Delhi
FEB_003295,CUST_01382,Smartphone,4,6977,2026-02-23,Credit Card,Delhi
FEB_003296,CUST_01530,Laptop,5,47362,2026-02-24,Debit Card,Bangalore
FEB_003297,CUST_00015,Keyboard,3,15227,2026-02-10,Cash on Delivery,Pune
FEB_003298,CUST_04426,Smartwatch,5,7116,2026-02-17,Debit Card,Hyderabad
FEB_003299,CUST_01761,Laptop,4,27032,2026-02-02,Debit Card,Chennai
FEB_003300,CUST_04736,Keyboard,1,47876,2026-02-22,UPI,Pune
FEB_003301,CUST_04983,Laptop,2,33506,2026-02-21,Cash on Delivery,Bangalore
FEB_003302,CUST_02715,Smartwatch,4,25395,2026-02-21,UPI,Delhi
FEB_003303,CUST_01492,Headphones,2,12848,2026-02-09,Debit Card,Bangalore
FEB_003304,CUST_00172,Mouse,4,6106,2026-02-08,Debit Card,Delhi
FEB_003305,CUST_01091,Laptop,3,5495,2026-02-16,Credit Card,Hyderabad
FEB_003306,CUST_02336,Smartphone,3,37507,2026-02-12,UPI,Chennai
FEB_003307,CUST_00729,Smartphone,2,34805,2026-02-04,Debit Card,Delhi
FEB_003308,CUST_03371,Smartphone,5,26074,2026-02-11,Credit Card,Delhi
FEB_003309,CUST_01103,Smartwatch,5,27614,2026-02-25,Credit Card,Bangalore
FEB_003310,CUST_01579,Tablet,4,9551,2026-02-03,Cash on Delivery,Chennai
FEB_003311,CUST_04926,Laptop,3,23891,2026-02-22,Debit Card,Hyderabad
FEB_003312,CUST_04203,Mouse,5,13720,2026-02-01,UPI,Mumbai
FEB_003313,CUST_02179,Mouse,4,39186,2026-02-07,Debit Card,Delhi
FEB_003314,CUST_03692,Mouse,5,33098,2026-02-02,Credit Card,Mumbai
FEB_003315,CUST_03887,Smartwatch,5,5077,2026-02-20,Credit Card,Chennai
FEB_003316,CUST_04106,Laptop,1,42270,2026-02-17,Credit Card,Delhi
FEB_003317,CUST_04632,Monitor,1,40040,2026-02-13,UPI,Chennai
FEB_003318,CUST_04968,Mouse,3,9539,2026-02-06,UPI,Bangalore
FEB_003319,CUST_00181,Keyboard,1,27854,2026-02-06,Debit Card,Chennai
FEB_003320,CUST_00837,Headphones,5,32872,2026-02-28,Debit Card,Pune
FEB_003321,CUST_01792,Mouse,5,1509,2026-02-07,UPI,Mumbai
FEB_003322,CUST_03583,Laptop,3,37117,2026-02-07,Debit Card,Chennai
FEB_003323,CUST_01061,Smartphone,3,11759,2026-02-09,Debit Card,Bangalore
FEB_003324,CUST_04393,Headphones,4,6699,2026-02-24,UPI,Bangalore
FEB_003325,CUST_03754,Smartwatch,5,11943,2026-02-11,Credit Card,Hyderabad
FEB_003326,CUST_01281,Monitor,5,46059,2026-02-14,Debit Card,Chennai
FEB_003327,CUST_00153,Tablet,2,7783,2026-02-21,Cash on Delivery,Chennai
FEB_003328,CUST_04871,Monitor,5,3893,2026-02-27,Debit Card,Delhi
FEB_003329,CUST_02149,Mouse,2,5868,2026-02-02,Cash on Delivery,Bangalore
FEB_003330,CUST_00461,Smartwatch,2,42477,2026-02-28,Debit Card,Hyderabad
FEB_003331,CUST_03929,Laptop,1,41115,2026-02-02,Cash on Delivery,Bangalore
FEB_003332,CUST_03830,Keyboard,2,37460,2026-02-02,Cash on Delivery,Delhi
FEB_003333,CUST_00941,Laptop,5,679,2026-02-11,Credit Card,Pune
FEB_003334,CUST_00734,Smartwatch,5,15945,2026-02-07,Debit Card,Hyderabad
FEB_003335,CUST_02091,Smartwatch,5,16154,2026-02-03,Cash on Delivery,Chennai
FEB_003336,CUST_03188,Keyboard,5,4590,2026-02-24,UPI,Mumbai
FEB_003337,CUST_00964,Laptop,4,15554,2026-02-19,Credit Card,Mumbai
FEB_003338,CUST_04844,Monitor,1,18024,2026-02-17,UPI,Hyderabad
FEB_003339,CUST_01679,Mouse,5,25922,2026-02-16,UPI,Chennai
FEB_003340,CUST_00723,Tablet,4,20699,2026-02-22,Debit Card,Bangalore
FEB_003341,CUST_00150,Tablet,3,46783,2026-02-25,Cash on Delivery,Hyderabad
FEB_003342,CUST_03500,Laptop,3,32314,2026-02-22,Cash on Delivery,Pune
FEB_003343,CUST_00437,Laptop,1,41488,2026-02-19,Credit Card,Hyderabad
FEB_003344,CUST_04368,Monitor,5,29334,2026-02-26,Cash on Delivery,Mumbai
FEB_003345,CUST_00741,Keyboard,5,12468,2026-02-19,UPI,Mumbai
FEB_003346,CUST_00451,Monitor,5,19441,2026-02-16,Cash on Delivery,Chennai
FEB_003347,CUST_03195,Smartphone,3,44227,2026-02-19,Cash on Delivery,Hyderabad
FEB_003348,CUST_03737,Keyboard,5,38266,2026-02-27,Credit Card,Chennai
FEB_003349,CUST_02185,Smartphone,2,43903,2026-02-20,Credit Card,Pune
FEB_003350,CUST_01055,Monitor,3,41579,2026-02-12,UPI,Pune
FEB_003351,CUST_00241,Monitor,3,21832,2026-02-22,Credit Card,Mumbai
FEB_003352,CUST_01099,Smartphone,3,47415,2026-02-10,Credit Card,Mumbai
FEB_003353,CUST_03429,Smartwatch,3,7698,2026-02-23,Debit Card,Mumbai
FEB_003354,CUST_03258,Mouse,1,9340,2026-02-07,UPI,Chennai
FEB_003355,CUST_03994,Keyboard,2,12428,2026-02-17,Cash on Delivery,Delhi
FEB_003356,CUST_00149,Laptop,2,44156,2026-02-04,Debit Card,Hyderabad
FEB_003357,CUST_02183,Tablet,2,37270,2026-02-20,UPI,Bangalore
FEB_003358,CUST_00824,Monitor,2,7082,2026-02-12,Credit Card,Chennai
FEB_003359,CUST_01161,Keyboard,1,35310,2026-02-23,UPI,Pune
FEB_003360,CUST_01158,Smartwatch,1,31739,2026-02-15,Cash on Delivery,Mumbai
FEB_003361,CUST_02263,Headphones,1,20433,2026-02-05,Debit Card,Mumbai
FEB_003362,CUST_03229,Headphones,1,31107,2026-02-11,Credit Card,Chennai
FEB_003363,CUST_04874,Mouse,5,45519,2026-02-22,Debit Card,Pune
FEB_003364,CUST_00987,Headphones,4,27994,2026-02-02,Credit Card,Hyderabad
FEB_003365,CUST_03124,Tablet,3,3882,2026-02-08,Cash on Delivery,Bangalore
FEB_003366,CUST_00318,Laptop,2,48774,2026-02-14,Credit Card,Hyderabad
FEB_003367,CUST_04021,Laptop,2,19763,2026-02-11,Credit Card,Bangalore
FEB_003368,CUST_03072,Keyboard,3,7901,2026-02-24,Cash on Delivery,Chennai
FEB_003369,CUST_03936,Tablet,4,31366,2026-02-02,Credit Card,Chennai
FEB_003370,CUST_04525,Smartphone,5,23675,2026-02-24,Credit Card,Mumbai
FEB_003371,CUST_04338,Mouse,4,45982,2026-02-19,Credit Card,Bangalore
FEB_003372,CUST_03645,Tablet,3,7075,2026-02-16,Debit Card,Bangalore
FEB_003373,CUST_03517,Keyboard,2,20024,2026-02-25,Debit Card,Pune
FEB_003374,CUST_00297,Smartphone,2,36477,2026-02-04,UPI,Delhi
FEB_003375,CUST_00544,Mouse,2,37901,2026-02-19,Debit Card,Delhi
FEB_003376,CUST_00443,Tablet,3,33033,2026-02-25,UPI,Mumbai
FEB_003377,CUST_02947,Tablet,2,3912,2026-02-11,Debit Card,Chennai
FEB_003378,CUST_01119,Headphones,4,5354,2026-02-11,Credit Card,Pune
FEB_003379,CUST_04497,Laptop,4,24582,2026-02-14,UPI,Pune
FEB_003380,CUST_04675,Smartwatch,4,478,2026-02-02,Credit Card,Delhi
FEB_003381,CUST_04322,Laptop,4,37091,2026-02-17,Cash on Delivery,Delhi
FEB_003382,CUST_01625,Headphones,5,31854,2026-02-25,UPI,Pune
FEB_003383,CUST_01237,Keyboard,3,12125,2026-02-15,UPI,Bangalore
FEB_003384,CUST_00785,Keyboard,4,39260,2026-02-28,Credit Card,Hyderabad
FEB_003385,CUST_00804,Laptop,1,11962,2026-02-16,Credit Card,Hyderabad
FEB_003386,CUST_03860,Tablet,1,17831,2026-02-26,Credit Card,Mumbai
FEB_003387,CUST_02391,Monitor,3,4341,2026-02-07,Cash on Delivery,Delhi
FEB_003388,CUST_04202,Keyboard,2,33229,2026-02-17,Cash on Delivery,Pune
FEB_003389,CUST_00942,Laptop,3,30577,2026-02-26,Debit Card,Bangalore
FEB_003390,CUST_04471,Smartphone,1,5153,2026-02-23,UPI,Hyderabad
FEB_003391,CUST_00740,Smartwatch,4,45085,2026-02-18,UPI,Pune
FEB_003392,CUST_04470,Smartphone,1,10379,2026-02-25,UPI,Bangalore
FEB_003393,CUST_00808,Mouse,2,36360,2026-02-16,Debit Card,Mumbai
FEB_003394,CUST_00740,Monitor,3,2109,2026-02-04,Credit Card,Delhi
FEB_003395,CUST_03480,Laptop,1,30305,2026-02-11,UPI,Bangalore
FEB_003396,CUST_01668,Laptop,5,28278,2026-02-11,Credit Card,Pune
FEB_003397,CUST_03661,Smartphone,5,27685,2026-02-16,Cash on Delivery,Hyderabad
FEB_003398,CUST_00488,Smartphone,4,32607,2026-02-07,Cash on Delivery,Delhi
FEB_003399,CUST_00437,Mouse,5,9750,2026-02-13,Cash on Delivery,Pune
FEB_003400,CUST_03037,Keyboard,4,39507,2026-02-10,Debit Card,Pune
FEB_003401,CUST_03414,Headphones,4,45276,2026-02-13,UPI,Pune
FEB_003402,CUST_04947,Headphones,5,1441,2026-02-13,Debit Card,Mumbai
FEB_003403,CUST_03060,Keyboard,1,15744,2026-02-15,Credit Card,Bangalore
FEB_003404,CUST_00224,Keyboard,4,25379,2026-02-02,Cash on Delivery,Mumbai
FEB_003405,CUST_01473,Monitor,3,4157,2026-02-02,Credit Card,Hyderabad
FEB_003406,CUST_02296,Tablet,1,628,2026-02-28,Cash on Delivery,Hyderabad
FEB_003407,CUST_04044,Keyboard,1,30878,2026-02-21,Credit Card,Chennai
FEB_003408,CUST_01221,Keyboard,1,4012,2026-02-15,UPI,Pune
FEB_003409,CUST_02371,Monitor,5,30654,2026-02-01,Debit Card,Pune
FEB_003410,CUST_02044,Laptop,1,11054,2026-02-04,UPI,Chennai
FEB_003411,CUST_00185,Smartphone,4,13323,2026-02-08,Debit Card,Hyderabad
FEB_003412,CUST_00679,Laptop,3,1534,2026-02-04,Credit Card,Chennai
FEB_003413,CUST_01370,Monitor,4,30134,2026-02-25,Credit Card,Chennai
FEB_003414,CUST_04953,Monitor,5,46818,2026-02-03,Debit Card,Delhi
FEB_003415,CUST_00921,Headphones,4,12660,2026-02-13,Debit Card,Hyderabad
FEB_003416,CUST_04462,Headphones,3,12967,2026-02-12,Debit Card,Hyderabad
FEB_003417,CUST_01253,Headphones,5,670,2026-02-28,Debit Card,Chennai
FEB_003418,CUST_01381,Keyboard,4,11395,2026-02-13,Credit Card,Hyderabad
FEB_003419,CUST_03358,Smartphone,2,48873,2026-02-03,Debit Card,Mumbai
FEB_003420,CUST_02544,Monitor,3,49737,2026-02-05,Credit Card,Bangalore
FEB_003421,CUST_04212,Tablet,1,34630,2026-02-13,UPI,Chennai
FEB_003422,CUST_01693,Monitor,4,9517,2026-02-23,Credit Card,Mumbai
FEB_003423,CUST_02830,Mouse,1,15883,2026-02-26,Cash on Delivery,Pune
FEB_003424,CUST_01410,Headphones,5,6524,2026-02-28,Credit Card,Chennai
FEB_003425,CUST_03273,Mouse,2,7447,2026-02-03,Cash on Delivery,Hyderabad
FEB_003426,CUST_04494,Laptop,1,27105,2026-02-11,Debit Card,Mumbai
FEB_003427,CUST_00625,Smartwatch,1,10986,2026-02-25,UPI,Pune
FEB_003428,CUST_01384,Headphones,1,49761,2026-02-03,Credit Card,Bangalore
FEB_003429,CUST_02523,Tablet,2,15693,2026-02-18,Cash on Delivery,Bangalore
FEB_003430,CUST_02337,Keyboard,4,37580,2026-02-17,UPI,Pune
FEB_003431,CUST_01368,Monitor,1,37067,2026-02-05,UPI,Delhi
FEB_003432,CUST_03827,Smartphone,2,30997,2026-02-12,Debit Card,Delhi
FEB_003433,CUST_00869,Mouse,1,20956,2026-02-26,Cash on Delivery,Mumbai
FEB_003434,CUST_04952,Monitor,2,8226,2026-02-19,UPI,Bangalore
FEB_003435,CUST_00040,Monitor,5,35348,2026-02-13,Credit Card,Chennai
FEB_003436,CUST_00905,Laptop,3,19238,2026-02-04,Cash on Delivery,Pune
FEB_003437,CUST_03380,Smartphone,3,37705,2026-02-22,Debit Card,Delhi
FEB_003438,CUST_00108,Monitor,1,5384,2026-02-10,Credit Card,Chennai
FEB_003439,CUST_00827,Mouse,3,29983,2026-02-17,Debit Card,Bangalore
FEB_003440,CUST_02969,Headphones,2,20904,2026-02-23,Debit Card,Hyderabad
FEB_003441,CUST_03826,Headphones,5,20894,2026-02-20,Debit Card,Mumbai
FEB_003442,CUST_02989,Headphones,3,4689,2026-02-12,UPI,Mumbai
FEB_003443,CUST_03987,Smartphone,3,20219,2026-02-17,UPI,Hyderabad
FEB_003444,CUST_01389,Headphones,5,45095,2026-02-19,Credit Card,Bangalore
FEB_003445,CUST_03266,Headphones,5,29733,2026-02-14,Credit Card,Bangalore
FEB_003446,CUST_02414,Keyboard,3,18190,2026-02-24,Debit Card,Pune
FEB_003447,CUST_04853,Monitor,4,12451,2026-02-20,Cash on Delivery,Delhi
FEB_003448,CUST_04255,Monitor,3,43492,2026-02-10,UPI,Mumbai
FEB_003449,CUST_02046,Laptop,5,47763,2026-02-05,Cash on Delivery,Delhi
FEB_003450,CUST_03102,Tablet,5,10549,2026-02-20,Cash on Delivery,Chennai
FEB_003451,CUST_04693,Headphones,5,21671,2026-02-03,UPI,Bangalore
FEB_003452,CUST_03432,Headphones,1,37509,2026-02-02,Debit Card,Delhi
FEB_003453,CUST_02315,Smartphone,1,10134,2026-02-26,Credit Card,Pune
FEB_003454,CUST_00141,Smartphone,2,3541,2026-02-25,UPI,Mumbai
FEB_003455,CUST_01137,Smartwatch,2,16391,2026-02-08,Cash on Delivery,Hyderabad
FEB_003456,CUST_04850,Smartwatch,4,27506,2026-02-10,Cash on Delivery,Chennai
FEB_003457,CUST_02260,Smartphone,3,45073,2026-02-07,Credit Card,Hyderabad
FEB_003458,CUST_00707,Headphones,2,5565,2026-02-26,UPI,Bangalore
FEB_003459,CUST_03283,Laptop,3,27692,2026-02-07,UPI,Bangalore
FEB_003460,CUST_01947,Smartwatch,3,46001,2026-02-25,Debit Card,Bangalore
FEB_003461,CUST_03120,Mouse,3,9221,2026-02-24,UPI,Pune
FEB_003462,CUST_00115,Smartwatch,4,1130,2026-02-03,UPI,Bangalore
FEB_003463,CUST_00308,Keyboard,2,27058,2026-02-07,UPI,Bangalore
FEB_003464,CUST_04550,Tablet,1,2364,2026-02-04,Debit Card,Mumbai
FEB_003465,CUST_02504,Mouse,4,17346,2026-02-22,Cash on Delivery,Delhi
FEB_003466,CUST_04727,Headphones,2,34105,2026-02-18,Debit Card,Mumbai
FEB_003467,CUST_02522,Mouse,5,32002,2026-02-03,UPI,Pune
FEB_003468,CUST_02775,Tablet,2,21569,2026-02-21,UPI,Bangalore
FEB_003469,CUST_00898,Smartwatch,2,7053,2026-02-09,Credit Card,Chennai
FEB_003470,CUST_00313,Laptop,4,43355,2026-02-12,Credit Card,Mumbai
FEB_003471,CUST_01554,Laptop,1,21554,2026-02-11,UPI,Pune
FEB_003472,CUST_03962,Mouse,5,41319,2026-02-14,UPI,Chennai
FEB_003473,CUST_04402,Laptop,2,44536,2026-02-20,Credit Card,Mumbai
FEB_003474,CUST_04853,Keyboard,4,23638,2026-02-08,UPI,Delhi
FEB_003475,CUST_00010,Smartphone,2,6078,2026-02-23,Cash on Delivery,Mumbai
FEB_003476,CUST_04798,Mouse,3,38783,2026-02-20,Debit Card,Chennai
FEB_003477,CUST_04416,Smartphone,2,16893,2026-02-03,UPI,Mumbai
FEB_003478,CUST_04882,Laptop,4,7881,2026-02-06,Cash on Delivery,Hyderabad
FEB_003479,CUST_04452,Monitor,2,27447,2026-02-04,UPI,Mumbai
FEB_003480,CUST_04091,Laptop,4,26159,2026-02-14,Cash on Delivery,Chennai
FEB_003481,CUST_01517,Monitor,5,40962,2026-02-01,UPI,Delhi
FEB_003482,CUST_00861,Tablet,4,16101,2026-02-16,Credit Card,Chennai
FEB_003483,CUST_02680,Tablet,5,4843,2026-02-18,UPI,Bangalore
FEB_003484,CUST_01055,Mouse,1,27026,2026-02-24,Cash on Delivery,Delhi
FEB_003485,CUST_04100,Monitor,3,8504,2026-02-03,Debit Card,Chennai
FEB_003486,CUST_03104,Tablet,5,28939,2026-02-15,UPI,Bangalore
FEB_003487,CUST_02464,Smartphone,1,27948,2026-02-24,Cash on Delivery,Hyderabad
FEB_003488,CUST_00708,Monitor,2,19110,2026-02-03,UPI,Pune
FEB_003489,CUST_01185,Mouse,2,28018,2026-02-11,Cash on Delivery,Pune
FEB_003490,CUST_03532,Tablet,4,34037,2026-02-19,Cash on Delivery,Hyderabad
FEB_003491,CUST_04673,Laptop,1,30828,2026-02-26,Credit Card,Hyderabad
FEB_003492,CUST_00976,Smartwatch,1,17336,2026-02-26,UPI,Delhi
FEB_003493,CUST_04836,Smartwatch,3,44136,2026-02-16,UPI,Bangalore
FEB_003494,CUST_03942,Laptop,2,36350,2026-02-19,Credit Card,Bangalore
FEB_003495,CUST_00024,Keyboard,1,6808,2026-02-04,UPI,Bangalore
FEB_003496,CUST_03971,Tablet,1,4759,2026-02-12,Credit Card,Mumbai
FEB_003497,CUST_03869,Mouse,5,1523,2026-02-22,Credit Card,Bangalore
FEB_003498,CUST_03089,Laptop,5,19183,2026-02-12,Credit Card,Delhi
FEB_003499,CUST_00978,Keyboard,1,10099,2026-02-01,Credit Card,Delhi
FEB_003500,CUST_02046,Monitor,3,3571,2026-02-19,Credit Card,Bangalore
FEB_003501,CUST_00671,Keyboard,2,36902,2026-02-15,Debit Card,Bangalore
FEB_003502,CUST_01314,Tablet,5,5013,2026-02-16,Credit Card,Mumbai
FEB_003503,CUST_03195,Monitor,4,15415,2026-02-20,Debit Card,Mumbai
FEB_003504,CUST_02357,Smartwatch,1,44255,2026-02-11,Cash on Delivery,Chennai
FEB_003505,CUST_03668,Smartwatch,4,17652,2026-02-02,Cash on Delivery,Mumbai
FEB_003506,CUST_02232,Keyboard,3,48100,2026-02-05,Cash on Delivery,Pune
FEB_003507,CUST_04604,Keyboard,3,34731,2026-02-27,Debit Card,Bangalore
FEB_003508,CUST_03734,Monitor,1,45164,2026-02-19,Debit Card,Chennai
FEB_003509,CUST_04288,Laptop,1,20758,2026-02-20,Credit Card,Delhi
FEB_003510,CUST_04788,Tablet,2,26747,2026-02-14,UPI,Chennai
FEB_003511,CUST_00483,Smartphone,4,39988,2026-02-08,Credit Card,Pune
FEB_003512,CUST_00336,Monitor,5,11834,2026-02-03,Cash on Delivery,Hyderabad
FEB_003513,CUST_01912,Headphones,5,21980,2026-02-08,Cash on Delivery,Hyderabad
FEB_003514,CUST_02145,Monitor,1,5151,2026-02-08,Cash on Delivery,Pune
FEB_003515,CUST_00456,Smartwatch,3,6200,2026-02-03,Debit Card,Pune
FEB_003516,CUST_01776,Headphones,2,11003,2026-02-04,Cash on Delivery,Delhi
FEB_003517,CUST_01613,Smartwatch,3,33684,2026-02-20,Credit Card,Bangalore
FEB_003518,CUST_03167,Laptop,3,10049,2026-02-24,UPI,Pune
FEB_003519,CUST_04480,Headphones,3,9734,2026-02-10,Cash on Delivery,Pune
FEB_003520,CUST_04927,Smartphone,2,33340,2026-02-15,Debit Card,Mumbai
FEB_003521,CUST_04121,Smartwatch,5,18880,2026-02-12,UPI,Hyderabad
FEB_003522,CUST_04217,Tablet,1,34839,2026-02-10,Credit Card,Hyderabad
FEB_003523,CUST_00662,Tablet,5,589,2026-02-20,Cash on Delivery,Chennai
FEB_003524,CUST_00811,Monitor,3,23631,2026-02-14,UPI,Pune
FEB_003525,CUST_03501,Smartphone,5,29108,2026-02-21,UPI,Mumbai
FEB_003526,CUST_01761,Smartwatch,3,4686,2026-02-03,Credit Card,Delhi
FEB_003527,CUST_00520,Smartwatch,2,23860,2026-02-01,Cash on Delivery,Chennai
FEB_003528,CUST_00862,Keyboard,4,20491,2026-02-20,Cash on Delivery,Delhi
FEB_003529,CUST_02720,Monitor,4,35831,2026-02-28,Debit Card,Delhi
FEB_003530,CUST_00828,Headphones,2,33756,2026-02-26,Debit Card,Delhi
FEB_003531,CUST_02633,Mouse,1,17305,2026-02-25,Credit Card,Mumbai
FEB_003532,CUST_04719,Mouse,2,26145,2026-02-04,Cash on Delivery,Delhi
FEB_003533,CUST_01580,Headphones,3,7191,2026-02-13,Debit Card,Delhi
FEB_003534,CUST_00360,Mouse,2,1707,2026-02-03,UPI,Bangalore
FEB_003535,CUST_01815,Smartphone,1,2596,2026-02-11,Credit Card,Bangalore
FEB_003536,CUST_00371,Mouse,4,24582,2026-02-20,Debit Card,Pune
FEB_003537,CUST_03937,Smartwatch,5,5953,2026-02-26,Cash on Delivery,Mumbai
FEB_003538,CUST_02826,Monitor,1,42294,2026-02-08,Debit Card,Chennai
FEB_003539,CUST_04755,Smartphone,4,10024,2026-02-27,Debit Card,Chennai
FEB_003540,CUST_00701,Headphones,4,7514,2026-02-27,Credit Card,Chennai
FEB_003541,CUST_02491,Smartphone,5,35576,2026-02-06,Cash on Delivery,Hyderabad
FEB_003542,CUST_01648,Keyboard,2,14036,2026-02-27,UPI,Chennai
FEB_003543,CUST_02831,Tablet,4,4751,2026-02-12,Credit Card,Bangalore
FEB_003544,CUST_01074,Headphones,1,45938,2026-02-11,Credit Card,Delhi
FEB_003545,CUST_03635,Smartwatch,1,43373,2026-02-27,Cash on Delivery,Chennai
FEB_003546,CUST_00226,Laptop,1,11482,2026-02-22,UPI,Hyderabad
FEB_003547,CUST_02805,Smartphone,4,12113,2026-02-12,Debit Card,Hyderabad
FEB_003548,CUST_04887,Keyboard,2,46362,2026-02-18,UPI,Mumbai
FEB_003549,CUST_04184,Smartwatch,5,16314,2026-02-19,Debit Card,Bangalore
FEB_003550,CUST_03018,Headphones,3,42303,2026-02-02,Cash on Delivery,Bangalore
FEB_003551,CUST_03165,Laptop,3,26176,2026-02-01,Debit Card,Delhi
FEB_003552,CUST_04974,Laptop,1,33674,2026-02-05,Debit Card,Mumbai
FEB_003553,CUST_04715,Smartphone,3,32935,2026-02-26,Credit Card,Chennai
FEB_003554,CUST_00026,Smartwatch,2,43857,2026-02-11,Cash on Delivery,Delhi
FEB_003555,CUST_04943,Headphones,2,21739,2026-02-05,UPI,Bangalore
FEB_003556,CUST_04170,Smartwatch,3,12688,2026-02-08,UPI,Delhi
FEB_003557,CUST_02590,Mouse,5,45555,2026-02-07,Debit Card,Delhi
FEB_003558,CUST_04684,Mouse,1,34516,2026-02-02,Debit Card,Bangalore
FEB_003559,CUST_03534,Headphones,1,17745,2026-02-09,Credit Card,Bangalore
FEB_003560,CUST_04093,Tablet,2,29555,2026-02-11,Credit Card,Mumbai
FEB_003561,CUST_01985,Headphones,1,7255,2026-02-26,UPI,Hyderabad
FEB_003562,CUST_01309,Keyboard,5,2564,2026-02-28,Cash on Delivery,Bangalore
FEB_003563,CUST_04332,Monitor,4,11478,2026-02-07,UPI,Delhi
FEB_003564,CUST_00689,Smartwatch,3,8218,2026-02-05,Debit Card,Bangalore
FEB_003565,CUST_03731,Keyboard,2,28960,2026-02-14,Cash on Delivery,Mumbai
FEB_003566,CUST_03724,Headphones,4,30859,2026-02-02,Cash on Delivery,Pune
FEB_003567,CUST_02702,Tablet,2,10144,2026-02-14,Debit Card,Chennai
FEB_003568,CUST_03015,Tablet,1,23104,2026-02-01,UPI,Delhi
FEB_003569,CUST_00741,Smartphone,5,9163,2026-02-23,Debit Card,Mumbai
FEB_003570,CUST_03030,Keyboard,4,46890,2026-02-24,Credit Card,Bangalore
FEB_003571,CUST_00533,Tablet,1,42007,2026-02-25,Credit Card,Bangalore
FEB_003572,CUST_02894,Monitor,2,24796,2026-02-21,Cash on Delivery,Bangalore
FEB_003573,CUST_04650,Keyboard,3,20105,2026-02-14,Credit Card,Delhi
FEB_003574,CUST_01079,Headphones,5,12780,2026-02-25,Cash on Delivery,Delhi
FEB_003575,CUST_00609,Keyboard,1,12335,2026-02-27,Cash on Delivery,Delhi
FEB_003576,CUST_01029,Laptop,3,20052,2026-02-06,Debit Card,Mumbai
FEB_003577,CUST_00204,Laptop,3,23484,2026-02-21,Credit Card,Bangalore
FEB_003578,CUST_02248,Smartwatch,2,11289,2026-02-10,Cash on Delivery,Pune
FEB_003579,CUST_04952,Headphones,5,4872,2026-02-26,Cash on Delivery,Delhi
FEB_003580,CUST_01444,Mouse,2,13136,2026-02-16,Debit Card,Chennai
FEB_003581,CUST_01372,Laptop,3,35089,2026-02-15,Debit Card,Bangalore
FEB_003582,CUST_04006,Smartwatch,2,42012,2026-02-08,Credit Card,Bangalore
FEB_003583,CUST_03012,Mouse,5,19090,2026-02-22,Credit Card,Pune
FEB_003584,CUST_04065,Monitor,5,25570,2026-02-26,Debit Card,Bangalore
FEB_003585,CUST_04517,Tablet,4,41577,2026-02-20,Debit Card,Mumbai
FEB_003586,CUST_00202,Laptop,5,44807,2026-02-08,Cash on Delivery,Mumbai
FEB_003587,CUST_03457,Headphones,2,22205,2026-02-02,UPI,Chennai
FEB_003588,CUST_01745,Smartphone,5,12247,2026-02-19,Debit Card,Pune
FEB_003589,CUST_02266,Smartwatch,3,38248,2026-02-28,Debit Card,Chennai
FEB_003590,CUST_03141,Monitor,4,45945,2026-02-23,Cash on Delivery,Mumbai
FEB_003591,CUST_00230,Tablet,4,42607,2026-02-06,Credit Card,Bangalore
FEB_003592,CUST_02561,Smartphone,2,48058,2026-02-26,UPI,Hyderabad
FEB_003593,CUST_00917,Headphones,4,48206,2026-02-14,Credit Card,Bangalore
FEB_003594,CUST_04275,Monitor,4,39463,2026-02-23,Debit Card,Hyderabad
FEB_003595,CUST_00613,Mouse,3,11068,2026-02-10,Cash on Delivery,Bangalore
FEB_003596,CUST_02272,Monitor,2,29034,2026-02-22,UPI,Bangalore
FEB_003597,CUST_02879,Mouse,5,19591,2026-02-16,UPI,Bangalore
FEB_003598,CUST_03782,Mouse,3,39282,2026-02-17,UPI,Bangalore
FEB_003599,CUST_00097,Headphones,2,10484,2026-02-22,Debit Card,Mumbai
FEB_003600,CUST_04462,Monitor,5,39364,2026-02-24,Cash on Delivery,Chennai
FEB_003601,CUST_00700,Smartphone,4,46244,2026-02-17,Debit Card,Bangalore
FEB_003602,CUST_04277,Smartphone,3,39228,2026-02-01,UPI,Hyderabad
FEB_003603,CUST_03458,Smartphone,3,30684,2026-02-15,Debit Card,Hyderabad
FEB_003604,CUST_00245,Laptop,3,48065,2026-02-25,Cash on Delivery,Hyderabad
FEB_003605,CUST_04302,Laptop,2,24899,2026-02-02,Cash on Delivery,Pune
FEB_003606,CUST_01181,Headphones,3,37762,2026-02-17,UPI,Pune
FEB_003607,CUST_04936,Keyboard,3,8807,2026-02-26,Cash on Delivery,Bangalore
FEB_003608,CUST_03684,Mouse,4,21235,2026-02-20,Credit Card,Delhi
FEB_003609,CUST_00522,Monitor,3,5272,2026-02-17,Debit Card,Chennai
FEB_003610,CUST_02444,Keyboard,4,9353,2026-02-06,Debit Card,Pune
FEB_003611,CUST_01112,Laptop,3,13739,2026-02-23,UPI,Mumbai
FEB_003612,CUST_00471,Mouse,2,27348,2026-02-13,Credit Card,Pune
FEB_003613,CUST_04050,Monitor,5,39509,2026-02-28,Cash on Delivery,Pune
FEB_003614,CUST_01500,Mouse,4,41348,2026-02-24,Debit Card,Hyderabad
FEB_003615,CUST_02800,Tablet,4,2176,2026-02-26,Debit Card,Mumbai
FEB_003616,CUST_02639,Tablet,3,39250,2026-02-22,Cash on Delivery,Bangalore
FEB_003617,CUST_01613,Headphones,5,44426,2026-02-23,UPI,Hyderabad
FEB_003618,CUST_00877,Mouse,1,22743,2026-02-17,Debit Card,Hyderabad
FEB_003619,CUST_02059,Smartwatch,3,11507,2026-02-27,UPI,Pune
FEB_003620,CUST_04377,Keyboard,3,34433,2026-02-27,UPI,Bangalore
FEB_003621,CUST_01617,Laptop,4,25458,2026-02-18,Credit Card,Pune
FEB_003622,CUST_00013,Monitor,3,9097,2026-02-27,Cash on Delivery,Mumbai
FEB_003623,CUST_02282,Mouse,2,46476,2026-02-05,UPI,Mumbai
FEB_003624,CUST_01872,Mouse,5,25446,2026-02-16,Credit Card,Pune
FEB_003625,CUST_02148,Keyboard,4,36876,2026-02-15,Debit Card,Hyderabad
FEB_003626,CUST_00279,Tablet,1,4566,2026-02-12,Credit Card,Pune
FEB_003627,CUST_01140,Headphones,2,21454,2026-02-10,Debit Card,Pune
FEB_003628,CUST_02266,Mouse,1,24545,2026-02-01,Cash on Delivery,Pune
FEB_003629,CUST_00908,Laptop,4,8664,2026-02-23,UPI,Hyderabad
FEB_003630,CUST_00270,Headphones,1,7624,2026-02-21,UPI,Mumbai
FEB_003631,CUST_00723,Headphones,3,33616,2026-02-09,Cash on Delivery,Pune
FEB_003632,CUST_02392,Smartwatch,1,9138,2026-02-02,Credit Card,Bangalore
FEB_003633,CUST_01370,Laptop,1,7088,2026-02-02,Debit Card,Bangalore
FEB_003634,CUST_03234,Smartphone,4,9355,2026-02-06,Credit Card,Chennai
FEB_003635,CUST_01048,Smartwatch,1,8671,2026-02-02,Debit Card,Hyderabad
FEB_003636,CUST_03605,Tablet,4,496,2026-02-05,Debit Card,Mumbai
FEB_003637,CUST_03695,Smartphone,5,45509,2026-02-06,Credit Card,Mumbai
FEB_003638,CUST_00956,Laptop,1,33990,2026-02-26,Debit Card,Hyderabad
FEB_003639,CUST_02866,Headphones,3,17298,2026-02-27,UPI,Mumbai
FEB_003640,CUST_01731,Monitor,1,43710,2026-02-24,Credit Card,Bangalore
FEB_003641,CUST_02591,Tablet,4,18798,2026-02-24,Debit Card,Chennai
FEB_003642,CUST_04842,Tablet,5,10357,2026-02-17,Cash on Delivery,Pune
FEB_003643,CUST_04752,Smartphone,1,26758,2026-02-25,UPI,Chennai
FEB_003644,CUST_02115,Smartwatch,4,25954,2026-02-23,Credit Card,Delhi
FEB_003645,CUST_03526,Keyboard,1,33814,2026-02-14,Credit Card,Hyderabad
FEB_003646,CUST_04125,Tablet,4,35790,2026-02-15,Credit Card,Bangalore
FEB_003647,CUST_04258,Mouse,5,21085,2026-02-12,UPI,Chennai
FEB_003648,CUST_01493,Smartwatch,2,22702,2026-02-14,Cash on Delivery,Bangalore
FEB_003649,CUST_04180,Mouse,3,11537,2026-02-10,Debit Card,Mumbai
FEB_003650,CUST_02836,Mouse,1,27269,2026-02-27,Credit Card,Delhi
FEB_003651,CUST_02173,Headphones,1,44073,2026-02-04,Debit Card,Chennai
FEB_003652,CUST_01945,Laptop,2,10504,2026-02-06,Cash on Delivery,Mumbai
FEB_003653,CUST_02721,Mouse,3,758,2026-02-11,Credit Card,Chennai
FEB_003654,CUST_00766,Headphones,3,14866,2026-02-10,Credit Card,Mumbai
FEB_003655,CUST_02720,Headphones,1,47310,2026-02-27,Cash on Delivery,Hyderabad
FEB_003656,CUST_00126,Mouse,2,25422,2026-02-27,Cash on Delivery,Mumbai
FEB_003657,CUST_02005,Smartwatch,4,27457,2026-02-22,Credit Card,Bangalore
FEB_003658,CUST_04273,Monitor,2,35460,2026-02-21,Debit Card,Pune
FEB_003659,CUST_04987,Monitor,5,668,2026-02-05,Credit Card,Pune
FEB_003660,CUST_00782,Headphones,1,7409,2026-02-22,Credit Card,Pune
FEB_003661,CUST_03954,Smartwatch,5,22370,2026-02-06,Debit Card,Hyderabad
FEB_003662,CUST_03313,Monitor,2,5260,2026-02-26,UPI,Chennai
FEB_003663,CUST_04516,Laptop,1,11169,2026-02-16,UPI,Mumbai
FEB_003664,CUST_04616,Keyboard,5,1593,2026-02-11,Credit Card,Mumbai
FEB_003665,CUST_02555,Smartphone,4,32929,2026-02-13,UPI,Delhi
FEB_003666,CUST_00677,Mouse,5,12388,2026-02-24,UPI,Chennai
FEB_003667,CUST_01542,Mouse,1,6786,2026-02-17,UPI,Chennai
FEB_003668,CUST_01091,Monitor,1,8771,2026-02-15,UPI,Mumbai
FEB_003669,CUST_04478,Monitor,5,14435,2026-02-19,UPI,Pune
FEB_003670,CUST_00011,Mouse,2,33484,2026-02-14,Credit Card,Hyderabad
FEB_003671,CUST_01997,Monitor,2,38949,2026-02-03,Debit Card,Mumbai
FEB_003672,CUST_00964,Tablet,2,30854,2026-02-22,Debit Card,Delhi
FEB_003673,CUST_01588,Keyboard,1,30681,2026-02-20,Debit Card,Chennai
FEB_003674,CUST_00575,Keyboard,4,13183,2026-02-27,UPI,Mumbai
FEB_003675,CUST_04851,Smartwatch,5,23091,2026-02-12,Debit Card,Bangalore
FEB_003676,CUST_00618,Tablet,5,4148,2026-02-20,Debit Card,Bangalore
FEB_003677,CUST_03219,Keyboard,3,8318,2026-02-16,Cash on Delivery,Delhi
FEB_003678,CUST_01825,Smartphone,4,17627,2026-02-12,UPI,Pune
FEB_003679,CUST_01720,Tablet,2,37808,2026-02-06,Credit Card,Mumbai
FEB_003680,CUST_02190,Monitor,4,18494,2026-02-24,UPI,Pune
FEB_003681,CUST_04553,Smartwatch,1,48225,2026-02-05,Credit Card,Chennai
FEB_003682,CUST_04634,Laptop,3,17177,2026-02-16,Credit Card,Bangalore
FEB_003683,CUST_01795,Smartphone,4,41881,2026-02-26,UPI,Delhi
FEB_003684,CUST_03794,Tablet,2,6641,2026-02-16,Cash on Delivery,Pune
FEB_003685,CUST_04608,Tablet,2,35585,2026-02-17,Cash on Delivery,Hyderabad
FEB_003686,CUST_03180,Monitor,1,3314,2026-02-05,Credit Card,Mumbai
FEB_003687,CUST_01402,Keyboard,3,18769,2026-02-24,Credit Card,Chennai
FEB_003688,CUST_01283,Monitor,2,40681,2026-02-14,Cash on Delivery,Chennai
FEB_003689,CUST_04506,Keyboard,2,14315,2026-02-04,Debit Card,Delhi
FEB_003690,CUST_01210,Smartphone,3,22260,2026-02-01,Debit Card,Delhi
FEB_003691,CUST_01748,Keyboard,1,22376,2026-02-05,UPI,Mumbai
FEB_003692,CUST_00765,Monitor,1,43121,2026-02-12,Cash on Delivery,Hyderabad
FEB_003693,CUST_01025,Headphones,5,6837,2026-02-16,UPI,Pune
FEB_003694,CUST_04744,Smartphone,5,45698,2026-02-18,Cash on Delivery,Mumbai
FEB_003695,CUST_04917,Monitor,1,2928,2026-02-17,UPI,Delhi
FEB_003696,CUST_04483,Smartphone,1,48975,2026-02-17,Credit Card,Delhi
FEB_003697,CUST_01897,Smartwatch,1,37076,2026-02-02,Cash on Delivery,Mumbai
FEB_003698,CUST_01858,Tablet,3,37119,2026-02-07,Cash on Delivery,Mumbai
FEB_003699,CUST_03293,Laptop,4,8870,2026-02-06,UPI,Chennai
FEB_003700,CUST_02041,Mouse,3,28359,2026-02-20,Cash on Delivery,Hyderabad
FEB_003701,CUST_04743,Smartphone,1,10446,2026-02-01,Credit Card,Mumbai
FEB_003702,CUST_01976,Tablet,5,48131,2026-02-19,UPI,Bangalore
FEB_003703,CUST_03304,Laptop,1,32566,2026-02-09,UPI,Hyderabad
FEB_003704,CUST_04803,Headphones,2,21849,2026-02-09,Credit Card,Mumbai
FEB_003705,CUST_03979,Keyboard,1,20435,2026-02-06,Cash on Delivery,Hyderabad
FEB_003706,CUST_00279,Monitor,3,3258,2026-02-28,UPI,Bangalore
FEB_003707,CUST_01796,Laptop,1,7041,2026-02-09,UPI,Pune
FEB_003708,CUST_03987,Laptop,3,7090,2026-02-14,Credit Card,Pune
FEB_003709,CUST_00469,Tablet,3,16277,2026-02-03,Debit Card,Delhi
FEB_003710,CUST_02405,Headphones,2,28168,2026-02-12,Debit Card,Pune
FEB_003711,CUST_03924,Monitor,3,35094,2026-02-07,Debit Card,Hyderabad
FEB_003712,CUST_01028,Headphones,4,20521,2026-02-04,Credit Card,Bangalore
FEB_003713,CUST_00669,Mouse,5,22098,2026-02-19,Cash on Delivery,Mumbai
FEB_003714,CUST_02413,Smartwatch,3,43091,2026-02-17,Debit Card,Bangalore
FEB_003715,CUST_03606,Keyboard,5,36341,2026-02-24,Credit Card,Pune
FEB_003716,CUST_00687,Smartwatch,1,11901,2026-02-01,Cash on Delivery,Hyderabad
FEB_003717,CUST_02442,Headphones,4,8688,2026-02-05,UPI,Mumbai
FEB_003718,CUST_02626,Laptop,4,8084,2026-02-27,Cash on Delivery,Hyderabad
FEB_003719,CUST_01039,Keyboard,2,7932,2026-02-19,Cash on Delivery,Mumbai
FEB_003720,CUST_02287,Smartwatch,4,20947,2026-02-03,Credit Card,Mumbai
FEB_003721,CUST_02578,Tablet,1,21836,2026-02-03,Debit Card,Chennai
FEB_003722,CUST_00299,Smartphone,3,16254,2026-02-24,UPI,Delhi
FEB_003723,CUST_03628,Smartwatch,4,43058,2026-02-25,UPI,Pune
FEB_003724,CUST_01041,Mouse,3,725,2026-02-17,Debit Card,Delhi
FEB_003725,CUST_04361,Keyboard,2,16806,2026-02-24,Credit Card,Mumbai
FEB_003726,CUST_04960,Monitor,3,5545,2026-02-02,UPI,Hyderabad
FEB_003727,CUST_02409,Headphones,5,30878,2026-02-26,Cash on Delivery,Chennai
FEB_003728,CUST_02427,Headphones,4,16529,2026-02-13,Credit Card,Pune
FEB_003729,CUST_01006,Keyboard,2,23579,2026-02-07,Cash on Delivery,Delhi
FEB_003730,CUST_01420,Tablet,3,5626,2026-02-03,Debit Card,Mumbai
FEB_003731,CUST_02724,Monitor,1,28646,2026-02-23,Credit Card,Pune
FEB_003732,CUST_03837,Tablet,2,40365,2026-02-20,UPI,Chennai
FEB_003733,CUST_03447,Keyboard,3,37911,2026-02-04,Cash on Delivery,Mumbai
FEB_003734,CUST_02529,Smartwatch,3,36085,2026-02-15,Cash on Delivery,Pune
FEB_003735,CUST_04126,Headphones,1,31168,2026-02-23,Debit Card,Pune
FEB_003736,CUST_01225,Laptop,4,22376,2026-02-23,Cash on Delivery,Mumbai
FEB_003737,CUST_03149,Mouse,5,44572,2026-02-09,Credit Card,Pune
FEB_003738,CUST_03785,Smartphone,3,13977,2026-02-28,UPI,Delhi
FEB_003739,CUST_03423,Keyboard,1,32112,2026-02-16,Debit Card,Hyderabad
FEB_003740,CUST_03345,Tablet,3,14997,2026-02-04,UPI,Delhi
FEB_003741,CUST_04435,Headphones,4,10163,2026-02-04,Debit Card,Hyderabad
FEB_003742,CUST_03427,Tablet,2,19648,2026-02-28,Cash on Delivery,Bangalore
FEB_003743,CUST_01563,Smartphone,4,37028,2026-02-28,Debit Card,Pune
FEB_003744,CUST_00669,Smartwatch,3,30430,2026-02-28,Debit Card,Pune
FEB_003745,CUST_00191,Smartphone,3,30888,2026-02-13,Debit Card,Bangalore
FEB_003746,CUST_03059,Tablet,5,28311,2026-02-04,UPI,Pune
FEB_003747,CUST_01244,Headphones,2,18221,2026-02-09,Credit Card,Pune
FEB_003748,CUST_01386,Laptop,5,28886,2026-02-18,Cash on Delivery,Delhi
FEB_003749,CUST_02038,Monitor,2,18375,2026-02-05,Credit Card,Delhi
FEB_003750,CUST_01826,Headphones,5,27659,2026-02-04,Cash on Delivery,Pune
FEB_003751,CUST_04078,Keyboard,2,21684,2026-02-19,Cash on Delivery,Mumbai
FEB_003752,CUST_04726,Keyboard,5,18648,2026-02-20,Cash on Delivery,Bangalore
FEB_003753,CUST_03058,Keyboard,3,17255,2026-02-18,Credit Card,Delhi
FEB_003754,CUST_04223,Laptop,1,39249,2026-02-24,Debit Card,Pune
FEB_003755,CUST_02314,Monitor,1,28983,2026-02-01,Cash on Delivery,Hyderabad
FEB_003756,CUST_00890,Tablet,1,22946,2026-02-01,Debit Card,Hyderabad
FEB_003757,CUST_02146,Monitor,1,24645,2026-02-19,Credit Card,Pune
FEB_003758,CUST_03156,Headphones,2,28458,2026-02-27,UPI,Chennai
FEB_003759,CUST_03415,Headphones,4,15138,2026-02-27,Cash on Delivery,Bangalore
FEB_003760,CUST_00154,Smartwatch,5,47297,2026-02-23,Debit Card,Hyderabad
FEB_003761,CUST_02052,Smartwatch,3,9241,2026-02-14,UPI,Bangalore
FEB_003762,CUST_03965,Headphones,3,35443,2026-02-28,Debit Card,Chennai
FEB_003763,CUST_03223,Monitor,3,27868,2026-02-23,Debit Card,Delhi
FEB_003764,CUST_04178,Tablet,5,14436,2026-02-20,UPI,Pune
FEB_003765,CUST_00038,Laptop,3,26234,2026-02-15,Cash on Delivery,Chennai
FEB_003766,CUST_02964,Headphones,2,46067,2026-02-02,Cash on Delivery,Pune
FEB_003767,CUST_01120,Mouse,4,7497,2026-02-04,Credit Card,Mumbai
FEB_003768,CUST_01319,Laptop,4,17750,2026-02-11,UPI,Pune
FEB_003769,CUST_00523,Smartphone,4,48601,2026-02-19,UPI,Chennai
FEB_003770,CUST_04609,Keyboard,3,19650,2026-02-14,UPI,Pune
FEB_003771,CUST_00190,Headphones,1,8217,2026-02-21,Debit Card,Pune
FEB_003772,CUST_04832,Smartphone,3,20712,2026-02-01,UPI,Chennai
FEB_003773,CUST_01590,Keyboard,2,39606,2026-02-16,Cash on Delivery,Mumbai
FEB_003774,CUST_02394,Keyboard,3,26919,2026-02-27,Credit Card,Delhi
FEB_003775,CUST_03855,Laptop,2,26786,2026-02-16,UPI,Hyderabad
FEB_003776,CUST_01226,Tablet,3,9178,2026-02-08,Debit Card,Chennai
FEB_003777,CUST_04460,Tablet,3,43420,2026-02-14,Credit Card,Chennai
FEB_003778,CUST_02047,Tablet,5,44743,2026-02-09,Cash on Delivery,Pune
FEB_003779,CUST_04851,Tablet,3,9210,2026-02-26,Debit Card,Bangalore
FEB_003780,CUST_00821,Tablet,1,39760,2026-02-05,UPI,Chennai
FEB_003781,CUST_02186,Monitor,5,36688,2026-02-17,Credit Card,Pune
FEB_003782,CUST_01785,Mouse,5,19461,2026-02-13,Debit Card,Hyderabad
FEB_003783,CUST_02669,Keyboard,4,24127,2026-02-02,Debit Card,Hyderabad
FEB_003784,CUST_00450,Mouse,5,41623,2026-02-20,Debit Card,Pune
FEB_003785,CUST_00542,Mouse,1,878,2026-02-04,UPI,Mumbai
FEB_003786,CUST_04377,Tablet,2,24836,2026-02-18,UPI,Bangalore
FEB_003787,CUST_02519,Tablet,1,13332,2026-02-20,Cash on Delivery,Delhi
FEB_003788,CUST_01039,Smartwatch,4,28094,2026-02-19,Debit Card,Pune
FEB_003789,CUST_04171,Smartphone,5,13327,2026-02-28,Cash on Delivery,Pune
FEB_003790,CUST_01563,Mouse,4,48586,2026-02-01,Credit Card,Pune
FEB_003791,CUST_01519,Monitor,3,40977,2026-02-04,Cash on Delivery,Mumbai
FEB_003792,CUST_02873,Smartphone,3,37251,2026-02-16,Cash on Delivery,Chennai
FEB_003793,CUST_02538,Laptop,1,10244,2026-02-16,Cash on Delivery,Chennai
FEB_003794,CUST_00782,Smartwatch,1,29910,2026-02-09,Credit Card,Mumbai
FEB_003795,CUST_04285,Monitor,1,17865,2026-02-19,Cash on Delivery,Hyderabad
FEB_003796,CUST_01152,Monitor,3,25460,2026-02-18,Cash on Delivery,Mumbai
FEB_003797,CUST_04429,Headphones,3,3421,2026-02-06,Credit Card,Hyderabad
FEB_003798,CUST_03703,Headphones,4,42052,2026-02-26,Debit Card,Mumbai
FEB_003799,CUST_02547,Tablet,1,35107,2026-02-13,Cash on Delivery,Mumbai
FEB_003800,CUST_02384,Smartphone,4,43760,2026-02-09,UPI,Chennai
FEB_003801,CUST_01564,Laptop,2,31608,2026-02-23,Debit Card,Pune
FEB_003802,CUST_04071,Mouse,2,9564,2026-02-18,UPI,Bangalore
FEB_003803,CUST_00249,Laptop,5,43811,2026-02-02,Debit Card,Pune
FEB_003804,CUST_03191,Monitor,5,28264,2026-02-07,UPI,Chennai
FEB_003805,CUST_02285,Monitor,3,47029,2026-02-11,Credit Card,Delhi
FEB_003806,CUST_01737,Smartwatch,1,27501,2026-02-07,Debit Card,Delhi
FEB_003807,CUST_02439,Tablet,2,38528,2026-02-25,Cash on Delivery,Hyderabad
FEB_003808,CUST_01793,Headphones,1,21831,2026-02-23,Credit Card,Hyderabad
FEB_003809,CUST_04740,Monitor,5,26178,2026-02-23,UPI,Pune
FEB_003810,CUST_03700,Laptop,5,34523,2026-02-26,Debit Card,Bangalore
FEB_003811,CUST_00924,Headphones,4,17677,2026-02-18,UPI,Pune
FEB_003812,CUST_02054,Smartphone,2,24517,2026-02-19,Debit Card,Chennai
FEB_003813,CUST_02442,Smartwatch,2,14228,2026-02-05,UPI,Delhi
FEB_003814,CUST_02782,Mouse,1,38668,2026-02-10,Debit Card,Delhi
FEB_003815,CUST_04149,Mouse,2,42130,2026-02-02,Cash on Delivery,Chennai
FEB_003816,CUST_02427,Tablet,1,22006,2026-02-14,Debit Card,Pune
FEB_003817,CUST_00798,Smartwatch,1,14938,2026-02-16,UPI,Chennai
FEB_003818,CUST_02955,Tablet,1,31088,2026-02-20,UPI,Delhi
FEB_003819,CUST_04120,Laptop,2,43385,2026-02-01,Cash on Delivery,Hyderabad
FEB_003820,CUST_01308,Tablet,2,47646,2026-02-11,Debit Card,Bangalore
FEB_003821,CUST_03412,Monitor,2,24515,2026-02-01,UPI,Chennai
FEB_003822,CUST_03811,Smartphone,1,36509,2026-02-03,Credit Card,Delhi
FEB_003823,CUST_02031,Smartphone,4,9720,2026-02-03,Credit Card,Chennai
FEB_003824,CUST_00576,Keyboard,2,42637,2026-02-24,UPI,Mumbai
FEB_003825,CUST_00860,Monitor,5,19798,2026-02-02,UPI,Hyderabad
FEB_003826,CUST_03882,Mouse,5,23441,2026-02-21,UPI,Delhi
FEB_003827,CUST_02083,Smartwatch,4,2107,2026-02-07,Debit Card,Chennai
FEB_003828,CUST_01651,Smartwatch,3,7582,2026-02-15,Debit Card,Mumbai
FEB_003829,CUST_01501,Smartwatch,5,23026,2026-02-06,Cash on Delivery,Delhi
FEB_003830,CUST_00040,Mouse,5,18847,2026-02-24,Cash on Delivery,Mumbai
FEB_003831,CUST_04567,Laptop,2,34684,2026-02-25,Credit Card,Delhi
FEB_003832,CUST_04111,Mouse,2,31346,2026-02-19,Cash on Delivery,Delhi
FEB_003833,CUST_00603,Keyboard,1,36564,2026-02-04,Debit Card,Mumbai
FEB_003834,CUST_03945,Monitor,2,2384,2026-02-23,Cash on Delivery,Delhi
FEB_003835,CUST_00148,Mouse,5,46556,2026-02-22,Cash on Delivery,Hyderabad
FEB_003836,CUST_04489,Headphones,1,18625,2026-02-04,UPI,Delhi
FEB_003837,CUST_04883,Headphones,3,2852,2026-02-25,Cash on Delivery,Hyderabad
FEB_003838,CUST_01946,Headphones,1,16951,2026-02-18,Debit Card,Bangalore
FEB_003839,CUST_03438,Smartwatch,2,5605,2026-02-22,Debit Card,Chennai
FEB_003840,CUST_03997,Laptop,3,48851,2026-02-18,UPI,Mumbai
FEB_003841,CUST_00991,Smartwatch,4,38458,2026-02-12,Debit Card,Bangalore
FEB_003842,CUST_04997,Headphones,1,35281,2026-02-07,UPI,Pune
FEB_003843,CUST_01108,Mouse,4,16616,2026-02-04,UPI,Chennai
FEB_003844,CUST_04403,Laptop,4,3704,2026-02-18,Cash on Delivery,Chennai
FEB_003845,CUST_00180,Keyboard,5,11111,2026-02-08,Credit Card,Delhi
FEB_003846,CUST_01192,Smartphone,1,9249,2026-02-17,UPI,Bangalore
FEB_003847,CUST_01605,Mouse,5,20169,2026-02-05,UPI,Chennai
FEB_003848,CUST_00893,Keyboard,2,10877,2026-02-23,Debit Card,Chennai
FEB_003849,CUST_03598,Tablet,5,6283,2026-02-03,Debit Card,Mumbai
FEB_003850,CUST_02509,Smartphone,5,30013,2026-02-13,Cash on Delivery,Delhi
FEB_003851,CUST_00198,Keyboard,4,1030,2026-02-05,Cash on Delivery,Mumbai
FEB_003852,CUST_02382,Tablet,1,13528,2026-02-27,Cash on Delivery,Hyderabad
FEB_003853,CUST_02165,Mouse,3,31256,2026-02-23,Cash on Delivery,Pune
FEB_003854,CUST_03555,Keyboard,1,49247,2026-02-15,Debit Card,Mumbai
FEB_003855,CUST_01709,Smartphone,5,11489,2026-02-23,Credit Card,Delhi
FEB_003856,CUST_01864,Mouse,4,43840,2026-02-06,UPI,Mumbai
FEB_003857,CUST_02888,Laptop,4,28876,2026-02-02,UPI,Bangalore
FEB_003858,CUST_03077,Smartwatch,2,25404,2026-02-27,Debit Card,Chennai
FEB_003859,CUST_04311,Laptop,1,2519,2026-02-17,Cash on Delivery,Delhi
FEB_003860,CUST_04377,Headphones,5,3308,2026-02-09,Debit Card,Bangalore
FEB_003861,CUST_02954,Tablet,2,8568,2026-02-01,Cash on Delivery,Pune
FEB_003862,CUST_01627,Laptop,3,27444,2026-02-13,Credit Card,Pune
FEB_003863,CUST_04861,Tablet,2,8700,2026-02-12,Credit Card,Chennai
FEB_003864,CUST_04753,Smartphone,3,20570,2026-02-01,Credit Card,Pune
FEB_003865,CUST_04397,Mouse,3,35672,2026-02-21,Credit Card,Mumbai
FEB_003866,CUST_03512,Laptop,3,39453,2026-02-22,Cash on Delivery,Pune
FEB_003867,CUST_00327,Smartphone,2,13580,2026-02-25,UPI,Chennai
FEB_003868,CUST_01404,Smartwatch,2,39237,2026-02-15,Credit Card,Hyderabad
FEB_003869,CUST_02853,Laptop,3,23660,2026-02-15,Credit Card,Pune
FEB_003870,CUST_01201,Headphones,3,35724,2026-02-26,Debit Card,Pune
FEB_003871,CUST_04193,Laptop,2,47166,2026-02-23,Debit Card,Chennai
FEB_003872,CUST_04770,Monitor,5,38548,2026-02-13,Credit Card,Hyderabad
FEB_003873,CUST_01269,Monitor,1,49910,2026-02-16,UPI,Hyderabad
FEB_003874,CUST_03449,Smartwatch,3,5833,2026-02-20,Cash on Delivery,Delhi
FEB_003875,CUST_04493,Monitor,3,6197,2026-02-18,Debit Card,Pune
FEB_003876,CUST_01887,Mouse,3,13502,2026-02-11,Debit Card,Bangalore
FEB_003877,CUST_01699,Monitor,2,7401,2026-02-06,Debit Card,Chennai
FEB_003878,CUST_01019,Smartphone,1,4001,2026-02-28,Debit Card,Bangalore
FEB_003879,CUST_03788,Mouse,2,11406,2026-02-20,Credit Card,Bangalore
FEB_003880,CUST_02015,Headphones,3,10780,2026-02-04,Cash on Delivery,Pune
FEB_003881,CUST_04164,Keyboard,4,21009,2026-02-06,UPI,Hyderabad
FEB_003882,CUST_03379,Monitor,3,23616,2026-02-12,Cash on Delivery,Mumbai
FEB_003883,CUST_02862,Smartwatch,4,8225,2026-02-08,Cash on Delivery,Delhi
FEB_003884,CUST_03083,Mouse,1,31563,2026-02-19,Cash on Delivery,Pune
FEB_003885,CUST_02776,Tablet,1,31894,2026-02-21,Cash on Delivery,Hyderabad
FEB_003886,CUST_04767,Smartphone,2,366,2026-02-09,UPI,Delhi
FEB_003887,CUST_03014,Smartwatch,4,12942,2026-02-05,Cash on Delivery,Mumbai
FEB_003888,CUST_00651,Smartwatch,5,47301,2026-02-06,Cash on Delivery,Mumbai
FEB_003889,CUST_00536,Headphones,4,27561,2026-02-19,Cash on Delivery,Mumbai
FEB_003890,CUST_01780,Headphones,2,13641,2026-02-16,Cash on Delivery,Hyderabad
FEB_003891,CUST_00788,Keyboard,1,10661,2026-02-16,Cash on Delivery,Mumbai
FEB_003892,CUST_02897,Smartphone,2,14478,2026-02-22,Credit Card,Chennai
FEB_003893,CUST_00328,Smartphone,5,32248,2026-02-19,Credit Card,Chennai
FEB_003894,CUST_04079,Smartwatch,2,31773,2026-02-08,Debit Card,Delhi
FEB_003895,CUST_04422,Smartwatch,1,2660,2026-02-02,Credit Card,Mumbai
FEB_003896,CUST_00908,Headphones,3,5277,2026-02-20,Cash on Delivery,Pune
FEB_003897,CUST_02221,Tablet,5,26968,2026-02-10,Credit Card,Bangalore
FEB_003898,CUST_04917,Keyboard,2,13100,2026-02-18,UPI,Chennai
FEB_003899,CUST_02134,Mouse,5,31042,2026-02-21,Debit Card,Mumbai
FEB_003900,CUST_01174,Laptop,2,6515,2026-02-12,Debit Card,Chennai
FEB_003901,CUST_02531,Laptop,4,5786,2026-02-12,Cash on Delivery,Bangalore
FEB_003902,CUST_02012,Keyboard,4,28020,2026-02-16,Debit Card,Chennai
FEB_003903,CUST_04210,Keyboard,3,18607,2026-02-04,Debit Card,Chennai
FEB_003904,CUST_03798,Headphones,3,24257,2026-02-10,Credit Card,Pune
FEB_003905,CUST_02589,Monitor,3,25815,2026-02-14,UPI,Bangalore
FEB_003906,CUST_01455,Keyboard,2,34129,2026-02-19,Credit Card,Bangalore
FEB_003907,CUST_03438,Smartphone,2,46326,2026-02-04,UPI,Chennai
FEB_003908,CUST_01849,Smartphone,2,39149,2026-02-18,Credit Card,Hyderabad
FEB_003909,CUST_00284,Keyboard,3,5817,2026-02-11,Credit Card,Bangalore
FEB_003910,CUST_00301,Tablet,1,25827,2026-02-20,Cash on Delivery,Mumbai
FEB_003911,CUST_00716,Monitor,2,24134,2026-02-12,Cash on Delivery,Delhi
FEB_003912,CUST_04007,Laptop,1,33339,2026-02-04,Cash on Delivery,Hyderabad
FEB_003913,CUST_01591,Headphones,5,38582,2026-02-03,UPI,Mumbai
FEB_003914,CUST_00899,Smartphone,5,45666,2026-02-27,Credit Card,Pune
FEB_003915,CUST_03774,Mouse,1,24269,2026-02-26,Credit Card,Chennai
FEB_003916,CUST_02292,Monitor,5,40180,2026-02-08,Cash on Delivery,Bangalore
FEB_003917,CUST_04496,Headphones,1,36085,2026-02-23,Debit Card,Hyderabad
FEB_003918,CUST_01481,Mouse,3,21982,2026-02-26,UPI,Delhi
FEB_003919,CUST_00774,Smartwatch,2,3104,2026-02-21,Cash on Delivery,Pune
FEB_003920,CUST_01944,Keyboard,3,39127,2026-02-27,Debit Card,Chennai
FEB_003921,CUST_02836,Smartphone,2,47286,2026-02-21,Credit Card,Pune
FEB_003922,CUST_01659,Tablet,4,42292,2026-02-12,Debit Card,Hyderabad
FEB_003923,CUST_04505,Headphones,3,6141,2026-02-05,UPI,Pune
FEB_003924,CUST_01075,Laptop,4,6220,2026-02-09,UPI,Mumbai
FEB_003925,CUST_02839,Smartwatch,2,14740,2026-02-24,UPI,Hyderabad
FEB_003926,CUST_00338,Tablet,3,46134,2026-02-24,Cash on Delivery,Chennai
FEB_003927,CUST_02277,Mouse,5,13582,2026-02-21,Credit Card,Delhi
FEB_003928,CUST_04724,Keyboard,2,2359,2026-02-28,Cash on Delivery,Bangalore
FEB_003929,CUST_01565,Headphones,5,39826,2026-02-06,Credit Card,Mumbai
FEB_003930,CUST_00322,Mouse,5,36968,2026-02-25,UPI,Chennai
FEB_003931,CUST_02445,Mouse,1,26892,2026-02-19,Credit Card,Chennai
FEB_003932,CUST_00634,Keyboard,4,28399,2026-02-05,UPI,Pune
FEB_003933,CUST_04962,Headphones,5,10846,2026-02-12,Credit Card,Bangalore
FEB_003934,CUST_03550,Keyboard,5,10810,2026-02-19,Debit Card,Chennai
FEB_003935,CUST_03614,Smartphone,4,39567,2026-02-20,UPI,Chennai
FEB_003936,CUST_03010,Mouse,1,16087,2026-02-11,Credit Card,Mumbai
FEB_003937,CUST_00887,Monitor,1,4736,2026-02-17,Credit Card,Mumbai
FEB_003938,CUST_00658,Laptop,3,36367,2026-02-02,UPI,Mumbai
FEB_003939,CUST_02078,Mouse,2,19811,2026-02-28,Credit Card,Bangalore
FEB_003940,CUST_02225,Smartphone,3,48472,2026-02-19,Cash on Delivery,Mumbai
FEB_003941,CUST_02960,Mouse,4,24893,2026-02-07,Credit Card,Hyderabad
FEB_003942,CUST_03614,Keyboard,5,30348,2026-02-01,Debit Card,Chennai
FEB_003943,CUST_03432,Smartphone,5,4939,2026-02-11,UPI,Delhi
FEB_003944,CUST_02414,Laptop,3,49244,2026-02-20,UPI,Mumbai
FEB_003945,CUST_03923,Headphones,3,45119,2026-02-05,UPI,Hyderabad
FEB_003946,CUST_04047,Monitor,1,10142,2026-02-28,Cash on Delivery,Delhi
FEB_003947,CUST_04536,Smartphone,4,17367,2026-02-08,Debit Card,Bangalore
FEB_003948,CUST_04395,Monitor,4,12034,2026-02-20,Cash on Delivery,Bangalore
FEB_003949,CUST_03886,Tablet,4,36444,2026-02-15,Credit Card,Delhi
FEB_003950,CUST_04319,Smartwatch,4,13552,2026-02-03,Credit Card,Pune
FEB_003951,CUST_01216,Smartwatch,3,28507,2026-02-15,Credit Card,Chennai
FEB_003952,CUST_00446,Laptop,3,20818,2026-02-06,UPI,Chennai
FEB_003953,CUST_03025,Monitor,5,4395,2026-02-25,Debit Card,Mumbai
FEB_003954,CUST_04438,Headphones,4,15397,2026-02-16,Credit Card,Pune
FEB_003955,CUST_02778,Laptop,2,7649,2026-02-26,Debit Card,Delhi
FEB_003956,CUST_03969,Headphones,1,40611,2026-02-04,Credit Card,Delhi
FEB_003957,CUST_03626,Headphones,2,16979,2026-02-23,Credit Card,Hyderabad
FEB_003958,CUST_01611,Mouse,3,48593,2026-02-05,Credit Card,Hyderabad
FEB_003959,CUST_00467,Tablet,1,11624,2026-02-22,Credit Card,Pune
FEB_003960,CUST_00252,Headphones,3,14228,2026-02-08,UPI,Mumbai
FEB_003961,CUST_03845,Headphones,2,9853,2026-02-26,Debit Card,Hyderabad
FEB_003962,CUST_02243,Mouse,3,18426,2026-02-21,UPI,Bangalore
FEB_003963,CUST_01621,Tablet,3,41658,2026-02-04,Cash on Delivery,Mumbai
FEB_003964,CUST_02767,Mouse,5,986,2026-02-12,UPI,Bangalore
FEB_003965,CUST_01473,Monitor,2,37835,2026-02-15,Debit Card,Bangalore
FEB_003966,CUST_01883,Laptop,5,46209,2026-02-20,Credit Card,Delhi
FEB_003967,CUST_01150,Smartphone,3,13715,2026-02-07,Credit Card,Hyderabad
FEB_003968,CUST_01499,Keyboard,2,10166,2026-02-28,UPI,Mumbai
FEB_003969,CUST_03403,Smartphone,4,11461,2026-02-17,Cash on Delivery,Pune
FEB_003970,CUST_02877,Smartwatch,1,38616,2026-02-10,UPI,Chennai
FEB_003971,CUST_03615,Headphones,1,4390,2026-02-17,Credit Card,Pune
FEB_003972,CUST_04540,Mouse,4,41780,2026-02-26,UPI,Bangalore
FEB_003973,CUST_01492,Headphones,4,17358,2026-02-02,Credit Card,Mumbai
FEB_003974,CUST_00434,Keyboard,5,43743,2026-02-22,Credit Card,Hyderabad
FEB_003975,CUST_03023,Monitor,2,25219,2026-02-24,Credit Card,Mumbai
FEB_003976,CUST_03789,Keyboard,4,3037,2026-02-12,Credit Card,Hyderabad
FEB_003977,CUST_04388,Monitor,4,29135,2026-02-23,Credit Card,Pune
FEB_003978,CUST_00032,Keyboard,2,12564,2026-02-14,Cash on Delivery,Mumbai
FEB_003979,CUST_01589,Monitor,5,37185,2026-02-14,UPI,Chennai
FEB_003980,CUST_00118,Headphones,2,49309,2026-02-15,UPI,Chennai
FEB_003981,CUST_02709,Laptop,5,6686,2026-02-25,UPI,Bangalore
FEB_003982,CUST_02708,Headphones,1,28661,2026-02-08,Credit Card,Delhi
FEB_003983,CUST_03342,Monitor,2,10530,2026-02-19,UPI,Mumbai
FEB_003984,CUST_04324,Smartwatch,3,48355,2026-02-19,Debit Card,Chennai
FEB_003985,CUST_01585,Keyboard,3,5759,2026-02-03,UPI,Delhi
FEB_003986,CUST_00812,Smartwatch,5,26527,2026-02-20,UPI,Chennai
FEB_003987,CUST_02664,Keyboard,4,47973,2026-02-06,UPI,Delhi
FEB_003988,CUST_04253,Smartphone,5,17914,2026-02-22,Cash on Delivery,Hyderabad
FEB_003989,CUST_03112,Tablet,4,30652,2026-02-26,UPI,Mumbai
FEB_003990,CUST_04763,Laptop,5,16094,2026-02-01,Credit Card,Pune
FEB_003991,CUST_01325,Laptop,4,41306,2026-02-24,Cash on Delivery,Delhi
FEB_003992,CUST_03945,Keyboard,1,25498,2026-02-12,Debit Card,Chennai
FEB_003993,CUST_04537,Monitor,5,43475,2026-02-05,UPI,Chennai
FEB_003994,CUST_00568,Monitor,5,43116,2026-02-20,Credit Card,Mumbai
FEB_003995,CUST_00753,Laptop,1,15630,2026-02-20,Cash on Delivery,Chennai
FEB_003996,CUST_02682,Laptop,5,12054,2026-02-15,Cash on Delivery,Delhi
FEB_003997,CUST_04011,Tablet,5,40214,2026-02-08,Cash on Delivery,Pune
FEB_003998,CUST_01674,Smartphone,3,34314,2026-02-21,Credit Card,Chennai
FEB_003999,CUST_03871,Mouse,5,22249,2026-02-11,Cash on Delivery,Hyderabad
FEB_004000,CUST_04431,Tablet,2,43121,2026-02-11,Credit Card,Bangalore
FEB_004001,CUST_02419,Mouse,2,14778,2026-02-16,Cash on Delivery,Pune
FEB_004002,CUST_01270,Keyboard,3,49664,2026-02-28,UPI,Bangalore
FEB_004003,CUST_04863,Keyboard,5,40419,2026-02-05,UPI,Mumbai
FEB_004004,CUST_03452,Smartwatch,2,7592,2026-02-19,UPI,Delhi
FEB_004005,CUST_02984,Smartwatch,3,33004,2026-02-16,Cash on Delivery,Pune
FEB_004006,CUST_00277,Smartwatch,4,39966,2026-02-06,Cash on Delivery,Pune
FEB_004007,CUST_01636,Mouse,2,33778,2026-02-06,UPI,Hyderabad
FEB_004008,CUST_03254,Monitor,3,38272,2026-02-06,UPI,Mumbai
FEB_004009,CUST_00235,Keyboard,5,1110,2026-02-03,UPI,Delhi
FEB_004010,CUST_04615,Headphones,3,41628,2026-02-04,Debit Card,Chennai
FEB_004011,CUST_01712,Keyboard,1,11320,2026-02-24,Cash on Delivery,Delhi
FEB_004012,CUST_04687,Monitor,5,37940,2026-02-27,Credit Card,Chennai
FEB_004013,CUST_02498,Laptop,2,15101,2026-02-24,Credit Card,Mumbai
FEB_004014,CUST_01242,Keyboard,5,44363,2026-02-08,UPI,Chennai
FEB_004015,CUST_04356,Mouse,1,3926,2026-02-23,Debit Card,Mumbai
FEB_004016,CUST_03155,Keyboard,5,14577,2026-02-11,Debit Card,Mumbai
FEB_004017,CUST_01938,Laptop,2,40070,2026-02-27,Debit Card,Hyderabad
FEB_004018,CUST_00350,Smartphone,2,12535,2026-02-05,UPI,Delhi
FEB_004019,CUST_02539,Headphones,2,35771,2026-02-26,Debit Card,Pune
FEB_004020,CUST_04533,Headphones,3,14919,2026-02-04,Credit Card,Bangalore
FEB_004021,CUST_03148,Monitor,1,46733,2026-02-28,Debit Card,Pune
FEB_004022,CUST_02409,Smartwatch,3,49629,2026-02-18,Debit Card,Bangalore
FEB_004023,CUST_04860,Laptop,2,12970,2026-02-14,Cash on Delivery,Bangalore
FEB_004024,CUST_02604,Keyboard,1,41963,2026-02-09,Debit Card,Chennai
FEB_004025,CUST_02014,Mouse,4,38966,2026-02-10,Cash on Delivery,Bangalore
FEB_004026,CUST_02411,Keyboard,2,31309,2026-02-14,Credit Card,Delhi
FEB_004027,CUST_04784,Smartwatch,1,18407,2026-02-05,Credit Card,Delhi
FEB_004028,CUST_03471,Smartphone,1,10272,2026-02-02,UPI,Chennai
FEB_004029,CUST_00075,Mouse,2,31252,2026-02-24,Cash on Delivery,Bangalore
FEB_004030,CUST_04575,Mouse,2,12592,2026-02-01,Cash on Delivery,Delhi
FEB_004031,CUST_00880,Tablet,3,38740,2026-02-09,UPI,Hyderabad
FEB_004032,CUST_03616,Headphones,4,27188,2026-02-27,UPI,Chennai
FEB_004033,CUST_00915,Smartwatch,3,9704,2026-02-22,UPI,Pune
FEB_004034,CUST_03979,Mouse,2,30903,2026-02-24,Debit Card,Pune
FEB_004035,CUST_03771,Tablet,4,33582,2026-02-03,Debit Card,Delhi
FEB_004036,CUST_00964,Laptop,5,6014,2026-02-12,Cash on Delivery,Bangalore
FEB_004037,CUST_04123,Tablet,5,29345,2026-02-21,UPI,Mumbai
FEB_004038,CUST_03228,Tablet,3,43791,2026-02-19,Cash on Delivery,Chennai
FEB_004039,CUST_01776,Smartphone,4,9876,2026-02-11,Cash on Delivery,Hyderabad
FEB_004040,CUST_00350,Smartwatch,4,37546,2026-02-16,Debit Card,Bangalore
FEB_004041,CUST_02762,Mouse,1,16418,2026-02-03,Credit Card,Hyderabad
FEB_004042,CUST_01221,Smartwatch,2,19281,2026-02-20,Cash on Delivery,Bangalore
FEB_004043,CUST_03329,Smartwatch,4,36919,2026-02-08,UPI,Delhi
FEB_004044,CUST_02513,Smartwatch,1,45620,2026-02-18,Debit Card,Bangalore
FEB_004045,CUST_02234,Monitor,1,7557,2026-02-11,Cash on Delivery,Bangalore
FEB_004046,CUST_04768,Monitor,5,14397,2026-02-11,Credit Card,Mumbai
FEB_004047,CUST_03607,Laptop,5,23860,2026-02-12,Cash on Delivery,Bangalore
FEB_004048,CUST_01132,Monitor,4,28989,2026-02-13,Credit Card,Delhi
FEB_004049,CUST_04151,Monitor,3,18272,2026-02-01,Debit Card,Delhi
FEB_004050,CUST_03372,Mouse,3,38418,2026-02-24,Credit Card,Chennai
FEB_004051,CUST_03968,Laptop,5,33304,2026-02-10,Cash on Delivery,Pune
FEB_004052,CUST_03520,Keyboard,5,49854,2026-02-23,Debit Card,Hyderabad
FEB_004053,CUST_03515,Tablet,1,48869,2026-02-04,Debit Card,Chennai
FEB_004054,CUST_03251,Headphones,5,38876,2026-02-23,Debit Card,Hyderabad
FEB_004055,CUST_03261,Keyboard,2,22257,2026-02-01,UPI,Hyderabad
FEB_004056,CUST_01157,Smartwatch,3,30890,2026-02-14,Cash on Delivery,Hyderabad
FEB_004057,CUST_00436,Keyboard,4,30053,2026-02-18,Cash on Delivery,Chennai
FEB_004058,CUST_03746,Tablet,2,4180,2026-02-04,UPI,Delhi
FEB_004059,CUST_00917,Keyboard,5,3166,2026-02-08,Credit Card,Mumbai
FEB_004060,CUST_00746,Mouse,3,2253,2026-02-01,UPI,Chennai
FEB_004061,CUST_02313,Mouse,3,206,2026-02-05,UPI,Hyderabad
FEB_004062,CUST_01868,Tablet,2,8719,2026-02-02,Debit Card,Chennai
FEB_004063,CUST_02479,Headphones,3,14910,2026-02-06,UPI,Bangalore
FEB_004064,CUST_04806,Smartwatch,1,21090,2026-02-13,UPI,Hyderabad
FEB_004065,CUST_01653,Laptop,1,26313,2026-02-05,Cash on Delivery,Hyderabad
FEB_004066,CUST_01416,Mouse,4,13342,2026-02-20,Debit Card,Bangalore
FEB_004067,CUST_03135,Mouse,2,9701,2026-02-11,Cash on Delivery,Mumbai
FEB_004068,CUST_04362,Smartphone,4,24513,2026-02-28,Cash on Delivery,Pune
FEB_004069,CUST_00960,Smartphone,5,469,2026-02-01,UPI,Bangalore
FEB_004070,CUST_04915,Mouse,5,42270,2026-02-15,UPI,Bangalore
FEB_004071,CUST_03054,Mouse,5,34461,2026-02-03,Credit Card,Bangalore
FEB_004072,CUST_00565,Headphones,1,49673,2026-02-17,Credit Card,Chennai
FEB_004073,CUST_02680,Smartphone,1,18318,2026-02-06,UPI,Chennai
FEB_004074,CUST_04639,Monitor,1,26629,2026-02-17,Debit Card,Chennai
FEB_004075,CUST_00883,Keyboard,2,35448,2026-02-07,Debit Card,Mumbai
FEB_004076,CUST_03071,Headphones,5,30701,2026-02-11,Debit Card,Pune
FEB_004077,CUST_04263,Smartwatch,4,31343,2026-02-05,Cash on Delivery,Mumbai
FEB_004078,CUST_04944,Laptop,2,12904,2026-02-21,Credit Card,Pune
FEB_004079,CUST_04592,Headphones,5,46024,2026-02-13,Cash on Delivery,Hyderabad
FEB_004080,CUST_00508,Tablet,1,32824,2026-02-24,Debit Card,Chennai
FEB_004081,CUST_00442,Monitor,2,39098,2026-02-06,UPI,Pune
FEB_004082,CUST_03799,Monitor,1,35536,2026-02-16,Cash on Delivery,Delhi
FEB_004083,CUST_01180,Tablet,4,47063,2026-02-27,Cash on Delivery,Hyderabad
FEB_004084,CUST_04608,Mouse,2,8332,2026-02-26,UPI,Delhi
FEB_004085,CUST_00378,Smartwatch,1,42955,2026-02-10,Debit Card,Delhi
FEB_004086,CUST_03408,Monitor,4,1474,2026-02-13,Debit Card,Mumbai
FEB_004087,CUST_04231,Monitor,2,21593,2026-02-04,Cash on Delivery,Bangalore
FEB_004088,CUST_01871,Smartphone,4,17034,2026-02-05,Credit Card,Pune
FEB_004089,CUST_01002,Smartwatch,2,20261,2026-02-25,Cash on Delivery,Pune
FEB_004090,CUST_00647,Laptop,5,29483,2026-02-24,Debit Card,Pune
FEB_004091,CUST_04269,Smartwatch,1,29390,2026-02-19,Cash on Delivery,Delhi
FEB_004092,CUST_00698,Headphones,3,2518,2026-02-18,Debit Card,Chennai
FEB_004093,CUST_04797,Headphones,4,36322,2026-02-23,Credit Card,Pune
FEB_004094,CUST_02206,Keyboard,4,22094,2026-02-25,UPI,Chennai
FEB_004095,CUST_03232,Smartphone,3,3234,2026-02-02,Credit Card,Bangalore
FEB_004096,CUST_04811,Monitor,4,14737,2026-02-03,UPI,Mumbai
FEB_004097,CUST_03881,Mouse,4,24023,2026-02-20,Credit Card,Bangalore
FEB_004098,CUST_01901,Mouse,5,12788,2026-02-17,UPI,Mumbai
FEB_004099,CUST_03037,Laptop,4,20498,2026-02-10,Debit Card,Delhi
FEB_004100,CUST_02454,Monitor,4,38749,2026-02-07,Credit Card,Bangalore
FEB_004101,CUST_00843,Keyboard,5,45482,2026-02-01,Debit Card,Hyderabad
FEB_004102,CUST_04583,Smartwatch,3,27740,2026-02-27,Debit Card,Hyderabad
FEB_004103,CUST_00106,Monitor,2,10304,2026-02-26,Credit Card,Bangalore
FEB_004104,CUST_03939,Mouse,2,9519,2026-02-17,Credit Card,Chennai
FEB_004105,CUST_01354,Headphones,3,39269,2026-02-28,Debit Card,Pune
FEB_004106,CUST_00689,Smartphone,3,46553,2026-02-11,UPI,Chennai
FEB_004107,CUST_02235,Laptop,1,49992,2026-02-17,UPI,Chennai
FEB_004108,CUST_04895,Mouse,4,45906,2026-02-16,UPI,Hyderabad
FEB_004109,CUST_00578,Headphones,1,43703,2026-02-20,UPI,Mumbai
FEB_004110,CUST_00884,Smartwatch,2,34420,2026-02-25,Credit Card,Pune
FEB_004111,CUST_02853,Monitor,4,18601,2026-02-02,UPI,Hyderabad
FEB_004112,CUST_04783,Laptop,2,38342,2026-02-23,Cash on Delivery,Mumbai
FEB_004113,CUST_03921,Laptop,3,40283,2026-02-24,Credit Card,Delhi
FEB_004114,CUST_00119,Monitor,4,4557,2026-02-04,Credit Card,Mumbai
FEB_004115,CUST_04612,Tablet,3,11089,2026-02-20,Debit Card,Bangalore
FEB_004116,CUST_00500,Tablet,5,35634,2026-02-16,Credit Card,Bangalore
FEB_004117,CUST_04852,Mouse,3,29985,2026-02-20,Credit Card,Pune
FEB_004118,CUST_00807,Headphones,1,8898,2026-02-12,UPI,Hyderabad
FEB_004119,CUST_02964,Monitor,1,38344,2026-02-14,UPI,Chennai
FEB_004120,CUST_00855,Mouse,2,448,2026-02-02,Debit Card,Pune
FEB_004121,CUST_02483,Tablet,1,26444,2026-02-18,Credit Card,Bangalore
FEB_004122,CUST_00985,Monitor,1,15286,2026-02-09,Cash on Delivery,Mumbai
FEB_004123,CUST_01267,Mouse,1,13460,2026-02-26,Cash on Delivery,Mumbai
FEB_004124,CUST_01529,Tablet,5,12080,2026-02-04,Cash on Delivery,Mumbai
FEB_004125,CUST_00841,Tablet,4,3165,2026-02-20,Credit Card,Pune
FEB_004126,CUST_02054,Laptop,2,45324,2026-02-27,Cash on Delivery,Delhi
FEB_004127,CUST_02648,Smartwatch,5,35832,2026-02-27,Cash on Delivery,Hyderabad
FEB_004128,CUST_03065,Monitor,2,37831,2026-02-26,UPI,Mumbai
FEB_004129,CUST_03289,Headphones,5,4590,2026-02-02,Cash on Delivery,Hyderabad
FEB_004130,CUST_03938,Laptop,5,12923,2026-02-14,Credit Card,Delhi
FEB_004131,CUST_03750,Headphones,3,641,2026-02-18,Credit Card,Pune
FEB_004132,CUST_00270,Laptop,1,30933,2026-02-10,UPI,Bangalore
FEB_004133,CUST_03286,Mouse,1,996,2026-02-15,Credit Card,Pune
FEB_004134,CUST_00761,Smartwatch,1,24830,2026-02-18,UPI,Delhi
FEB_004135,CUST_03356,Smartphone,2,16813,2026-02-05,Debit Card,Delhi
FEB_004136,CUST_03684,Mouse,5,22883,2026-02-08,Cash on Delivery,Hyderabad
FEB_004137,CUST_04668,Smartwatch,5,11019,2026-02-17,Cash on Delivery,Delhi
FEB_004138,CUST_03954,Laptop,4,9329,2026-02-09,Debit Card,Chennai
FEB_004139,CUST_02716,Tablet,5,34113,2026-02-06,Cash on Delivery,Hyderabad
FEB_004140,CUST_03442,Headphones,1,22279,2026-02-26,Debit Card,Mumbai
FEB_004141,CUST_03963,Headphones,5,8810,2026-02-13,Credit Card,Chennai
FEB_004142,CUST_04281,Keyboard,3,11437,2026-02-01,Credit Card,Delhi
FEB_004143,CUST_00671,Smartwatch,2,42899,2026-02-19,Cash on Delivery,Pune
FEB_004144,CUST_00253,Headphones,5,32649,2026-02-16,Debit Card,Hyderabad
FEB_004145,CUST_04796,Headphones,5,46612,2026-02-25,Credit Card,Delhi
FEB_004146,CUST_00856,Keyboard,1,44439,2026-02-25,Cash on Delivery,Hyderabad
FEB_004147,CUST_00777,Headphones,2,4271,2026-02-20,Cash on Delivery,Pune
FEB_004148,CUST_02848,Keyboard,2,23330,2026-02-12,UPI,Chennai
FEB_004149,CUST_02453,Smartwatch,3,25734,2026-02-28,Debit Card,Pune
FEB_004150,CUST_04024,Smartphone,5,18875,2026-02-14,Cash on Delivery,Mumbai
FEB_004151,CUST_01858,Monitor,1,43421,2026-02-10,Cash on Delivery,Mumbai
FEB_004152,CUST_04011,Headphones,3,490,2026-02-21,Debit Card,Delhi
FEB_004153,CUST_02063,Tablet,4,9741,2026-02-19,Credit Card,Mumbai
FEB_004154,CUST_01859,Keyboard,4,6677,2026-02-08,Debit Card,Delhi
FEB_004155,CUST_02603,Smartwatch,3,35094,2026-02-10,Cash on Delivery,Chennai
FEB_004156,CUST_00767,Monitor,2,38939,2026-02-03,Debit Card,Pune
FEB_004157,CUST_01845,Laptop,2,13880,2026-02-16,Debit Card,Mumbai
FEB_004158,CUST_00094,Mouse,4,11150,2026-02-13,UPI,Pune
FEB_004159,CUST_00276,Monitor,1,5207,2026-02-16,Debit Card,Delhi
FEB_004160,CUST_02590,Monitor,2,26706,2026-02-16,Credit Card,Bangalore
FEB_004161,CUST_00444,Monitor,4,2095,2026-02-09,UPI,Pune
FEB_004162,CUST_02035,Smartwatch,2,11368,2026-02-24,Debit Card,Hyderabad
FEB_004163,CUST_04423,Mouse,3,30504,2026-02-08,UPI,Bangalore
FEB_004164,CUST_03478,Smartwatch,5,39630,2026-02-19,UPI,Bangalore
FEB_004165,CUST_04499,Headphones,3,3970,2026-02-19,Debit Card,Chennai
FEB_004166,CUST_03283,Smartphone,4,5244,2026-02-03,Credit Card,Delhi
FEB_004167,CUST_00926,Mouse,4,7276,2026-02-16,UPI,Hyderabad
FEB_004168,CUST_03189,Keyboard,1,27680,2026-02-11,UPI,Chennai
FEB_004169,CUST_03563,Smartphone,2,6514,2026-02-22,Credit Card,Mumbai
FEB_004170,CUST_01055,Tablet,3,27590,2026-02-26,Cash on Delivery,Hyderabad
FEB_004171,CUST_02644,Smartphone,4,5412,2026-02-08,Credit Card,Pune
FEB_004172,CUST_01559,Mouse,4,46935,2026-02-25,UPI,Mumbai
FEB_004173,CUST_01117,Smartwatch,2,13681,2026-02-19,Credit Card,Mumbai
FEB_004174,CUST_00318,Smartwatch,3,34309,2026-02-19,Credit Card,Delhi
FEB_004175,CUST_01880,Laptop,1,37985,2026-02-18,Debit Card,Chennai
FEB_004176,CUST_02480,Smartphone,5,27516,2026-02-08,Debit Card,Bangalore
FEB_004177,CUST_03457,Smartphone,4,44648,2026-02-19,UPI,Bangalore
FEB_004178,CUST_04672,Laptop,5,36488,2026-02-24,Credit Card,Mumbai
FEB_004179,CUST_00223,Keyboard,1,36543,2026-02-06,Credit Card,Pune
FEB_004180,CUST_01784,Smartwatch,2,43196,2026-02-15,Cash on Delivery,Bangalore
FEB_004181,CUST_03862,Monitor,4,38705,2026-02-14,Cash on Delivery,Bangalore
FEB_004182,CUST_02108,Headphones,1,39022,2026-02-25,Debit Card,Hyderabad
FEB_004183,CUST_01260,Headphones,4,42945,2026-02-27,Debit Card,Mumbai
FEB_004184,CUST_02483,Mouse,4,21246,2026-02-21,Cash on Delivery,Chennai
FEB_004185,CUST_00916,Smartwatch,2,44145,2026-02-02,Debit Card,Hyderabad
FEB_004186,CUST_00591,Smartwatch,3,34499,2026-02-10,Debit Card,Hyderabad
FEB_004187,CUST_02299,Mouse,1,25173,2026-02-03,Cash on Delivery,Mumbai
FEB_004188,CUST_01486,Monitor,4,14636,2026-02-12,Debit Card,Hyderabad
FEB_004189,CUST_04180,Monitor,1,14325,2026-02-19,UPI,Hyderabad
FEB_004190,CUST_04129,Headphones,3,17854,2026-02-07,UPI,Mumbai
FEB_004191,CUST_00537,Monitor,3,10440,2026-02-20,Credit Card,Mumbai
FEB_004192,CUST_02473,Keyboard,2,14016,2026-02-18,UPI,Chennai
FEB_004193,CUST_04112,Tablet,3,46529,2026-02-09,Debit Card,Delhi
FEB_004194,CUST_00058,Smartphone,1,44022,2026-02-09,Cash on Delivery,Pune
FEB_004195,CUST_04664,Laptop,2,48383,2026-02-10,Debit Card,Chennai
FEB_004196,CUST_03072,Tablet,2,35645,2026-02-07,UPI,Bangalore
FEB_004197,CUST_03353,Tablet,3,27474,2026-02-13,Debit Card,Hyderabad
FEB_004198,CUST_01101,Monitor,1,24876,2026-02-08,Debit Card,Hyderabad
FEB_004199,CUST_04189,Tablet,3,12255,2026-02-20,Cash on Delivery,Pune
FEB_004200,CUST_00606,Tablet,2,14866,2026-02-01,Debit Card,Hyderabad
FEB_004201,CUST_04612,Laptop,4,28682,2026-02-15,Cash on Delivery,Bangalore
FEB_004202,CUST_01206,Mouse,5,37048,2026-02-11,Debit Card,Delhi
FEB_004203,CUST_02017,Mouse,4,36318,2026-02-02,Cash on Delivery,Pune
FEB_004204,CUST_01693,Laptop,3,3674,2026-02-15,UPI,Mumbai
FEB_004205,CUST_03040,Keyboard,4,23006,2026-02-20,Cash on Delivery,Chennai
FEB_004206,CUST_04084,Headphones,5,12161,2026-02-07,Cash on Delivery,Hyderabad
FEB_004207,CUST_04032,Smartwatch,1,47300,2026-02-25,Credit Card,Hyderabad
FEB_004208,CUST_04437,Mouse,3,7372,2026-02-25,Debit Card,Delhi
FEB_004209,CUST_01891,Keyboard,4,1408,2026-02-12,Credit Card,Hyderabad
FEB_004210,CUST_03549,Laptop,5,33733,2026-02-28,Cash on Delivery,Chennai
FEB_004211,CUST_04055,Tablet,2,24680,2026-02-11,Debit Card,Bangalore
FEB_004212,CUST_01982,Mouse,2,33065,2026-02-14,Debit Card,Delhi
FEB_004213,CUST_03861,Mouse,4,10432,2026-02-12,UPI,Chennai
FEB_004214,CUST_02795,Headphones,4,15045,2026-02-14,Debit Card,Pune
FEB_004215,CUST_03115,Monitor,3,10333,2026-02-20,UPI,Mumbai
FEB_004216,CUST_04087,Smartwatch,5,25783,2026-02-03,Cash on Delivery,Chennai
FEB_004217,CUST_04093,Smartphone,3,27034,2026-02-21,Credit Card,Mumbai
FEB_004218,CUST_03593,Monitor,5,9250,2026-02-21,Debit Card,Chennai
FEB_004219,CUST_03759,Tablet,4,25148,2026-02-20,UPI,Mumbai
FEB_004220,CUST_00158,Headphones,4,13818,2026-02-26,UPI,Delhi
FEB_004221,CUST_01130,Smartwatch,3,4812,2026-02-15,Credit Card,Bangalore
FEB_004222,CUST_04596,Monitor,4,40739,2026-02-11,Credit Card,Bangalore
FEB_004223,CUST_02018,Mouse,1,12088,2026-02-05,UPI,Mumbai
FEB_004224,CUST_00496,Smartwatch,3,13989,2026-02-20,Cash on Delivery,Hyderabad
FEB_004225,CUST_03599,Tablet,5,18869,2026-02-26,Debit Card,Chennai
FEB_004226,CUST_03816,Mouse,5,10844,2026-02-22,UPI,Bangalore
FEB_004227,CUST_01754,Smartphone,5,49947,2026-02-02,Credit Card,Chennai
FEB_004228,CUST_01934,Smartwatch,5,49728,2026-02-28,Credit Card,Mumbai
FEB_004229,CUST_00831,Smartwatch,4,46945,2026-02-20,Cash on Delivery,Mumbai
FEB_004230,CUST_00244,Smartwatch,4,37955,2026-02-26,Debit Card,Chennai
FEB_004231,CUST_02028,Laptop,2,36674,2026-02-20,Credit Card,Hyderabad
FEB_004232,CUST_03799,Smartphone,4,34561,2026-02-05,Debit Card,Pune
FEB_004233,CUST_03867,Smartwatch,5,213,2026-02-06,Credit Card,Mumbai
FEB_004234,CUST_00207,Mouse,3,6515,2026-02-21,Credit Card,Hyderabad
FEB_004235,CUST_03620,Smartphone,4,48592,2026-02-28,Cash on Delivery,Mumbai
FEB_004236,CUST_00616,Keyboard,4,2722,2026-02-13,UPI,Hyderabad
FEB_004237,CUST_00997,Smartphone,1,46446,2026-02-22,Cash on Delivery,Delhi
FEB_004238,CUST_02880,Monitor,2,32525,2026-02-28,Debit Card,Bangalore
FEB_004239,CUST_00984,Headphones,4,48154,2026-02-23,UPI,Mumbai
FEB_004240,CUST_01792,Keyboard,3,49908,2026-02-12,Cash on Delivery,Pune
FEB_004241,CUST_04470,Mouse,1,22942,2026-02-15,Cash on Delivery,Chennai
FEB_004242,CUST_03634,Laptop,5,28648,2026-02-19,Debit Card,Chennai
FEB_004243,CUST_01029,Monitor,5,37825,2026-02-14,Cash on Delivery,Chennai
FEB_004244,CUST_02037,Keyboard,3,25513,2026-02-06,UPI,Pune
FEB_004245,CUST_04191,Smartphone,4,31437,2026-02-15,UPI,Mumbai
FEB_004246,CUST_01287,Laptop,2,32009,2026-02-28,Cash on Delivery,Bangalore
FEB_004247,CUST_01018,Mouse,4,17903,2026-02-04,Cash on Delivery,Mumbai
FEB_004248,CUST_04617,Keyboard,5,34955,2026-02-15,Cash on Delivery,Hyderabad
FEB_004249,CUST_04378,Tablet,5,27257,2026-02-09,Credit Card,Hyderabad
FEB_004250,CUST_02212,Smartwatch,5,36024,2026-02-06,Cash on Delivery,Mumbai
FEB_004251,CUST_03368,Monitor,3,4561,2026-02-21,Credit Card,Mumbai
FEB_004252,CUST_03972,Tablet,2,5409,2026-02-06,Debit Card,Delhi
FEB_004253,CUST_04390,Smartphone,3,40017,2026-02-26,UPI,Bangalore
FEB_004254,CUST_01569,Smartwatch,1,48711,2026-02-27,Credit Card,Hyderabad
FEB_004255,CUST_00861,Monitor,1,44641,2026-02-27,Cash on Delivery,Delhi
FEB_004256,CUST_02350,Monitor,1,44704,2026-02-20,Credit Card,Hyderabad
FEB_004257,CUST_04242,Smartphone,2,489,2026-02-11,UPI,Pune
FEB_004258,CUST_00826,Smartphone,3,39993,2026-02-16,Cash on Delivery,Delhi
FEB_004259,CUST_02160,Keyboard,3,15591,2026-02-26,UPI,Pune
FEB_004260,CUST_03355,Tablet,3,4484,2026-02-21,Cash on Delivery,Chennai
FEB_004261,CUST_01034,Keyboard,5,34559,2026-02-04,UPI,Delhi
FEB_004262,CUST_04941,Tablet,5,25794,2026-02-23,Cash on Delivery,Hyderabad
FEB_004263,CUST_04965,Tablet,2,18184,2026-02-20,Credit Card,Chennai
FEB_004264,CUST_02538,Keyboard,4,48833,2026-02-05,Cash on Delivery,Bangalore
FEB_004265,CUST_01661,Monitor,4,16046,2026-02-05,Cash on Delivery,Mumbai
FEB_004266,CUST_04190,Tablet,2,13500,2026-02-01,Debit Card,Pune
FEB_004267,CUST_00615,Keyboard,1,35081,2026-02-14,Debit Card,Delhi
FEB_004268,CUST_04076,Smartphone,5,24720,2026-02-10,Credit Card,Bangalore
FEB_004269,CUST_00367,Tablet,4,8712,2026-02-07,UPI,Hyderabad
FEB_004270,CUST_00871,Smartwatch,2,19342,2026-02-15,Debit Card,Pune
FEB_004271,CUST_03988,Mouse,5,15310,2026-02-26,Cash on Delivery,Bangalore
FEB_004272,CUST_01766,Monitor,2,8207,2026-02-04,Credit Card,Delhi
FEB_004273,CUST_02131,Smartwatch,5,11199,2026-02-22,Cash on Delivery,Hyderabad
FEB_004274,CUST_01852,Tablet,1,4875,2026-02-27,Credit Card,Bangalore
FEB_004275,CUST_00979,Laptop,1,3318,2026-02-16,Credit Card,Hyderabad
FEB_004276,CUST_01763,Keyboard,1,5501,2026-02-08,Credit Card,Hyderabad
FEB_004277,CUST_04972,Tablet,3,16913,2026-02-15,Debit Card,Delhi
FEB_004278,CUST_03508,Smartwatch,4,45100,2026-02-16,Credit Card,Pune
FEB_004279,CUST_01230,Headphones,2,32204,2026-02-10,Cash on Delivery,Chennai
FEB_004280,CUST_03678,Keyboard,1,14796,2026-02-08,UPI,Chennai
FEB_004281,CUST_03965,Smartphone,2,41684,2026-02-14,Credit Card,Pune
FEB_004282,CUST_04357,Smartwatch,5,37183,2026-02-16,Debit Card,Delhi
FEB_004283,CUST_04604,Keyboard,4,48844,2026-02-07,Debit Card,Pune
FEB_004284,CUST_02551,Headphones,4,16241,2026-02-12,Debit Card,Bangalore
FEB_004285,CUST_00809,Smartwatch,4,6362,2026-02-18,Debit Card,Hyderabad
FEB_004286,CUST_03900,Smartphone,1,33958,2026-02-17,Credit Card,Pune
FEB_004287,CUST_03549,Headphones,5,8543,2026-02-20,Debit Card,Pune
FEB_004288,CUST_04893,Laptop,5,17762,2026-02-12,Cash on Delivery,Delhi
FEB_004289,CUST_02808,Monitor,4,15734,2026-02-04,Credit Card,Pune
FEB_004290,CUST_01211,Monitor,5,46935,2026-02-11,Debit Card,Pune
FEB_004291,CUST_01066,Smartphone,2,43275,2026-02-17,Debit Card,Mumbai
FEB_004292,CUST_01743,Smartphone,3,1650,2026-02-05,Debit Card,Hyderabad
FEB_004293,CUST_00387,Tablet,2,5850,2026-02-28,Credit Card,Delhi
FEB_004294,CUST_01263,Monitor,4,46279,2026-02-04,UPI,Hyderabad
FEB_004295,CUST_01970,Mouse,5,39847,2026-02-13,Credit Card,Chennai
FEB_004296,CUST_04719,Mouse,3,41303,2026-02-11,Debit Card,Chennai
FEB_004297,CUST_00657,Tablet,2,31115,2026-02-01,Debit Card,Delhi
FEB_004298,CUST_04704,Tablet,3,47597,2026-02-26,Debit Card,Pune
FEB_004299,CUST_04078,Keyboard,4,17680,2026-02-26,UPI,Bangalore
FEB_004300,CUST_01137,Smartwatch,3,43512,2026-02-20,UPI,Mumbai
FEB_004301,CUST_00661,Laptop,1,43301,2026-02-18,Credit Card,Hyderabad
FEB_004302,CUST_00396,Headphones,1,2022,2026-02-01,Cash on Delivery,Hyderabad
FEB_004303,CUST_01998,Smartwatch,4,40007,2026-02-14,UPI,Delhi
FEB_004304,CUST_02742,Smartphone,1,39614,2026-02-01,Credit Card,Delhi
FEB_004305,CUST_04330,Headphones,1,11797,2026-02-24,Debit Card,Delhi
FEB_004306,CUST_02850,Monitor,2,49031,2026-02-18,UPI,Delhi
FEB_004307,CUST_04807,Smartphone,2,22171,2026-02-25,Credit Card,Hyderabad
FEB_004308,CUST_02044,Keyboard,5,34997,2026-02-21,Credit Card,Hyderabad
FEB_004309,CUST_02762,Monitor,4,37007,2026-02-24,Cash on Delivery,Chennai
FEB_004310,CUST_03174,Keyboard,1,10648,2026-02-20,Credit Card,Bangalore
FEB_004311,CUST_04256,Smartwatch,1,3941,2026-02-19,UPI,Mumbai
FEB_004312,CUST_02295,Smartwatch,5,13466,2026-02-01,Debit Card,Delhi
FEB_004313,CUST_02489,Smartphone,3,3791,2026-02-23,Cash on Delivery,Chennai
FEB_004314,CUST_01301,Keyboard,2,20941,2026-02-12,Cash on Delivery,Mumbai
FEB_004315,CUST_00917,Smartphone,4,21164,2026-02-24,UPI,Hyderabad
FEB_004316,CUST_04906,Laptop,4,45774,2026-02-05,Debit Card,Mumbai
FEB_004317,CUST_01094,Tablet,1,6372,2026-02-12,Credit Card,Pune
FEB_004318,CUST_02262,Laptop,1,9695,2026-02-16,Cash on Delivery,Pune
FEB_004319,CUST_03829,Smartwatch,3,9000,2026-02-25,Debit Card,Hyderabad
FEB_004320,CUST_02596,Mouse,4,27259,2026-02-23,Cash on Delivery,Mumbai
FEB_004321,CUST_01238,Headphones,3,29954,2026-02-19,Credit Card,Delhi
FEB_004322,CUST_01928,Headphones,3,35925,2026-02-04,UPI,Chennai
FEB_004323,CUST_00788,Headphones,5,48427,2026-02-13,Credit Card,Chennai
FEB_004324,CUST_03520,Monitor,2,42504,2026-02-01,Cash on Delivery,Chennai
FEB_004325,CUST_01203,Smartphone,1,9171,2026-02-04,Credit Card,Chennai
FEB_004326,CUST_01251,Smartphone,3,45342,2026-02-20,UPI,Delhi
FEB_004327,CUST_04201,Keyboard,3,49166,2026-02-06,Cash on Delivery,Bangalore
FEB_004328,CUST_02435,Mouse,1,43161,2026-02-15,Credit Card,Bangalore
FEB_004329,CUST_02294,Keyboard,5,17172,2026-02-01,Credit Card,Pune
FEB_004330,CUST_04223,Keyboard,2,23077,2026-02-17,UPI,Mumbai
FEB_004331,CUST_04446,Headphones,4,48956,2026-02-12,UPI,Delhi
FEB_004332,CUST_02967,Headphones,5,24372,2026-02-09,Credit Card,Delhi
FEB_004333,CUST_02320,Smartwatch,2,46593,2026-02-10,Credit Card,Delhi
FEB_004334,CUST_00614,Smartphone,5,16817,2026-02-03,Cash on Delivery,Mumbai
FEB_004335,CUST_00580,Tablet,2,43267,2026-02-03,Credit Card,Hyderabad
FEB_004336,CUST_01825,Smartphone,5,42922,2026-02-13,UPI,Pune
FEB_004337,CUST_00865,Laptop,4,41667,2026-02-22,Cash on Delivery,Delhi
FEB_004338,CUST_04029,Monitor,3,28132,2026-02-08,Cash on Delivery,Mumbai
FEB_004339,CUST_01781,Laptop,1,28750,2026-02-06,Cash on Delivery,Bangalore
FEB_004340,CUST_01847,Laptop,2,7009,2026-02-26,Credit Card,Mumbai
FEB_004341,CUST_03571,Smartwatch,2,11354,2026-02-27,Cash on Delivery,Chennai
FEB_004342,CUST_04811,Monitor,5,41010,2026-02-08,Debit Card,Hyderabad
FEB_004343,CUST_01261,Smartwatch,3,45460,2026-02-08,Cash on Delivery,Bangalore
FEB_004344,CUST_01027,Smartwatch,4,16466,2026-02-04,UPI,Bangalore
FEB_004345,CUST_03375,Keyboard,2,34571,2026-02-19,Credit Card,Delhi
FEB_004346,CUST_00524,Tablet,4,32690,2026-02-08,Credit Card,Chennai
FEB_004347,CUST_02417,Keyboard,2,20940,2026-02-24,Debit Card,Chennai
FEB_004348,CUST_00712,Tablet,3,43101,2026-02-18,Debit Card,Chennai
FEB_004349,CUST_02618,Tablet,5,3287,2026-02-20,Cash on Delivery,Chennai
FEB_004350,CUST_03096,Smartwatch,1,39165,2026-02-17,Cash on Delivery,Pune
FEB_004351,CUST_02900,Laptop,4,24499,2026-02-18,Cash on Delivery,Chennai
FEB_004352,CUST_04386,Smartwatch,2,15020,2026-02-07,Credit Card,Hyderabad
FEB_004353,CUST_02206,Smartphone,1,43652,2026-02-18,UPI,Chennai
FEB_004354,CUST_02851,Laptop,3,39885,2026-02-19,Debit Card,Chennai
FEB_004355,CUST_03428,Laptop,2,20919,2026-02-22,Cash on Delivery,Pune
FEB_004356,CUST_01579,Laptop,2,22431,2026-02-06,Debit Card,Bangalore
FEB_004357,CUST_04521,Smartphone,4,38971,2026-02-16,Debit Card,Chennai
FEB_004358,CUST_01232,Monitor,1,18497,2026-02-07,Cash on Delivery,Chennai
FEB_004359,CUST_03727,Laptop,2,13557,2026-02-10,Cash on Delivery,Bangalore
FEB_004360,CUST_00882,Laptop,3,12243,2026-02-13,Debit Card,Bangalore
FEB_004361,CUST_03319,Headphones,3,49134,2026-02-21,UPI,Chennai
FEB_004362,CUST_04083,Mouse,5,30476,2026-02-28,Debit Card,Hyderabad
FEB_004363,CUST_04959,Monitor,5,15292,2026-02-26,Cash on Delivery,Mumbai
FEB_004364,CUST_02176,Keyboard,1,33831,2026-02-26,Credit Card,Mumbai
FEB_004365,CUST_00873,Smartphone,3,34177,2026-02-27,Debit Card,Mumbai
FEB_004366,CUST_00858,Tablet,5,38578,2026-02-14,Cash on Delivery,Delhi
FEB_004367,CUST_02301,Laptop,4,46454,2026-02-09,UPI,Pune
FEB_004368,CUST_04302,Headphones,3,31003,2026-02-28,Credit Card,Pune
FEB_004369,CUST_01347,Tablet,5,13643,2026-02-05,UPI,Pune
FEB_004370,CUST_04744,Smartphone,4,37646,2026-02-26,Credit Card,Pune
FEB_004371,CUST_01656,Laptop,5,23262,2026-02-06,Debit Card,Delhi
FEB_004372,CUST_03927,Tablet,4,31246,2026-02-06,UPI,Bangalore
FEB_004373,CUST_00412,Keyboard,4,6173,2026-02-12,UPI,Pune
FEB_004374,CUST_04880,Smartwatch,2,20366,2026-02-21,Cash on Delivery,Chennai
FEB_004375,CUST_02590,Laptop,3,13330,2026-02-14,Debit Card,Hyderabad
FEB_004376,CUST_03938,Monitor,4,16683,2026-02-21,Debit Card,Bangalore
FEB_004377,CUST_00450,Smartphone,3,37530,2026-02-03,Debit Card,Bangalore
FEB_004378,CUST_02856,Mouse,3,27384,2026-02-12,Credit Card,Delhi
FEB_004379,CUST_00570,Tablet,5,6626,2026-02-06,Debit Card,Pune
FEB_004380,CUST_00108,Smartphone,5,42609,2026-02-22,Cash on Delivery,Bangalore
FEB_004381,CUST_02825,Tablet,1,26829,2026-02-07,UPI,Chennai
FEB_004382,CUST_01185,Tablet,2,32952,2026-02-01,Credit Card,Mumbai
FEB_004383,CUST_01096,Mouse,3,22490,2026-02-27,Debit Card,Chennai
FEB_004384,CUST_03847,Headphones,4,5957,2026-02-19,Debit Card,Delhi
FEB_004385,CUST_02527,Keyboard,5,16930,2026-02-09,UPI,Pune
FEB_004386,CUST_02977,Tablet,2,14352,2026-02-15,UPI,Hyderabad
FEB_004387,CUST_03225,Smartphone,2,42215,2026-02-20,Cash on Delivery,Hyderabad
FEB_004388,CUST_02254,Smartwatch,3,23927,2026-02-10,UPI,Chennai
FEB_004389,CUST_01773,Tablet,2,16531,2026-02-24,Debit Card,Delhi
FEB_004390,CUST_01907,Headphones,2,35946,2026-02-22,Credit Card,Bangalore
FEB_004391,CUST_02796,Mouse,4,25145,2026-02-14,Credit Card,Chennai
FEB_004392,CUST_03336,Headphones,5,31158,2026-02-23,Debit Card,Pune
FEB_004393,CUST_02579,Mouse,2,31659,2026-02-05,Credit Card,Pune
FEB_004394,CUST_04655,Smartphone,5,4374,2026-02-12,Debit Card,Hyderabad
FEB_004395,CUST_04111,Mouse,5,45129,2026-02-01,Debit Card,Chennai
FEB_004396,CUST_03140,Headphones,4,14964,2026-02-14,Cash on Delivery,Delhi
FEB_004397,CUST_04512,Smartwatch,2,21152,2026-02-09,Credit Card,Delhi
FEB_004398,CUST_03347,Keyboard,2,32536,2026-02-04,Debit Card,Pune
FEB_004399,CUST_01541,Smartwatch,1,17656,2026-02-21,Credit Card,Delhi
FEB_004400,CUST_03212,Monitor,2,30947,2026-02-27,Cash on Delivery,Hyderabad
FEB_004401,CUST_01263,Mouse,1,40212,2026-02-18,UPI,Hyderabad
FEB_004402,CUST_02177,Smartphone,2,10879,2026-02-27,Debit Card,Pune
FEB_004403,CUST_03716,Laptop,2,17031,2026-02-10,Credit Card,Mumbai
FEB_004404,CUST_01518,Smartwatch,3,40611,2026-02-19,Credit Card,Hyderabad
FEB_004405,CUST_04694,Headphones,1,29999,2026-02-25,Debit Card,Bangalore
FEB_004406,CUST_02170,Monitor,5,42374,2026-02-20,Cash on Delivery,Chennai
FEB_004407,CUST_04693,Headphones,1,7221,2026-02-07,Credit Card,Mumbai
FEB_004408,CUST_03206,Smartphone,5,30753,2026-02-19,Credit Card,Pune
FEB_004409,CUST_00253,Laptop,1,1085,2026-02-27,Credit Card,Hyderabad
FEB_004410,CUST_03826,Smartphone,5,9172,2026-02-06,Credit Card,Pune
FEB_004411,CUST_00120,Mouse,3,25165,2026-02-20,Cash on Delivery,Bangalore
FEB_004412,CUST_03992,Monitor,1,49793,2026-02-01,Debit Card,Chennai
FEB_004413,CUST_00586,Headphones,2,16741,2026-02-27,Cash on Delivery,Mumbai
FEB_004414,CUST_00665,Smartphone,4,32637,2026-02-09,Credit Card,Hyderabad
FEB_004415,CUST_03504,Mouse,3,3070,2026-02-21,Cash on Delivery,Chennai
FEB_004416,CUST_03544,Smartphone,3,26770,2026-02-27,UPI,Mumbai
FEB_004417,CUST_03786,Smartwatch,5,25019,2026-02-15,Credit Card,Hyderabad
FEB_004418,CUST_00921,Laptop,5,36601,2026-02-03,Credit Card,Pune
FEB_004419,CUST_04988,Tablet,2,37386,2026-02-21,Debit Card,Delhi
FEB_004420,CUST_01783,Smartwatch,4,19867,2026-02-15,UPI,Delhi
FEB_004421,CUST_02214,Monitor,1,17343,2026-02-02,Cash on Delivery,Bangalore
FEB_004422,CUST_02254,Headphones,3,12650,2026-02-24,Credit Card,Chennai
FEB_004423,CUST_01953,Laptop,1,32286,2026-02-26,UPI,Pune
FEB_004424,CUST_03423,Monitor,5,7702,2026-02-07,UPI,Chennai
FEB_004425,CUST_04305,Keyboard,3,22893,2026-02-04,Debit Card,Hyderabad
FEB_004426,CUST_04748,Mouse,3,30890,2026-02-14,UPI,Mumbai
FEB_004427,CUST_04943,Headphones,2,23719,2026-02-16,Debit Card,Bangalore
FEB_004428,CUST_00420,Tablet,2,21746,2026-02-04,Debit Card,Pune
FEB_004429,CUST_03045,Tablet,1,11136,2026-02-23,Cash on Delivery,Pune
FEB_004430,CUST_04939,Headphones,5,9710,2026-02-18,UPI,Bangalore
FEB_004431,CUST_03117,Headphones,2,34139,2026-02-15,Credit Card,Pune
FEB_004432,CUST_01426,Laptop,2,6705,2026-02-09,UPI,Pune
FEB_004433,CUST_04197,Mouse,4,8014,2026-02-25,Cash on Delivery,Bangalore
FEB_004434,CUST_01458,Smartwatch,3,37510,2026-02-19,Credit Card,Hyderabad
FEB_004435,CUST_03670,Monitor,5,35832,2026-02-21,Credit Card,Hyderabad
FEB_004436,CUST_04244,Smartwatch,4,29967,2026-02-04,Credit Card,Chennai
FEB_004437,CUST_04228,Monitor,1,43802,2026-02-04,UPI,Bangalore
FEB_004438,CUST_02042,Monitor,5,3824,2026-02-14,UPI,Bangalore
FEB_004439,CUST_03913,Smartphone,4,13700,2026-02-21,Credit Card,Pune
FEB_004440,CUST_01475,Headphones,5,34589,2026-02-19,UPI,Mumbai
FEB_004441,CUST_03177,Headphones,3,46689,2026-02-17,Credit Card,Hyderabad
FEB_004442,CUST_00781,Smartphone,5,3517,2026-02-01,Credit Card,Pune
FEB_004443,CUST_03221,Monitor,1,13550,2026-02-17,UPI,Chennai
FEB_004444,CUST_03105,Smartwatch,3,43003,2026-02-21,Debit Card,Chennai
FEB_004445,CUST_00801,Mouse,2,13382,2026-02-11,UPI,Bangalore
FEB_004446,CUST_00189,Laptop,4,26706,2026-02-20,Cash on Delivery,Delhi
FEB_004447,CUST_01131,Headphones,3,35799,2026-02-25,UPI,Chennai
FEB_004448,CUST_01053,Headphones,2,31442,2026-02-01,Cash on Delivery,Hyderabad
FEB_004449,CUST_04767,Mouse,3,4003,2026-02-21,Debit Card,Bangalore
FEB_004450,CUST_04832,Monitor,2,46422,2026-02-23,Credit Card,Delhi
FEB_004451,CUST_04697,Smartwatch,4,40695,2026-02-09,Debit Card,Delhi
FEB_004452,CUST_00094,Monitor,5,22789,2026-02-05,Credit Card,Chennai
FEB_004453,CUST_02858,Smartphone,2,598,2026-02-16,Credit Card,Pune
FEB_004454,CUST_01886,Headphones,5,31154,2026-02-16,Credit Card,Hyderabad
FEB_004455,CUST_00727,Mouse,1,12126,2026-02-26,Credit Card,Chennai
FEB_004456,CUST_04156,Laptop,5,8126,2026-02-27,Debit Card,Chennai
FEB_004457,CUST_02024,Monitor,3,1330,2026-02-24,Cash on Delivery,Pune
FEB_004458,CUST_03484,Monitor,3,3250,2026-02-14,Cash on Delivery,Hyderabad
FEB_004459,CUST_01982,Tablet,1,22139,2026-02-04,Cash on Delivery,Pune
FEB_004460,CUST_00988,Keyboard,2,29272,2026-02-04,Credit Card,Delhi
FEB_004461,CUST_03473,Smartwatch,2,41556,2026-02-11,Debit Card,Chennai
FEB_004462,CUST_01739,Headphones,1,49999,2026-02-18,Cash on Delivery,Hyderabad
FEB_004463,CUST_02308,Monitor,4,21554,2026-02-10,Debit Card,Delhi
FEB_004464,CUST_00802,Keyboard,2,11425,2026-02-02,UPI,Bangalore
FEB_004465,CUST_01667,Tablet,1,45977,2026-02-16,Debit Card,Mumbai
FEB_004466,CUST_00263,Tablet,1,11895,2026-02-06,Cash on Delivery,Chennai
FEB_004467,CUST_00945,Smartphone,1,6634,2026-02-16,Cash on Delivery,Bangalore
FEB_004468,CUST_03197,Laptop,5,9495,2026-02-21,Credit Card,Mumbai
FEB_004469,CUST_01379,Tablet,2,25849,2026-02-22,Debit Card,Pune
FEB_004470,CUST_03775,Monitor,3,11534,2026-02-27,Credit Card,Pune
FEB_004471,CUST_01465,Tablet,4,32582,2026-02-24,Credit Card,Delhi
FEB_004472,CUST_00328,Headphones,2,37410,2026-02-21,Credit Card,Mumbai
FEB_004473,CUST_02372,Monitor,1,44968,2026-02-18,UPI,Mumbai
FEB_004474,CUST_00238,Smartwatch,2,7770,2026-02-13,Cash on Delivery,Bangalore
FEB_004475,CUST_02265,Headphones,1,9491,2026-02-20,Cash on Delivery,Hyderabad
FEB_004476,CUST_04181,Keyboard,2,21475,2026-02-03,Credit Card,Bangalore
FEB_004477,CUST_04393,Monitor,2,6909,2026-02-10,Cash on Delivery,Delhi
FEB_004478,CUST_04530,Headphones,1,23162,2026-02-14,Debit Card,Chennai
FEB_004479,CUST_00720,Headphones,1,5167,2026-02-16,Credit Card,Bangalore
FEB_004480,CUST_02515,Mouse,1,29193,2026-02-17,UPI,Pune
FEB_004481,CUST_02350,Mouse,2,38601,2026-02-12,Cash on Delivery,Mumbai
FEB_004482,CUST_04852,Laptop,4,46208,2026-02-18,Credit Card,Mumbai
FEB_004483,CUST_01270,Keyboard,3,37174,2026-02-11,Credit Card,Pune
FEB_004484,CUST_04012,Headphones,4,38843,2026-02-21,Debit Card,Mumbai
FEB_004485,CUST_04729,Smartphone,2,12433,2026-02-28,UPI,Bangalore
FEB_004486,CUST_02656,Keyboard,4,17374,2026-02-17,Debit Card,Hyderabad
FEB_004487,CUST_02150,Headphones,4,26226,2026-02-02,Debit Card,Delhi
FEB_004488,CUST_01567,Smartwatch,5,13658,2026-02-07,UPI,Hyderabad
FEB_004489,CUST_02450,Tablet,2,1779,2026-02-04,UPI,Hyderabad
FEB_004490,CUST_00353,Smartphone,2,24096,2026-02-28,Cash on Delivery,Delhi
FEB_004491,CUST_04383,Headphones,1,3183,2026-02-16,Debit Card,Chennai
FEB_004492,CUST_01903,Keyboard,5,2324,2026-02-15,Cash on Delivery,Chennai
FEB_004493,CUST_01025,Monitor,4,48668,2026-02-11,Cash on Delivery,Mumbai
FEB_004494,CUST_03051,Keyboard,3,12916,2026-02-11,Debit Card,Delhi
FEB_004495,CUST_03265,Monitor,1,9330,2026-02-12,Cash on Delivery,Chennai
FEB_004496,CUST_02608,Keyboard,3,47716,2026-02-03,Debit Card,Bangalore
FEB_004497,CUST_02224,Laptop,3,16892,2026-02-16,Credit Card,Chennai
FEB_004498,CUST_00551,Laptop,5,13057,2026-02-03,Cash on Delivery,Hyderabad
FEB_004499,CUST_04344,Tablet,5,44948,2026-02-02,UPI,Bangalore
FEB_004500,CUST_04254,Smartwatch,3,28260,2026-02-03,Cash on Delivery,Delhi
FEB_004501,CUST_02981,Smartwatch,3,43847,2026-02-18,UPI,Pune
FEB_004502,CUST_00967,Headphones,3,47959,2026-02-01,Credit Card,Hyderabad
FEB_004503,CUST_02802,Keyboard,2,7414,2026-02-02,Debit Card,Pune
FEB_004504,CUST_04894,Smartwatch,2,27455,2026-02-25,UPI,Bangalore
FEB_004505,CUST_01062,Mouse,3,46769,2026-02-01,UPI,Chennai
FEB_004506,CUST_04854,Mouse,5,18214,2026-02-03,Debit Card,Delhi
FEB_004507,CUST_01934,Smartphone,3,15197,2026-02-17,Credit Card,Hyderabad
FEB_004508,CUST_03369,Laptop,1,44087,2026-02-20,UPI,Bangalore
FEB_004509,CUST_04503,Headphones,2,29008,2026-02-06,Debit Card,Delhi
FEB_004510,CUST_04640,Monitor,5,44056,2026-02-09,Cash on Delivery,Bangalore
FEB_004511,CUST_03820,Mouse,3,42050,2026-02-14,Credit Card,Chennai
FEB_004512,CUST_01288,Headphones,3,46434,2026-02-07,UPI,Delhi
FEB_004513,CUST_02370,Smartwatch,4,31507,2026-02-05,UPI,Chennai
FEB_004514,CUST_01842,Headphones,2,26256,2026-02-21,Debit Card,Chennai
FEB_004515,CUST_00652,Mouse,1,33989,2026-02-03,Cash on Delivery,Delhi
FEB_004516,CUST_02422,Tablet,4,30732,2026-02-27,Debit Card,Delhi
FEB_004517,CUST_02577,Tablet,5,34242,2026-02-13,Debit Card,Delhi
FEB_004518,CUST_01444,Laptop,1,31497,2026-02-13,UPI,Pune
FEB_004519,CUST_00612,Mouse,2,16392,2026-02-04,UPI,Pune
FEB_004520,CUST_04580,Smartphone,5,15207,2026-02-25,Cash on Delivery,Delhi
FEB_004521,CUST_03113,Laptop,2,47445,2026-02-28,Debit Card,Chennai
FEB_004522,CUST_01610,Smartphone,4,33947,2026-02-26,UPI,Delhi
FEB_004523,CUST_03310,Tablet,2,41636,2026-02-08,Cash on Delivery,Delhi
FEB_004524,CUST_04746,Smartwatch,5,8205,2026-02-14,Cash on Delivery,Hyderabad
FEB_004525,CUST_00297,Laptop,1,30172,2026-02-15,Debit Card,Bangalore
FEB_004526,CUST_04407,Keyboard,2,10140,2026-02-07,UPI,Hyderabad
FEB_004527,CUST_02531,Laptop,2,33560,2026-02-16,Credit Card,Delhi
FEB_004528,CUST_03302,Mouse,2,2033,2026-02-03,Credit Card,Bangalore
FEB_004529,CUST_04693,Laptop,1,36264,2026-02-23,UPI,Hyderabad
FEB_004530,CUST_00129,Headphones,1,41480,2026-02-03,UPI,Bangalore
FEB_004531,CUST_01493,Monitor,2,36562,2026-02-02,UPI,Delhi
FEB_004532,CUST_00074,Mouse,3,27514,2026-02-22,Cash on Delivery,Hyderabad
FEB_004533,CUST_02689,Keyboard,4,45832,2026-02-12,Cash on Delivery,Bangalore
FEB_004534,CUST_02896,Monitor,2,4618,2026-02-09,UPI,Hyderabad
FEB_004535,CUST_02576,Monitor,3,17592,2026-02-23,Cash on Delivery,Delhi
FEB_004536,CUST_04442,Tablet,1,33794,2026-02-10,Credit Card,Delhi
FEB_004537,CUST_02723,Laptop,4,43444,2026-02-19,UPI,Hyderabad
FEB_004538,CUST_00877,Laptop,5,38497,2026-02-23,Debit Card,Bangalore
FEB_004539,CUST_03911,Smartwatch,1,39801,2026-02-06,UPI,Delhi
FEB_004540,CUST_01270,Tablet,3,14213,2026-02-09,Debit Card,Mumbai
FEB_004541,CUST_04307,Mouse,2,17748,2026-02-24,Credit Card,Bangalore
FEB_004542,CUST_00158,Mouse,5,7472,2026-02-24,Debit Card,Hyderabad
FEB_004543,CUST_01904,Smartwatch,5,13166,2026-02-12,UPI,Hyderabad
FEB_004544,CUST_04846,Headphones,3,40660,2026-02-12,Credit Card,Bangalore
FEB_004545,CUST_01825,Tablet,2,21135,2026-02-15,Cash on Delivery,Chennai
FEB_004546,CUST_00146,Smartwatch,2,36304,2026-02-07,Debit Card,Bangalore
FEB_004547,CUST_03126,Smartphone,5,2862,2026-02-21,UPI,Chennai
FEB_004548,CUST_02512,Headphones,3,36123,2026-02-08,Cash on Delivery,Hyderabad
FEB_004549,CUST_03596,Headphones,4,11967,2026-02-16,Debit Card,Pune
FEB_004550,CUST_04014,Smartwatch,2,8861,2026-02-25,Cash on Delivery,Hyderabad
FEB_004551,CUST_02287,Smartphone,5,9211,2026-02-06,Debit Card,Bangalore
FEB_004552,CUST_01861,Tablet,2,18618,2026-02-12,Credit Card,Mumbai
FEB_004553,CUST_04991,Headphones,5,39459,2026-02-02,Cash on Delivery,Pune
FEB_004554,CUST_04974,Monitor,2,35469,2026-02-21,UPI,Chennai
FEB_004555,CUST_03953,Tablet,1,34323,2026-02-02,UPI,Bangalore
FEB_004556,CUST_02582,Headphones,2,30336,2026-02-17,Credit Card,Bangalore
FEB_004557,CUST_01173,Monitor,3,38893,2026-02-13,UPI,Chennai
FEB_004558,CUST_02536,Keyboard,3,40362,2026-02-11,Cash on Delivery,Chennai
FEB_004559,CUST_04021,Keyboard,5,40010,2026-02-02,Credit Card,Pune
FEB_004560,CUST_00781,Smartphone,2,33730,2026-02-19,UPI,Mumbai
FEB_004561,CUST_00902,Laptop,1,15514,2026-02-01,UPI,Bangalore
FEB_004562,CUST_01166,Laptop,4,12894,2026-02-21,Debit Card,Chennai
FEB_004563,CUST_02231,Keyboard,3,17820,2026-02-05,UPI,Bangalore
FEB_004564,CUST_04399,Laptop,2,6042,2026-02-28,Cash on Delivery,Chennai
FEB_004565,CUST_00490,Tablet,3,19833,2026-02-06,Cash on Delivery,Delhi
FEB_004566,CUST_01147,Tablet,4,43148,2026-02-28,Debit Card,Delhi
FEB_004567,CUST_00539,Smartphone,4,12026,2026-02-19,Credit Card,Hyderabad
FEB_004568,CUST_03653,Monitor,1,38145,2026-02-08,Credit Card,Pune
FEB_004569,CUST_04180,Tablet,1,16898,2026-02-26,Debit Card,Hyderabad
FEB_004570,CUST_04975,Keyboard,5,37169,2026-02-12,Cash on Delivery,Hyderabad
FEB_004571,CUST_01239,Smartwatch,1,40071,2026-02-16,Cash on Delivery,Hyderabad
FEB_004572,CUST_00603,Smartwatch,5,29419,2026-02-16,Cash on Delivery,Bangalore
FEB_004573,CUST_00971,Smartphone,5,19499,2026-02-09,Cash on Delivery,Chennai
FEB_004574,CUST_04854,Tablet,3,37753,2026-02-06,Debit Card,Hyderabad
FEB_004575,CUST_00762,Smartwatch,1,31853,2026-02-15,UPI,Mumbai
FEB_004576,CUST_03591,Smartwatch,2,1178,2026-02-06,UPI,Mumbai
FEB_004577,CUST_02940,Tablet,2,48070,2026-02-25,UPI,Bangalore
FEB_004578,CUST_01213,Keyboard,1,38802,2026-02-12,UPI,Delhi
FEB_004579,CUST_01721,Tablet,3,31937,2026-02-09,Debit Card,Chennai
FEB_004580,CUST_04016,Smartwatch,4,21098,2026-02-28,Debit Card,Delhi
FEB_004581,CUST_04947,Smartwatch,4,25870,2026-02-02,Debit Card,Bangalore
FEB_004582,CUST_00496,Tablet,1,32625,2026-02-27,Credit Card,Mumbai
FEB_004583,CUST_00516,Mouse,3,47449,2026-02-17,Credit Card,Mumbai
FEB_004584,CUST_01303,Laptop,5,48335,2026-02-01,UPI,Pune
FEB_004585,CUST_03247,Tablet,3,20278,2026-02-03,Credit Card,Chennai
FEB_004586,CUST_00734,Keyboard,3,13214,2026-02-23,Debit Card,Hyderabad
FEB_004587,CUST_01044,Mouse,1,28435,2026-02-25,Debit Card,Hyderabad
FEB_004588,CUST_04737,Keyboard,5,48119,2026-02-18,UPI,Pune
FEB_004589,CUST_02738,Headphones,3,26468,2026-02-07,Credit Card,Pune
FEB_004590,CUST_03601,Laptop,2,4591,2026-02-09,Cash on Delivery,Chennai
FEB_004591,CUST_01053,Monitor,2,35924,2026-02-02,Credit Card,Pune
FEB_004592,CUST_04757,Tablet,4,39030,2026-02-14,UPI,Mumbai
FEB_004593,CUST_04941,Headphones,2,783,2026-02-20,Cash on Delivery,Hyderabad
FEB_004594,CUST_04160,Headphones,3,4316,2026-02-12,Cash on Delivery,Pune
FEB_004595,CUST_00858,Mouse,3,24164,2026-02-10,Credit Card,Bangalore
FEB_004596,CUST_02443,Smartwatch,1,22061,2026-02-07,UPI,Mumbai
FEB_004597,CUST_02575,Headphones,2,47635,2026-02-19,Cash on Delivery,Mumbai
FEB_004598,CUST_04024,Tablet,3,16030,2026-02-08,Debit Card,Delhi
FEB_004599,CUST_02882,Smartphone,2,23599,2026-02-09,Credit Card,Pune
FEB_004600,CUST_04373,Monitor,5,27932,2026-02-13,Debit Card,Delhi
FEB_004601,CUST_00938,Smartphone,3,24669,2026-02-07,Credit Card,Hyderabad
FEB_004602,CUST_01164,Laptop,4,31534,2026-02-23,UPI,Hyderabad
FEB_004603,CUST_01614,Monitor,3,592,2026-02-26,Cash on Delivery,Delhi
FEB_004604,CUST_00799,Smartwatch,1,40999,2026-02-11,Debit Card,Pune
FEB_004605,CUST_02064,Monitor,3,36761,2026-02-03,Credit Card,Mumbai
FEB_004606,CUST_01616,Smartwatch,1,48352,2026-02-24,Cash on Delivery,Bangalore
FEB_004607,CUST_03065,Smartphone,2,35307,2026-02-23,UPI,Delhi
FEB_004608,CUST_04324,Mouse,1,32087,2026-02-03,Cash on Delivery,Chennai
FEB_004609,CUST_02046,Laptop,3,37678,2026-02-16,UPI,Chennai
FEB_004610,CUST_01449,Mouse,2,12916,2026-02-18,Cash on Delivery,Mumbai
FEB_004611,CUST_00016,Smartwatch,2,4286,2026-02-13,Credit Card,Bangalore
FEB_004612,CUST_01951,Smartwatch,4,36224,2026-02-18,Credit Card,Pune
FEB_004613,CUST_00463,Smartwatch,2,48609,2026-02-10,Credit Card,Bangalore
FEB_004614,CUST_03558,Smartwatch,1,7249,2026-02-24,Cash on Delivery,Bangalore
FEB_004615,CUST_02959,Keyboard,5,29152,2026-02-20,Cash on Delivery,Chennai
FEB_004616,CUST_04285,Tablet,4,20047,2026-02-19,Debit Card,Delhi
FEB_004617,CUST_00723,Headphones,3,18274,2026-02-08,Cash on Delivery,Pune
FEB_004618,CUST_03118,Laptop,5,1719,2026-02-12,UPI,Chennai
FEB_004619,CUST_01839,Tablet,4,11281,2026-02-20,Credit Card,Bangalore
FEB_004620,CUST_02518,Smartphone,5,35524,2026-02-04,UPI,Pune
FEB_004621,CUST_01208,Monitor,1,32531,2026-02-02,Debit Card,Delhi
FEB_004622,CUST_01760,Keyboard,3,514,2026-02-15,Credit Card,Mumbai
FEB_004623,CUST_03905,Headphones,2,44116,2026-02-14,Credit Card,Chennai
FEB_004624,CUST_00861,Mouse,4,39329,2026-02-17,Cash on Delivery,Chennai
FEB_004625,CUST_03846,Smartphone,3,37407,2026-02-13,Credit Card,Hyderabad
FEB_004626,CUST_02518,Tablet,5,45360,2026-02-13,Cash on Delivery,Pune
FEB_004627,CUST_01606,Smartphone,2,37350,2026-02-25,Debit Card,Chennai
FEB_004628,CUST_04017,Smartwatch,1,42486,2026-02-12,Credit Card,Bangalore
FEB_004629,CUST_00779,Headphones,3,26971,2026-02-19,UPI,Delhi
FEB_004630,CUST_04922,Smartwatch,5,5930,2026-02-12,Cash on Delivery,Chennai
FEB_004631,CUST_00079,Smartphone,4,17702,2026-02-10,UPI,Hyderabad
FEB_004632,CUST_00337,Smartphone,2,1762,2026-02-23,Credit Card,Hyderabad
FEB_004633,CUST_04170,Keyboard,2,10747,2026-02-16,UPI,Chennai
FEB_004634,CUST_03596,Smartphone,3,28167,2026-02-27,Cash on Delivery,Pune
FEB_004635,CUST_00505,Keyboard,1,8903,2026-02-28,Cash on Delivery,Hyderabad
FEB_004636,CUST_00694,Keyboard,2,8206,2026-02-26,Debit Card,Chennai
FEB_004637,CUST_02802,Headphones,3,12095,2026-02-24,Debit Card,Delhi
FEB_004638,CUST_04402,Smartwatch,2,12347,2026-02-23,Credit Card,Delhi
FEB_004639,CUST_03948,Laptop,3,3358,2026-02-03,Cash on Delivery,Bangalore
FEB_004640,CUST_04529,Laptop,3,31846,2026-02-15,Debit Card,Mumbai
FEB_004641,CUST_03093,Mouse,2,36696,2026-02-06,Cash on Delivery,Hyderabad
FEB_004642,CUST_00423,Monitor,2,9595,2026-02-15,Cash on Delivery,Hyderabad
FEB_004643,CUST_03153,Smartwatch,4,39334,2026-02-25,UPI,Mumbai
FEB_004644,CUST_04229,Smartwatch,1,35832,2026-02-14,UPI,Pune
FEB_004645,CUST_03835,Smartwatch,2,9078,2026-02-09,Credit Card,Mumbai
FEB_004646,CUST_03717,Smartphone,1,48508,2026-02-09,Debit Card,Delhi
FEB_004647,CUST_03252,Monitor,2,13371,2026-02-14,UPI,Chennai
FEB_004648,CUST_03605,Tablet,2,40792,2026-02-27,Debit Card,Bangalore
FEB_004649,CUST_03900,Monitor,3,27934,2026-02-09,Credit Card,Bangalore
FEB_004650,CUST_02127,Headphones,4,44157,2026-02-28,Cash on Delivery,Mumbai
FEB_004651,CUST_02737,Monitor,1,28436,2026-02-18,Cash on Delivery,Chennai
FEB_004652,CUST_00131,Smartphone,5,18106,2026-02-02,Debit Card,Bangalore
FEB_004653,CUST_02405,Laptop,2,24409,2026-02-14,Cash on Delivery,Chennai
FEB_004654,CUST_03477,Smartphone,1,22860,2026-02-24,Cash on Delivery,Bangalore
FEB_004655,CUST_02596,Tablet,2,20565,2026-02-02,Credit Card,Delhi
FEB_004656,CUST_01477,Monitor,2,35278,2026-02-23,Cash on Delivery,Mumbai
FEB_004657,CUST_04343,Smartphone,4,16349,2026-02-22,UPI,Bangalore
FEB_004658,CUST_00423,Laptop,2,3488,2026-02-08,Cash on Delivery,Hyderabad
FEB_004659,CUST_04535,Keyboard,4,39735,2026-02-03,UPI,Delhi
FEB_004660,CUST_04251,Tablet,1,44080,2026-02-09,Credit Card,Chennai
FEB_004661,CUST_04600,Tablet,2,16602,2026-02-07,UPI,Pune
FEB_004662,CUST_00261,Headphones,3,16045,2026-02-26,Credit Card,Bangalore
FEB_004663,CUST_02810,Laptop,3,37915,2026-02-01,UPI,Mumbai
FEB_004664,CUST_04362,Laptop,5,4902,2026-02-08,UPI,Delhi
FEB_004665,CUST_04685,Tablet,2,18600,2026-02-16,UPI,Chennai
FEB_004666,CUST_01497,Headphones,4,20976,2026-02-09,Debit Card,Hyderabad
FEB_004667,CUST_02814,Smartphone,1,7197,2026-02-18,UPI,Delhi
FEB_004668,CUST_00933,Keyboard,2,17825,2026-02-03,UPI,Chennai
FEB_004669,CUST_00518,Mouse,2,28357,2026-02-17,Cash on Delivery,Delhi
FEB_004670,CUST_04025,Monitor,5,12493,2026-02-06,Debit Card,Hyderabad
FEB_004671,CUST_02625,Monitor,2,21545,2026-02-16,Debit Card,Hyderabad
FEB_004672,CUST_04420,Tablet,5,38523,2026-02-16,Cash on Delivery,Delhi
FEB_004673,CUST_01924,Smartwatch,4,19905,2026-02-06,Credit Card,Hyderabad
FEB_004674,CUST_02138,Headphones,2,18592,2026-02-15,Debit Card,Mumbai
FEB_004675,CUST_03633,Monitor,2,49312,2026-02-28,Cash on Delivery,Chennai
FEB_004676,CUST_02966,Keyboard,4,9275,2026-02-15,UPI,Mumbai
FEB_004677,CUST_03974,Keyboard,3,36309,2026-02-05,UPI,Mumbai
FEB_004678,CUST_04852,Laptop,2,19426,2026-02-15,Cash on Delivery,Bangalore
FEB_004679,CUST_03910,Laptop,4,43695,2026-02-14,Cash on Delivery,Mumbai
FEB_004680,CUST_00559,Mouse,4,17196,2026-02-06,Debit Card,Bangalore
FEB_004681,CUST_00282,Smartphone,3,48803,2026-02-27,Credit Card,Delhi
FEB_004682,CUST_02254,Tablet,5,37162,2026-02-26,Credit Card,Mumbai
FEB_004683,CUST_02208,Monitor,4,21450,2026-02-18,Debit Card,Delhi
FEB_004684,CUST_03672,Laptop,4,32658,2026-02-03,Credit Card,Chennai
FEB_004685,CUST_03486,Laptop,4,37677,2026-02-16,Cash on Delivery,Hyderabad
FEB_004686,CUST_03729,Headphones,5,25230,2026-02-24,Credit Card,Pune
FEB_004687,CUST_04377,Headphones,3,14714,2026-02-02,UPI,Mumbai
FEB_004688,CUST_02178,Keyboard,1,24964,2026-02-12,Cash on Delivery,Pune
FEB_004689,CUST_02208,Laptop,3,37076,2026-02-01,Credit Card,Delhi
FEB_004690,CUST_01346,Mouse,1,43322,2026-02-28,Cash on Delivery,Chennai
FEB_004691,CUST_03443,Laptop,4,16762,2026-02-23,UPI,Chennai
FEB_004692,CUST_03139,Headphones,4,34730,2026-02-09,Cash on Delivery,Chennai
FEB_004693,CUST_04227,Laptop,1,13572,2026-02-07,Credit Card,Mumbai
FEB_004694,CUST_03863,Monitor,5,45329,2026-02-07,Cash on Delivery,Hyderabad
FEB_004695,CUST_03778,Tablet,4,29334,2026-02-02,Cash on Delivery,Pune
FEB_004696,CUST_04423,Keyboard,1,13613,2026-02-12,UPI,Delhi
FEB_004697,CUST_04005,Monitor,3,10184,2026-02-19,Cash on Delivery,Bangalore
FEB_004698,CUST_01781,Smartwatch,1,46523,2026-02-17,UPI,Delhi
FEB_004699,CUST_02929,Monitor,3,15279,2026-02-19,Debit Card,Mumbai
FEB_004700,CUST_02194,Smartphone,4,43445,2026-02-11,Credit Card,Bangalore
FEB_004701,CUST_04533,Laptop,5,4896,2026-02-12,Cash on Delivery,Pune
FEB_004702,CUST_03284,Tablet,4,44473,2026-02-17,Credit Card,Hyderabad
FEB_004703,CUST_03738,Keyboard,4,2013,2026-02-18,Debit Card,Mumbai
FEB_004704,CUST_00629,Laptop,2,23383,2026-02-25,Credit Card,Bangalore
FEB_004705,CUST_01929,Monitor,2,21385,2026-02-18,UPI,Mumbai
FEB_004706,CUST_04644,Smartwatch,2,5798,2026-02-01,UPI,Mumbai
FEB_004707,CUST_04355,Smartwatch,2,13143,2026-02-19,UPI,Chennai
FEB_004708,CUST_02841,Keyboard,4,14494,2026-02-13,Debit Card,Mumbai
FEB_004709,CUST_00268,Keyboard,5,2950,2026-02-03,UPI,Chennai
FEB_004710,CUST_04893,Monitor,5,44845,2026-02-04,Cash on Delivery,Delhi
FEB_004711,CUST_01022,Headphones,3,43417,2026-02-01,Debit Card,Mumbai
FEB_004712,CUST_04576,Headphones,2,18498,2026-02-27,Credit Card,Delhi
FEB_004713,CUST_02427,Tablet,1,23040,2026-02-06,Debit Card,Pune
FEB_004714,CUST_02612,Smartphone,3,41676,2026-02-04,Credit Card,Hyderabad
FEB_004715,CUST_02953,Mouse,5,38200,2026-02-28,Debit Card,Hyderabad
FEB_004716,CUST_03606,Smartphone,1,40992,2026-02-17,Cash on Delivery,Pune
FEB_004717,CUST_00254,Headphones,1,14537,2026-02-20,Cash on Delivery,Hyderabad
FEB_004718,CUST_00573,Smartphone,5,15552,2026-02-13,Debit Card,Pune
FEB_004719,CUST_04094,Monitor,2,48729,2026-02-20,Cash on Delivery,Pune
FEB_004720,CUST_01182,Laptop,3,10556,2026-02-04,Debit Card,Mumbai
FEB_004721,CUST_01434,Tablet,3,25247,2026-02-17,UPI,Hyderabad
FEB_004722,CUST_01001,Smartwatch,3,19692,2026-02-17,Credit Card,Delhi
FEB_004723,CUST_03881,Keyboard,1,39999,2026-02-21,UPI,Mumbai
FEB_004724,CUST_00263,Smartwatch,2,40753,2026-02-19,UPI,Pune
FEB_004725,CUST_04987,Laptop,3,6749,2026-02-08,UPI,Pune
FEB_004726,CUST_00433,Smartwatch,2,14410,2026-02-09,UPI,Bangalore
FEB_004727,CUST_03232,Tablet,2,1482,2026-02-15,UPI,Pune
FEB_004728,CUST_00850,Smartwatch,3,25280,2026-02-20,UPI,Hyderabad
FEB_004729,CUST_00612,Monitor,5,45672,2026-02-24,Debit Card,Delhi
FEB_004730,CUST_04254,Smartwatch,4,16648,2026-02-02,Cash on Delivery,Delhi
FEB_004731,CUST_04713,Mouse,3,10390,2026-02-03,Credit Card,Pune
FEB_004732,CUST_01051,Smartphone,5,778,2026-02-14,Credit Card,Chennai
FEB_004733,CUST_03183,Monitor,3,14905,2026-02-03,Debit Card,Bangalore
FEB_004734,CUST_01057,Smartwatch,2,10844,2026-02-04,Cash on Delivery,Delhi
FEB_004735,CUST_03920,Smartwatch,2,17852,2026-02-08,Debit Card,Hyderabad
FEB_004736,CUST_01339,Smartwatch,2,24483,2026-02-13,Credit Card,Bangalore
FEB_004737,CUST_01027,Headphones,4,46272,2026-02-26,Cash on Delivery,Bangalore
FEB_004738,CUST_04314,Laptop,4,28096,2026-02-28,Cash on Delivery,Chennai
FEB_004739,CUST_00382,Smartwatch,3,20272,2026-02-25,Debit Card,Pune
FEB_004740,CUST_04696,Headphones,3,17672,2026-02-24,Debit Card,Hyderabad
FEB_004741,CUST_00568,Tablet,4,19664,2026-02-11,Credit Card,Bangalore
FEB_004742,CUST_04822,Keyboard,2,31678,2026-02-25,Credit Card,Hyderabad
FEB_004743,CUST_04353,Tablet,4,5064,2026-02-09,UPI,Mumbai
FEB_004744,CUST_02589,Mouse,5,9503,2026-02-22,Cash on Delivery,Mumbai
FEB_004745,CUST_03426,Laptop,5,30276,2026-02-25,UPI,Delhi
FEB_004746,CUST_03781,Headphones,5,22815,2026-02-03,UPI,Delhi
FEB_004747,CUST_00008,Headphones,1,45588,2026-02-27,Cash on Delivery,Bangalore
FEB_004748,CUST_00190,Headphones,5,34184,2026-02-13,Credit Card,Chennai
FEB_004749,CUST_02955,Tablet,5,27105,2026-02-17,UPI,Pune
FEB_004750,CUST_02839,Laptop,3,16209,2026-02-03,Credit Card,Hyderabad
FEB_004751,CUST_04368,Smartphone,5,28391,2026-02-25,Cash on Delivery,Chennai
FEB_004752,CUST_00044,Mouse,3,27821,2026-02-11,Debit Card,Pune
FEB_004753,CUST_01716,Laptop,4,32784,2026-02-23,Credit Card,Mumbai
FEB_004754,CUST_04198,Laptop,2,35924,2026-02-15,Credit Card,Pune
FEB_004755,CUST_01841,Laptop,5,40314,2026-02-15,Debit Card,Delhi
FEB_004756,CUST_03752,Mouse,4,46907,2026-02-16,Cash on Delivery,Hyderabad
FEB_004757,CUST_00209,Mouse,3,4910,2026-02-07,UPI,Pune
FEB_004758,CUST_04391,Keyboard,4,36272,2026-02-12,Debit Card,Hyderabad
FEB_004759,CUST_04201,Smartwatch,1,4185,2026-02-27,Debit Card,Bangalore
FEB_004760,CUST_02948,Smartphone,5,33816,2026-02-05,Cash on Delivery,Pune
FEB_004761,CUST_00415,Monitor,3,1351,2026-02-17,Cash on Delivery,Chennai
FEB_004762,CUST_04422,Mouse,2,38228,2026-02-17,Debit Card,Pune
FEB_004763,CUST_00179,Smartphone,5,5423,2026-02-25,Debit Card,Hyderabad
FEB_004764,CUST_04329,Keyboard,3,3113,2026-02-24,Credit Card,Chennai
FEB_004765,CUST_02896,Headphones,5,31573,2026-02-25,UPI,Bangalore
FEB_004766,CUST_03674,Keyboard,1,48904,2026-02-20,Cash on Delivery,Pune
FEB_004767,CUST_03996,Smartphone,1,35072,2026-02-15,UPI,Delhi
FEB_004768,CUST_03043,Tablet,3,17887,2026-02-02,UPI,Mumbai
FEB_004769,CUST_01652,Smartphone,4,38546,2026-02-01,Cash on Delivery,Delhi
FEB_004770,CUST_01676,Headphones,2,35030,2026-02-03,UPI,Chennai
FEB_004771,CUST_00693,Mouse,2,41573,2026-02-12,Debit Card,Delhi
FEB_004772,CUST_04958,Mouse,2,41964,2026-02-05,Credit Card,Hyderabad
FEB_004773,CUST_02513,Laptop,4,19404,2026-02-23,Debit Card,Delhi
FEB_004774,CUST_04472,Mouse,3,10826,2026-02-08,Debit Card,Chennai
FEB_004775,CUST_04976,Mouse,1,39725,2026-02-24,Cash on Delivery,Delhi
FEB_004776,CUST_03653,Smartphone,5,35828,2026-02-11,Credit Card,Hyderabad
FEB_004777,CUST_01685,Keyboard,2,13445,2026-02-12,UPI,Hyderabad
FEB_004778,CUST_01007,Headphones,1,45753,2026-02-12,Debit Card,Bangalore
FEB_004779,CUST_04351,Tablet,5,43245,2026-02-26,Cash on Delivery,Mumbai
FEB_004780,CUST_03643,Mouse,4,32180,2026-02-17,Debit Card,Mumbai
FEB_004781,CUST_00077,Smartwatch,1,17793,2026-02-28,Credit Card,Bangalore
FEB_004782,CUST_03111,Keyboard,1,1837,2026-02-27,Credit Card,Delhi
FEB_004783,CUST_00581,Smartphone,1,22087,2026-02-06,UPI,Hyderabad
FEB_004784,CUST_02419,Smartwatch,1,41852,2026-02-06,UPI,Bangalore
FEB_004785,CUST_03356,Keyboard,3,22157,2026-02-03,Debit Card,Chennai
FEB_004786,CUST_04298,Mouse,1,18683,2026-02-17,Debit Card,Pune
FEB_004787,CUST_02346,Tablet,2,22742,2026-02-15,Debit Card,Hyderabad
FEB_004788,CUST_04333,Monitor,4,25486,2026-02-15,Cash on Delivery,Mumbai
FEB_004789,CUST_01847,Mouse,3,32938,2026-02-13,Cash on Delivery,Hyderabad
FEB_004790,CUST_03663,Keyboard,2,5604,2026-02-18,UPI,Hyderabad
FEB_004791,CUST_02829,Tablet,3,16535,2026-02-15,UPI,Pune
FEB_004792,CUST_02403,Monitor,2,30783,2026-02-23,UPI,Chennai
FEB_004793,CUST_04076,Smartphone,2,5173,2026-02-09,Debit Card,Delhi
FEB_004794,CUST_03373,Headphones,4,5749,2026-02-19,Credit Card,Hyderabad
FEB_004795,CUST_01388,Tablet,5,48763,2026-02-25,Credit Card,Mumbai
FEB_004796,CUST_03038,Laptop,3,29121,2026-02-15,Debit Card,Chennai
FEB_004797,CUST_00490,Tablet,3,45022,2026-02-24,UPI,Bangalore
FEB_004798,CUST_01019,Tablet,3,21464,2026-02-28,UPI,Mumbai
FEB_004799,CUST_00807,Monitor,5,23592,2026-02-22,Credit Card,Mumbai
FEB_004800,CUST_04502,Monitor,4,45659,2026-02-28,UPI,Hyderabad
FEB_004801,CUST_03635,Monitor,1,26511,2026-02-24,Debit Card,Bangalore
FEB_004802,CUST_03663,Monitor,5,37708,2026-02-26,Debit Card,Pune
FEB_004803,CUST_01609,Tablet,4,10451,2026-02-09,UPI,Pune
FEB_004804,CUST_00178,Tablet,3,36455,2026-02-25,Debit Card,Pune
FEB_004805,CUST_02541,Headphones,1,32985,2026-02-23,Debit Card,Pune
FEB_004806,CUST_04594,Smartphone,2,37707,2026-02-27,Debit Card,Mumbai
FEB_004807,CUST_00104,Mouse,4,29356,2026-02-20,UPI,Hyderabad
FEB_004808,CUST_03890,Keyboard,1,34391,2026-02-14,Debit Card,Pune
FEB_004809,CUST_03166,Headphones,4,11936,2026-02-21,Credit Card,Hyderabad
FEB_004810,CUST_01475,Mouse,1,23503,2026-02-21,UPI,Delhi
FEB_004811,CUST_02322,Laptop,1,30531,2026-02-26,Debit Card,Hyderabad
FEB_004812,CUST_03786,Smartphone,2,41998,2026-02-22,Cash on Delivery,Bangalore
FEB_004813,CUST_01051,Monitor,3,7942,2026-02-03,Debit Card,Mumbai
FEB_004814,CUST_00928,Smartwatch,3,36411,2026-02-17,Cash on Delivery,Pune
FEB_004815,CUST_03879,Keyboard,5,31392,2026-02-26,Cash on Delivery,Bangalore
FEB_004816,CUST_03691,Keyboard,5,42462,2026-02-04,Debit Card,Pune
FEB_004817,CUST_02972,Headphones,4,19434,2026-02-05,Cash on Delivery,Mumbai
FEB_004818,CUST_03111,Monitor,4,6141,2026-02-09,Cash on Delivery,Delhi
FEB_004819,CUST_03614,Tablet,1,23810,2026-02-28,Cash on Delivery,Hyderabad
FEB_004820,CUST_03625,Headphones,5,44470,2026-02-21,Credit Card,Mumbai
FEB_004821,CUST_00038,Smartphone,5,11816,2026-02-13,UPI,Hyderabad
FEB_004822,CUST_04142,Headphones,5,27858,2026-02-07,Credit Card,Bangalore
FEB_004823,CUST_01899,Headphones,3,33151,2026-02-11,Cash on Delivery,Hyderabad
FEB_004824,CUST_04070,Laptop,2,8951,2026-02-17,UPI,Delhi
FEB_004825,CUST_02172,Mouse,4,20607,2026-02-21,UPI,Pune
FEB_004826,CUST_00909,Smartwatch,4,40819,2026-02-14,Debit Card,Bangalore
FEB_004827,CUST_02557,Keyboard,1,31437,2026-02-19,Debit Card,Mumbai
FEB_004828,CUST_04783,Smartphone,3,45233,2026-02-07,Debit Card,Bangalore
FEB_004829,CUST_01062,Headphones,5,38377,2026-02-23,Cash on Delivery,Bangalore
FEB_004830,CUST_02107,Tablet,4,10310,2026-02-07,Cash on Delivery,Mumbai
FEB_004831,CUST_03606,Smartphone,2,40413,2026-02-03,Cash on Delivery,Mumbai
FEB_004832,CUST_01591,Headphones,1,28709,2026-02-18,Cash on Delivery,Pune
FEB_004833,CUST_01060,Mouse,1,25166,2026-02-05,Debit Card,Chennai
FEB_004834,CUST_01623,Smartwatch,5,47005,2026-02-16,UPI,Bangalore
FEB_004835,CUST_00545,Laptop,4,11007,2026-02-14,UPI,Chennai
FEB_004836,CUST_02703,Smartwatch,2,28172,2026-02-22,Credit Card,Delhi
FEB_004837,CUST_04577,Keyboard,2,4488,2026-02-08,Credit Card,Bangalore
FEB_004838,CUST_03428,Tablet,4,32872,2026-02-28,Cash on Delivery,Pune
FEB_004839,CUST_01589,Tablet,5,35411,2026-02-25,UPI,Mumbai
FEB_004840,CUST_04125,Mouse,2,33837,2026-02-22,Debit Card,Hyderabad
FEB_004841,CUST_00964,Monitor,5,24948,2026-02-12,UPI,Delhi
FEB_004842,CUST_01077,Headphones,1,11247,2026-02-28,Debit Card,Hyderabad
FEB_004843,CUST_02244,Keyboard,2,38437,2026-02-12,UPI,Delhi
FEB_004844,CUST_02737,Keyboard,4,7268,2026-02-05,Debit Card,Bangalore
FEB_004845,CUST_04286,Laptop,3,4841,2026-02-08,Debit Card,Hyderabad
FEB_004846,CUST_02708,Headphones,4,31752,2026-02-19,Credit Card,Bangalore
FEB_004847,CUST_02357,Smartwatch,4,23248,2026-02-02,UPI,Bangalore
FEB_004848,CUST_03559,Keyboard,5,11613,2026-02-28,Credit Card,Delhi
FEB_004849,CUST_03383,Smartwatch,5,2742,2026-02-06,Cash on Delivery,Chennai
FEB_004850,CUST_00673,Monitor,2,42180,2026-02-07,Cash on Delivery,Mumbai
FEB_004851,CUST_03634,Tablet,4,29959,2026-02-27,Debit Card,Chennai
FEB_004852,CUST_01384,Laptop,2,22245,2026-02-13,Cash on Delivery,Pune
FEB_004853,CUST_00506,Mouse,3,25277,2026-02-13,Cash on Delivery,Hyderabad
FEB_004854,CUST_03031,Monitor,1,3477,2026-02-19,Debit Card,Chennai
FEB_004855,CUST_03384,Headphones,4,8944,2026-02-20,Debit Card,Chennai
FEB_004856,CUST_03986,Smartwatch,1,42133,2026-02-17,Cash on Delivery,Pune
FEB_004857,CUST_01199,Smartwatch,5,40347,2026-02-18,UPI,Hyderabad
FEB_004858,CUST_04459,Smartphone,1,33371,2026-02-05,Cash on Delivery,Mumbai
FEB_004859,CUST_03252,Headphones,1,23084,2026-02-16,Cash on Delivery,Bangalore
FEB_004860,CUST_04486,Smartwatch,5,1531,2026-02-17,Credit Card,Delhi
FEB_004861,CUST_01871,Mouse,4,7141,2026-02-14,Debit Card,Pune
FEB_004862,CUST_00665,Keyboard,4,16080,2026-02-04,UPI,Pune
FEB_004863,CUST_03644,Smartwatch,2,25606,2026-02-16,UPI,Mumbai
FEB_004864,CUST_01887,Monitor,4,36954,2026-02-17,Debit Card,Mumbai
FEB_004865,CUST_03760,Laptop,5,31755,2026-02-25,UPI,Mumbai
FEB_004866,CUST_02995,Laptop,4,23760,2026-02-09,UPI,Bangalore
FEB_004867,CUST_04632,Monitor,4,21750,2026-02-13,Debit Card,Bangalore
FEB_004868,CUST_03108,Smartwatch,4,26163,2026-02-06,Debit Card,Pune
FEB_004869,CUST_02686,Monitor,4,1175,2026-02-03,UPI,Hyderabad
FEB_004870,CUST_03756,Mouse,3,41880,2026-02-02,UPI,Chennai
FEB_004871,CUST_01715,Smartphone,5,45643,2026-02-09,UPI,Bangalore
FEB_004872,CUST_00364,Laptop,5,21840,2026-02-23,Cash on Delivery,Delhi
FEB_004873,CUST_04613,Mouse,3,46805,2026-02-22,Debit Card,Delhi
FEB_004874,CUST_01289,Smartphone,4,43562,2026-02-05,Debit Card,Mumbai
FEB_004875,CUST_00706,Smartwatch,4,6405,2026-02-11,Cash on Delivery,Bangalore
FEB_004876,CUST_03522,Keyboard,1,43464,2026-02-19,Credit Card,Chennai
FEB_004877,CUST_02251,Keyboard,5,26169,2026-02-24,Credit Card,Mumbai
FEB_004878,CUST_04967,Tablet,4,17420,2026-02-21,UPI,Delhi
FEB_004879,CUST_01889,Headphones,4,45574,2026-02-20,Credit Card,Chennai
FEB_004880,CUST_03066,Smartphone,3,47405,2026-02-23,Credit Card,Mumbai
FEB_004881,CUST_02085,Monitor,3,29035,2026-02-28,UPI,Chennai
FEB_004882,CUST_04853,Smartwatch,3,23118,2026-02-17,Credit Card,Mumbai
FEB_004883,CUST_03227,Headphones,1,29610,2026-02-18,Cash on Delivery,Chennai
FEB_004884,CUST_02207,Headphones,1,29418,2026-02-19,UPI,Mumbai
FEB_004885,CUST_00427,Smartphone,5,34937,2026-02-22,Debit Card,Chennai
FEB_004886,CUST_02832,Tablet,5,26194,2026-02-23,Credit Card,Mumbai
FEB_004887,CUST_00197,Smartphone,4,15835,2026-02-17,Cash on Delivery,Mumbai
FEB_004888,CUST_00055,Smartwatch,2,36175,2026-02-06,Cash on Delivery,Hyderabad
FEB_004889,CUST_03508,Laptop,3,18145,2026-02-22,UPI,Pune
FEB_004890,CUST_04932,Tablet,3,29748,2026-02-25,UPI,Chennai
FEB_004891,CUST_04589,Monitor,1,25000,2026-02-04,Cash on Delivery,Delhi
FEB_004892,CUST_02524,Keyboard,4,33892,2026-02-02,UPI,Pune
FEB_004893,CUST_02594,Smartphone,3,4449,2026-02-26,UPI,Hyderabad
FEB_004894,CUST_04493,Headphones,4,49519,2026-02-23,Debit Card,Delhi
FEB_004895,CUST_02966,Tablet,3,43286,2026-02-24,Cash on Delivery,Hyderabad
FEB_004896,CUST_03637,Headphones,2,37565,2026-02-02,Debit Card,Bangalore
FEB_004897,CUST_04344,Laptop,3,34976,2026-02-23,Cash on Delivery,Delhi
FEB_004898,CUST_00096,Monitor,4,4605,2026-02-09,Cash on Delivery,Hyderabad
FEB_004899,CUST_04290,Monitor,4,22605,2026-02-23,Credit Card,Hyderabad
FEB_004900,CUST_03297,Keyboard,3,13025,2026-02-09,UPI,Bangalore
FEB_004901,CUST_00085,Headphones,3,33578,2026-02-06,UPI,Pune
FEB_004902,CUST_04835,Headphones,3,5944,2026-02-05,Cash on Delivery,Pune
FEB_004903,CUST_01375,Smartphone,4,30035,2026-02-28,Credit Card,Pune
FEB_004904,CUST_03645,Smartwatch,4,18245,2026-02-22,UPI,Mumbai
FEB_004905,CUST_00408,Smartphone,2,33410,2026-02-27,Credit Card,Pune
FEB_004906,CUST_02225,Headphones,1,43499,2026-02-09,Cash on Delivery,Pune
FEB_004907,CUST_00546,Laptop,5,14443,2026-02-08,Cash on Delivery,Mumbai
FEB_004908,CUST_04368,Laptop,3,13803,2026-02-24,Cash on Delivery,Chennai
FEB_004909,CUST_04722,Monitor,1,40194,2026-02-20,Cash on Delivery,Bangalore
FEB_004910,CUST_04424,Mouse,3,21906,2026-02-05,Debit Card,Mumbai
FEB_004911,CUST_02246,Tablet,4,28772,2026-02-13,Cash on Delivery,Hyderabad
FEB_004912,CUST_04674,Laptop,2,9868,2026-02-28,Credit Card,Pune
FEB_004913,CUST_02448,Smartphone,5,21500,2026-02-17,UPI,Mumbai
FEB_004914,CUST_00811,Monitor,5,48219,2026-02-01,Cash on Delivery,Hyderabad
FEB_004915,CUST_01697,Monitor,3,5640,2026-02-26,Credit Card,Delhi
FEB_004916,CUST_04913,Keyboard,4,21399,2026-02-02,Debit Card,Bangalore
FEB_004917,CUST_01918,Smartwatch,4,11470,2026-02-06,Cash on Delivery,Pune
FEB_004918,CUST_01633,Tablet,4,5033,2026-02-09,Debit Card,Chennai
FEB_004919,CUST_04388,Keyboard,4,45835,2026-02-23,UPI,Delhi
FEB_004920,CUST_04333,Tablet,2,25816,2026-02-28,Credit Card,Pune
FEB_004921,CUST_03818,Headphones,5,13739,2026-02-04,UPI,Bangalore
FEB_004922,CUST_04584,Tablet,5,20628,2026-02-10,Cash on Delivery,Chennai
FEB_004923,CUST_01965,Headphones,3,48635,2026-02-20,Cash on Delivery,Delhi
FEB_004924,CUST_00402,Mouse,3,40189,2026-02-13,UPI,Hyderabad
FEB_004925,CUST_02881,Headphones,2,34798,2026-02-05,UPI,Delhi
FEB_004926,CUST_00286,Laptop,2,22618,2026-02-19,Credit Card,Bangalore
FEB_004927,CUST_02042,Mouse,5,18884,2026-02-05,Cash on Delivery,Pune
FEB_004928,CUST_01201,Mouse,3,38282,2026-02-04,Cash on Delivery,Chennai
FEB_004929,CUST_04073,Headphones,4,33817,2026-02-18,Debit Card,Chennai
FEB_004930,CUST_02990,Laptop,3,45320,2026-02-11,Credit Card,Hyderabad
FEB_004931,CUST_01942,Laptop,3,19537,2026-02-09,Credit Card,Pune
FEB_004932,CUST_02474,Headphones,3,27634,2026-02-27,Debit Card,Bangalore
FEB_004933,CUST_01293,Laptop,2,40333,2026-02-06,Debit Card,Hyderabad
FEB_004934,CUST_02893,Keyboard,2,6914,2026-02-02,Debit Card,Bangalore
FEB_004935,CUST_04019,Headphones,4,42113,2026-02-08,Credit Card,Bangalore
FEB_004936,CUST_04625,Mouse,3,35085,2026-02-26,Credit Card,Hyderabad
FEB_004937,CUST_02731,Headphones,1,19585,2026-02-25,Debit Card,Chennai
FEB_004938,CUST_02736,Tablet,4,32533,2026-02-23,Cash on Delivery,Mumbai
FEB_004939,CUST_02322,Mouse,1,5200,2026-02-06,UPI,Bangalore
FEB_004940,CUST_01468,Laptop,3,48267,2026-02-07,Debit Card,Hyderabad
FEB_004941,CUST_00039,Keyboard,4,10956,2026-02-17,UPI,Chennai
FEB_004942,CUST_04545,Tablet,5,20587,2026-02-26,Debit Card,Mumbai
FEB_004943,CUST_02875,Laptop,3,26516,2026-02-24,Credit Card,Hyderabad
FEB_004944,CUST_00425,Tablet,3,35196,2026-02-13,Debit Card,Delhi
FEB_004945,CUST_04177,Smartwatch,4,24256,2026-02-19,Debit Card,Bangalore
FEB_004946,CUST_01303,Keyboard,5,11379,2026-02-05,Debit Card,Chennai
FEB_004947,CUST_01513,Laptop,5,6183,2026-02-24,Cash on Delivery,Delhi
FEB_004948,CUST_03005,Monitor,2,24771,2026-02-16,Credit Card,Hyderabad
FEB_004949,CUST_01414,Monitor,5,25502,2026-02-10,Credit Card,Delhi
FEB_004950,CUST_02402,Smartphone,1,44395,2026-02-15,UPI,Delhi
FEB_004951,CUST_02027,Monitor,1,7337,2026-02-04,Cash on Delivery,Chennai
FEB_004952,CUST_03621,Mouse,5,32702,2026-02-07,Cash on Delivery,Delhi
FEB_004953,CUST_01402,Laptop,2,6418,2026-02-28,Debit Card,Bangalore
FEB_004954,CUST_02504,Headphones,2,35019,2026-02-25,Credit Card,Pune
FEB_004955,CUST_03640,Monitor,5,17967,2026-02-09,Credit Card,Chennai
FEB_004956,CUST_00028,Headphones,4,43092,2026-02-09,UPI,Chennai
FEB_004957,CUST_01038,Laptop,5,9449,2026-02-21,Credit Card,Chennai
FEB_004958,CUST_00826,Monitor,5,41044,2026-02-11,Debit Card,Pune
FEB_004959,CUST_02942,Headphones,2,3719,2026-02-21,Debit Card,Bangalore
FEB_004960,CUST_00895,Mouse,2,19842,2026-02-22,Cash on Delivery,Hyderabad
FEB_004961,CUST_01712,Tablet,1,2637,2026-02-14,Cash on Delivery,Bangalore
FEB_004962,CUST_00737,Headphones,3,38644,2026-02-26,Debit Card,Chennai
FEB_004963,CUST_04415,Smartphone,5,4360,2026-02-26,UPI,Mumbai
FEB_004964,CUST_01151,Smartphone,5,29673,2026-02-25,Debit Card,Delhi
FEB_004965,CUST_02216,Smartphone,1,6010,2026-02-14,Cash on Delivery,Pune
FEB_004966,CUST_01703,Mouse,4,25825,2026-02-05,UPI,Delhi
FEB_004967,CUST_00050,Laptop,1,15580,2026-02-17,UPI,Chennai
FEB_004968,CUST_04279,Tablet,1,34980,2026-02-04,UPI,Delhi
FEB_004969,CUST_01710,Smartphone,2,46784,2026-02-14,Debit Card,Chennai
FEB_004970,CUST_01253,Smartphone,5,3019,2026-02-20,Credit Card,Pune
FEB_004971,CUST_04233,Tablet,1,31731,2026-02-05,UPI,Hyderabad
FEB_004972,CUST_03188,Laptop,4,47118,2026-02-11,Cash on Delivery,Mumbai
FEB_004973,CUST_04362,Smartphone,3,46332,2026-02-09,Credit Card,Delhi
FEB_004974,CUST_00836,Laptop,4,44708,2026-02-02,Credit Card,Pune
FEB_004975,CUST_02921,Keyboard,1,1790,2026-02-12,Cash on Delivery,Delhi
FEB_004976,CUST_01319,Smartphone,4,49713,2026-02-03,Debit Card,Mumbai
FEB_004977,CUST_04676,Smartwatch,2,48947,2026-02-09,Cash on Delivery,Bangalore
FEB_004978,CUST_00190,Headphones,5,628,2026-02-26,Credit Card,Mumbai
FEB_004979,CUST_04514,Smartwatch,1,39770,2026-02-04,UPI,Hyderabad
FEB_004980,CUST_00921,Smartwatch,4,25496,2026-02-21,Cash on Delivery,Bangalore
FEB_004981,CUST_00454,Monitor,4,9532,2026-02-24,Debit Card,Bangalore
FEB_004982,CUST_02758,Keyboard,5,5931,2026-02-11,UPI,Hyderabad
FEB_004983,CUST_02189,Headphones,5,33438,2026-02-02,Debit Card,Chennai
FEB_004984,CUST_04498,Monitor,1,16206,2026-02-11,Cash on Delivery,Hyderabad
FEB_004985,CUST_01317,Tablet,3,16785,2026-02-16,Debit Card,Hyderabad
FEB_004986,CUST_00659,Mouse,2,612,2026-02-27,Credit Card,Delhi
FEB_004987,CUST_02349,Monitor,5,39046,2026-02-25,Credit Card,Chennai
FEB_004988,CUST_03290,Smartwatch,2,43968,2026-02-09,UPI,Chennai
FEB_004989,CUST_03898,Monitor,3,21799,2026-02-26,Cash on Delivery,Chennai
FEB_004990,CUST_02704,Tablet,5,40490,2026-02-01,UPI,Chennai
FEB_004991,CUST_01748,Laptop,2,39790,2026-02-13,Cash on Delivery,Bangalore
FEB_004992,CUST_04222,Headphones,1,33592,2026-02-02,Debit Card,Hyderabad
FEB_004993,CUST_04380,Laptop,4,17884,2026-02-12,Debit Card,Hyderabad
FEB_004994,CUST_04791,Smartwatch,2,6288,2026-02-27,Cash on Delivery,Pune
FEB_004995,CUST_04349,Tablet,5,34875,2026-02-04,Credit Card,Delhi
FEB_004996,CUST_00926,Smartwatch,1,37507,2026-02-12,Debit Card,Hyderabad
FEB_004997,CUST_00498,Monitor,1,22075,2026-02-13,Debit Card,Hyderabad
FEB_004998,CUST_02452,Tablet,5,42665,2026-02-04,UPI,Delhi
FEB_004999,CUST_03027,Smartphone,3,31468,2026-02-06,Debit Card,Delhi
FEB_005000,CUST_00340,Smartphone,3,35564,2026-02-17,Debit Card,Hyderabad
FEB_005001,CUST_01085,Smartphone,1,17032,2026-02-02,UPI,Pune
FEB_005002,CUST_00895,Laptop,5,30670,2026-02-25,Credit Card,Hyderabad
FEB_005003,CUST_03223,Headphones,3,36885,2026-02-07,Debit Card,Mumbai
FEB_005004,CUST_02394,Laptop,5,13480,2026-02-23,Credit Card,Chennai
FEB_005005,CUST_01430,Smartwatch,1,36619,2026-02-07,UPI,Hyderabad
FEB_005006,CUST_04388,Tablet,2,13435,2026-02-06,Debit Card,Chennai
FEB_005007,CUST_02704,Smartwatch,4,24318,2026-02-25,Debit Card,Pune
FEB_005008,CUST_03475,Headphones,1,8674,2026-02-17,Cash on Delivery,Delhi
FEB_005009,CUST_03112,Monitor,5,2770,2026-02-25,UPI,Mumbai
FEB_005010,CUST_02071,Smartphone,4,36762,2026-02-21,Debit Card,Hyderabad
FEB_005011,CUST_02534,Smartphone,4,22948,2026-02-22,UPI,Mumbai
FEB_005012,CUST_01607,Keyboard,1,37137,2026-02-14,Cash on Delivery,Delhi
FEB_005013,CUST_01855,Laptop,5,26551,2026-02-24,Credit Card,Hyderabad
FEB_005014,CUST_04040,Tablet,1,19854,2026-02-16,Credit Card,Bangalore
FEB_005015,CUST_00998,Monitor,2,38481,2026-02-23,UPI,Delhi
FEB_005016,CUST_03418,Monitor,4,40329,2026-02-01,Debit Card,Pune
FEB_005017,CUST_04916,Tablet,3,42236,2026-02-12,UPI,Bangalore
FEB_005018,CUST_00868,Tablet,2,26101,2026-02-11,Debit Card,Mumbai
FEB_005019,CUST_03060,Monitor,3,15829,2026-02-27,Debit Card,Bangalore
FEB_005020,CUST_01456,Laptop,2,47038,2026-02-19,UPI,Delhi
FEB_005021,CUST_04563,Headphones,1,11529,2026-02-10,Debit Card,Chennai
FEB_005022,CUST_01619,Keyboard,2,33858,2026-02-07,UPI,Delhi
FEB_005023,CUST_03829,Keyboard,3,15409,2026-02-18,Debit Card,Mumbai
FEB_005024,CUST_03624,Keyboard,4,5029,2026-02-04,Cash on Delivery,Hyderabad
FEB_005025,CUST_02959,Tablet,3,36271,2026-02-10,Cash on Delivery,Pune
FEB_005026,CUST_04556,Monitor,4,17969,2026-02-06,Credit Card,Delhi
FEB_005027,CUST_00905,Smartwatch,3,29590,2026-02-04,Cash on Delivery,Mumbai
FEB_005028,CUST_02740,Keyboard,4,1588,2026-02-02,Cash on Delivery,Bangalore
FEB_005029,CUST_01557,Keyboard,5,35737,2026-02-23,UPI,Hyderabad
FEB_005030,CUST_03827,Monitor,1,19810,2026-02-01,Credit Card,Pune
FEB_005031,CUST_00794,Monitor,5,37799,2026-02-08,Cash on Delivery,Mumbai
FEB_005032,CUST_03328,Headphones,5,4574,2026-02-09,Debit Card,Hyderabad
FEB_005033,CUST_01746,Smartwatch,5,33203,2026-02-08,Credit Card,Mumbai
FEB_005034,CUST_00888,Smartwatch,1,27272,2026-02-04,Debit Card,Mumbai
FEB_005035,CUST_03169,Smartphone,2,22716,2026-02-13,Cash on Delivery,Pune
FEB_005036,CUST_01957,Smartphone,1,37421,2026-02-14,Cash on Delivery,Hyderabad
FEB_005037,CUST_00982,Keyboard,1,45847,2026-02-06,Cash on Delivery,Mumbai
FEB_005038,CUST_04397,Tablet,3,23761,2026-02-17,Credit Card,Bangalore
FEB_005039,CUST_04284,Tablet,5,28118,2026-02-03,Credit Card,Hyderabad
FEB_005040,CUST_04387,Mouse,4,30460,2026-02-11,Credit Card,Pune
FEB_005041,CUST_03706,Monitor,1,14428,2026-02-13,Debit Card,Bangalore
FEB_005042,CUST_04592,Laptop,3,14513,2026-02-17,Credit Card,Delhi
FEB_005043,CUST_02734,Tablet,3,40123,2026-02-11,Cash on Delivery,Pune
FEB_005044,CUST_04476,Tablet,4,39580,2026-02-10,Cash on Delivery,Mumbai
FEB_005045,CUST_01504,Headphones,1,10706,2026-02-10,Debit Card,Bangalore
FEB_005046,CUST_02741,Laptop,2,47128,2026-02-26,Credit Card,Pune
FEB_005047,CUST_00278,Headphones,3,2187,2026-02-16,Credit Card,Bangalore
FEB_005048,CUST_00921,Tablet,5,35491,2026-02-21,Cash on Delivery,Hyderabad
FEB_005049,CUST_04827,Headphones,5,45985,2026-02-11,Cash on Delivery,Hyderabad
FEB_005050,CUST_04043,Smartphone,3,37849,2026-02-14,UPI,Chennai
FEB_005051,CUST_03232,Laptop,1,24071,2026-02-19,Debit Card,Mumbai
FEB_005052,CUST_00578,Smartphone,5,49363,2026-02-01,Debit Card,Pune
FEB_005053,CUST_02951,Headphones,4,18432,2026-02-05,UPI,Bangalore
FEB_005054,CUST_00598,Tablet,5,22003,2026-02-27,Credit Card,Mumbai
FEB_005055,CUST_00830,Tablet,3,38134,2026-02-20,Debit Card,Delhi
FEB_005056,CUST_02307,Smartwatch,2,3570,2026-02-04,Cash on Delivery,Bangalore
FEB_005057,CUST_04950,Smartphone,4,31429,2026-02-21,Cash on Delivery,Chennai
FEB_005058,CUST_00309,Laptop,4,8728,2026-02-10,UPI,Delhi
FEB_005059,CUST_01251,Monitor,5,46758,2026-02-06,Debit Card,Chennai
FEB_005060,CUST_04358,Headphones,5,21171,2026-02-05,Cash on Delivery,Mumbai
FEB_005061,CUST_00944,Monitor,4,35004,2026-02-05,Debit Card,Bangalore
FEB_005062,CUST_02500,Smartwatch,5,3650,2026-02-02,Debit Card,Hyderabad
FEB_005063,CUST_03722,Monitor,1,40054,2026-02-18,Debit Card,Delhi
FEB_005064,CUST_00888,Smartwatch,5,11556,2026-02-23,UPI,Chennai
FEB_005065,CUST_03159,Tablet,5,29047,2026-02-16,Cash on Delivery,Mumbai
FEB_005066,CUST_02695,Keyboard,1,44549,2026-02-16,UPI,Chennai
FEB_005067,CUST_03734,Tablet,5,42546,2026-02-04,Debit Card,Bangalore
FEB_005068,CUST_03022,Smartphone,4,2586,2026-02-09,Credit Card,Mumbai
FEB_005069,CUST_03200,Tablet,2,16246,2026-02-07,UPI,Mumbai
FEB_005070,CUST_04547,Mouse,2,46723,2026-02-11,UPI,Mumbai
FEB_005071,CUST_00516,Keyboard,3,36434,2026-02-08,Cash on Delivery,Bangalore
FEB_005072,CUST_01071,Tablet,3,38458,2026-02-06,Credit Card,Bangalore
FEB_005073,CUST_02465,Smartphone,3,15122,2026-02-05,Debit Card,Mumbai
FEB_005074,CUST_00201,Mouse,5,34313,2026-02-04,UPI,Chennai
FEB_005075,CUST_02202,Laptop,1,40273,2026-02-10,Credit Card,Chennai
FEB_005076,CUST_01904,Tablet,5,25805,2026-02-14,Credit Card,Hyderabad
FEB_005077,CUST_01281,Monitor,1,41833,2026-02-25,Debit Card,Delhi
FEB_005078,CUST_00569,Mouse,3,12116,2026-02-09,UPI,Bangalore
FEB_005079,CUST_00063,Laptop,3,43068,2026-02-07,UPI,Chennai
FEB_005080,CUST_04277,Smartwatch,5,45291,2026-02-07,Debit Card,Chennai
FEB_005081,CUST_04713,Monitor,1,33762,2026-02-11,Cash on Delivery,Bangalore
FEB_005082,CUST_03100,Smartphone,3,1618,2026-02-26,Credit Card,Bangalore
FEB_005083,CUST_02156,Laptop,4,1995,2026-02-09,UPI,Bangalore
FEB_005084,CUST_01505,Monitor,5,38962,2026-02-07,Cash on Delivery,Bangalore
FEB_005085,CUST_03275,Tablet,1,10817,2026-02-18,UPI,Mumbai
FEB_005086,CUST_04333,Keyboard,3,30682,2026-02-14,Cash on Delivery,Delhi
FEB_005087,CUST_03591,Keyboard,3,5753,2026-02-19,Credit Card,Pune
FEB_005088,CUST_00428,Keyboard,3,23385,2026-02-15,Cash on Delivery,Delhi
FEB_005089,CUST_03669,Smartphone,1,4012,2026-02-01,Credit Card,Bangalore
FEB_005090,CUST_01188,Smartwatch,3,29675,2026-02-24,Credit Card,Hyderabad
FEB_005091,CUST_01912,Keyboard,3,4942,2026-02-15,Cash on Delivery,Pune
FEB_005092,CUST_01275,Laptop,3,2816,2026-02-25,Debit Card,Pune
FEB_005093,CUST_02985,Tablet,5,18107,2026-02-13,Cash on Delivery,Chennai
FEB_005094,CUST_03101,Headphones,4,6950,2026-02-27,Credit Card,Mumbai
FEB_005095,CUST_02307,Laptop,1,15230,2026-02-05,Credit Card,Chennai
FEB_005096,CUST_02010,Tablet,2,15020,2026-02-12,Cash on Delivery,Hyderabad
FEB_005097,CUST_00417,Keyboard,4,23939,2026-02-12,Credit Card,Delhi
FEB_005098,CUST_02864,Monitor,3,41158,2026-02-08,Credit Card,Mumbai
FEB_005099,CUST_03114,Tablet,3,2485,2026-02-17,UPI,Hyderabad
FEB_005100,CUST_01604,Mouse,3,14315,2026-02-08,Cash on Delivery,Bangalore
FEB_005101,CUST_04609,Smartphone,3,14644,2026-02-23,Credit Card,Chennai
FEB_005102,CUST_01668,Monitor,4,44954,2026-02-14,Debit Card,Mumbai
FEB_005103,CUST_01101,Keyboard,4,3688,2026-02-09,Debit Card,Pune
FEB_005104,CUST_02777,Monitor,1,12680,2026-02-17,UPI,Pune
FEB_005105,CUST_04336,Mouse,2,46660,2026-02-08,Cash on Delivery,Chennai
FEB_005106,CUST_00620,Keyboard,3,45505,2026-02-03,Debit Card,Bangalore
FEB_005107,CUST_03818,Monitor,1,11036,2026-02-16,Cash on Delivery,Bangalore
FEB_005108,CUST_04465,Laptop,1,5245,2026-02-22,UPI,Mumbai
FEB_005109,CUST_00841,Monitor,1,23924,2026-02-18,Credit Card,Hyderabad
FEB_005110,CUST_04579,Keyboard,1,35250,2026-02-11,Credit Card,Mumbai
FEB_005111,CUST_03586,Smartphone,1,33360,2026-02-01,Cash on Delivery,Chennai
FEB_005112,CUST_04531,Laptop,5,32964,2026-02-19,Debit Card,Bangalore
FEB_005113,CUST_01994,Mouse,4,41599,2026-02-14,Credit Card,Chennai
FEB_005114,CUST_04513,Keyboard,1,2604,2026-02-06,Credit Card,Mumbai
FEB_005115,CUST_01761,Keyboard,5,24779,2026-02-14,UPI,Chennai
FEB_005116,CUST_01266,Headphones,2,29735,2026-02-02,Debit Card,Pune
FEB_005117,CUST_00721,Tablet,5,43828,2026-02-05,Credit Card,Pune
FEB_005118,CUST_03618,Smartphone,1,23513,2026-02-15,UPI,Pune
FEB_005119,CUST_04554,Keyboard,2,23408,2026-02-03,Debit Card,Mumbai
FEB_005120,CUST_00667,Keyboard,5,14321,2026-02-05,UPI,Hyderabad
FEB_005121,CUST_01843,Keyboard,2,18946,2026-02-08,Cash on Delivery,Delhi
FEB_005122,CUST_03350,Mouse,2,16777,2026-02-06,UPI,Mumbai
FEB_005123,CUST_00864,Tablet,3,11289,2026-02-25,Debit Card,Hyderabad
FEB_005124,CUST_02307,Mouse,4,15851,2026-02-04,Credit Card,Delhi
FEB_005125,CUST_01741,Smartwatch,4,2828,2026-02-28,Cash on Delivery,Chennai
FEB_005126,CUST_04240,Laptop,5,44866,2026-02-06,Debit Card,Chennai
FEB_005127,CUST_02798,Headphones,3,41760,2026-02-01,Debit Card,Mumbai
FEB_005128,CUST_02418,Tablet,4,45901,2026-02-18,UPI,Mumbai
FEB_005129,CUST_01176,Tablet,3,48487,2026-02-02,Cash on Delivery,Hyderabad
FEB_005130,CUST_04392,Smartwatch,5,31760,2026-02-20,Cash on Delivery,Hyderabad
FEB_005131,CUST_00988,Smartwatch,3,40782,2026-02-04,UPI,Delhi
FEB_005132,CUST_04439,Keyboard,5,37451,2026-02-10,Cash on Delivery,Chennai
FEB_005133,CUST_01576,Smartwatch,4,26418,2026-02-11,Credit Card,Mumbai
FEB_005134,CUST_01347,Tablet,2,30708,2026-02-15,Debit Card,Chennai
FEB_005135,CUST_01775,Smartphone,5,11859,2026-02-21,UPI,Delhi
FEB_005136,CUST_01835,Keyboard,5,25057,2026-02-03,UPI,Chennai
FEB_005137,CUST_01289,Tablet,3,26683,2026-02-19,Credit Card,Delhi
FEB_005138,CUST_01109,Monitor,3,19945,2026-02-06,Cash on Delivery,Pune
FEB_005139,CUST_02021,Smartwatch,2,49764,2026-02-27,Credit Card,Chennai
FEB_005140,CUST_04631,Smartphone,5,31811,2026-02-14,Cash on Delivery,Hyderabad
FEB_005141,CUST_01614,Keyboard,1,12126,2026-02-13,Debit Card,Mumbai
FEB_005142,CUST_04594,Mouse,3,38815,2026-02-11,Cash on Delivery,Chennai
FEB_005143,CUST_04816,Mouse,5,43543,2026-02-23,Debit Card,Chennai
FEB_005144,CUST_03293,Tablet,3,49195,2026-02-04,Cash on Delivery,Hyderabad
FEB_005145,CUST_02351,Monitor,4,20264,2026-02-22,Credit Card,Pune
FEB_005146,CUST_04867,Laptop,5,5540,2026-02-01,Debit Card,Bangalore
FEB_005147,CUST_03109,Mouse,1,13390,2026-02-02,Credit Card,Pune
FEB_005148,CUST_02906,Smartwatch,2,28224,2026-02-24,Debit Card,Pune
FEB_005149,CUST_00390,Monitor,5,22479,2026-02-21,Debit Card,Mumbai
FEB_005150,CUST_04920,Monitor,4,9256,2026-02-10,Credit Card,Hyderabad
FEB_005151,CUST_03102,Laptop,3,40882,2026-02-04,Cash on Delivery,Mumbai
FEB_005152,CUST_01143,Smartwatch,4,5413,2026-02-11,Cash on Delivery,Hyderabad
FEB_005153,CUST_03754,Smartphone,5,32772,2026-02-15,Cash on Delivery,Chennai
FEB_005154,CUST_01801,Smartphone,3,36161,2026-02-24,UPI,Delhi
FEB_005155,CUST_04008,Monitor,4,2846,2026-02-09,Debit Card,Pune
FEB_005156,CUST_00147,Headphones,1,26172,2026-02-28,Debit Card,Mumbai
FEB_005157,CUST_03707,Headphones,1,11978,2026-02-11,Debit Card,Pune
FEB_005158,CUST_00928,Laptop,3,14269,2026-02-22,Cash on Delivery,Delhi
FEB_005159,CUST_01664,Smartwatch,2,36753,2026-02-14,Debit Card,Pune
FEB_005160,CUST_04925,Laptop,3,42447,2026-02-14,Credit Card,Chennai
FEB_005161,CUST_02832,Smartwatch,4,24436,2026-02-05,Debit Card,Hyderabad
FEB_005162,CUST_04809,Laptop,1,42467,2026-02-04,UPI,Chennai
FEB_005163,CUST_03878,Headphones,1,7208,2026-02-02,Cash on Delivery,Chennai
FEB_005164,CUST_01970,Smartwatch,1,26156,2026-02-09,Cash on Delivery,Bangalore
FEB_005165,CUST_02164,Tablet,3,1552,2026-02-05,Cash on Delivery,Pune
FEB_005166,CUST_01430,Tablet,2,23411,2026-02-03,Cash on Delivery,Mumbai
FEB_005167,CUST_01119,Headphones,5,31256,2026-02-08,Debit Card,Bangalore
FEB_005168,CUST_04229,Laptop,1,24498,2026-02-05,Cash on Delivery,Chennai
FEB_005169,CUST_00562,Headphones,5,19809,2026-02-10,Credit Card,Mumbai
FEB_005170,CUST_00306,Mouse,3,35594,2026-02-11,Credit Card,Hyderabad
FEB_005171,CUST_03860,Keyboard,1,1636,2026-02-03,Cash on Delivery,Pune
FEB_005172,CUST_03960,Tablet,5,32440,2026-02-11,UPI,Bangalore
FEB_005173,CUST_02589,Tablet,3,8892,2026-02-04,Debit Card,Delhi
FEB_005174,CUST_00623,Monitor,5,27796,2026-02-05,Cash on Delivery,Pune
FEB_005175,CUST_01197,Headphones,4,14083,2026-02-18,UPI,Pune
FEB_005176,CUST_02042,Keyboard,4,2267,2026-02-16,Cash on Delivery,Delhi
FEB_005177,CUST_04584,Monitor,4,31823,2026-02-10,Debit Card,Hyderabad
FEB_005178,CUST_04643,Laptop,1,46742,2026-02-10,Cash on Delivery,Bangalore
FEB_005179,CUST_04842,Keyboard,4,22841,2026-02-19,Cash on Delivery,Hyderabad
FEB_005180,CUST_04030,Laptop,5,24703,2026-02-05,Debit Card,Delhi
FEB_005181,CUST_00621,Smartwatch,4,23012,2026-02-24,UPI,Bangalore
FEB_005182,CUST_02441,Mouse,5,19252,2026-02-08,Cash on Delivery,Chennai
FEB_005183,CUST_00907,Smartphone,4,30417,2026-02-24,UPI,Chennai
FEB_005184,CUST_01940,Laptop,2,18618,2026-02-05,Credit Card,Hyderabad
FEB_005185,CUST_04114,Smartphone,2,45352,2026-02-28,Credit Card,Mumbai
FEB_005186,CUST_04045,Headphones,3,31664,2026-02-05,Debit Card,Delhi
FEB_005187,CUST_03345,Headphones,3,20955,2026-02-06,Debit Card,Hyderabad
FEB_005188,CUST_00970,Monitor,2,47088,2026-02-08,Credit Card,Hyderabad
FEB_005189,CUST_00307,Smartphone,1,32220,2026-02-07,Cash on Delivery,Hyderabad
FEB_005190,CUST_02965,Smartphone,3,23088,2026-02-25,UPI,Pune
FEB_005191,CUST_04484,Monitor,3,41041,2026-02-28,UPI,Delhi
FEB_005192,CUST_02375,Smartwatch,4,36920,2026-02-27,UPI,Pune
FEB_005193,CUST_00895,Monitor,4,15701,2026-02-02,UPI,Bangalore
FEB_005194,CUST_03783,Tablet,1,44096,2026-02-07,UPI,Bangalore
FEB_005195,CUST_04201,Headphones,1,47305,2026-02-07,Debit Card,Bangalore
FEB_005196,CUST_01663,Monitor,5,22039,2026-02-13,Credit Card,Mumbai
FEB_005197,CUST_00736,Laptop,1,32591,2026-02-26,Credit Card,Mumbai
FEB_005198,CUST_03922,Laptop,3,32241,2026-02-15,Cash on Delivery,Pune
FEB_005199,CUST_03845,Monitor,2,14572,2026-02-05,Credit Card,Pune
FEB_005200,CUST_03440,Monitor,4,12990,2026-02-11,Credit Card,Hyderabad
FEB_005201,CUST_03196,Laptop,1,10023,2026-02-10,Debit Card,Bangalore
FEB_005202,CUST_04836,Smartwatch,5,41798,2026-02-06,Credit Card,Delhi
FEB_005203,CUST_02149,Tablet,2,28161,2026-02-17,Cash on Delivery,Mumbai
FEB_005204,CUST_01489,Tablet,5,889,2026-02-16,Cash on Delivery,Delhi
FEB_005205,CUST_01537,Smartphone,4,39987,2026-02-07,Cash on Delivery,Pune
FEB_005206,CUST_00489,Tablet,5,15200,2026-02-12,Cash on Delivery,Pune
FEB_005207,CUST_02850,Smartphone,2,21691,2026-02-12,Debit Card,Chennai
FEB_005208,CUST_03306,Monitor,2,9308,2026-02-23,Cash on Delivery,Bangalore
FEB_005209,CUST_02029,Smartwatch,5,36617,2026-02-08,Cash on Delivery,Mumbai
FEB_005210,CUST_00385,Headphones,3,26289,2026-02-03,Credit Card,Hyderabad
FEB_005211,CUST_03594,Smartwatch,5,40069,2026-02-19,Cash on Delivery,Mumbai
FEB_005212,CUST_03554,Smartwatch,2,8715,2026-02-10,Cash on Delivery,Chennai
FEB_005213,CUST_02221,Laptop,3,24363,2026-02-11,Debit Card,Mumbai
FEB_005214,CUST_04461,Keyboard,3,36224,2026-02-26,Debit Card,Mumbai
FEB_005215,CUST_03245,Headphones,5,39387,2026-02-07,Debit Card,Bangalore
FEB_005216,CUST_02546,Mouse,4,37272,2026-02-10,Credit Card,Hyderabad
FEB_005217,CUST_04902,Tablet,1,38045,2026-02-24,Credit Card,Pune
FEB_005218,CUST_04278,Smartphone,2,43582,2026-02-13,UPI,Mumbai
FEB_005219,CUST_04422,Monitor,5,35216,2026-02-23,Debit Card,Delhi
FEB_005220,CUST_01687,Headphones,5,24438,2026-02-27,Cash on Delivery,Pune
FEB_005221,CUST_03168,Monitor,1,39546,2026-02-18,Debit Card,Pune
FEB_005222,CUST_01073,Monitor,4,14141,2026-02-21,UPI,Hyderabad
FEB_005223,CUST_00405,Laptop,1,15804,2026-02-01,UPI,Mumbai
FEB_005224,CUST_03707,Mouse,1,11593,2026-02-25,Cash on Delivery,Pune
FEB_005225,CUST_00393,Laptop,5,6066,2026-02-24,UPI,Delhi
FEB_005226,CUST_01137,Laptop,4,43956,2026-02-03,Credit Card,Hyderabad
FEB_005227,CUST_05000,Mouse,3,49529,2026-02-23,Cash on Delivery,Bangalore
FEB_005228,CUST_01323,Headphones,4,40894,2026-02-13,Cash on Delivery,Bangalore
FEB_005229,CUST_04083,Smartwatch,2,35916,2026-02-02,Cash on Delivery,Delhi
FEB_005230,CUST_00717,Smartwatch,2,16931,2026-02-21,Debit Card,Pune
FEB_005231,CUST_02574,Mouse,4,995,2026-02-12,Cash on Delivery,Mumbai
FEB_005232,CUST_04049,Laptop,3,20569,2026-02-21,UPI,Chennai
FEB_005233,CUST_01381,Tablet,5,774,2026-02-04,UPI,Mumbai
FEB_005234,CUST_03493,Headphones,1,22186,2026-02-16,Cash on Delivery,Delhi
FEB_005235,CUST_02262,Monitor,1,43441,2026-02-03,Credit Card,Pune
FEB_005236,CUST_00896,Monitor,2,14013,2026-02-08,Debit Card,Delhi
FEB_005237,CUST_02654,Keyboard,2,9897,2026-02-22,UPI,Hyderabad
FEB_005238,CUST_00749,Headphones,4,48422,2026-02-21,Debit Card,Hyderabad
FEB_005239,CUST_01976,Smartphone,5,3616,2026-02-20,UPI,Pune
FEB_005240,CUST_00793,Smartphone,2,33789,2026-02-25,Debit Card,Mumbai
FEB_005241,CUST_00807,Tablet,2,14772,2026-02-25,Debit Card,Pune
FEB_005242,CUST_03221,Tablet,4,41554,2026-02-09,Debit Card,Delhi
FEB_005243,CUST_03257,Laptop,5,10463,2026-02-25,Cash on Delivery,Hyderabad
FEB_005244,CUST_02603,Mouse,2,15758,2026-02-03,Credit Card,Hyderabad
FEB_005245,CUST_04848,Smartwatch,5,33522,2026-02-03,UPI,Pune
FEB_005246,CUST_04735,Smartphone,5,36145,2026-02-09,UPI,Chennai
FEB_005247,CUST_00030,Laptop,1,24725,2026-02-27,UPI,Hyderabad
FEB_005248,CUST_03813,Tablet,1,29723,2026-02-24,Debit Card,Pune
FEB_005249,CUST_01836,Mouse,4,41343,2026-02-09,Credit Card,Mumbai
FEB_005250,CUST_03822,Keyboard,5,37286,2026-02-27,UPI,Bangalore
FEB_005251,CUST_02999,Laptop,3,27127,2026-02-12,Debit Card,Pune
FEB_005252,CUST_01311,Laptop,2,18532,2026-02-22,Debit Card,Chennai
FEB_005253,CUST_01266,Monitor,5,24435,2026-02-10,Credit Card,Pune
FEB_005254,CUST_01355,Headphones,3,9154,2026-02-11,UPI,Pune
FEB_005255,CUST_00094,Mouse,2,43669,2026-02-19,Debit Card,Hyderabad
FEB_005256,CUST_02391,Keyboard,2,41951,2026-02-23,UPI,Delhi
FEB_005257,CUST_03920,Laptop,4,32584,2026-02-24,Credit Card,Delhi
FEB_005258,CUST_02053,Smartphone,3,26337,2026-02-09,Credit Card,Delhi
FEB_005259,CUST_03802,Mouse,3,41124,2026-02-06,Credit Card,Mumbai
FEB_005260,CUST_00068,Smartwatch,5,43538,2026-02-11,Cash on Delivery,Bangalore
FEB_005261,CUST_02592,Headphones,3,32203,2026-02-17,Credit Card,Bangalore
FEB_005262,CUST_04875,Headphones,3,37234,2026-02-26,Cash on Delivery,Chennai
FEB_005263,CUST_00161,Laptop,4,37755,2026-02-09,Cash on Delivery,Bangalore
FEB_005264,CUST_00203,Smartphone,4,19495,2026-02-14,Debit Card,Pune
FEB_005265,CUST_01923,Tablet,1,5400,2026-02-05,Debit Card,Mumbai
FEB_005266,CUST_02995,Smartphone,1,22997,2026-02-11,UPI,Chennai
FEB_005267,CUST_02692,Tablet,5,24935,2026-02-16,UPI,Pune
FEB_005268,CUST_01947,Monitor,5,29833,2026-02-05,Cash on Delivery,Chennai
FEB_005269,CUST_03226,Laptop,5,5787,2026-02-06,UPI,Hyderabad
FEB_005270,CUST_01970,Headphones,2,25625,2026-02-14,Credit Card,Bangalore
FEB_005271,CUST_03594,Smartwatch,2,2614,2026-02-07,Cash on Delivery,Mumbai
FEB_005272,CUST_01727,Smartphone,4,49252,2026-02-04,Cash on Delivery,Hyderabad
FEB_005273,CUST_02007,Keyboard,2,15330,2026-02-02,UPI,Chennai
FEB_005274,CUST_04683,Monitor,5,26515,2026-02-10,Debit Card,Hyderabad
FEB_005275,CUST_04044,Laptop,3,36170,2026-02-03,UPI,Delhi
FEB_005276,CUST_03957,Smartphone,3,27592,2026-02-02,UPI,Mumbai
FEB_005277,CUST_02848,Tablet,2,17708,2026-02-02,Debit Card,Mumbai
FEB_005278,CUST_00719,Smartphone,2,37728,2026-02-25,Cash on Delivery,Pune
FEB_005279,CUST_00092,Keyboard,1,4285,2026-02-08,Debit Card,Mumbai
FEB_005280,CUST_04725,Smartwatch,5,5689,2026-02-26,Debit Card,Pune
FEB_005281,CUST_03518,Smartphone,1,29322,2026-02-28,Cash on Delivery,Bangalore
FEB_005282,CUST_01212,Smartwatch,2,7103,2026-02-08,Debit Card,Delhi
FEB_005283,CUST_01802,Headphones,2,17091,2026-02-09,Debit Card,Delhi
FEB_005284,CUST_02748,Smartphone,3,15950,2026-02-19,Debit Card,Mumbai
FEB_005285,CUST_01447,Mouse,1,39594,2026-02-02,Cash on Delivery,Bangalore
FEB_005286,CUST_03236,Laptop,4,27128,2026-02-06,Debit Card,Pune
FEB_005287,CUST_01769,Smartphone,1,14811,2026-02-09,UPI,Hyderabad
FEB_005288,CUST_01958,Tablet,4,19497,2026-02-14,UPI,Pune
FEB_005289,CUST_00674,Mouse,2,10730,2026-02-21,Debit Card,Delhi
FEB_005290,CUST_00304,Mouse,2,15511,2026-02-06,UPI,Pune
FEB_005291,CUST_03179,Headphones,2,4116,2026-02-01,Debit Card,Mumbai
FEB_005292,CUST_03602,Headphones,4,32274,2026-02-09,Credit Card,Bangalore
FEB_005293,CUST_02830,Tablet,2,48287,2026-02-24,Debit Card,Chennai
FEB_005294,CUST_02592,Headphones,4,31708,2026-02-22,Debit Card,Hyderabad
FEB_005295,CUST_04526,Keyboard,3,47634,2026-02-20,UPI,Hyderabad
FEB_005296,CUST_01023,Tablet,4,16381,2026-02-20,Cash on Delivery,Chennai
FEB_005297,CUST_00115,Smartwatch,2,24382,2026-02-13,Credit Card,Chennai
FEB_005298,CUST_01311,Mouse,3,29670,2026-02-16,Debit Card,Bangalore
FEB_005299,CUST_02866,Keyboard,5,24813,2026-02-04,Cash on Delivery,Mumbai
FEB_005300,CUST_03357,Laptop,3,33658,2026-02-17,Debit Card,Mumbai
FEB_005301,CUST_00626,Monitor,1,19456,2026-02-21,Cash on Delivery,Hyderabad
FEB_005302,CUST_01594,Smartwatch,5,48480,2026-02-15,Debit Card,Bangalore
FEB_005303,CUST_00712,Smartphone,2,18919,2026-02-13,Credit Card,Pune
FEB_005304,CUST_03132,Tablet,3,21417,2026-02-03,UPI,Pune
FEB_005305,CUST_00877,Laptop,5,13273,2026-02-07,Credit Card,Hyderabad
FEB_005306,CUST_03099,Keyboard,4,40670,2026-02-12,Cash on Delivery,Delhi
FEB_005307,CUST_03270,Tablet,5,37451,2026-02-24,UPI,Mumbai
FEB_005308,CUST_03363,Headphones,2,13528,2026-02-19,UPI,Bangalore
FEB_005309,CUST_00844,Smartphone,2,21856,2026-02-05,Credit Card,Bangalore
FEB_005310,CUST_02243,Mouse,3,41628,2026-02-01,Debit Card,Mumbai
FEB_005311,CUST_03752,Headphones,1,4982,2026-02-28,UPI,Delhi
FEB_005312,CUST_04806,Smartwatch,4,29837,2026-02-11,Debit Card,Chennai
FEB_005313,CUST_01015,Keyboard,5,12726,2026-02-04,Debit Card,Delhi
FEB_005314,CUST_00578,Keyboard,4,14407,2026-02-02,Credit Card,Hyderabad
FEB_005315,CUST_04845,Tablet,3,31408,2026-02-11,Cash on Delivery,Hyderabad
FEB_005316,CUST_03962,Tablet,4,6869,2026-02-20,Credit Card,Chennai
FEB_005317,CUST_03435,Monitor,1,17022,2026-02-27,Credit Card,Bangalore
FEB_005318,CUST_00886,Laptop,1,37916,2026-02-24,Cash on Delivery,Hyderabad
FEB_005319,CUST_00160,Mouse,1,33749,2026-02-02,UPI,Pune
FEB_005320,CUST_03384,Smartwatch,2,2505,2026-02-08,Cash on Delivery,Chennai
FEB_005321,CUST_03493,Smartphone,1,11287,2026-02-27,UPI,Mumbai
FEB_005322,CUST_03695,Mouse,3,7627,2026-02-03,Credit Card,Bangalore
FEB_005323,CUST_03756,Keyboard,1,3978,2026-02-15,UPI,Mumbai
FEB_005324,CUST_00255,Smartwatch,1,386,2026-02-24,Credit Card,Mumbai
FEB_005325,CUST_04352,Monitor,5,31231,2026-02-24,Credit Card,Chennai
FEB_005326,CUST_03187,Smartphone,2,18444,2026-02-02,Debit Card,Bangalore
FEB_005327,CUST_00952,Monitor,1,14761,2026-02-12,Credit Card,Delhi
FEB_005328,CUST_01092,Smartwatch,4,22028,2026-02-21,UPI,Hyderabad
FEB_005329,CUST_00213,Smartphone,4,41785,2026-02-18,UPI,Pune
FEB_005330,CUST_02908,Smartwatch,5,49267,2026-02-23,Debit Card,Hyderabad
FEB_005331,CUST_00304,Mouse,3,29187,2026-02-24,Debit Card,Chennai
FEB_005332,CUST_02116,Keyboard,3,4999,2026-02-04,Credit Card,Mumbai
FEB_005333,CUST_02283,Monitor,1,20898,2026-02-02,Credit Card,Pune
FEB_005334,CUST_02534,Keyboard,4,21821,2026-02-18,Cash on Delivery,Hyderabad
FEB_005335,CUST_03031,Smartwatch,5,31841,2026-02-24,Debit Card,Bangalore
FEB_005336,CUST_01873,Laptop,2,29770,2026-02-25,UPI,Mumbai
FEB_005337,CUST_02524,Monitor,4,7279,2026-02-15,Debit Card,Mumbai
FEB_005338,CUST_00188,Monitor,3,2656,2026-02-06,Debit Card,Hyderabad
FEB_005339,CUST_02558,Monitor,4,28058,2026-02-07,Credit Card,Bangalore
FEB_005340,CUST_00553,Keyboard,2,4965,2026-02-10,Debit Card,Pune
FEB_005341,CUST_00289,Tablet,4,37054,2026-02-14,UPI,Hyderabad
FEB_005342,CUST_02334,Keyboard,5,45473,2026-02-27,Credit Card,Hyderabad
FEB_005343,CUST_03020,Tablet,5,17160,2026-02-28,Cash on Delivery,Chennai
FEB_005344,CUST_02860,Laptop,3,19706,2026-02-28,Cash on Delivery,Chennai
FEB_005345,CUST_02165,Mouse,3,14210,2026-02-16,UPI,Delhi
FEB_005346,CUST_04098,Smartwatch,4,34300,2026-02-26,Credit Card,Delhi
FEB_005347,CUST_01459,Tablet,5,18017,2026-02-14,Credit Card,Pune
FEB_005348,CUST_03898,Mouse,1,20725,2026-02-07,UPI,Chennai
FEB_005349,CUST_00588,Tablet,3,31733,2026-02-23,Credit Card,Delhi
FEB_005350,CUST_04540,Keyboard,4,7405,2026-02-05,Credit Card,Hyderabad
FEB_005351,CUST_02528,Headphones,1,44707,2026-02-04,UPI,Delhi
FEB_005352,CUST_03956,Keyboard,3,47508,2026-02-18,UPI,Delhi
FEB_005353,CUST_01473,Tablet,3,25747,2026-02-14,Credit Card,Hyderabad
FEB_005354,CUST_01239,Headphones,3,8490,2026-02-12,Credit Card,Delhi
FEB_005355,CUST_03761,Mouse,3,10206,2026-02-14,UPI,Hyderabad
FEB_005356,CUST_03466,Laptop,4,23006,2026-02-05,UPI,Chennai
FEB_005357,CUST_01787,Smartphone,1,28837,2026-02-25,UPI,Mumbai
FEB_005358,CUST_01046,Mouse,1,12622,2026-02-23,Cash on Delivery,Mumbai
FEB_005359,CUST_03439,Laptop,5,9439,2026-02-07,Cash on Delivery,Hyderabad
FEB_005360,CUST_02865,Tablet,3,45918,2026-02-04,Debit Card,Hyderabad
FEB_005361,CUST_03896,Monitor,3,41656,2026-02-18,Credit Card,Hyderabad
FEB_005362,CUST_00568,Laptop,5,13962,2026-02-27,UPI,Hyderabad
FEB_005363,CUST_01849,Smartwatch,2,24022,2026-02-20,Debit Card,Delhi
FEB_005364,CUST_00767,Keyboard,2,21948,2026-02-08,Cash on Delivery,Delhi
FEB_005365,CUST_04154,Monitor,1,15529,2026-02-13,Debit Card,Pune
FEB_005366,CUST_00073,Mouse,3,36558,2026-02-25,Cash on Delivery,Pune
FEB_005367,CUST_00869,Laptop,1,26794,2026-02-02,Credit Card,Delhi
FEB_005368,CUST_00480,Laptop,1,20614,2026-02-20,Credit Card,Mumbai
FEB_005369,CUST_04805,Keyboard,5,25577,2026-02-20,UPI,Chennai
FEB_005370,CUST_01559,Smartphone,2,24308,2026-02-07,Cash on Delivery,Pune
FEB_005371,CUST_03212,Smartphone,3,10168,2026-02-24,UPI,Chennai
FEB_005372,CUST_00922,Mouse,1,10319,2026-02-05,Debit Card,Hyderabad
FEB_005373,CUST_04244,Keyboard,3,45247,2026-02-19,Credit Card,Mumbai
FEB_005374,CUST_00932,Smartphone,3,8485,2026-02-16,Credit Card,Delhi
FEB_005375,CUST_01504,Mouse,1,24159,2026-02-04,Credit Card,Chennai
FEB_005376,CUST_03080,Monitor,3,37547,2026-02-16,Credit Card,Bangalore
FEB_005377,CUST_01269,Mouse,2,20996,2026-02-08,Debit Card,Pune
FEB_005378,CUST_03642,Monitor,5,21394,2026-02-26,Cash on Delivery,Chennai
FEB_005379,CUST_02460,Headphones,5,35830,2026-02-06,Cash on Delivery,Pune
FEB_005380,CUST_04273,Tablet,3,11133,2026-02-04,Credit Card,Hyderabad
FEB_005381,CUST_03648,Laptop,2,28179,2026-02-04,Credit Card,Bangalore
FEB_005382,CUST_04449,Monitor,2,9996,2026-02-11,Debit Card,Pune
FEB_005383,CUST_00661,Smartwatch,4,8776,2026-02-08,UPI,Hyderabad
FEB_005384,CUST_04544,Mouse,4,5965,2026-02-08,UPI,Hyderabad
FEB_005385,CUST_01401,Headphones,4,43096,2026-02-14,Debit Card,Hyderabad
FEB_005386,CUST_04911,Mouse,1,49064,2026-02-03,Cash on Delivery,Chennai
FEB_005387,CUST_02108,Headphones,3,2273,2026-02-20,Debit Card,Bangalore
FEB_005388,CUST_01247,Tablet,3,24542,2026-02-13,Credit Card,Delhi
FEB_005389,CUST_02086,Smartphone,5,45684,2026-02-18,Cash on Delivery,Delhi
FEB_005390,CUST_04981,Monitor,1,22464,2026-02-04,Debit Card,Pune
FEB_005391,CUST_01550,Mouse,4,37731,2026-02-24,Cash on Delivery,Bangalore
FEB_005392,CUST_01955,Mouse,4,14534,2026-02-27,Cash on Delivery,Bangalore
FEB_005393,CUST_01404,Tablet,4,28440,2026-02-19,UPI,Mumbai
FEB_005394,CUST_01652,Smartphone,4,25506,2026-02-23,UPI,Bangalore
FEB_005395,CUST_04105,Smartwatch,3,48428,2026-02-24,UPI,Bangalore
FEB_005396,CUST_04136,Tablet,1,36666,2026-02-23,Cash on Delivery,Delhi
FEB_005397,CUST_02338,Laptop,1,971,2026-02-17,Cash on Delivery,Chennai
FEB_005398,CUST_03212,Mouse,3,43415,2026-02-24,Debit Card,Mumbai
FEB_005399,CUST_03487,Laptop,2,4021,2026-02-12,UPI,Hyderabad
FEB_005400,CUST_01691,Headphones,5,22034,2026-02-15,Cash on Delivery,Bangalore
FEB_005401,CUST_00511,Laptop,3,41353,2026-02-18,Credit Card,Hyderabad
FEB_005402,CUST_02851,Keyboard,3,27708,2026-02-01,Debit Card,Mumbai
FEB_005403,CUST_01657,Headphones,3,46760,2026-02-25,UPI,Delhi
FEB_005404,CUST_03890,Laptop,2,3044,2026-02-01,Debit Card,Pune
FEB_005405,CUST_01519,Keyboard,3,34133,2026-02-09,Credit Card,Chennai
FEB_005406,CUST_03381,Keyboard,5,38759,2026-02-21,Debit Card,Pune
FEB_005407,CUST_00410,Tablet,2,47042,2026-02-14,Cash on Delivery,Bangalore
FEB_005408,CUST_04003,Tablet,3,27300,2026-02-10,UPI,Mumbai
FEB_005409,CUST_00691,Laptop,5,17705,2026-02-22,Credit Card,Hyderabad
FEB_005410,CUST_04776,Laptop,1,27894,2026-02-28,Credit Card,Bangalore
FEB_005411,CUST_04075,Monitor,1,16981,2026-02-17,Cash on Delivery,Mumbai
FEB_005412,CUST_01148,Monitor,2,1464,2026-02-02,UPI,Hyderabad
FEB_005413,CUST_02960,Mouse,1,16006,2026-02-25,Debit Card,Bangalore
FEB_005414,CUST_04730,Smartphone,5,24097,2026-02-20,Debit Card,Mumbai
FEB_005415,CUST_03697,Tablet,3,40398,2026-02-04,Debit Card,Mumbai
FEB_005416,CUST_02589,Mouse,3,40238,2026-02-07,Credit Card,Bangalore
FEB_005417,CUST_01832,Laptop,3,34271,2026-02-28,UPI,Delhi
FEB_005418,CUST_03018,Smartphone,2,43268,2026-02-11,Cash on Delivery,Pune
FEB_005419,CUST_00058,Laptop,5,39333,2026-02-09,Credit Card,Hyderabad
FEB_005420,CUST_03652,Monitor,3,41059,2026-02-22,Cash on Delivery,Hyderabad
FEB_005421,CUST_00499,Smartwatch,4,28026,2026-02-27,Debit Card,Delhi
FEB_005422,CUST_03470,Tablet,2,34047,2026-02-01,Cash on Delivery,Bangalore
FEB_005423,CUST_01219,Tablet,5,28999,2026-02-02,Credit Card,Chennai
FEB_005424,CUST_00780,Mouse,5,4845,2026-02-06,Cash on Delivery,Chennai
FEB_005425,CUST_02107,Monitor,3,34776,2026-02-28,Debit Card,Hyderabad
FEB_005426,CUST_04819,Smartphone,1,27683,2026-02-24,Cash on Delivery,Mumbai
FEB_005427,CUST_01973,Mouse,4,19302,2026-02-16,Credit Card,Delhi
FEB_005428,CUST_00604,Smartphone,3,13090,2026-02-26,UPI,Bangalore
FEB_005429,CUST_00009,Tablet,1,31754,2026-02-28,UPI,Pune
FEB_005430,CUST_00368,Headphones,1,10437,2026-02-24,Credit Card,Bangalore
FEB_005431,CUST_01463,Monitor,1,40292,2026-02-20,Cash on Delivery,Mumbai
FEB_005432,CUST_01867,Laptop,2,33614,2026-02-18,Cash on Delivery,Delhi
FEB_005433,CUST_04764,Smartphone,5,40468,2026-02-18,Credit Card,Delhi
FEB_005434,CUST_02103,Laptop,1,30545,2026-02-18,Credit Card,Chennai
FEB_005435,CUST_04969,Keyboard,1,44734,2026-02-28,Credit Card,Delhi
FEB_005436,CUST_02116,Smartphone,5,6590,2026-02-26,UPI,Pune
FEB_005437,CUST_01453,Headphones,3,38711,2026-02-02,UPI,Chennai
FEB_005438,CUST_01731,Mouse,3,14027,2026-02-08,Debit Card,Delhi
FEB_005439,CUST_00904,Laptop,3,24395,2026-02-21,UPI,Mumbai
FEB_005440,CUST_04360,Keyboard,1,3052,2026-02-20,Credit Card,Mumbai
FEB_005441,CUST_02924,Headphones,4,1541,2026-02-24,Credit Card,Bangalore
FEB_005442,CUST_00573,Mouse,3,3912,2026-02-09,Debit Card,Delhi
FEB_005443,CUST_00060,Tablet,3,23732,2026-02-17,Debit Card,Pune
FEB_005444,CUST_00295,Monitor,3,44036,2026-02-25,Debit Card,Hyderabad
FEB_005445,CUST_02494,Mouse,3,9624,2026-02-13,Cash on Delivery,Bangalore
FEB_005446,CUST_02992,Laptop,4,10986,2026-02-13,Credit Card,Mumbai
FEB_005447,CUST_02046,Mouse,1,40333,2026-02-26,UPI,Pune
FEB_005448,CUST_01247,Mouse,3,35461,2026-02-14,Credit Card,Bangalore
FEB_005449,CUST_04005,Monitor,2,45861,2026-02-28,UPI,Bangalore
FEB_005450,CUST_00037,Smartphone,1,10688,2026-02-18,Cash on Delivery,Delhi
FEB_005451,CUST_01886,Keyboard,2,40728,2026-02-08,Cash on Delivery,Mumbai
FEB_005452,CUST_01995,Laptop,1,8839,2026-02-19,UPI,Chennai
FEB_005453,CUST_00072,Smartwatch,3,29406,2026-02-20,Credit Card,Hyderabad
FEB_005454,CUST_02610,Laptop,1,48531,2026-02-24,UPI,Pune
FEB_005455,CUST_02165,Mouse,1,48210,2026-02-16,UPI,Chennai
FEB_005456,CUST_03824,Headphones,2,1746,2026-02-02,Debit Card,Chennai
FEB_005457,CUST_03579,Headphones,5,33844,2026-02-13,UPI,Hyderabad
FEB_005458,CUST_04866,Tablet,5,34206,2026-02-27,Credit Card,Bangalore
FEB_005459,CUST_02249,Keyboard,3,41736,2026-02-17,UPI,Chennai
FEB_005460,CUST_02814,Laptop,2,28379,2026-02-14,UPI,Delhi
FEB_005461,CUST_00658,Keyboard,1,23034,2026-02-20,UPI,Delhi
FEB_005462,CUST_00530,Smartphone,1,38562,2026-02-15,Debit Card,Bangalore
FEB_005463,CUST_03336,Monitor,2,20122,2026-02-26,Credit Card,Chennai
FEB_005464,CUST_01103,Keyboard,3,14200,2026-02-12,UPI,Bangalore
FEB_005465,CUST_03154,Keyboard,2,22988,2026-02-02,Credit Card,Hyderabad
FEB_005466,CUST_03151,Smartphone,1,13036,2026-02-12,Debit Card,Delhi
FEB_005467,CUST_00841,Monitor,3,19492,2026-02-10,Cash on Delivery,Hyderabad
FEB_005468,CUST_04708,Monitor,5,4849,2026-02-23,Debit Card,Pune
FEB_005469,CUST_00941,Headphones,1,34592,2026-02-01,Credit Card,Hyderabad
FEB_005470,CUST_01402,Smartphone,1,27099,2026-02-19,Credit Card,Bangalore
FEB_005471,CUST_00128,Smartphone,4,24096,2026-02-16,Debit Card,Mumbai
FEB_005472,CUST_01953,Mouse,2,40353,2026-02-17,Credit Card,Pune
FEB_005473,CUST_01746,Smartphone,4,43644,2026-02-14,Cash on Delivery,Pune
FEB_005474,CUST_00721,Tablet,2,895,2026-02-24,UPI,Bangalore
FEB_005475,CUST_00576,Smartphone,1,3170,2026-02-21,Debit Card,Pune
FEB_005476,CUST_04116,Laptop,3,27189,2026-02-20,Cash on Delivery,Hyderabad
FEB_005477,CUST_04493,Monitor,5,27136,2026-02-24,Debit Card,Pune
FEB_005478,CUST_00486,Tablet,5,25784,2026-02-20,UPI,Hyderabad
FEB_005479,CUST_00429,Mouse,2,42601,2026-02-10,UPI,Mumbai
FEB_005480,CUST_01720,Keyboard,3,43575,2026-02-14,UPI,Mumbai
FEB_005481,CUST_03266,Keyboard,2,6505,2026-02-14,Credit Card,Hyderabad
FEB_005482,CUST_01805,Tablet,2,26554,2026-02-07,UPI,Chennai
FEB_005483,CUST_04476,Mouse,3,42126,2026-02-19,Credit Card,Bangalore
FEB_005484,CUST_04010,Mouse,3,34709,2026-02-18,Debit Card,Delhi
FEB_005485,CUST_01137,Mouse,1,32806,2026-02-04,Debit Card,Hyderabad
FEB_005486,CUST_00878,Smartwatch,3,36979,2026-02-25,Cash on Delivery,Pune
FEB_005487,CUST_02323,Smartwatch,3,47973,2026-02-01,UPI,Mumbai
FEB_005488,CUST_02259,Smartphone,2,16549,2026-02-04,Cash on Delivery,Mumbai
FEB_005489,CUST_02197,Tablet,2,26139,2026-02-19,Credit Card,Mumbai
FEB_005490,CUST_03175,Keyboard,1,22360,2026-02-28,Cash on Delivery,Chennai
FEB_005491,CUST_03451,Smartphone,3,30483,2026-02-25,Debit Card,Delhi
FEB_005492,CUST_02682,Smartphone,2,25209,2026-02-12,Debit Card,Hyderabad
FEB_005493,CUST_00135,Smartphone,4,40944,2026-02-08,Debit Card,Pune
FEB_005494,CUST_01150,Smartwatch,4,42644,2026-02-12,Credit Card,Bangalore
FEB_005495,CUST_01941,Mouse,4,2263,2026-02-21,UPI,Bangalore
FEB_005496,CUST_01405,Tablet,5,6696,2026-02-20,UPI,Delhi
FEB_005497,CUST_03083,Tablet,3,44038,2026-02-24,Credit Card,Hyderabad
FEB_005498,CUST_00189,Smartwatch,4,37430,2026-02-20,UPI,Bangalore
FEB_005499,CUST_01966,Smartwatch,3,13800,2026-02-14,UPI,Bangalore
FEB_005500,CUST_03830,Smartwatch,5,32851,2026-02-09,Cash on Delivery,Pune
FEB_005501,CUST_00770,Monitor,4,25482,2026-02-27,UPI,Chennai
FEB_005502,CUST_00051,Laptop,1,11611,2026-02-16,UPI,Mumbai
FEB_005503,CUST_02455,Keyboard,1,36653,2026-02-05,UPI,Mumbai
FEB_005504,CUST_04148,Headphones,3,45901,2026-02-01,Credit Card,Delhi
FEB_005505,CUST_01801,Smartwatch,3,40351,2026-02-10,Debit Card,Chennai
FEB_005506,CUST_01463,Smartphone,4,12260,2026-02-01,Credit Card,Chennai
FEB_005507,CUST_04655,Monitor,4,30487,2026-02-11,Cash on Delivery,Mumbai
FEB_005508,CUST_03568,Monitor,4,17791,2026-02-09,Debit Card,Bangalore
FEB_005509,CUST_04247,Headphones,3,49460,2026-02-06,UPI,Hyderabad
FEB_005510,CUST_01809,Keyboard,4,30697,2026-02-25,UPI,Pune
FEB_005511,CUST_01270,Headphones,4,12758,2026-02-19,Debit Card,Bangalore
FEB_005512,CUST_03722,Tablet,4,9791,2026-02-18,Cash on Delivery,Delhi
FEB_005513,CUST_03373,Keyboard,4,20042,2026-02-11,Cash on Delivery,Hyderabad
FEB_005514,CUST_03095,Keyboard,5,46583,2026-02-22,Debit Card,Pune
FEB_005515,CUST_02976,Monitor,2,32073,2026-02-02,Credit Card,Hyderabad
FEB_005516,CUST_04313,Keyboard,5,15893,2026-02-12,UPI,Delhi
FEB_005517,CUST_00006,Keyboard,4,3166,2026-02-10,Cash on Delivery,Pune
FEB_005518,CUST_03988,Tablet,1,22617,2026-02-07,UPI,Chennai
FEB_005519,CUST_01985,Laptop,4,17900,2026-02-03,UPI,Mumbai
FEB_005520,CUST_01498,Laptop,4,13138,2026-02-25,Credit Card,Hyderabad
FEB_005521,CUST_00429,Mouse,1,19262,2026-02-08,Cash on Delivery,Hyderabad
FEB_005522,CUST_00724,Smartwatch,1,10297,2026-02-10,Credit Card,Chennai
FEB_005523,CUST_01337,Keyboard,5,12924,2026-02-12,Credit Card,Pune
FEB_005524,CUST_04034,Monitor,4,16923,2026-02-11,Debit Card,Bangalore
FEB_005525,CUST_04420,Headphones,3,42940,2026-02-27,Cash on Delivery,Bangalore
FEB_005526,CUST_01830,Tablet,4,12138,2026-02-06,UPI,Bangalore
FEB_005527,CUST_04670,Keyboard,3,21810,2026-02-08,Credit Card,Mumbai
FEB_005528,CUST_03030,Smartphone,5,18434,2026-02-08,Cash on Delivery,Hyderabad
FEB_005529,CUST_04291,Tablet,1,15969,2026-02-16,Debit Card,Mumbai
FEB_005530,CUST_04277,Monitor,3,14068,2026-02-08,Credit Card,Chennai
FEB_005531,CUST_02903,Smartphone,5,46958,2026-02-13,Credit Card,Delhi
FEB_005532,CUST_00010,Smartwatch,4,29949,2026-02-24,Credit Card,Mumbai
FEB_005533,CUST_01395,Monitor,4,36364,2026-02-14,Debit Card,Chennai
FEB_005534,CUST_04384,Mouse,2,19770,2026-02-18,Cash on Delivery,Bangalore
FEB_005535,CUST_02896,Laptop,5,3400,2026-02-18,Cash on Delivery,Mumbai
FEB_005536,CUST_02561,Tablet,2,27428,2026-02-02,Debit Card,Delhi
FEB_005537,CUST_02101,Smartwatch,1,21510,2026-02-17,Cash on Delivery,Bangalore
FEB_005538,CUST_01866,Smartphone,1,23339,2026-02-10,UPI,Mumbai
FEB_005539,CUST_02992,Smartwatch,5,35552,2026-02-14,Cash on Delivery,Pune
FEB_005540,CUST_02010,Headphones,2,25522,2026-02-15,Debit Card,Bangalore
FEB_005541,CUST_04626,Keyboard,2,7127,2026-02-22,Credit Card,Hyderabad
FEB_005542,CUST_02017,Smartphone,3,11885,2026-02-21,Credit Card,Mumbai
FEB_005543,CUST_00178,Monitor,1,28028,2026-02-22,Cash on Delivery,Pune
FEB_005544,CUST_01181,Keyboard,3,15472,2026-02-12,UPI,Hyderabad
FEB_005545,CUST_03090,Monitor,4,19343,2026-02-09,UPI,Chennai
FEB_005546,CUST_02386,Mouse,4,12418,2026-02-27,Debit Card,Pune
FEB_005547,CUST_00972,Mouse,2,21931,2026-02-08,Cash on Delivery,Mumbai
FEB_005548,CUST_02066,Smartphone,1,18160,2026-02-08,Cash on Delivery,Delhi
FEB_005549,CUST_04697,Monitor,3,6874,2026-02-12,Credit Card,Hyderabad
FEB_005550,CUST_04938,Mouse,5,13089,2026-02-01,UPI,Bangalore
FEB_005551,CUST_02618,Keyboard,3,4205,2026-02-22,UPI,Hyderabad
FEB_005552,CUST_03376,Tablet,3,34664,2026-02-10,UPI,Bangalore
FEB_005553,CUST_00724,Mouse,3,30129,2026-02-04,Debit Card,Delhi
FEB_005554,CUST_04854,Monitor,1,23616,2026-02-08,Cash on Delivery,Bangalore
FEB_005555,CUST_03505,Laptop,4,30609,2026-02-25,UPI,Hyderabad
FEB_005556,CUST_00764,Headphones,3,28664,2026-02-07,Debit Card,Delhi
FEB_005557,CUST_00028,Tablet,2,48763,2026-02-24,Credit Card,Hyderabad
FEB_005558,CUST_04676,Monitor,3,9778,2026-02-25,UPI,Bangalore
FEB_005559,CUST_01407,Keyboard,1,17149,2026-02-15,Cash on Delivery,Pune
FEB_005560,CUST_02991,Monitor,5,27402,2026-02-11,Debit Card,Mumbai
FEB_005561,CUST_04539,Headphones,5,36045,2026-02-07,Cash on Delivery,Bangalore
FEB_005562,CUST_04850,Laptop,5,48541,2026-02-13,Debit Card,Pune
FEB_005563,CUST_04935,Headphones,1,10269,2026-02-13,Credit Card,Bangalore
FEB_005564,CUST_04160,Tablet,4,43859,2026-02-05,Cash on Delivery,Bangalore
FEB_005565,CUST_03544,Tablet,2,42676,2026-02-13,UPI,Bangalore
FEB_005566,CUST_04451,Mouse,1,30745,2026-02-21,UPI,Bangalore
FEB_005567,CUST_03807,Smartwatch,5,21218,2026-02-26,UPI,Hyderabad
FEB_005568,CUST_04882,Laptop,4,26266,2026-02-24,Debit Card,Mumbai
FEB_005569,CUST_01163,Laptop,2,21736,2026-02-12,UPI,Hyderabad
FEB_005570,CUST_03230,Smartwatch,1,28660,2026-02-08,Cash on Delivery,Hyderabad
FEB_005571,CUST_02541,Smartwatch,3,5814,2026-02-09,UPI,Delhi
FEB_005572,CUST_04351,Headphones,4,45192,2026-02-12,UPI,Mumbai
FEB_005573,CUST_03115,Headphones,1,39510,2026-02-21,Credit Card,Hyderabad
FEB_005574,CUST_01246,Mouse,3,2192,2026-02-02,Cash on Delivery,Chennai
FEB_005575,CUST_02390,Smartwatch,3,17438,2026-02-06,UPI,Bangalore
FEB_005576,CUST_02799,Smartphone,4,31776,2026-02-19,Debit Card,Delhi
FEB_005577,CUST_00424,Headphones,1,40380,2026-02-10,Cash on Delivery,Mumbai
FEB_005578,CUST_00147,Smartwatch,2,17741,2026-02-06,Credit Card,Delhi
FEB_005579,CUST_02505,Smartwatch,2,17568,2026-02-08,UPI,Bangalore
FEB_005580,CUST_01334,Smartphone,2,36760,2026-02-25,Cash on Delivery,Chennai
FEB_005581,CUST_02557,Smartphone,4,7665,2026-02-21,Debit Card,Bangalore
FEB_005582,CUST_02885,Laptop,4,4553,2026-02-17,Credit Card,Hyderabad
FEB_005583,CUST_02732,Smartwatch,5,18631,2026-02-09,Debit Card,Hyderabad
FEB_005584,CUST_00727,Smartwatch,2,18503,2026-02-13,Debit Card,Delhi
FEB_005585,CUST_04515,Keyboard,2,45674,2026-02-26,UPI,Pune
FEB_005586,CUST_02057,Mouse,5,48929,2026-02-23,UPI,Pune
FEB_005587,CUST_02610,Smartphone,2,14190,2026-02-17,Cash on Delivery,Chennai
FEB_005588,CUST_04862,Tablet,5,25466,2026-02-08,UPI,Mumbai
FEB_005589,CUST_03424,Laptop,4,34556,2026-02-17,UPI,Bangalore
FEB_005590,CUST_04768,Laptop,2,13855,2026-02-19,Credit Card,Pune
FEB_005591,CUST_03125,Keyboard,1,11889,2026-02-24,Debit Card,Pune
FEB_005592,CUST_03836,Tablet,4,39325,2026-02-04,Credit Card,Pune
FEB_005593,CUST_03886,Smartphone,2,37984,2026-02-14,UPI,Hyderabad
FEB_005594,CUST_02953,Laptop,5,21557,2026-02-18,Debit Card,Delhi
FEB_005595,CUST_00351,Smartphone,2,33295,2026-02-09,Credit Card,Chennai
FEB_005596,CUST_00712,Monitor,3,9978,2026-02-07,UPI,Delhi
FEB_005597,CUST_04222,Tablet,1,26773,2026-02-12,Debit Card,Chennai
FEB_005598,CUST_00432,Headphones,3,17673,2026-02-26,Debit Card,Delhi
FEB_005599,CUST_04776,Smartphone,3,34022,2026-02-02,UPI,Hyderabad
FEB_005600,CUST_02423,Laptop,3,45156,2026-02-12,UPI,Mumbai
FEB_005601,CUST_04243,Monitor,1,28482,2026-02-23,Debit Card,Mumbai
FEB_005602,CUST_01135,Keyboard,3,16920,2026-02-11,UPI,Mumbai
FEB_005603,CUST_01832,Tablet,2,3691,2026-02-15,Credit Card,Delhi
FEB_005604,CUST_03663,Mouse,4,20738,2026-02-12,Debit Card,Pune
FEB_005605,CUST_04298,Laptop,4,13185,2026-02-09,Debit Card,Bangalore
FEB_005606,CUST_03235,Laptop,2,15815,2026-02-24,Debit Card,Mumbai
FEB_005607,CUST_00187,Headphones,4,42592,2026-02-16,Cash on Delivery,Pune
FEB_005608,CUST_03517,Laptop,1,33162,2026-02-05,UPI,Delhi
FEB_005609,CUST_00955,Mouse,3,40805,2026-02-17,UPI,Hyderabad
FEB_005610,CUST_00106,Tablet,5,9671,2026-02-16,Debit Card,Pune
FEB_005611,CUST_04517,Smartphone,3,37576,2026-02-27,Debit Card,Bangalore
FEB_005612,CUST_00597,Smartphone,4,49451,2026-02-04,Debit Card,Hyderabad
FEB_005613,CUST_03387,Mouse,5,18588,2026-02-25,Cash on Delivery,Pune
FEB_005614,CUST_04912,Smartwatch,3,37936,2026-02-02,Cash on Delivery,Bangalore
FEB_005615,CUST_03059,Laptop,1,1583,2026-02-09,UPI,Chennai
FEB_005616,CUST_03014,Laptop,1,21849,2026-02-08,Credit Card,Bangalore
FEB_005617,CUST_02327,Headphones,5,44919,2026-02-17,UPI,Bangalore
FEB_005618,CUST_04771,Tablet,5,15015,2026-02-18,UPI,Hyderabad
FEB_005619,CUST_04766,Laptop,4,7682,2026-02-01,Cash on Delivery,Mumbai
FEB_005620,CUST_04925,Laptop,2,47937,2026-02-05,UPI,Pune
FEB_005621,CUST_01833,Keyboard,2,31462,2026-02-04,UPI,Hyderabad
FEB_005622,CUST_00715,Smartphone,3,33721,2026-02-04,Credit Card,Chennai
FEB_005623,CUST_01672,Monitor,4,45979,2026-02-16,Cash on Delivery,Mumbai
FEB_005624,CUST_02416,Monitor,3,26872,2026-02-20,Credit Card,Mumbai
FEB_005625,CUST_00008,Smartwatch,5,3617,2026-02-24,Debit Card,Mumbai
FEB_005626,CUST_04458,Tablet,3,13840,2026-02-07,Debit Card,Hyderabad
FEB_005627,CUST_03090,Headphones,2,44709,2026-02-13,Debit Card,Bangalore
FEB_005628,CUST_03652,Monitor,2,35596,2026-02-13,Credit Card,Chennai
FEB_005629,CUST_04865,Headphones,5,22017,2026-02-16,Cash on Delivery,Bangalore
FEB_005630,CUST_02684,Tablet,5,12703,2026-02-02,Cash on Delivery,Chennai
FEB_005631,CUST_00043,Headphones,5,35737,2026-02-27,Debit Card,Bangalore
FEB_005632,CUST_01154,Laptop,1,8520,2026-02-23,Debit Card,Chennai
FEB_005633,CUST_02372,Smartphone,2,8579,2026-02-03,Debit Card,Hyderabad
FEB_005634,CUST_02088,Mouse,5,23759,2026-02-01,UPI,Mumbai
FEB_005635,CUST_02966,Monitor,5,26043,2026-02-01,Cash on Delivery,Pune
FEB_005636,CUST_01095,Tablet,5,17144,2026-02-26,UPI,Hyderabad
FEB_005637,CUST_03186,Tablet,5,33911,2026-02-12,Cash on Delivery,Pune
FEB_005638,CUST_01428,Smartphone,4,11196,2026-02-07,Credit Card,Hyderabad
FEB_005639,CUST_03445,Monitor,4,12309,2026-02-05,Debit Card,Bangalore
FEB_005640,CUST_01554,Laptop,4,29369,2026-02-09,Debit Card,Bangalore
FEB_005641,CUST_00685,Mouse,5,21997,2026-02-06,UPI,Bangalore
FEB_005642,CUST_03693,Mouse,4,44121,2026-02-22,Cash on Delivery,Bangalore
FEB_005643,CUST_00806,Monitor,1,45912,2026-02-10,Cash on Delivery,Hyderabad
FEB_005644,CUST_02699,Monitor,2,9670,2026-02-22,Cash on Delivery,Chennai
FEB_005645,CUST_02863,Headphones,5,31020,2026-02-05,UPI,Chennai
FEB_005646,CUST_02372,Mouse,3,11053,2026-02-20,Debit Card,Hyderabad
FEB_005647,CUST_03960,Smartwatch,2,21918,2026-02-18,Cash on Delivery,Hyderabad
FEB_005648,CUST_03144,Smartphone,1,49848,2026-02-10,Credit Card,Hyderabad
FEB_005649,CUST_02564,Smartphone,2,553,2026-02-09,Credit Card,Hyderabad
FEB_005650,CUST_04717,Laptop,2,1789,2026-02-22,Credit Card,Pune
FEB_005651,CUST_03910,Headphones,1,40128,2026-02-25,Debit Card,Chennai
FEB_005652,CUST_01283,Monitor,1,23238,2026-02-28,Cash on Delivery,Bangalore
FEB_005653,CUST_01162,Smartphone,3,37445,2026-02-21,Cash on Delivery,Bangalore
FEB_005654,CUST_01120,Smartphone,1,27894,2026-02-27,Cash on Delivery,Bangalore
FEB_005655,CUST_03830,Smartwatch,2,28936,2026-02-13,Cash on Delivery,Mumbai
FEB_005656,CUST_03193,Laptop,4,46212,2026-02-15,Debit Card,Delhi
FEB_005657,CUST_01091,Headphones,2,42838,2026-02-02,Debit Card,Hyderabad
FEB_005658,CUST_03021,Headphones,2,36634,2026-02-17,Debit Card,Mumbai
FEB_005659,CUST_02347,Tablet,5,36354,2026-02-13,Debit Card,Chennai
FEB_005660,CUST_02102,Laptop,1,36763,2026-02-21,UPI,Chennai
FEB_005661,CUST_04266,Smartphone,2,1478,2026-02-14,UPI,Mumbai
FEB_005662,CUST_02676,Smartwatch,1,17445,2026-02-08,Debit Card,Pune
FEB_005663,CUST_01370,Keyboard,4,7906,2026-02-20,UPI,Pune
FEB_005664,CUST_03768,Tablet,3,29566,2026-02-14,Cash on Delivery,Delhi
FEB_005665,CUST_01823,Keyboard,3,47191,2026-02-03,UPI,Mumbai
FEB_005666,CUST_00376,Headphones,4,9003,2026-02-16,Credit Card,Bangalore
FEB_005667,CUST_02870,Tablet,2,10338,2026-02-24,Cash on Delivery,Hyderabad
FEB_005668,CUST_03963,Smartphone,4,43043,2026-02-28,Cash on Delivery,Bangalore
FEB_005669,CUST_00469,Headphones,3,33339,2026-02-25,Credit Card,Hyderabad
FEB_005670,CUST_00945,Headphones,1,26400,2026-02-19,UPI,Pune
FEB_005671,CUST_02781,Headphones,5,14008,2026-02-11,Cash on Delivery,Pune
FEB_005672,CUST_03822,Monitor,2,47571,2026-02-26,Credit Card,Delhi
FEB_005673,CUST_02853,Smartwatch,3,22951,2026-02-28,UPI,Pune
FEB_005674,CUST_01008,Headphones,4,42367,2026-02-11,Debit Card,Pune
FEB_005675,CUST_00776,Laptop,4,31958,2026-02-09,Debit Card,Hyderabad
FEB_005676,CUST_04242,Keyboard,3,25126,2026-02-12,Credit Card,Bangalore
FEB_005677,CUST_04361,Laptop,3,7598,2026-02-23,UPI,Mumbai
FEB_005678,CUST_03290,Laptop,2,33142,2026-02-04,UPI,Delhi
FEB_005679,CUST_04793,Monitor,3,11381,2026-02-11,Debit Card,Mumbai
FEB_005680,CUST_02006,Mouse,3,9015,2026-02-09,Cash on Delivery,Pune
FEB_005681,CUST_00188,Mouse,4,6145,2026-02-05,Debit Card,Hyderabad
FEB_005682,CUST_00269,Laptop,3,38426,2026-02-19,Debit Card,Pune
FEB_005683,CUST_04813,Monitor,2,19674,2026-02-15,Credit Card,Delhi
FEB_005684,CUST_03088,Smartwatch,4,26713,2026-02-02,UPI,Bangalore
FEB_005685,CUST_01238,Keyboard,4,47336,2026-02-11,Credit Card,Delhi
FEB_005686,CUST_01324,Headphones,1,24557,2026-02-18,UPI,Delhi
FEB_005687,CUST_04389,Laptop,2,36781,2026-02-12,Debit Card,Chennai
FEB_005688,CUST_04500,Keyboard,1,22134,2026-02-24,Credit Card,Chennai
FEB_005689,CUST_04368,Mouse,1,38763,2026-02-27,Cash on Delivery,Chennai
FEB_005690,CUST_00960,Smartwatch,3,45648,2026-02-17,Cash on Delivery,Bangalore
FEB_005691,CUST_03539,Smartwatch,3,37455,2026-02-22,Credit Card,Bangalore
FEB_005692,CUST_02035,Monitor,4,47020,2026-02-06,UPI,Delhi
FEB_005693,CUST_01274,Headphones,4,568,2026-02-04,UPI,Mumbai
FEB_005694,CUST_01133,Keyboard,3,29365,2026-02-19,Credit Card,Chennai
FEB_005695,CUST_01727,Keyboard,2,24518,2026-02-22,UPI,Mumbai
FEB_005696,CUST_04989,Headphones,2,31339,2026-02-27,UPI,Hyderabad
FEB_005697,CUST_03864,Laptop,2,8059,2026-02-14,UPI,Bangalore
FEB_005698,CUST_01653,Tablet,1,34876,2026-02-26,UPI,Hyderabad
FEB_005699,CUST_01208,Laptop,3,16436,2026-02-17,Credit Card,Chennai
FEB_005700,CUST_04041,Monitor,2,5228,2026-02-22,Credit Card,Hyderabad
FEB_005701,CUST_03661,Mouse,2,14688,2026-02-09,UPI,Bangalore
FEB_005702,CUST_01164,Smartphone,4,28648,2026-02-24,Debit Card,Pune
FEB_005703,CUST_02342,Monitor,1,42019,2026-02-09,Cash on Delivery,Pune
FEB_005704,CUST_01531,Smartphone,4,34067,2026-02-09,Cash on Delivery,Hyderabad
FEB_005705,CUST_01859,Laptop,1,22775,2026-02-24,Cash on Delivery,Bangalore
FEB_005706,CUST_02746,Tablet,3,45032,2026-02-06,Credit Card,Chennai
FEB_005707,CUST_04959,Headphones,5,47086,2026-02-10,Cash on Delivery,Chennai
FEB_005708,CUST_04571,Smartphone,1,28579,2026-02-25,Credit Card,Mumbai
FEB_005709,CUST_03940,Headphones,1,36829,2026-02-01,Credit Card,Chennai
FEB_005710,CUST_02819,Keyboard,3,15116,2026-02-23,Credit Card,Mumbai
FEB_005711,CUST_00886,Laptop,5,37056,2026-02-17,Cash on Delivery,Bangalore
FEB_005712,CUST_02234,Keyboard,2,5383,2026-02-05,Debit Card,Chennai
FEB_005713,CUST_04740,Keyboard,3,16863,2026-02-10,Debit Card,Mumbai
FEB_005714,CUST_04061,Monitor,5,30951,2026-02-01,Cash on Delivery,Pune
FEB_005715,CUST_03563,Tablet,5,26150,2026-02-26,UPI,Hyderabad
FEB_005716,CUST_00485,Keyboard,3,17790,2026-02-15,Credit Card,Chennai
FEB_005717,CUST_01039,Keyboard,1,30638,2026-02-14,Cash on Delivery,Mumbai
FEB_005718,CUST_03662,Headphones,2,43483,2026-02-16,UPI,Pune
FEB_005719,CUST_03520,Smartwatch,5,19454,2026-02-20,UPI,Chennai
FEB_005720,CUST_00303,Keyboard,1,23369,2026-02-06,UPI,Bangalore
FEB_005721,CUST_03818,Keyboard,1,20654,2026-02-28,Credit Card,Mumbai
FEB_005722,CUST_04970,Smartwatch,1,25509,2026-02-12,UPI,Bangalore
FEB_005723,CUST_02961,Laptop,2,21974,2026-02-01,UPI,Hyderabad
FEB_005724,CUST_01665,Smartwatch,1,19163,2026-02-27,UPI,Mumbai
FEB_005725,CUST_00888,Headphones,2,43186,2026-02-18,Credit Card,Hyderabad
FEB_005726,CUST_01989,Headphones,5,41709,2026-02-25,UPI,Mumbai
FEB_005727,CUST_02581,Monitor,4,19903,2026-02-13,Credit Card,Bangalore
FEB_005728,CUST_04339,Smartphone,5,29890,2026-02-11,Credit Card,Delhi
FEB_005729,CUST_03265,Smartphone,2,19249,2026-02-19,Credit Card,Pune
FEB_005730,CUST_01056,Headphones,4,6832,2026-02-25,Cash on Delivery,Chennai
FEB_005731,CUST_02000,Smartwatch,4,3063,2026-02-08,Debit Card,Delhi
FEB_005732,CUST_04793,Mouse,3,20965,2026-02-17,Credit Card,Bangalore
FEB_005733,CUST_00139,Monitor,3,47362,2026-02-20,UPI,Delhi
FEB_005734,CUST_01670,Tablet,1,23571,2026-02-06,Credit Card,Bangalore
FEB_005735,CUST_03802,Monitor,2,40011,2026-02-28,Debit Card,Pune
FEB_005736,CUST_02991,Headphones,5,41167,2026-02-11,UPI,Pune
FEB_005737,CUST_00848,Monitor,3,31129,2026-02-11,Credit Card,Chennai
FEB_005738,CUST_01562,Smartphone,5,15746,2026-02-12,Credit Card,Chennai
FEB_005739,CUST_02782,Headphones,1,15895,2026-02-13,Debit Card,Bangalore
FEB_005740,CUST_00719,Headphones,5,898,2026-02-13,Debit Card,Pune
FEB_005741,CUST_01921,Smartphone,2,9025,2026-02-10,Credit Card,Bangalore
FEB_005742,CUST_02742,Smartwatch,1,3406,2026-02-21,UPI,Mumbai
FEB_005743,CUST_02396,Monitor,3,31932,2026-02-04,Credit Card,Chennai
FEB_005744,CUST_01823,Tablet,3,33524,2026-02-09,Credit Card,Pune
FEB_005745,CUST_01096,Keyboard,2,37495,2026-02-13,Cash on Delivery,Pune
FEB_005746,CUST_04570,Smartphone,5,48204,2026-02-04,Cash on Delivery,Delhi
FEB_005747,CUST_04914,Smartphone,2,17465,2026-02-12,Cash on Delivery,Mumbai
FEB_005748,CUST_01575,Smartphone,2,17044,2026-02-09,UPI,Delhi
FEB_005749,CUST_00599,Mouse,1,40853,2026-02-21,UPI,Pune
FEB_005750,CUST_04816,Headphones,1,17505,2026-02-10,UPI,Chennai
FEB_005751,CUST_00190,Smartphone,5,6179,2026-02-04,Debit Card,Bangalore
FEB_005752,CUST_01348,Headphones,3,35854,2026-02-02,UPI,Chennai
FEB_005753,CUST_01423,Laptop,3,45297,2026-02-09,Cash on Delivery,Delhi
FEB_005754,CUST_01399,Laptop,1,47275,2026-02-07,Credit Card,Chennai
FEB_005755,CUST_01785,Tablet,1,2152,2026-02-17,Cash on Delivery,Delhi
FEB_005756,CUST_04633,Monitor,2,35363,2026-02-09,UPI,Mumbai
FEB_005757,CUST_01995,Smartwatch,1,5785,2026-02-04,Debit Card,Mumbai
FEB_005758,CUST_03299,Mouse,4,23463,2026-02-28,Cash on Delivery,Pune
FEB_005759,CUST_03241,Smartphone,2,40209,2026-02-22,Cash on Delivery,Mumbai
FEB_005760,CUST_00440,Tablet,4,41618,2026-02-03,Debit Card,Chennai
FEB_005761,CUST_02385,Laptop,2,28333,2026-02-08,UPI,Pune
FEB_005762,CUST_02133,Laptop,4,6399,2026-02-17,Debit Card,Pune
FEB_005763,CUST_04367,Monitor,3,28687,2026-02-25,UPI,Mumbai
FEB_005764,CUST_00823,Smartphone,5,19152,2026-02-17,Cash on Delivery,Bangalore
FEB_005765,CUST_01675,Headphones,1,49380,2026-02-01,Cash on Delivery,Chennai
FEB_005766,CUST_01469,Smartwatch,1,21713,2026-02-24,Cash on Delivery,Hyderabad
FEB_005767,CUST_01874,Keyboard,1,42684,2026-02-09,Debit Card,Chennai
FEB_005768,CUST_04294,Mouse,4,15060,2026-02-13,Credit Card,Bangalore
FEB_005769,CUST_03454,Keyboard,1,4910,2026-02-18,Debit Card,Bangalore
FEB_005770,CUST_00016,Headphones,3,10306,2026-02-11,Debit Card,Delhi
FEB_005771,CUST_01245,Monitor,3,15288,2026-02-04,UPI,Delhi
FEB_005772,CUST_00312,Keyboard,3,11930,2026-02-27,Debit Card,Chennai
FEB_005773,CUST_01629,Laptop,1,49588,2026-02-06,Cash on Delivery,Chennai
FEB_005774,CUST_04200,Headphones,3,11285,2026-02-06,Debit Card,Bangalore
FEB_005775,CUST_01690,Keyboard,1,42798,2026-02-06,UPI,Delhi
FEB_005776,CUST_03710,Tablet,2,18365,2026-02-06,Credit Card,Mumbai
FEB_005777,CUST_03561,Tablet,5,31466,2026-02-15,UPI,Hyderabad
FEB_005778,CUST_04553,Mouse,3,11052,2026-02-20,Credit Card,Mumbai
FEB_005779,CUST_04696,Tablet,5,34786,2026-02-11,Debit Card,Pune
FEB_005780,CUST_03008,Monitor,3,10809,2026-02-24,Cash on Delivery,Pune
FEB_005781,CUST_00032,Monitor,5,7426,2026-02-08,Cash on Delivery,Delhi
FEB_005782,CUST_00074,Smartphone,5,15172,2026-02-24,Credit Card,Hyderabad
FEB_005783,CUST_02920,Monitor,4,11852,2026-02-04,Cash on Delivery,Chennai
FEB_005784,CUST_03513,Tablet,5,36196,2026-02-26,Cash on Delivery,Chennai
FEB_005785,CUST_02795,Smartphone,2,42465,2026-02-02,Cash on Delivery,Hyderabad
FEB_005786,CUST_04051,Headphones,5,36233,2026-02-26,Credit Card,Bangalore
FEB_005787,CUST_03513,Keyboard,3,36622,2026-02-26,Debit Card,Pune
FEB_005788,CUST_04967,Keyboard,2,4895,2026-02-25,UPI,Hyderabad
FEB_005789,CUST_02714,Monitor,4,21337,2026-02-18,Cash on Delivery,Chennai
FEB_005790,CUST_00092,Smartphone,4,35109,2026-02-18,Credit Card,Hyderabad
FEB_005791,CUST_01405,Smartwatch,5,35827,2026-02-21,Debit Card,Mumbai
FEB_005792,CUST_02832,Smartphone,5,25909,2026-02-12,Debit Card,Chennai
FEB_005793,CUST_04576,Smartphone,4,42534,2026-02-22,UPI,Chennai
FEB_005794,CUST_01595,Smartphone,3,46096,2026-02-05,UPI,Bangalore
FEB_005795,CUST_02707,Keyboard,3,20132,2026-02-04,UPI,Delhi
FEB_005796,CUST_00357,Headphones,4,33891,2026-02-16,Credit Card,Mumbai
FEB_005797,CUST_00141,Monitor,5,11113,2026-02-27,UPI,Hyderabad
FEB_005798,CUST_02825,Tablet,3,18885,2026-02-08,UPI,Hyderabad
FEB_005799,CUST_02337,Smartwatch,5,43634,2026-02-04,Debit Card,Pune
FEB_005800,CUST_00373,Tablet,1,46790,2026-02-21,Debit Card,Mumbai
FEB_005801,CUST_03057,Laptop,3,27585,2026-02-26,Debit Card,Chennai
FEB_005802,CUST_00635,Smartphone,5,29489,2026-02-05,Credit Card,Hyderabad
FEB_005803,CUST_04378,Mouse,2,21933,2026-02-23,Cash on Delivery,Hyderabad
FEB_005804,CUST_00387,Keyboard,3,25237,2026-02-25,Debit Card,Mumbai
FEB_005805,CUST_03438,Smartwatch,1,32513,2026-02-03,Cash on Delivery,Pune
FEB_005806,CUST_02452,Laptop,2,7371,2026-02-17,UPI,Bangalore
FEB_005807,CUST_04951,Monitor,2,11904,2026-02-23,Debit Card,Pune
FEB_005808,CUST_04154,Monitor,5,1982,2026-02-01,Debit Card,Pune
FEB_005809,CUST_03093,Tablet,2,28478,2026-02-05,Cash on Delivery,Chennai
FEB_005810,CUST_01110,Mouse,5,18255,2026-02-18,Cash on Delivery,Bangalore
FEB_005811,CUST_01508,Monitor,5,28884,2026-02-13,Cash on Delivery,Hyderabad
FEB_005812,CUST_02050,Smartwatch,3,34870,2026-02-05,Debit Card,Mumbai
FEB_005813,CUST_02718,Headphones,4,9399,2026-02-07,UPI,Delhi
FEB_005814,CUST_02366,Laptop,4,36267,2026-02-02,Debit Card,Bangalore
FEB_005815,CUST_03862,Smartphone,1,2047,2026-02-08,Credit Card,Mumbai
FEB_005816,CUST_02624,Keyboard,5,6114,2026-02-26,Credit Card,Mumbai
FEB_005817,CUST_02135,Laptop,5,3043,2026-02-27,Cash on Delivery,Delhi
FEB_005818,CUST_03677,Smartwatch,2,4839,2026-02-26,Debit Card,Hyderabad
FEB_005819,CUST_04892,Laptop,3,23939,2026-02-14,UPI,Delhi
FEB_005820,CUST_01736,Smartphone,1,16227,2026-02-06,Cash on Delivery,Mumbai
FEB_005821,CUST_01989,Mouse,5,43474,2026-02-18,Credit Card,Mumbai
FEB_005822,CUST_03115,Keyboard,4,4180,2026-02-17,UPI,Delhi
FEB_005823,CUST_04073,Tablet,1,29075,2026-02-14,Debit Card,Mumbai
FEB_005824,CUST_01053,Headphones,3,35258,2026-02-09,Credit Card,Mumbai
FEB_005825,CUST_02247,Smartwatch,5,12238,2026-02-10,UPI,Bangalore
FEB_005826,CUST_00159,Smartphone,5,989,2026-02-28,Cash on Delivery,Hyderabad
FEB_005827,CUST_04881,Laptop,1,41966,2026-02-09,Cash on Delivery,Bangalore
FEB_005828,CUST_03067,Keyboard,3,30937,2026-02-20,Debit Card,Pune
FEB_005829,CUST_03161,Monitor,1,14282,2026-02-16,Cash on Delivery,Mumbai
FEB_005830,CUST_01767,Smartphone,2,8614,2026-02-04,UPI,Mumbai
FEB_005831,CUST_00104,Keyboard,2,18699,2026-02-16,Cash on Delivery,Delhi
FEB_005832,CUST_00953,Headphones,2,19908,2026-02-15,Cash on Delivery,Delhi
FEB_005833,CUST_04838,Mouse,5,17393,2026-02-27,UPI,Hyderabad
FEB_005834,CUST_04632,Smartwatch,5,15013,2026-02-10,Debit Card,Mumbai
FEB_005835,CUST_04371,Monitor,1,6897,2026-02-05,Debit Card,Chennai
FEB_005836,CUST_03740,Tablet,2,23226,2026-02-17,Credit Card,Pune
FEB_005837,CUST_04223,Smartwatch,4,28447,2026-02-14,Cash on Delivery,Mumbai
FEB_005838,CUST_00326,Headphones,4,30847,2026-02-15,Debit Card,Pune
FEB_005839,CUST_00633,Smartphone,1,29779,2026-02-19,Credit Card,Bangalore
FEB_005840,CUST_04307,Keyboard,3,7172,2026-02-26,Cash on Delivery,Chennai
FEB_005841,CUST_00043,Smartphone,1,15802,2026-02-25,Cash on Delivery,Chennai
FEB_005842,CUST_03431,Monitor,5,49387,2026-02-11,Cash on Delivery,Pune
FEB_005843,CUST_02622,Mouse,4,31634,2026-02-20,Credit Card,Hyderabad
FEB_005844,CUST_02794,Headphones,2,7159,2026-02-27,Cash on Delivery,Chennai
FEB_005845,CUST_02256,Monitor,5,3706,2026-02-13,Cash on Delivery,Mumbai
FEB_005846,CUST_00504,Smartwatch,3,22109,2026-02-20,Cash on Delivery,Pune
FEB_005847,CUST_00325,Headphones,3,26197,2026-02-02,Credit Card,Hyderabad
FEB_005848,CUST_03128,Smartwatch,5,1829,2026-02-12,Debit Card,Mumbai
FEB_005849,CUST_04742,Mouse,4,10016,2026-02-03,Debit Card,Pune
FEB_005850,CUST_04860,Mouse,5,29266,2026-02-26,Cash on Delivery,Pune
FEB_005851,CUST_00975,Headphones,4,44183,2026-02-13,Debit Card,Delhi
FEB_005852,CUST_02318,Laptop,1,2278,2026-02-03,Credit Card,Delhi
FEB_005853,CUST_03867,Smartwatch,4,14166,2026-02-26,Cash on Delivery,Mumbai
FEB_005854,CUST_00697,Tablet,1,15544,2026-02-12,Cash on Delivery,Bangalore
FEB_005855,CUST_02763,Headphones,2,28036,2026-02-09,Debit Card,Hyderabad
FEB_005856,CUST_03998,Monitor,1,8421,2026-02-20,Debit Card,Chennai
FEB_005857,CUST_01350,Monitor,3,39674,2026-02-03,Debit Card,Pune
FEB_005858,CUST_04884,Headphones,2,4620,2026-02-14,Credit Card,Mumbai
FEB_005859,CUST_02200,Headphones,3,25289,2026-02-23,UPI,Delhi
FEB_005860,CUST_00796,Keyboard,4,13556,2026-02-12,Credit Card,Hyderabad
FEB_005861,CUST_04111,Mouse,5,27367,2026-02-04,UPI,Chennai
FEB_005862,CUST_02691,Laptop,3,34531,2026-02-03,Debit Card,Bangalore
FEB_005863,CUST_03927,Mouse,2,38830,2026-02-17,UPI,Mumbai
FEB_005864,CUST_01327,Laptop,5,45478,2026-02-24,UPI,Bangalore
FEB_005865,CUST_04851,Smartwatch,3,26612,2026-02-02,Cash on Delivery,Bangalore
FEB_005866,CUST_02502,Mouse,1,35780,2026-02-06,Credit Card,Chennai
FEB_005867,CUST_02421,Keyboard,1,30742,2026-02-11,UPI,Bangalore
FEB_005868,CUST_00676,Tablet,3,32937,2026-02-21,UPI,Bangalore
FEB_005869,CUST_02252,Smartwatch,3,30337,2026-02-15,Credit Card,Delhi
FEB_005870,CUST_03557,Smartwatch,1,47493,2026-02-28,UPI,Chennai
FEB_005871,CUST_00590,Mouse,4,1180,2026-02-13,Credit Card,Chennai
FEB_005872,CUST_02128,Laptop,3,38768,2026-02-20,Cash on Delivery,Mumbai
FEB_005873,CUST_00852,Tablet,2,17702,2026-02-04,Cash on Delivery,Pune
FEB_005874,CUST_04516,Smartphone,3,43766,2026-02-23,Cash on Delivery,Bangalore
FEB_005875,CUST_02247,Smartwatch,1,41124,2026-02-08,Credit Card,Bangalore
FEB_005876,CUST_00284,Laptop,1,47646,2026-02-28,Credit Card,Mumbai
FEB_005877,CUST_04740,Monitor,3,47019,2026-02-05,Debit Card,Hyderabad
FEB_005878,CUST_00996,Tablet,2,26752,2026-02-28,Cash on Delivery,Pune
FEB_005879,CUST_00579,Headphones,5,13733,2026-02-08,Debit Card,Mumbai
FEB_005880,CUST_03729,Headphones,1,4955,2026-02-09,Cash on Delivery,Bangalore
FEB_005881,CUST_03478,Laptop,2,48570,2026-02-12,Cash on Delivery,Chennai
FEB_005882,CUST_00547,Mouse,1,26480,2026-02-28,Credit Card,Mumbai
FEB_005883,CUST_03155,Keyboard,1,29154,2026-02-24,Cash on Delivery,Bangalore
FEB_005884,CUST_04926,Tablet,1,16741,2026-02-18,Credit Card,Hyderabad
FEB_005885,CUST_03377,Laptop,1,38015,2026-02-14,Cash on Delivery,Chennai
FEB_005886,CUST_00003,Laptop,1,4541,2026-02-18,Credit Card,Delhi
FEB_005887,CUST_01567,Mouse,5,1127,2026-02-02,Credit Card,Bangalore
FEB_005888,CUST_02755,Smartphone,1,46802,2026-02-16,UPI,Hyderabad
FEB_005889,CUST_01730,Laptop,1,44132,2026-02-26,Debit Card,Bangalore
FEB_005890,CUST_00190,Monitor,4,11323,2026-02-25,Cash on Delivery,Hyderabad
FEB_005891,CUST_02684,Monitor,1,37514,2026-02-22,Cash on Delivery,Bangalore
FEB_005892,CUST_04941,Monitor,3,29689,2026-02-07,Cash on Delivery,Hyderabad
FEB_005893,CUST_00075,Mouse,1,22287,2026-02-21,Cash on Delivery,Delhi
FEB_005894,CUST_04729,Monitor,5,3428,2026-02-04,Credit Card,Bangalore
FEB_005895,CUST_04772,Laptop,4,12030,2026-02-16,Credit Card,Bangalore
FEB_005896,CUST_00639,Keyboard,5,45232,2026-02-18,Credit Card,Hyderabad
FEB_005897,CUST_02129,Headphones,5,31710,2026-02-25,Credit Card,Chennai
FEB_005898,CUST_02634,Smartphone,1,48635,2026-02-14,Debit Card,Mumbai
FEB_005899,CUST_00345,Laptop,4,43190,2026-02-06,Credit Card,Mumbai
FEB_005900,CUST_00196,Smartwatch,3,10954,2026-02-21,Cash on Delivery,Chennai
FEB_005901,CUST_03311,Tablet,4,15905,2026-02-16,UPI,Chennai
FEB_005902,CUST_00593,Laptop,3,44676,2026-02-25,Credit Card,Bangalore
FEB_005903,CUST_00534,Laptop,4,8802,2026-02-23,Cash on Delivery,Pune
FEB_005904,CUST_04087,Headphones,2,5816,2026-02-09,Cash on Delivery,Pune
FEB_005905,CUST_03152,Smartphone,1,17562,2026-02-24,Cash on Delivery,Pune
FEB_005906,CUST_04247,Headphones,3,17063,2026-02-27,UPI,Bangalore
FEB_005907,CUST_03554,Mouse,2,26343,2026-02-26,Debit Card,Delhi
FEB_005908,CUST_03495,Mouse,3,39484,2026-02-20,UPI,Bangalore
FEB_005909,CUST_00604,Smartwatch,1,16255,2026-02-04,UPI,Bangalore
FEB_005910,CUST_04216,Tablet,1,48912,2026-02-23,Debit Card,Bangalore
FEB_005911,CUST_02167,Smartwatch,2,16378,2026-02-04,UPI,Pune
FEB_005912,CUST_00946,Keyboard,4,7634,2026-02-28,Credit Card,Delhi
FEB_005913,CUST_03828,Smartwatch,4,24427,2026-02-28,Credit Card,Pune
FEB_005914,CUST_04124,Monitor,2,1099,2026-02-14,Cash on Delivery,Bangalore
FEB_005915,CUST_02525,Laptop,1,45507,2026-02-24,Debit Card,Pune
FEB_005916,CUST_03287,Smartwatch,3,16931,2026-02-07,Cash on Delivery,Hyderabad
FEB_005917,CUST_01327,Mouse,4,26429,2026-02-01,Cash on Delivery,Pune
FEB_005918,CUST_02910,Laptop,2,37855,2026-02-09,Cash on Delivery,Mumbai
FEB_005919,CUST_04148,Keyboard,2,8383,2026-02-24,Debit Card,Chennai
FEB_005920,CUST_01030,Keyboard,3,11013,2026-02-28,Debit Card,Hyderabad
FEB_005921,CUST_00382,Tablet,1,40301,2026-02-17,Cash on Delivery,Delhi
FEB_005922,CUST_02489,Headphones,5,4339,2026-02-03,Debit Card,Mumbai
FEB_005923,CUST_04194,Smartwatch,2,7517,2026-02-13,Credit Card,Bangalore
FEB_005924,CUST_04662,Laptop,5,7798,2026-02-08,Debit Card,Hyderabad
FEB_005925,CUST_03831,Keyboard,2,17776,2026-02-22,Credit Card,Pune
FEB_005926,CUST_04994,Smartphone,3,38978,2026-02-04,Debit Card,Delhi
FEB_005927,CUST_03215,Mouse,3,32662,2026-02-19,Credit Card,Hyderabad
FEB_005928,CUST_04198,Tablet,2,49102,2026-02-20,Cash on Delivery,Mumbai
FEB_005929,CUST_00887,Tablet,1,39268,2026-02-16,Cash on Delivery,Bangalore
FEB_005930,CUST_04522,Monitor,1,45606,2026-02-05,Credit Card,Delhi
FEB_005931,CUST_00144,Tablet,1,15830,2026-02-20,Cash on Delivery,Pune
FEB_005932,CUST_01736,Mouse,5,21064,2026-02-21,Credit Card,Pune
FEB_005933,CUST_02108,Keyboard,3,36818,2026-02-26,Debit Card,Hyderabad
FEB_005934,CUST_01438,Tablet,4,38050,2026-02-16,UPI,Delhi
FEB_005935,CUST_02920,Laptop,5,18706,2026-02-10,Credit Card,Delhi
FEB_005936,CUST_00626,Smartwatch,4,25032,2026-02-13,Debit Card,Bangalore
FEB_005937,CUST_04381,Tablet,5,20230,2026-02-14,Cash on Delivery,Hyderabad
FEB_005938,CUST_03619,Smartwatch,4,46071,2026-02-12,Cash on Delivery,Pune
FEB_005939,CUST_02009,Mouse,1,23307,2026-02-24,Credit Card,Pune
FEB_005940,CUST_00289,Tablet,1,48640,2026-02-20,Debit Card,Pune
FEB_005941,CUST_04263,Keyboard,2,10162,2026-02-14,Cash on Delivery,Delhi
FEB_005942,CUST_02947,Mouse,4,5751,2026-02-22,Debit Card,Pune
FEB_005943,CUST_02763,Keyboard,3,43620,2026-02-12,UPI,Mumbai
FEB_005944,CUST_04710,Smartwatch,4,43004,2026-02-02,Debit Card,Chennai
FEB_005945,CUST_04974,Laptop,4,46818,2026-02-19,Credit Card,Chennai
FEB_005946,CUST_03634,Mouse,2,18108,2026-02-01,Cash on Delivery,Bangalore
FEB_005947,CUST_00324,Laptop,2,37212,2026-02-22,UPI,Hyderabad
FEB_005948,CUST_02688,Monitor,5,2388,2026-02-14,Debit Card,Delhi
FEB_005949,CUST_00531,Smartwatch,5,21593,2026-02-24,UPI,Chennai
FEB_005950,CUST_02860,Tablet,4,10386,2026-02-07,UPI,Hyderabad
FEB_005951,CUST_03792,Smartphone,5,35594,2026-02-19,Credit Card,Chennai
FEB_005952,CUST_03544,Mouse,3,44160,2026-02-03,Cash on Delivery,Hyderabad
FEB_005953,CUST_01840,Headphones,1,26080,2026-02-22,UPI,Mumbai
FEB_005954,CUST_04903,Monitor,5,47001,2026-02-28,Credit Card,Bangalore
FEB_005955,CUST_03611,Smartphone,1,35373,2026-02-05,Credit Card,Mumbai
FEB_005956,CUST_00245,Tablet,3,16000,2026-02-02,Cash on Delivery,Mumbai
FEB_005957,CUST_02325,Headphones,2,31141,2026-02-27,Cash on Delivery,Hyderabad
FEB_005958,CUST_00377,Keyboard,4,11162,2026-02-27,Cash on Delivery,Bangalore
FEB_005959,CUST_01817,Keyboard,2,30067,2026-02-09,Debit Card,Bangalore
FEB_005960,CUST_02091,Headphones,4,9662,2026-02-16,Cash on Delivery,Chennai
FEB_005961,CUST_03670,Keyboard,1,44593,2026-02-24,Credit Card,Delhi
FEB_005962,CUST_00370,Keyboard,1,27942,2026-02-14,Debit Card,Mumbai
FEB_005963,CUST_03687,Monitor,3,5242,2026-02-17,Cash on Delivery,Delhi
FEB_005964,CUST_04728,Headphones,1,49599,2026-02-27,Debit Card,Mumbai
FEB_005965,CUST_03974,Tablet,1,33614,2026-02-22,Cash on Delivery,Bangalore
FEB_005966,CUST_02096,Mouse,2,14375,2026-02-20,UPI,Hyderabad
FEB_005967,CUST_00547,Mouse,1,42904,2026-02-04,Cash on Delivery,Delhi
FEB_005968,CUST_00819,Tablet,3,49553,2026-02-04,Cash on Delivery,Pune
FEB_005969,CUST_01805,Headphones,4,31681,2026-02-17,UPI,Bangalore
FEB_005970,CUST_03562,Tablet,4,14100,2026-02-12,Debit Card,Hyderabad
FEB_005971,CUST_03237,Monitor,3,30534,2026-02-27,Credit Card,Delhi
FEB_005972,CUST_00440,Keyboard,1,49644,2026-02-07,Debit Card,Hyderabad
FEB_005973,CUST_04496,Tablet,1,23748,2026-02-08,Cash on Delivery,Chennai
FEB_005974,CUST_04214,Laptop,2,1438,2026-02-14,Credit Card,Bangalore
FEB_005975,CUST_01433,Keyboard,2,6003,2026-02-15,Credit Card,Delhi
FEB_005976,CUST_04496,Laptop,5,5557,2026-02-15,UPI,Hyderabad
FEB_005977,CUST_04139,Tablet,1,13302,2026-02-18,Debit Card,Bangalore
FEB_005978,CUST_04268,Laptop,4,31245,2026-02-10,Credit Card,Hyderabad
FEB_005979,CUST_01854,Mouse,3,12582,2026-02-23,Cash on Delivery,Bangalore
FEB_005980,CUST_02585,Smartwatch,5,47936,2026-02-08,Debit Card,Pune
FEB_005981,CUST_04109,Keyboard,5,37851,2026-02-13,UPI,Bangalore
FEB_005982,CUST_02618,Headphones,4,49697,2026-02-02,Cash on Delivery,Chennai
FEB_005983,CUST_03988,Smartwatch,3,27064,2026-02-26,Debit Card,Mumbai
FEB_005984,CUST_00057,Laptop,5,13991,2026-02-13,UPI,Delhi
FEB_005985,CUST_02535,Laptop,1,41513,2026-02-15,Cash on Delivery,Pune
FEB_005986,CUST_01134,Mouse,5,18160,2026-02-08,Debit Card,Mumbai
FEB_005987,CUST_00819,Keyboard,2,34332,2026-02-08,Credit Card,Chennai
FEB_005988,CUST_03831,Mouse,2,36340,2026-02-22,Debit Card,Delhi
FEB_005989,CUST_04328,Monitor,1,28969,2026-02-26,Cash on Delivery,Bangalore
FEB_005990,CUST_02693,Smartwatch,3,35447,2026-02-14,Debit Card,Chennai
FEB_005991,CUST_01024,Smartphone,4,21774,2026-02-19,Debit Card,Chennai
FEB_005992,CUST_03090,Laptop,3,10962,2026-02-08,Debit Card,Bangalore
FEB_005993,CUST_04986,Monitor,1,28944,2026-02-15,UPI,Chennai
FEB_005994,CUST_02358,Monitor,2,42846,2026-02-21,Cash on Delivery,Chennai
FEB_005995,CUST_03155,Monitor,3,16325,2026-02-03,Credit Card,Pune
FEB_005996,CUST_03310,Smartwatch,3,11656,2026-02-06,Cash on Delivery,Pune
FEB_005997,CUST_02715,Smartphone,5,44799,2026-02-26,Cash on Delivery,Chennai
FEB_005998,CUST_00774,Headphones,4,27407,2026-02-05,Credit Card,Bangalore
FEB_005999,CUST_02617,Tablet,1,21901,2026-02-01,UPI,Pune
FEB_006000,CUST_03894,Tablet,4,26903,2026-02-24,Credit Card,Bangalore
FEB_006001,CUST_04486,Keyboard,2,9354,2026-02-06,Credit Card,Pune
FEB_006002,CUST_04183,Keyboard,3,28823,2026-02-24,Credit Card,Chennai
FEB_006003,CUST_01731,Tablet,1,5914,2026-02-24,UPI,Hyderabad
FEB_006004,CUST_01257,Laptop,4,380,2026-02-22,Debit Card,Bangalore
FEB_006005,CUST_00244,Smartwatch,5,11729,2026-02-10,Credit Card,Pune
FEB_006006,CUST_00506,Smartphone,1,13815,2026-02-23,Debit Card,Hyderabad
FEB_006007,CUST_03454,Monitor,3,5734,2026-02-06,Credit Card,Hyderabad
FEB_006008,CUST_03609,Keyboard,3,33520,2026-02-21,UPI,Pune
FEB_006009,CUST_02772,Tablet,1,20631,2026-02-19,Cash on Delivery,Delhi
FEB_006010,CUST_03902,Laptop,5,1059,2026-02-20,Credit Card,Bangalore
FEB_006011,CUST_02855,Headphones,5,29915,2026-02-27,UPI,Hyderabad
FEB_006012,CUST_02708,Laptop,1,30606,2026-02-13,Cash on Delivery,Delhi
FEB_006013,CUST_01959,Keyboard,5,46590,2026-02-16,Credit Card,Delhi
FEB_006014,CUST_03896,Smartwatch,5,6382,2026-02-19,UPI,Delhi
FEB_006015,CUST_04296,Keyboard,2,25205,2026-02-04,Debit Card,Pune
FEB_006016,CUST_04955,Mouse,2,29679,2026-02-18,Credit Card,Hyderabad
FEB_006017,CUST_03454,Mouse,3,15074,2026-02-03,Cash on Delivery,Chennai
FEB_006018,CUST_00897,Mouse,1,36766,2026-02-14,UPI,Mumbai
FEB_006019,CUST_04010,Mouse,2,23860,2026-02-08,Cash on Delivery,Mumbai
FEB_006020,CUST_03379,Tablet,1,20207,2026-02-04,Credit Card,Delhi
FEB_006021,CUST_03670,Monitor,3,6510,2026-02-24,UPI,Hyderabad
FEB_006022,CUST_03700,Monitor,4,33225,2026-02-11,Debit Card,Pune
FEB_006023,CUST_01199,Laptop,4,24843,2026-02-10,Cash on Delivery,Mumbai
FEB_006024,CUST_02198,Mouse,3,15557,2026-02-06,Debit Card,Hyderabad
FEB_006025,CUST_02643,Mouse,2,1993,2026-02-26,Cash on Delivery,Mumbai
FEB_006026,CUST_04683,Tablet,5,17050,2026-02-26,Credit Card,Hyderabad
FEB_006027,CUST_01601,Headphones,3,10475,2026-02-19,UPI,Mumbai
FEB_006028,CUST_01537,Smartwatch,2,38419,2026-02-05,Credit Card,Hyderabad
FEB_006029,CUST_01245,Tablet,4,32192,2026-02-27,Cash on Delivery,Delhi
FEB_006030,CUST_01848,Monitor,1,15307,2026-02-04,Debit Card,Chennai
FEB_006031,CUST_02029,Keyboard,5,46044,2026-02-09,Debit Card,Mumbai
FEB_006032,CUST_01557,Tablet,5,33668,2026-02-27,Cash on Delivery,Delhi
FEB_006033,CUST_02145,Laptop,4,19225,2026-02-01,UPI,Hyderabad
FEB_006034,CUST_04102,Smartwatch,4,15844,2026-02-17,UPI,Pune
FEB_006035,CUST_01673,Smartwatch,4,19349,2026-02-17,Cash on Delivery,Pune
FEB_006036,CUST_01987,Laptop,2,19397,2026-02-07,Debit Card,Chennai
FEB_006037,CUST_00339,Headphones,4,24965,2026-02-15,UPI,Pune
FEB_006038,CUST_03843,Laptop,3,36853,2026-02-14,UPI,Delhi
FEB_006039,CUST_01701,Mouse,2,49133,2026-02-18,UPI,Chennai
FEB_006040,CUST_00249,Keyboard,3,48687,2026-02-20,Debit Card,Chennai
FEB_006041,CUST_00631,Smartwatch,4,12341,2026-02-09,UPI,Hyderabad
FEB_006042,CUST_03554,Smartphone,2,11334,2026-02-01,UPI,Hyderabad
FEB_006043,CUST_04300,Laptop,2,43541,2026-02-20,Credit Card,Chennai
FEB_006044,CUST_00522,Laptop,1,16527,2026-02-07,UPI,Hyderabad
FEB_006045,CUST_03345,Headphones,5,42233,2026-02-22,Cash on Delivery,Pune
FEB_006046,CUST_01405,Headphones,2,7883,2026-02-14,UPI,Pune
FEB_006047,CUST_01461,Smartwatch,4,29161,2026-02-06,Debit Card,Bangalore
FEB_006048,CUST_01817,Keyboard,4,43100,2026-02-12,Credit Card,Pune
FEB_006049,CUST_03905,Tablet,2,19801,2026-02-11,Cash on Delivery,Hyderabad
FEB_006050,CUST_01958,Smartphone,5,22586,2026-02-23,Credit Card,Mumbai
FEB_006051,CUST_02091,Tablet,5,20780,2026-02-25,Credit Card,Hyderabad
FEB_006052,CUST_04822,Keyboard,5,13699,2026-02-14,UPI,Delhi
FEB_006053,CUST_04555,Monitor,3,30005,2026-02-26,Credit Card,Hyderabad
FEB_006054,CUST_03068,Mouse,2,7925,2026-02-19,UPI,Bangalore
FEB_006055,CUST_02816,Monitor,4,8070,2026-02-24,Cash on Delivery,Hyderabad
FEB_006056,CUST_02407,Smartphone,5,38810,2026-02-01,UPI,Delhi
FEB_006057,CUST_00321,Smartphone,5,49509,2026-02-19,UPI,Hyderabad
FEB_006058,CUST_02084,Laptop,4,42614,2026-02-03,Credit Card,Hyderabad
FEB_006059,CUST_04531,Keyboard,1,34557,2026-02-09,UPI,Mumbai
FEB_006060,CUST_04006,Laptop,3,45087,2026-02-02,Cash on Delivery,Delhi
FEB_006061,CUST_03933,Keyboard,2,37710,2026-02-16,Cash on Delivery,Mumbai
FEB_006062,CUST_00330,Smartwatch,1,38852,2026-02-09,Debit Card,Delhi
FEB_006063,CUST_01474,Headphones,1,13198,2026-02-25,Credit Card,Bangalore
FEB_006064,CUST_02318,Laptop,5,8129,2026-02-10,Credit Card,Chennai
FEB_006065,CUST_01358,Tablet,4,28848,2026-02-26,Credit Card,Mumbai
FEB_006066,CUST_00787,Monitor,1,16497,2026-02-27,Cash on Delivery,Chennai
FEB_006067,CUST_00854,Keyboard,1,28573,2026-02-12,Cash on Delivery,Hyderabad
FEB_006068,CUST_00663,Keyboard,2,36740,2026-02-25,Debit Card,Delhi
FEB_006069,CUST_02326,Smartwatch,2,43569,2026-02-23,UPI,Hyderabad
FEB_006070,CUST_02342,Tablet,4,7455,2026-02-24,Credit Card,Bangalore
FEB_006071,CUST_03197,Headphones,5,44189,2026-02-02,Credit Card,Chennai
FEB_006072,CUST_04806,Monitor,3,3622,2026-02-17,Debit Card,Chennai
FEB_006073,CUST_04025,Tablet,5,16453,2026-02-22,Credit Card,Mumbai
FEB_006074,CUST_01081,Mouse,1,34274,2026-02-17,Debit Card,Chennai
FEB_006075,CUST_02653,Mouse,4,8246,2026-02-19,Credit Card,Chennai
FEB_006076,CUST_04237,Smartwatch,3,42003,2026-02-21,Credit Card,Chennai
FEB_006077,CUST_00933,Headphones,5,4605,2026-02-18,UPI,Chennai
FEB_006078,CUST_00624,Laptop,3,10950,2026-02-07,UPI,Bangalore
FEB_006079,CUST_01496,Tablet,5,48653,2026-02-14,Credit Card,Mumbai
FEB_006080,CUST_01029,Keyboard,3,9799,2026-02-26,Credit Card,Chennai
FEB_006081,CUST_03923,Smartwatch,5,27358,2026-02-09,Debit Card,Mumbai
FEB_006082,CUST_00104,Smartphone,5,22297,2026-02-08,UPI,Chennai
FEB_006083,CUST_03980,Keyboard,1,40849,2026-02-21,Debit Card,Bangalore
FEB_006084,CUST_04999,Tablet,4,41334,2026-02-22,UPI,Bangalore
FEB_006085,CUST_03548,Smartphone,4,4594,2026-02-07,Debit Card,Hyderabad
FEB_006086,CUST_00702,Headphones,1,18691,2026-02-22,Cash on Delivery,Bangalore
FEB_006087,CUST_02412,Smartwatch,2,30990,2026-02-10,Debit Card,Mumbai
FEB_006088,CUST_04968,Tablet,3,27604,2026-02-07,Cash on Delivery,Hyderabad
FEB_006089,CUST_01890,Mouse,4,19883,2026-02-19,UPI,Bangalore
FEB_006090,CUST_03783,Monitor,2,372,2026-02-23,Cash on Delivery,Delhi
FEB_006091,CUST_02539,Smartwatch,2,7200,2026-02-25,UPI,Delhi
FEB_006092,CUST_01655,Keyboard,5,6321,2026-02-09,Credit Card,Delhi
FEB_006093,CUST_00873,Smartwatch,1,31404,2026-02-01,Cash on Delivery,Delhi
FEB_006094,CUST_02781,Laptop,4,20675,2026-02-13,UPI,Delhi
FEB_006095,CUST_04431,Mouse,1,48014,2026-02-14,Cash on Delivery,Hyderabad
FEB_006096,CUST_01317,Headphones,3,44679,2026-02-15,Cash on Delivery,Delhi
FEB_006097,CUST_00555,Headphones,1,2623,2026-02-08,Cash on Delivery,Delhi
FEB_006098,CUST_03097,Mouse,2,32298,2026-02-25,Credit Card,Bangalore
FEB_006099,CUST_03269,Laptop,5,27763,2026-02-03,Debit Card,Chennai
FEB_006100,CUST_00690,Smartwatch,3,13909,2026-02-16,Debit Card,Bangalore
FEB_006101,CUST_02059,Smartwatch,5,39867,2026-02-08,Debit Card,Pune
FEB_006102,CUST_00127,Monitor,4,4308,2026-02-17,UPI,Hyderabad
FEB_006103,CUST_04280,Smartphone,4,30259,2026-02-16,UPI,Hyderabad
FEB_006104,CUST_03218,Keyboard,2,40306,2026-02-16,Credit Card,Delhi
FEB_006105,CUST_01571,Headphones,2,23100,2026-02-15,UPI,Bangalore
FEB_006106,CUST_01277,Keyboard,3,19811,2026-02-25,Debit Card,Pune
FEB_006107,CUST_01504,Mouse,1,34387,2026-02-08,Cash on Delivery,Delhi
FEB_006108,CUST_04230,Keyboard,1,28674,2026-02-05,Credit Card,Pune
FEB_006109,CUST_04493,Headphones,4,330,2026-02-13,Cash on Delivery,Pune
FEB_006110,CUST_02996,Laptop,2,4624,2026-02-27,Credit Card,Chennai
FEB_006111,CUST_04110,Laptop,4,3161,2026-02-02,Credit Card,Pune
FEB_006112,CUST_03895,Mouse,2,31962,2026-02-03,Debit Card,Bangalore
FEB_006113,CUST_04864,Smartphone,4,48931,2026-02-17,Credit Card,Pune
FEB_006114,CUST_04104,Mouse,2,27527,2026-02-10,Credit Card,Pune
FEB_006115,CUST_00167,Mouse,1,8363,2026-02-12,Debit Card,Bangalore
FEB_006116,CUST_02852,Tablet,4,6825,2026-02-13,UPI,Hyderabad
FEB_006117,CUST_04265,Keyboard,3,28284,2026-02-06,UPI,Hyderabad
FEB_006118,CUST_03084,Monitor,3,16650,2026-02-01,Debit Card,Pune
FEB_006119,CUST_01638,Keyboard,3,10221,2026-02-13,Debit Card,Delhi
FEB_006120,CUST_00618,Monitor,5,36122,2026-02-14,Credit Card,Chennai
FEB_006121,CUST_00786,Laptop,3,42293,2026-02-17,Cash on Delivery,Delhi
FEB_006122,CUST_00368,Smartwatch,4,36108,2026-02-11,UPI,Delhi
FEB_006123,CUST_03167,Laptop,2,27016,2026-02-21,Debit Card,Mumbai
FEB_006124,CUST_03131,Keyboard,3,42419,2026-02-24,Credit Card,Chennai
FEB_006125,CUST_01083,Keyboard,3,12114,2026-02-07,UPI,Mumbai
FEB_006126,CUST_02087,Tablet,4,49430,2026-02-01,Cash on Delivery,Hyderabad
FEB_006127,CUST_02089,Monitor,5,10471,2026-02-21,Cash on Delivery,Hyderabad
FEB_006128,CUST_04452,Tablet,2,2895,2026-02-01,UPI,Hyderabad
FEB_006129,CUST_02673,Headphones,2,14599,2026-02-21,Cash on Delivery,Delhi
FEB_006130,CUST_00947,Mouse,3,17932,2026-02-26,Cash on Delivery,Mumbai
FEB_006131,CUST_01479,Headphones,3,24707,2026-02-12,Debit Card,Mumbai
FEB_006132,CUST_04765,Smartwatch,4,20811,2026-02-28,Cash on Delivery,Chennai
FEB_006133,CUST_00667,Smartwatch,3,47631,2026-02-14,UPI,Bangalore
FEB_006134,CUST_00952,Laptop,1,41265,2026-02-06,UPI,Chennai
FEB_006135,CUST_01027,Smartphone,5,11487,2026-02-28,Credit Card,Bangalore
FEB_006136,CUST_03488,Keyboard,4,15863,2026-02-17,Cash on Delivery,Hyderabad
FEB_006137,CUST_01669,Smartphone,3,46413,2026-02-19,UPI,Bangalore
FEB_006138,CUST_04641,Monitor,2,27126,2026-02-09,Cash on Delivery,Chennai
FEB_006139,CUST_02266,Monitor,4,3974,2026-02-28,Credit Card,Pune
FEB_006140,CUST_03349,Smartphone,3,33603,2026-02-26,UPI,Bangalore
FEB_006141,CUST_03047,Mouse,1,10164,2026-02-02,Cash on Delivery,Delhi
FEB_006142,CUST_02351,Monitor,1,46973,2026-02-07,Debit Card,Chennai
FEB_006143,CUST_01543,Monitor,2,42594,2026-02-23,Debit Card,Chennai
FEB_006144,CUST_03403,Headphones,2,25862,2026-02-27,Credit Card,Delhi
FEB_006145,CUST_04202,Headphones,5,24872,2026-02-17,UPI,Chennai
FEB_006146,CUST_01889,Monitor,4,39385,2026-02-04,Cash on Delivery,Chennai
FEB_006147,CUST_02432,Keyboard,3,25917,2026-02-20,Debit Card,Pune
FEB_006148,CUST_00832,Keyboard,5,19729,2026-02-22,Cash on Delivery,Bangalore
FEB_006149,CUST_02503,Keyboard,3,40284,2026-02-20,Cash on Delivery,Chennai
FEB_006150,CUST_04601,Tablet,2,30117,2026-02-15,UPI,Pune
FEB_006151,CUST_01503,Tablet,2,14790,2026-02-12,UPI,Pune
FEB_006152,CUST_00422,Smartwatch,2,31518,2026-02-24,Cash on Delivery,Delhi
FEB_006153,CUST_03775,Smartphone,1,41526,2026-02-21,Credit Card,Bangalore
FEB_006154,CUST_03276,Mouse,4,46070,2026-02-21,UPI,Delhi
FEB_006155,CUST_03976,Keyboard,4,22091,2026-02-14,UPI,Chennai
FEB_006156,CUST_01703,Keyboard,1,44560,2026-02-24,Debit Card,Mumbai
FEB_006157,CUST_02105,Laptop,1,28131,2026-02-16,Credit Card,Pune
FEB_006158,CUST_03574,Headphones,1,11784,2026-02-06,UPI,Pune
FEB_006159,CUST_01811,Laptop,5,1015,2026-02-06,Cash on Delivery,Mumbai
FEB_006160,CUST_00136,Monitor,5,14047,2026-02-06,UPI,Chennai
FEB_006161,CUST_02698,Smartwatch,2,15289,2026-02-25,Debit Card,Delhi
FEB_006162,CUST_04326,Monitor,2,2961,2026-02-13,Credit Card,Pune
FEB_006163,CUST_00629,Smartwatch,3,32436,2026-02-09,Credit Card,Delhi
FEB_006164,CUST_02402,Laptop,2,1752,2026-02-14,Cash on Delivery,Chennai
FEB_006165,CUST_00491,Smartphone,5,45984,2026-02-11,Cash on Delivery,Bangalore
FEB_006166,CUST_02609,Monitor,3,45620,2026-02-27,UPI,Bangalore
FEB_006167,CUST_03144,Smartwatch,2,38896,2026-02-16,UPI,Bangalore
FEB_006168,CUST_03564,Monitor,2,38245,2026-02-23,Debit Card,Delhi
FEB_006169,CUST_01600,Monitor,5,3583,2026-02-13,Debit Card,Delhi
FEB_006170,CUST_01086,Laptop,4,23075,2026-02-09,Cash on Delivery,Chennai
FEB_006171,CUST_03190,Smartphone,2,311,2026-02-13,Credit Card,Mumbai
FEB_006172,CUST_03334,Laptop,1,38995,2026-02-28,Debit Card,Chennai
FEB_006173,CUST_04031,Keyboard,1,35124,2026-02-15,Debit Card,Delhi
FEB_006174,CUST_01172,Mouse,4,35447,2026-02-25,Credit Card,Mumbai
FEB_006175,CUST_04610,Headphones,5,1724,2026-02-13,Debit Card,Pune
FEB_006176,CUST_02407,Keyboard,5,4837,2026-02-12,Credit Card,Hyderabad
FEB_006177,CUST_02928,Headphones,5,17866,2026-02-24,Credit Card,Hyderabad
FEB_006178,CUST_00113,Headphones,3,6480,2026-02-02,Credit Card,Chennai
FEB_006179,CUST_00272,Keyboard,3,20405,2026-02-24,Credit Card,Bangalore
FEB_006180,CUST_04580,Monitor,5,20749,2026-02-21,UPI,Mumbai
FEB_006181,CUST_01030,Smartwatch,3,19755,2026-02-07,Cash on Delivery,Delhi
FEB_006182,CUST_04796,Mouse,4,2234,2026-02-26,Cash on Delivery,Pune
FEB_006183,CUST_04334,Smartwatch,3,14074,2026-02-10,UPI,Delhi
FEB_006184,CUST_04522,Monitor,3,11422,2026-02-23,Cash on Delivery,Hyderabad
FEB_006185,CUST_04931,Keyboard,4,26055,2026-02-27,Credit Card,Bangalore
FEB_006186,CUST_04128,Laptop,1,41492,2026-02-10,UPI,Delhi
FEB_006187,CUST_00692,Tablet,3,43121,2026-02-24,Cash on Delivery,Mumbai
FEB_006188,CUST_00768,Tablet,4,35934,2026-02-10,Cash on Delivery,Delhi
FEB_006189,CUST_00150,Tablet,5,4454,2026-02-26,UPI,Chennai
FEB_006190,CUST_04804,Tablet,2,14497,2026-02-11,UPI,Bangalore
FEB_006191,CUST_01958,Monitor,5,29749,2026-02-22,Credit Card,Pune
FEB_006192,CUST_01674,Monitor,1,5453,2026-02-23,Debit Card,Bangalore
FEB_006193,CUST_01213,Mouse,1,23018,2026-02-26,Cash on Delivery,Chennai
FEB_006194,CUST_01383,Monitor,5,41377,2026-02-20,Debit Card,Delhi
FEB_006195,CUST_00208,Headphones,2,28779,2026-02-27,Cash on Delivery,Bangalore
FEB_006196,CUST_04245,Headphones,2,43302,2026-02-21,UPI,Bangalore
FEB_006197,CUST_04881,Keyboard,2,36432,2026-02-10,Debit Card,Bangalore
FEB_006198,CUST_04935,Smartphone,5,44374,2026-02-15,UPI,Bangalore
FEB_006199,CUST_01678,Tablet,5,49985,2026-02-07,Debit Card,Pune
FEB_006200,CUST_01375,Headphones,2,47955,2026-02-04,Debit Card,Pune
FEB_006201,CUST_01778,Monitor,4,18007,2026-02-20,Cash on Delivery,Mumbai
FEB_006202,CUST_02945,Smartwatch,1,19352,2026-02-01,UPI,Mumbai
FEB_006203,CUST_02187,Smartwatch,5,38186,2026-02-26,Cash on Delivery,Bangalore
FEB_006204,CUST_00526,Mouse,4,33202,2026-02-15,Debit Card,Pune
FEB_006205,CUST_04028,Headphones,5,38994,2026-02-22,Cash on Delivery,Delhi
FEB_006206,CUST_04462,Smartphone,2,49086,2026-02-01,UPI,Hyderabad
FEB_006207,CUST_03689,Keyboard,5,31844,2026-02-14,UPI,Delhi
FEB_006208,CUST_03113,Keyboard,4,44434,2026-02-26,Cash on Delivery,Delhi
FEB_006209,CUST_01652,Laptop,1,19367,2026-02-16,UPI,Hyderabad
FEB_006210,CUST_00234,Tablet,1,33859,2026-02-12,Debit Card,Mumbai
FEB_006211,CUST_03312,Tablet,3,46044,2026-02-15,UPI,Pune
FEB_006212,CUST_03273,Smartphone,1,8558,2026-02-22,Cash on Delivery,Pune
FEB_006213,CUST_04743,Monitor,2,14604,2026-02-15,Cash on Delivery,Mumbai
FEB_006214,CUST_01642,Smartphone,1,31688,2026-02-20,Credit Card,Hyderabad
FEB_006215,CUST_03381,Tablet,5,27563,2026-02-08,UPI,Delhi
FEB_006216,CUST_00073,Tablet,5,23892,2026-02-24,Cash on Delivery,Mumbai
FEB_006217,CUST_01585,Headphones,1,17926,2026-02-20,UPI,Hyderabad
FEB_006218,CUST_00689,Mouse,2,49917,2026-02-26,Cash on Delivery,Pune
FEB_006219,CUST_00418,Smartphone,4,47057,2026-02-20,Debit Card,Mumbai
FEB_006220,CUST_03631,Headphones,2,16347,2026-02-08,Debit Card,Delhi
FEB_006221,CUST_00749,Monitor,3,14421,2026-02-22,UPI,Mumbai
FEB_006222,CUST_03739,Headphones,5,9405,2026-02-27,Credit Card,Chennai
FEB_006223,CUST_03641,Smartphone,3,28563,2026-02-12,Debit Card,Chennai
FEB_006224,CUST_02097,Headphones,2,28174,2026-02-24,UPI,Bangalore
FEB_006225,CUST_00893,Tablet,2,23888,2026-02-06,Debit Card,Pune
FEB_006226,CUST_00298,Smartphone,3,36832,2026-02-26,Cash on Delivery,Mumbai
FEB_006227,CUST_03601,Smartphone,2,48478,2026-02-05,UPI,Bangalore
FEB_006228,CUST_03384,Headphones,4,4829,2026-02-07,Cash on Delivery,Chennai
FEB_006229,CUST_00675,Keyboard,3,13698,2026-02-26,UPI,Hyderabad
FEB_006230,CUST_04807,Monitor,5,19289,2026-02-13,Cash on Delivery,Hyderabad
FEB_006231,CUST_01238,Headphones,3,720,2026-02-13,Debit Card,Hyderabad
FEB_006232,CUST_00418,Tablet,2,27866,2026-02-22,Debit Card,Chennai
FEB_006233,CUST_00679,Tablet,3,3523,2026-02-03,Cash on Delivery,Pune
FEB_006234,CUST_04808,Smartphone,1,23893,2026-02-09,Debit Card,Delhi
FEB_006235,CUST_00236,Smartphone,3,38019,2026-02-20,Cash on Delivery,Delhi
FEB_006236,CUST_02381,Keyboard,3,49298,2026-02-13,UPI,Pune
FEB_006237,CUST_00383,Smartphone,5,10555,2026-02-16,Debit Card,Mumbai
FEB_006238,CUST_02900,Laptop,5,27808,2026-02-21,Cash on Delivery,Mumbai
FEB_006239,CUST_04980,Smartphone,4,23872,2026-02-01,UPI,Bangalore
FEB_006240,CUST_01605,Laptop,3,629,2026-02-21,Debit Card,Bangalore
FEB_006241,CUST_00715,Monitor,1,8438,2026-02-06,UPI,Delhi
FEB_006242,CUST_03168,Headphones,4,22163,2026-02-21,Credit Card,Delhi
FEB_006243,CUST_02723,Smartwatch,3,16135,2026-02-13,Cash on Delivery,Hyderabad
FEB_006244,CUST_01461,Laptop,4,24455,2026-02-09,Debit Card,Delhi
FEB_006245,CUST_02637,Monitor,2,16223,2026-02-28,Debit Card,Pune
FEB_006246,CUST_04642,Keyboard,2,18573,2026-02-23,UPI,Bangalore
FEB_006247,CUST_03207,Laptop,4,9611,2026-02-22,Debit Card,Chennai
FEB_006248,CUST_00233,Tablet,2,35934,2026-02-01,Debit Card,Mumbai
FEB_006249,CUST_00969,Laptop,3,5391,2026-02-21,UPI,Bangalore
FEB_006250,CUST_00655,Keyboard,1,49464,2026-02-04,Debit Card,Bangalore
FEB_006251,CUST_02552,Smartphone,1,41439,2026-02-01,Debit Card,Hyderabad
FEB_006252,CUST_01046,Headphones,5,9836,2026-02-23,Debit Card,Hyderabad
FEB_006253,CUST_03820,Tablet,1,11196,2026-02-12,UPI,Chennai
FEB_006254,CUST_00958,Monitor,4,2043,2026-02-23,Debit Card,Delhi
FEB_006255,CUST_02957,Smartwatch,2,22521,2026-02-17,Debit Card,Pune
FEB_006256,CUST_00639,Keyboard,4,25071,2026-02-17,Cash on Delivery,Mumbai
FEB_006257,CUST_04366,Laptop,1,40604,2026-02-25,Cash on Delivery,Delhi
FEB_006258,CUST_03024,Monitor,3,9726,2026-02-09,UPI,Delhi
FEB_006259,CUST_01110,Smartphone,3,24423,2026-02-28,Cash on Delivery,Pune
FEB_006260,CUST_00874,Mouse,3,43826,2026-02-07,UPI,Bangalore
FEB_006261,CUST_03575,Mouse,4,30060,2026-02-11,Debit Card,Chennai
FEB_006262,CUST_03120,Smartphone,3,11660,2026-02-06,Credit Card,Pune
FEB_006263,CUST_01191,Tablet,1,477,2026-02-19,Cash on Delivery,Hyderabad
FEB_006264,CUST_03326,Tablet,3,48169,2026-02-16,Debit Card,Pune
FEB_006265,CUST_02030,Smartphone,1,3886,2026-02-17,UPI,Delhi
FEB_006266,CUST_02195,Keyboard,2,14279,2026-02-07,Cash on Delivery,Bangalore
FEB_006267,CUST_02740,Smartphone,1,35937,2026-02-21,Cash on Delivery,Bangalore
FEB_006268,CUST_04287,Smartphone,4,48758,2026-02-20,Cash on Delivery,Mumbai
FEB_006269,CUST_00390,Tablet,5,18778,2026-02-18,Cash on Delivery,Chennai
FEB_006270,CUST_00898,Keyboard,1,13400,2026-02-23,UPI,Pune
FEB_006271,CUST_02844,Smartwatch,2,41469,2026-02-08,Credit Card,Mumbai
FEB_006272,CUST_02780,Laptop,4,17466,2026-02-07,Cash on Delivery,Delhi
FEB_006273,CUST_00201,Monitor,5,30935,2026-02-22,Cash on Delivery,Mumbai
FEB_006274,CUST_00566,Headphones,1,15719,2026-02-22,Credit Card,Mumbai
FEB_006275,CUST_02777,Tablet,1,23806,2026-02-24,UPI,Hyderabad
FEB_006276,CUST_05000,Keyboard,2,31610,2026-02-12,Credit Card,Bangalore
FEB_006277,CUST_01705,Keyboard,5,28610,2026-02-03,Credit Card,Hyderabad
FEB_006278,CUST_03694,Monitor,3,28657,2026-02-20,Credit Card,Pune
FEB_006279,CUST_04150,Monitor,4,13153,2026-02-07,UPI,Delhi
FEB_006280,CUST_03667,Keyboard,2,18005,2026-02-12,UPI,Bangalore
FEB_006281,CUST_02043,Laptop,2,27787,2026-02-07,Debit Card,Hyderabad
FEB_006282,CUST_03563,Smartwatch,3,1605,2026-02-05,Credit Card,Chennai
FEB_006283,CUST_00367,Laptop,1,27249,2026-02-07,Credit Card,Hyderabad
FEB_006284,CUST_00577,Tablet,4,8776,2026-02-18,Credit Card,Mumbai
FEB_006285,CUST_00716,Laptop,2,11559,2026-02-26,Credit Card,Mumbai
FEB_006286,CUST_00544,Laptop,2,40252,2026-02-03,Cash on Delivery,Bangalore
FEB_006287,CUST_01257,Monitor,4,46158,2026-02-16,Debit Card,Chennai
FEB_006288,CUST_04701,Mouse,4,46117,2026-02-21,UPI,Delhi
FEB_006289,CUST_00352,Tablet,2,1446,2026-02-23,Cash on Delivery,Mumbai
FEB_006290,CUST_01486,Keyboard,3,37712,2026-02-01,Cash on Delivery,Pune
FEB_006291,CUST_03311,Smartphone,4,49296,2026-02-01,Debit Card,Pune
FEB_006292,CUST_01750,Smartphone,2,13385,2026-02-18,UPI,Chennai
FEB_006293,CUST_00609,Headphones,3,48190,2026-02-17,Cash on Delivery,Hyderabad
FEB_006294,CUST_00925,Smartphone,1,8767,2026-02-28,Debit Card,Delhi
FEB_006295,CUST_00337,Smartwatch,1,9356,2026-02-16,Credit Card,Chennai
FEB_006296,CUST_00296,Smartwatch,1,19047,2026-02-27,Credit Card,Bangalore
FEB_006297,CUST_04510,Smartwatch,3,5573,2026-02-11,Debit Card,Bangalore
FEB_006298,CUST_04189,Headphones,2,4302,2026-02-24,Credit Card,Pune
FEB_006299,CUST_02469,Headphones,5,30751,2026-02-18,Credit Card,Delhi
FEB_006300,CUST_00177,Tablet,4,13524,2026-02-07,Cash on Delivery,Bangalore
FEB_006301,CUST_02539,Tablet,3,30719,2026-02-07,Debit Card,Chennai
FEB_006302,CUST_00095,Headphones,2,1179,2026-02-10,Debit Card,Bangalore
FEB_006303,CUST_02517,Smartphone,2,7702,2026-02-21,Credit Card,Bangalore
FEB_006304,CUST_04263,Keyboard,3,49898,2026-02-05,Debit Card,Chennai
FEB_006305,CUST_00488,Smartwatch,1,41184,2026-02-03,UPI,Bangalore
FEB_006306,CUST_01982,Keyboard,4,32686,2026-02-02,Cash on Delivery,Hyderabad
FEB_006307,CUST_00917,Headphones,2,23182,2026-02-23,Cash on Delivery,Hyderabad
FEB_006308,CUST_00235,Laptop,2,13056,2026-02-04,UPI,Chennai
FEB_006309,CUST_03041,Laptop,4,11859,2026-02-15,UPI,Chennai
FEB_006310,CUST_04678,Smartwatch,4,44862,2026-02-01,Debit Card,Mumbai
FEB_006311,CUST_01651,Smartphone,4,24674,2026-02-10,Debit Card,Bangalore
FEB_006312,CUST_04042,Tablet,3,20165,2026-02-24,Debit Card,Hyderabad
FEB_006313,CUST_03087,Laptop,4,5905,2026-02-04,Cash on Delivery,Delhi
FEB_006314,CUST_00655,Monitor,4,27000,2026-02-24,Credit Card,Hyderabad
FEB_006315,CUST_01468,Tablet,5,23848,2026-02-14,Debit Card,Pune
FEB_006316,CUST_01633,Laptop,3,3728,2026-02-20,Cash on Delivery,Pune
FEB_006317,CUST_02343,Tablet,1,924,2026-02-26,Credit Card,Chennai
FEB_006318,CUST_00001,Mouse,5,13771,2026-02-24,Cash on Delivery,Pune
FEB_006319,CUST_00835,Smartphone,4,31407,2026-02-09,Debit Card,Bangalore
FEB_006320,CUST_02298,Laptop,1,15951,2026-02-20,Cash on Delivery,Mumbai
FEB_006321,CUST_00335,Tablet,3,37154,2026-02-14,UPI,Mumbai
FEB_006322,CUST_00234,Laptop,1,4505,2026-02-26,Credit Card,Pune
FEB_006323,CUST_04414,Keyboard,4,2749,2026-02-28,Credit Card,Bangalore
FEB_006324,CUST_03343,Headphones,1,9549,2026-02-24,Credit Card,Bangalore
FEB_006325,CUST_01055,Laptop,3,14541,2026-02-13,Debit Card,Mumbai
FEB_006326,CUST_02737,Mouse,1,14536,2026-02-02,UPI,Chennai
FEB_006327,CUST_04311,Tablet,1,10117,2026-02-11,UPI,Bangalore
FEB_006328,CUST_00899,Headphones,2,43656,2026-02-02,Credit Card,Delhi
FEB_006329,CUST_00660,Keyboard,2,1684,2026-02-16,UPI,Bangalore
FEB_006330,CUST_03144,Smartwatch,1,9298,2026-02-27,Cash on Delivery,Delhi
FEB_006331,CUST_00587,Monitor,4,37910,2026-02-03,Cash on Delivery,Mumbai
FEB_006332,CUST_03860,Smartphone,4,8706,2026-02-23,Cash on Delivery,Chennai
FEB_006333,CUST_01067,Smartphone,3,23434,2026-02-18,Cash on Delivery,Chennai
FEB_006334,CUST_02305,Tablet,3,2527,2026-02-24,Credit Card,Chennai
FEB_006335,CUST_02935,Smartwatch,1,36421,2026-02-04,Cash on Delivery,Mumbai
FEB_006336,CUST_01954,Mouse,4,4683,2026-02-24,Cash on Delivery,Chennai
FEB_006337,CUST_00765,Keyboard,4,37908,2026-02-21,Cash on Delivery,Chennai
FEB_006338,CUST_02416,Mouse,5,23604,2026-02-27,Cash on Delivery,Delhi
FEB_006339,CUST_04553,Smartwatch,2,26771,2026-02-15,Debit Card,Pune
FEB_006340,CUST_00989,Smartphone,4,39811,2026-02-19,Cash on Delivery,Delhi
FEB_006341,CUST_00674,Smartphone,4,39329,2026-02-19,Credit Card,Pune
FEB_006342,CUST_04431,Keyboard,3,1367,2026-02-07,Credit Card,Pune
FEB_006343,CUST_03049,Smartwatch,2,26996,2026-02-21,Credit Card,Hyderabad
FEB_006344,CUST_04229,Smartwatch,5,10963,2026-02-01,Cash on Delivery,Delhi
FEB_006345,CUST_00934,Laptop,5,30084,2026-02-05,Credit Card,Chennai
FEB_006346,CUST_02442,Headphones,3,20482,2026-02-15,Credit Card,Bangalore
FEB_006347,CUST_02450,Laptop,4,33152,2026-02-14,Debit Card,Mumbai
FEB_006348,CUST_01084,Tablet,5,14568,2026-02-13,UPI,Bangalore
FEB_006349,CUST_04890,Smartwatch,3,15432,2026-02-15,Cash on Delivery,Delhi
FEB_006350,CUST_02334,Smartwatch,2,10930,2026-02-07,Debit Card,Pune
FEB_006351,CUST_02289,Mouse,2,35387,2026-02-13,Cash on Delivery,Delhi
FEB_006352,CUST_01820,Smartphone,2,708,2026-02-06,Debit Card,Mumbai
FEB_006353,CUST_02741,Smartphone,2,48382,2026-02-01,Debit Card,Hyderabad
FEB_006354,CUST_01552,Monitor,1,19709,2026-02-14,Debit Card,Delhi
FEB_006355,CUST_02341,Laptop,2,49749,2026-02-14,Debit Card,Delhi
FEB_006356,CUST_00307,Keyboard,2,592,2026-02-15,Credit Card,Chennai
FEB_006357,CUST_00628,Keyboard,4,9387,2026-02-21,Cash on Delivery,Delhi
FEB_006358,CUST_04436,Keyboard,5,18218,2026-02-19,Credit Card,Bangalore
FEB_006359,CUST_00679,Headphones,1,322,2026-02-18,Debit Card,Bangalore
FEB_006360,CUST_01839,Monitor,2,27284,2026-02-03,Credit Card,Delhi
FEB_006361,CUST_04724,Smartphone,1,36135,2026-02-17,Debit Card,Mumbai
FEB_006362,CUST_00286,Laptop,5,6607,2026-02-28,Cash on Delivery,Chennai
FEB_006363,CUST_03837,Mouse,1,3576,2026-02-11,Debit Card,Mumbai
FEB_006364,CUST_00829,Tablet,1,5562,2026-02-07,UPI,Pune
FEB_006365,CUST_00054,Tablet,5,49157,2026-02-15,Credit Card,Delhi
FEB_006366,CUST_01918,Monitor,3,19643,2026-02-28,Cash on Delivery,Chennai
FEB_006367,CUST_04146,Mouse,4,25088,2026-02-21,Cash on Delivery,Bangalore
FEB_006368,CUST_00270,Smartwatch,2,18549,2026-02-28,Debit Card,Chennai
FEB_006369,CUST_04786,Mouse,3,19757,2026-02-01,Credit Card,Chennai
FEB_006370,CUST_00427,Tablet,4,27832,2026-02-09,Debit Card,Bangalore
FEB_006371,CUST_00960,Laptop,4,8181,2026-02-10,Credit Card,Mumbai
FEB_006372,CUST_02557,Smartphone,2,9492,2026-02-17,Credit Card,Mumbai
FEB_006373,CUST_01944,Tablet,4,29788,2026-02-23,Credit Card,Pune
FEB_006374,CUST_02478,Headphones,5,48028,2026-02-18,UPI,Hyderabad
FEB_006375,CUST_03117,Smartphone,2,9266,2026-02-10,Credit Card,Hyderabad
FEB_006376,CUST_04125,Headphones,3,48847,2026-02-04,Debit Card,Pune
FEB_006377,CUST_00793,Mouse,1,48772,2026-02-24,Cash on Delivery,Bangalore
FEB_006378,CUST_02424,Laptop,2,40789,2026-02-08,Credit Card,Chennai
FEB_006379,CUST_04065,Keyboard,1,27919,2026-02-13,Cash on Delivery,Hyderabad
FEB_006380,CUST_02840,Laptop,3,12558,2026-02-27,Cash on Delivery,Bangalore
FEB_006381,CUST_01957,Smartphone,5,29405,2026-02-10,Debit Card,Bangalore
FEB_006382,CUST_01838,Tablet,2,33834,2026-02-05,UPI,Mumbai
FEB_006383,CUST_04584,Tablet,1,22461,2026-02-23,Credit Card,Hyderabad
FEB_006384,CUST_02898,Keyboard,1,7846,2026-02-09,Debit Card,Hyderabad
FEB_006385,CUST_00350,Tablet,5,5369,2026-02-15,Debit Card,Hyderabad
FEB_006386,CUST_00865,Keyboard,5,34154,2026-02-23,Credit Card,Hyderabad
FEB_006387,CUST_00612,Laptop,5,26051,2026-02-17,UPI,Bangalore
FEB_006388,CUST_00815,Monitor,5,14857,2026-02-09,Debit Card,Mumbai
FEB_006389,CUST_04845,Smartphone,5,4628,2026-02-28,Debit Card,Hyderabad
FEB_006390,CUST_04645,Smartwatch,3,42436,2026-02-13,Debit Card,Delhi
FEB_006391,CUST_03732,Smartphone,3,38733,2026-02-08,Cash on Delivery,Pune
FEB_006392,CUST_01883,Keyboard,2,19737,2026-02-09,Credit Card,Bangalore
FEB_006393,CUST_01018,Headphones,3,42409,2026-02-03,UPI,Bangalore
FEB_006394,CUST_03273,Mouse,1,9550,2026-02-18,Credit Card,Hyderabad
FEB_006395,CUST_04111,Keyboard,1,45543,2026-02-09,Credit Card,Pune
FEB_006396,CUST_00072,Mouse,5,28897,2026-02-05,Credit Card,Hyderabad
FEB_006397,CUST_02525,Keyboard,5,18690,2026-02-15,Credit Card,Pune
FEB_006398,CUST_04570,Smartwatch,2,7925,2026-02-12,Credit Card,Pune
FEB_006399,CUST_04369,Mouse,1,47274,2026-02-04,UPI,Pune
FEB_006400,CUST_00959,Tablet,5,3510,2026-02-16,Cash on Delivery,Bangalore
FEB_006401,CUST_04255,Monitor,3,4810,2026-02-19,Cash on Delivery,Delhi
FEB_006402,CUST_01588,Mouse,2,22054,2026-02-06,UPI,Delhi
FEB_006403,CUST_03577,Smartphone,4,21118,2026-02-17,Debit Card,Chennai
FEB_006404,CUST_00531,Tablet,2,42542,2026-02-11,Debit Card,Delhi
FEB_006405,CUST_01243,Laptop,4,6878,2026-02-13,Debit Card,Pune
FEB_006406,CUST_02158,Monitor,2,1979,2026-02-08,Debit Card,Hyderabad
FEB_006407,CUST_02164,Tablet,1,35569,2026-02-25,Debit Card,Bangalore
FEB_006408,CUST_00597,Headphones,3,46992,2026-02-27,Debit Card,Chennai
FEB_006409,CUST_04550,Mouse,2,3742,2026-02-17,UPI,Pune
FEB_006410,CUST_02762,Laptop,4,42134,2026-02-26,Credit Card,Bangalore
FEB_006411,CUST_02687,Keyboard,2,16966,2026-02-07,Debit Card,Bangalore
FEB_006412,CUST_01233,Monitor,4,39116,2026-02-20,Cash on Delivery,Hyderabad
FEB_006413,CUST_00932,Headphones,5,26775,2026-02-13,UPI,Mumbai
FEB_006414,CUST_02088,Headphones,2,43051,2026-02-07,Credit Card,Bangalore
FEB_006415,CUST_01066,Mouse,4,46980,2026-02-13,Cash on Delivery,Chennai
FEB_006416,CUST_00640,Smartwatch,4,47232,2026-02-11,Cash on Delivery,Delhi
FEB_006417,CUST_01992,Smartphone,4,43486,2026-02-01,Credit Card,Mumbai
FEB_006418,CUST_00826,Smartwatch,2,45263,2026-02-27,Debit Card,Pune
FEB_006419,CUST_02284,Headphones,1,27401,2026-02-24,Cash on Delivery,Mumbai
FEB_006420,CUST_03629,Smartwatch,1,366,2026-02-22,UPI,Pune
FEB_006421,CUST_00467,Keyboard,5,12755,2026-02-10,Cash on Delivery,Pune
FEB_006422,CUST_03333,Smartwatch,4,8932,2026-02-13,Cash on Delivery,Mumbai
FEB_006423,CUST_02765,Monitor,5,33347,2026-02-17,Credit Card,Pune
FEB_006424,CUST_00972,Laptop,2,21859,2026-02-16,Debit Card,Hyderabad
FEB_006425,CUST_02932,Keyboard,4,32723,2026-02-09,Cash on Delivery,Delhi
FEB_006426,CUST_00973,Tablet,3,855,2026-02-10,Debit Card,Chennai
FEB_006427,CUST_02874,Headphones,5,7570,2026-02-03,Credit Card,Pune
FEB_006428,CUST_02028,Monitor,5,35259,2026-02-04,Cash on Delivery,Mumbai
FEB_006429,CUST_02074,Keyboard,2,2567,2026-02-26,UPI,Pune
FEB_006430,CUST_03447,Laptop,1,38183,2026-02-09,Cash on Delivery,Bangalore
FEB_006431,CUST_03924,Keyboard,2,49069,2026-02-14,Debit Card,Pune
FEB_006432,CUST_04805,Mouse,1,49043,2026-02-12,Cash on Delivery,Mumbai
FEB_006433,CUST_03791,Monitor,2,19567,2026-02-25,Cash on Delivery,Pune
FEB_006434,CUST_03495,Keyboard,5,40061,2026-02-28,Debit Card,Mumbai
FEB_006435,CUST_00060,Laptop,3,12324,2026-02-05,Debit Card,Chennai
FEB_006436,CUST_02272,Headphones,4,42853,2026-02-26,Credit Card,Bangalore
FEB_006437,CUST_02776,Smartwatch,1,12511,2026-02-26,Debit Card,Chennai
FEB_006438,CUST_00611,Monitor,3,641,2026-02-13,UPI,Mumbai
FEB_006439,CUST_04103,Laptop,1,19246,2026-02-06,Credit Card,Bangalore
FEB_006440,CUST_04379,Headphones,3,23665,2026-02-04,Credit Card,Hyderabad
FEB_006441,CUST_00007,Smartwatch,4,31630,2026-02-17,Credit Card,Delhi
FEB_006442,CUST_01653,Keyboard,5,1003,2026-02-10,Cash on Delivery,Hyderabad
FEB_006443,CUST_02498,Headphones,2,14895,2026-02-11,UPI,Mumbai
FEB_006444,CUST_00705,Headphones,3,4361,2026-02-26,Credit Card,Hyderabad
FEB_006445,CUST_01803,Tablet,1,46311,2026-02-08,Cash on Delivery,Hyderabad
FEB_006446,CUST_00486,Laptop,2,4203,2026-02-26,Credit Card,Delhi
FEB_006447,CUST_01357,Tablet,5,46589,2026-02-09,Credit Card,Mumbai
FEB_006448,CUST_03230,Keyboard,2,18418,2026-02-13,UPI,Hyderabad
FEB_006449,CUST_04212,Smartphone,3,31841,2026-02-01,Debit Card,Pune
FEB_006450,CUST_02919,Headphones,2,23666,2026-02-03,Credit Card,Pune
FEB_006451,CUST_00041,Keyboard,1,8705,2026-02-17,Debit Card,Delhi
FEB_006452,CUST_03863,Laptop,1,29434,2026-02-17,Cash on Delivery,Hyderabad
FEB_006453,CUST_00899,Mouse,1,9976,2026-02-07,Cash on Delivery,Hyderabad
FEB_006454,CUST_04990,Smartphone,5,9809,2026-02-09,Credit Card,Delhi
FEB_006455,CUST_01382,Tablet,3,23493,2026-02-16,Credit Card,Bangalore
FEB_006456,CUST_00136,Smartwatch,2,49488,2026-02-12,Debit Card,Delhi
FEB_006457,CUST_00291,Mouse,4,27204,2026-02-27,Credit Card,Delhi
FEB_006458,CUST_00731,Smartphone,2,1805,2026-02-01,Debit Card,Mumbai
FEB_006459,CUST_02170,Mouse,2,30666,2026-02-09,Cash on Delivery,Hyderabad
FEB_006460,CUST_03064,Tablet,1,2149,2026-02-18,UPI,Delhi
FEB_006461,CUST_01769,Tablet,5,27199,2026-02-15,Debit Card,Bangalore
FEB_006462,CUST_00992,Smartwatch,4,36287,2026-02-27,Debit Card,Pune
FEB_006463,CUST_03028,Smartphone,5,211,2026-02-01,Cash on Delivery,Mumbai
FEB_006464,CUST_01793,Smartphone,3,2095,2026-02-03,UPI,Chennai
FEB_006465,CUST_03683,Headphones,5,31263,2026-02-06,Debit Card,Mumbai
FEB_006466,CUST_03944,Headphones,2,11220,2026-02-06,Credit Card,Bangalore
FEB_006467,CUST_01881,Headphones,2,45703,2026-02-06,Credit Card,Mumbai
FEB_006468,CUST_03774,Laptop,1,46601,2026-02-19,Credit Card,Chennai
FEB_006469,CUST_01098,Smartphone,2,13356,2026-02-18,Debit Card,Delhi
FEB_006470,CUST_01584,Tablet,3,46550,2026-02-27,Credit Card,Chennai
FEB_006471,CUST_01215,Headphones,2,38620,2026-02-24,Credit Card,Chennai
FEB_006472,CUST_00148,Smartwatch,4,9606,2026-02-02,Debit Card,Delhi
FEB_006473,CUST_04688,Tablet,2,17597,2026-02-25,Credit Card,Delhi
FEB_006474,CUST_04679,Keyboard,3,47954,2026-02-15,Cash on Delivery,Delhi
FEB_006475,CUST_00322,Tablet,3,10237,2026-02-22,Credit Card,Chennai
FEB_006476,CUST_02804,Tablet,1,18741,2026-02-16,Credit Card,Pune
FEB_006477,CUST_02762,Keyboard,5,13201,2026-02-13,Debit Card,Chennai
FEB_006478,CUST_03847,Laptop,2,8397,2026-02-20,Debit Card,Pune
FEB_006479,CUST_02199,Mouse,4,23785,2026-02-02,Cash on Delivery,Bangalore
FEB_006480,CUST_02557,Keyboard,4,48847,2026-02-19,Cash on Delivery,Hyderabad
FEB_006481,CUST_00509,Mouse,3,26592,2026-02-05,UPI,Pune
FEB_006482,CUST_00990,Laptop,4,22114,2026-02-05,Cash on Delivery,Hyderabad
FEB_006483,CUST_04556,Headphones,4,28110,2026-02-03,UPI,Chennai
FEB_006484,CUST_00729,Keyboard,4,15579,2026-02-02,Debit Card,Delhi
FEB_006485,CUST_00015,Mouse,4,23529,2026-02-01,Credit Card,Delhi
FEB_006486,CUST_04974,Tablet,5,11490,2026-02-25,UPI,Chennai
FEB_006487,CUST_01892,Monitor,5,17974,2026-02-11,Credit Card,Chennai
FEB_006488,CUST_03117,Headphones,1,15298,2026-02-03,Credit Card,Hyderabad
FEB_006489,CUST_00781,Smartwatch,4,13172,2026-02-12,UPI,Hyderabad
FEB_006490,CUST_04736,Keyboard,3,8187,2026-02-09,Credit Card,Bangalore
FEB_006491,CUST_03943,Laptop,5,6868,2026-02-12,Cash on Delivery,Chennai
FEB_006492,CUST_01787,Mouse,2,14620,2026-02-11,Cash on Delivery,Bangalore
FEB_006493,CUST_04739,Mouse,3,23973,2026-02-16,Credit Card,Mumbai
FEB_006494,CUST_03030,Headphones,4,27510,2026-02-19,UPI,Pune
FEB_006495,CUST_04518,Laptop,1,46651,2026-02-08,Debit Card,Chennai
FEB_006496,CUST_02114,Tablet,3,45435,2026-02-08,Credit Card,Hyderabad
FEB_006497,CUST_01257,Headphones,3,37495,2026-02-28,Cash on Delivery,Hyderabad
FEB_006498,CUST_02489,Monitor,3,20989,2026-02-12,UPI,Bangalore
FEB_006499,CUST_00894,Monitor,5,32059,2026-02-27,UPI,Bangalore
FEB_006500,CUST_00428,Smartwatch,1,26419,2026-02-17,Cash on Delivery,Pune
FEB_006501,CUST_01468,Mouse,3,39808,2026-02-20,Credit Card,Hyderabad
FEB_006502,CUST_01583,Smartphone,5,8997,2026-02-05,UPI,Bangalore
FEB_006503,CUST_04924,Laptop,3,26309,2026-02-28,Debit Card,Mumbai
FEB_006504,CUST_04146,Mouse,1,40772,2026-02-26,Debit Card,Delhi
FEB_006505,CUST_02169,Tablet,3,32218,2026-02-28,Cash on Delivery,Hyderabad
FEB_006506,CUST_04225,Headphones,4,33633,2026-02-16,Cash on Delivery,Delhi
FEB_006507,CUST_02651,Keyboard,1,45048,2026-02-10,Debit Card,Mumbai
FEB_006508,CUST_00959,Tablet,1,17894,2026-02-19,Cash on Delivery,Delhi
FEB_006509,CUST_00283,Keyboard,5,13178,2026-02-15,Debit Card,Bangalore
FEB_006510,CUST_04827,Keyboard,3,13431,2026-02-21,Credit Card,Chennai
FEB_006511,CUST_01221,Smartwatch,4,30765,2026-02-05,Debit Card,Mumbai
FEB_006512,CUST_01619,Tablet,5,14376,2026-02-14,Credit Card,Pune
FEB_006513,CUST_02812,Monitor,3,37877,2026-02-21,UPI,Bangalore
FEB_006514,CUST_04461,Mouse,3,33416,2026-02-04,Cash on Delivery,Delhi
FEB_006515,CUST_04646,Smartphone,2,40847,2026-02-07,Cash on Delivery,Chennai
FEB_006516,CUST_02517,Keyboard,3,44335,2026-02-15,UPI,Pune
FEB_006517,CUST_03083,Tablet,1,32826,2026-02-09,UPI,Mumbai
FEB_006518,CUST_02445,Monitor,2,48939,2026-02-14,Cash on Delivery,Delhi
FEB_006519,CUST_01163,Laptop,1,14933,2026-02-12,Credit Card,Bangalore
FEB_006520,CUST_01860,Smartwatch,5,19724,2026-02-23,Cash on Delivery,Bangalore
FEB_006521,CUST_04655,Mouse,3,24063,2026-02-12,UPI,Mumbai
FEB_006522,CUST_00245,Smartphone,4,29828,2026-02-10,Cash on Delivery,Chennai
FEB_006523,CUST_03063,Headphones,1,548,2026-02-27,Credit Card,Bangalore
FEB_006524,CUST_04938,Mouse,1,7504,2026-02-19,Debit Card,Delhi
FEB_006525,CUST_04687,Headphones,4,19370,2026-02-20,Debit Card,Mumbai
FEB_006526,CUST_02052,Smartphone,1,47347,2026-02-18,Cash on Delivery,Chennai
FEB_006527,CUST_02351,Laptop,2,1356,2026-02-05,Debit Card,Pune
FEB_006528,CUST_02065,Smartwatch,3,36138,2026-02-22,Cash on Delivery,Hyderabad
FEB_006529,CUST_02414,Tablet,4,32977,2026-02-15,Debit Card,Mumbai
FEB_006530,CUST_01976,Headphones,5,36265,2026-02-19,Cash on Delivery,Delhi
FEB_006531,CUST_03756,Keyboard,1,7508,2026-02-06,Credit Card,Hyderabad
FEB_006532,CUST_01307,Keyboard,5,565,2026-02-18,Debit Card,Mumbai
FEB_006533,CUST_04946,Keyboard,4,27334,2026-02-14,Cash on Delivery,Mumbai
FEB_006534,CUST_03535,Keyboard,2,37992,2026-02-17,Debit Card,Chennai
FEB_006535,CUST_04067,Monitor,5,17625,2026-02-24,Credit Card,Mumbai
FEB_006536,CUST_04786,Tablet,3,16439,2026-02-27,Cash on Delivery,Delhi
FEB_006537,CUST_00803,Mouse,1,41457,2026-02-16,Cash on Delivery,Delhi
FEB_006538,CUST_01226,Keyboard,1,19957,2026-02-05,Cash on Delivery,Chennai
FEB_006539,CUST_04338,Headphones,5,33113,2026-02-25,Debit Card,Delhi
FEB_006540,CUST_04544,Keyboard,5,41754,2026-02-16,UPI,Bangalore
FEB_006541,CUST_03282,Headphones,2,41208,2026-02-19,Debit Card,Pune
FEB_006542,CUST_01293,Smartphone,4,17022,2026-02-01,Cash on Delivery,Chennai
FEB_006543,CUST_03694,Smartphone,5,16558,2026-02-21,Debit Card,Pune
FEB_006544,CUST_04951,Smartwatch,2,19980,2026-02-05,Credit Card,Hyderabad
FEB_006545,CUST_01481,Headphones,5,17024,2026-02-22,Credit Card,Delhi
FEB_006546,CUST_03781,Smartphone,1,21090,2026-02-06,Credit Card,Delhi
FEB_006547,CUST_02843,Tablet,5,4834,2026-02-24,Debit Card,Hyderabad
FEB_006548,CUST_04493,Laptop,2,2628,2026-02-04,Debit Card,Pune
FEB_006549,CUST_00102,Monitor,5,8743,2026-02-10,Cash on Delivery,Pune
FEB_006550,CUST_00546,Mouse,1,17308,2026-02-20,UPI,Pune
FEB_006551,CUST_03392,Laptop,3,26686,2026-02-18,Credit Card,Hyderabad
FEB_006552,CUST_02429,Laptop,1,20211,2026-02-01,Debit Card,Bangalore
FEB_006553,CUST_03068,Headphones,4,20722,2026-02-06,Debit Card,Chennai
FEB_006554,CUST_03305,Tablet,5,11887,2026-02-02,Cash on Delivery,Hyderabad
FEB_006555,CUST_04164,Keyboard,2,19582,2026-02-18,Debit Card,Hyderabad
FEB_006556,CUST_04694,Smartwatch,5,27121,2026-02-01,Credit Card,Mumbai
FEB_006557,CUST_02588,Smartwatch,4,23913,2026-02-19,Debit Card,Mumbai
FEB_006558,CUST_01648,Tablet,4,43434,2026-02-21,Debit Card,Pune
FEB_006559,CUST_04208,Smartphone,2,15450,2026-02-16,UPI,Mumbai
FEB_006560,CUST_02461,Smartwatch,2,34110,2026-02-16,Cash on Delivery,Hyderabad
FEB_006561,CUST_01002,Laptop,3,484,2026-02-04,Cash on Delivery,Pune
FEB_006562,CUST_04395,Keyboard,3,33018,2026-02-24,Cash on Delivery,Chennai
FEB_006563,CUST_03243,Keyboard,1,28798,2026-02-13,UPI,Pune
FEB_006564,CUST_04521,Smartwatch,3,42590,2026-02-20,UPI,Bangalore
FEB_006565,CUST_02038,Tablet,4,29172,2026-02-28,UPI,Pune
FEB_006566,CUST_00678,Monitor,1,856,2026-02-09,Cash on Delivery,Mumbai
FEB_006567,CUST_02745,Headphones,1,26677,2026-02-06,UPI,Bangalore
FEB_006568,CUST_04883,Keyboard,3,46497,2026-02-15,UPI,Pune
FEB_006569,CUST_00524,Mouse,5,48497,2026-02-06,Debit Card,Mumbai
FEB_006570,CUST_02781,Tablet,5,21504,2026-02-09,Cash on Delivery,Mumbai
FEB_006571,CUST_03446,Laptop,4,16033,2026-02-12,Cash on Delivery,Chennai
FEB_006572,CUST_00982,Headphones,3,10840,2026-02-03,UPI,Bangalore
FEB_006573,CUST_01003,Headphones,3,46576,2026-02-26,Credit Card,Delhi
FEB_006574,CUST_00072,Smartwatch,1,38024,2026-02-05,Debit Card,Pune
FEB_006575,CUST_00871,Tablet,2,31401,2026-02-24,UPI,Bangalore
FEB_006576,CUST_02096,Headphones,1,19119,2026-02-21,UPI,Delhi
FEB_006577,CUST_04869,Headphones,1,46016,2026-02-02,UPI,Pune
FEB_006578,CUST_04107,Keyboard,3,33822,2026-02-05,Cash on Delivery,Delhi
FEB_006579,CUST_03051,Monitor,4,44775,2026-02-22,Cash on Delivery,Pune
FEB_006580,CUST_02130,Keyboard,4,11961,2026-02-11,Debit Card,Bangalore
FEB_006581,CUST_01356,Monitor,2,6566,2026-02-03,UPI,Pune
FEB_006582,CUST_03242,Tablet,2,26123,2026-02-04,Cash on Delivery,Bangalore
FEB_006583,CUST_00029,Laptop,1,18448,2026-02-09,Credit Card,Hyderabad
FEB_006584,CUST_02706,Headphones,4,34444,2026-02-13,Debit Card,Mumbai
FEB_006585,CUST_03521,Laptop,3,13396,2026-02-18,UPI,Mumbai
FEB_006586,CUST_00015,Monitor,5,49707,2026-02-20,Debit Card,Hyderabad
FEB_006587,CUST_00758,Keyboard,4,44850,2026-02-25,Debit Card,Chennai
FEB_006588,CUST_02597,Smartwatch,3,27043,2026-02-25,Cash on Delivery,Chennai
FEB_006589,CUST_01625,Laptop,5,816,2026-02-08,Credit Card,Bangalore
FEB_006590,CUST_01759,Tablet,2,6881,2026-02-09,Cash on Delivery,Chennai
FEB_006591,CUST_04998,Tablet,3,8386,2026-02-14,Debit Card,Pune
FEB_006592,CUST_02150,Smartwatch,1,45975,2026-02-13,Cash on Delivery,Delhi
FEB_006593,CUST_00584,Laptop,3,36031,2026-02-11,Credit Card,Hyderabad
FEB_006594,CUST_00608,Tablet,3,22984,2026-02-02,Debit Card,Chennai
FEB_006595,CUST_03283,Smartwatch,2,28038,2026-02-20,Debit Card,Hyderabad
FEB_006596,CUST_03930,Keyboard,1,7064,2026-02-19,Credit Card,Delhi
FEB_006597,CUST_00522,Monitor,4,25632,2026-02-25,Credit Card,Chennai
FEB_006598,CUST_03895,Monitor,3,13705,2026-02-19,Cash on Delivery,Mumbai
FEB_006599,CUST_02297,Smartwatch,2,8043,2026-02-14,Cash on Delivery,Chennai
FEB_006600,CUST_04131,Smartwatch,1,46404,2026-02-12,UPI,Pune
FEB_006601,CUST_01381,Monitor,1,42171,2026-02-28,UPI,Delhi
FEB_006602,CUST_04262,Tablet,4,11542,2026-02-08,Cash on Delivery,Mumbai
FEB_006603,CUST_02175,Smartphone,4,36538,2026-02-19,Debit Card,Mumbai
FEB_006604,CUST_00579,Monitor,4,44933,2026-02-13,Credit Card,Chennai
FEB_006605,CUST_02941,Smartwatch,1,39703,2026-02-08,UPI,Chennai
FEB_006606,CUST_04430,Keyboard,4,1105,2026-02-05,UPI,Chennai
FEB_006607,CUST_02603,Smartphone,1,28244,2026-02-26,UPI,Pune
FEB_006608,CUST_00775,Mouse,1,15660,2026-02-08,Cash on Delivery,Bangalore
FEB_006609,CUST_04804,Headphones,4,8253,2026-02-25,Credit Card,Chennai
FEB_006610,CUST_00493,Mouse,1,28992,2026-02-09,Credit Card,Pune
FEB_006611,CUST_00205,Smartwatch,2,16339,2026-02-27,UPI,Bangalore
FEB_006612,CUST_00488,Smartwatch,4,40241,2026-02-22,Credit Card,Chennai
FEB_006613,CUST_01387,Laptop,4,5570,2026-02-09,Credit Card,Mumbai
FEB_006614,CUST_01607,Tablet,1,10678,2026-02-04,Cash on Delivery,Mumbai
FEB_006615,CUST_01914,Tablet,1,47286,2026-02-17,Debit Card,Delhi
FEB_006616,CUST_02466,Tablet,1,13389,2026-02-25,Debit Card,Pune
FEB_006617,CUST_04364,Keyboard,5,30803,2026-02-02,Debit Card,Pune
FEB_006618,CUST_00703,Keyboard,3,41157,2026-02-15,Debit Card,Bangalore
FEB_006619,CUST_01252,Monitor,4,28655,2026-02-05,Debit Card,Mumbai
FEB_006620,CUST_00336,Tablet,3,18409,2026-02-25,UPI,Bangalore
FEB_006621,CUST_01520,Keyboard,3,30462,2026-02-06,UPI,Hyderabad
FEB_006622,CUST_00456,Monitor,4,16787,2026-02-23,UPI,Chennai
FEB_006623,CUST_01704,Headphones,1,42667,2026-02-20,Debit Card,Bangalore
FEB_006624,CUST_02465,Laptop,5,36604,2026-02-28,Cash on Delivery,Bangalore
FEB_006625,CUST_00923,Headphones,4,7691,2026-02-25,UPI,Bangalore
FEB_006626,CUST_03340,Smartphone,3,36158,2026-02-05,Cash on Delivery,Mumbai
FEB_006627,CUST_03374,Monitor,4,12403,2026-02-01,Debit Card,Mumbai
FEB_006628,CUST_03235,Monitor,5,38446,2026-02-10,Credit Card,Pune
FEB_006629,CUST_03218,Keyboard,1,28902,2026-02-13,Cash on Delivery,Chennai
FEB_006630,CUST_01001,Smartphone,2,2052,2026-02-23,Cash on Delivery,Mumbai
FEB_006631,CUST_00737,Headphones,4,33345,2026-02-06,Credit Card,Bangalore
FEB_006632,CUST_01764,Smartphone,5,28770,2026-02-06,Cash on Delivery,Pune
FEB_006633,CUST_00379,Monitor,5,32028,2026-02-02,Debit Card,Pune
FEB_006634,CUST_04940,Mouse,3,16100,2026-02-19,UPI,Mumbai
FEB_006635,CUST_01267,Laptop,2,26549,2026-02-01,Cash on Delivery,Hyderabad
FEB_006636,CUST_00049,Tablet,3,8204,2026-02-09,Credit Card,Hyderabad
FEB_006637,CUST_03610,Tablet,2,8274,2026-02-27,Cash on Delivery,Hyderabad
FEB_006638,CUST_03596,Smartphone,1,7088,2026-02-18,Credit Card,Delhi
FEB_006639,CUST_03594,Monitor,5,44347,2026-02-27,Credit Card,Mumbai
FEB_006640,CUST_03474,Headphones,4,5555,2026-02-02,Credit Card,Chennai
FEB_006641,CUST_02314,Laptop,5,44189,2026-02-05,Credit Card,Pune
FEB_006642,CUST_00241,Headphones,4,44239,2026-02-13,Credit Card,Bangalore
FEB_006643,CUST_04458,Tablet,2,20236,2026-02-20,Debit Card,Hyderabad
FEB_006644,CUST_03524,Monitor,2,930,2026-02-02,Credit Card,Mumbai
FEB_006645,CUST_01769,Keyboard,1,44533,2026-02-21,Debit Card,Bangalore
FEB_006646,CUST_01899,Keyboard,5,23453,2026-02-04,UPI,Delhi
FEB_006647,CUST_04653,Tablet,1,12693,2026-02-15,Debit Card,Bangalore
FEB_006648,CUST_04789,Smartphone,3,47171,2026-02-28,Cash on Delivery,Bangalore
FEB_006649,CUST_02144,Laptop,3,16850,2026-02-04,Debit Card,Bangalore
FEB_006650,CUST_01689,Tablet,4,4176,2026-02-21,UPI,Chennai
FEB_006651,CUST_03748,Keyboard,2,584,2026-02-16,Cash on Delivery,Chennai
FEB_006652,CUST_02820,Smartwatch,2,6272,2026-02-12,Credit Card,Chennai
FEB_006653,CUST_01542,Tablet,1,26111,2026-02-04,Debit Card,Mumbai
FEB_006654,CUST_01278,Mouse,5,29962,2026-02-08,Credit Card,Bangalore
FEB_006655,CUST_00210,Laptop,1,30654,2026-02-15,UPI,Mumbai
FEB_006656,CUST_03524,Smartphone,4,18467,2026-02-28,UPI,Hyderabad
FEB_006657,CUST_04175,Smartwatch,1,42285,2026-02-15,Debit Card,Hyderabad
FEB_006658,CUST_01665,Smartphone,3,43344,2026-02-15,Cash on Delivery,Mumbai
FEB_006659,CUST_00406,Mouse,4,24097,2026-02-04,Cash on Delivery,Bangalore
FEB_006660,CUST_00614,Mouse,2,908,2026-02-07,UPI,Chennai
FEB_006661,CUST_00523,Smartphone,1,25905,2026-02-25,Debit Card,Hyderabad
FEB_006662,CUST_04332,Monitor,2,29598,2026-02-07,Cash on Delivery,Pune
FEB_006663,CUST_04474,Headphones,5,37396,2026-02-05,Cash on Delivery,Bangalore
FEB_006664,CUST_03010,Monitor,1,47919,2026-02-17,Credit Card,Pune
FEB_006665,CUST_01343,Mouse,3,40088,2026-02-24,Debit Card,Hyderabad
FEB_006666,CUST_04144,Tablet,1,47668,2026-02-23,Credit Card,Bangalore
FEB_006667,CUST_03708,Mouse,3,33421,2026-02-13,Debit Card,Pune
FEB_006668,CUST_03571,Laptop,5,13220,2026-02-23,Cash on Delivery,Pune
FEB_006669,CUST_03169,Smartwatch,2,4264,2026-02-08,Debit Card,Chennai
FEB_006670,CUST_00141,Mouse,2,29805,2026-02-24,Cash on Delivery,Chennai
FEB_006671,CUST_00963,Smartphone,2,30495,2026-02-25,UPI,Chennai
FEB_006672,CUST_01624,Smartphone,4,33117,2026-02-04,UPI,Delhi
FEB_006673,CUST_04620,Laptop,1,45143,2026-02-20,Cash on Delivery,Hyderabad
FEB_006674,CUST_02661,Smartwatch,4,21895,2026-02-12,Cash on Delivery,Delhi
FEB_006675,CUST_00171,Tablet,1,41587,2026-02-02,Credit Card,Mumbai
FEB_006676,CUST_00574,Keyboard,2,45207,2026-02-17,Credit Card,Bangalore
FEB_006677,CUST_01239,Monitor,3,37292,2026-02-04,Cash on Delivery,Mumbai
FEB_006678,CUST_01694,Keyboard,3,35330,2026-02-04,Debit Card,Pune
FEB_006679,CUST_03201,Smartphone,5,3968,2026-02-07,Cash on Delivery,Chennai
FEB_006680,CUST_03495,Tablet,3,37388,2026-02-27,Cash on Delivery,Chennai
FEB_006681,CUST_04646,Mouse,4,6165,2026-02-03,Credit Card,Bangalore
FEB_006682,CUST_00342,Keyboard,4,4145,2026-02-28,UPI,Hyderabad
FEB_006683,CUST_00672,Smartphone,4,48036,2026-02-04,Debit Card,Delhi
FEB_006684,CUST_03899,Tablet,3,18782,2026-02-26,Cash on Delivery,Delhi
FEB_006685,CUST_02466,Laptop,4,7111,2026-02-18,Cash on Delivery,Pune
FEB_006686,CUST_01508,Keyboard,5,27308,2026-02-07,Cash on Delivery,Chennai
FEB_006687,CUST_04070,Headphones,5,35513,2026-02-12,Debit Card,Bangalore
FEB_006688,CUST_03806,Smartphone,3,37778,2026-02-01,UPI,Hyderabad
FEB_006689,CUST_00823,Smartwatch,2,6319,2026-02-20,Debit Card,Delhi
FEB_006690,CUST_01937,Headphones,2,44008,2026-02-20,UPI,Bangalore
FEB_006691,CUST_00034,Mouse,4,35684,2026-02-03,Cash on Delivery,Mumbai
FEB_006692,CUST_03404,Smartphone,2,12421,2026-02-12,UPI,Chennai
FEB_006693,CUST_03675,Smartphone,3,24281,2026-02-14,Debit Card,Chennai
FEB_006694,CUST_00118,Mouse,4,29172,2026-02-11,Cash on Delivery,Bangalore
FEB_006695,CUST_02783,Laptop,3,28846,2026-02-27,UPI,Bangalore
FEB_006696,CUST_03790,Headphones,2,24947,2026-02-23,Debit Card,Chennai
FEB_006697,CUST_04547,Keyboard,1,40366,2026-02-10,Credit Card,Hyderabad
FEB_006698,CUST_03937,Smartwatch,4,5483,2026-02-01,Debit Card,Pune
FEB_006699,CUST_03584,Headphones,2,21426,2026-02-23,UPI,Mumbai
FEB_006700,CUST_04199,Headphones,2,11389,2026-02-21,Debit Card,Hyderabad
FEB_006701,CUST_02542,Monitor,5,7954,2026-02-18,Debit Card,Pune
FEB_006702,CUST_01477,Tablet,4,7556,2026-02-28,UPI,Delhi
FEB_006703,CUST_02846,Smartphone,4,28646,2026-02-03,Cash on Delivery,Hyderabad
FEB_006704,CUST_01217,Keyboard,3,23800,2026-02-18,UPI,Delhi
FEB_006705,CUST_01629,Headphones,4,23266,2026-02-12,Credit Card,Delhi
FEB_006706,CUST_00651,Mouse,1,14819,2026-02-12,UPI,Hyderabad
FEB_006707,CUST_03887,Tablet,5,20757,2026-02-25,UPI,Pune
FEB_006708,CUST_02973,Keyboard,5,36736,2026-02-10,Debit Card,Delhi
FEB_006709,CUST_01768,Smartwatch,4,16640,2026-02-17,Cash on Delivery,Mumbai
FEB_006710,CUST_04793,Smartwatch,2,27827,2026-02-21,Cash on Delivery,Hyderabad
FEB_006711,CUST_01788,Keyboard,5,21237,2026-02-09,Debit Card,Pune
FEB_006712,CUST_02254,Headphones,2,15137,2026-02-13,UPI,Bangalore
FEB_006713,CUST_04757,Laptop,5,4459,2026-02-10,Cash on Delivery,Delhi
FEB_006714,CUST_02967,Laptop,2,48283,2026-02-05,Cash on Delivery,Delhi
FEB_006715,CUST_04111,Smartphone,5,26845,2026-02-16,Credit Card,Delhi
FEB_006716,CUST_03347,Mouse,5,22287,2026-02-22,Cash on Delivery,Hyderabad
FEB_006717,CUST_00740,Tablet,3,31920,2026-02-28,Debit Card,Pune
FEB_006718,CUST_00677,Keyboard,4,28252,2026-02-02,Credit Card,Delhi
FEB_006719,CUST_03493,Keyboard,2,26555,2026-02-02,UPI,Chennai
FEB_006720,CUST_00303,Headphones,4,22525,2026-02-13,Debit Card,Pune
FEB_006721,CUST_02170,Headphones,3,15403,2026-02-12,Credit Card,Pune
FEB_006722,CUST_04089,Laptop,3,16348,2026-02-27,UPI,Pune
FEB_006723,CUST_00705,Smartwatch,5,20719,2026-02-18,Cash on Delivery,Pune
FEB_006724,CUST_03672,Headphones,2,1723,2026-02-18,Cash on Delivery,Bangalore
FEB_006725,CUST_02805,Keyboard,1,45278,2026-02-10,Debit Card,Mumbai
FEB_006726,CUST_01114,Headphones,1,26473,2026-02-22,Credit Card,Hyderabad
FEB_006727,CUST_00482,Tablet,5,5935,2026-02-15,Debit Card,Hyderabad
FEB_006728,CUST_00640,Smartphone,4,39325,2026-02-06,Cash on Delivery,Chennai
FEB_006729,CUST_01102,Monitor,4,18634,2026-02-11,Cash on Delivery,Bangalore
FEB_006730,CUST_02940,Tablet,3,35579,2026-02-03,UPI,Hyderabad
FEB_006731,CUST_03137,Keyboard,1,28472,2026-02-13,Debit Card,Hyderabad
FEB_006732,CUST_04934,Monitor,5,15110,2026-02-21,Debit Card,Delhi
FEB_006733,CUST_00997,Laptop,2,35068,2026-02-14,Cash on Delivery,Bangalore
FEB_006734,CUST_03691,Smartphone,4,17081,2026-02-18,Debit Card,Bangalore
FEB_006735,CUST_00237,Headphones,1,2845,2026-02-13,Debit Card,Delhi
FEB_006736,CUST_00960,Smartwatch,3,942,2026-02-08,UPI,Chennai
FEB_006737,CUST_04680,Smartwatch,3,33879,2026-02-27,UPI,Bangalore
FEB_006738,CUST_03670,Smartwatch,3,45168,2026-02-19,UPI,Hyderabad
FEB_006739,CUST_00819,Tablet,3,37856,2026-02-01,Credit Card,Hyderabad
FEB_006740,CUST_03792,Tablet,5,22773,2026-02-07,Cash on Delivery,Pune
FEB_006741,CUST_04097,Mouse,4,3835,2026-02-01,Cash on Delivery,Hyderabad
FEB_006742,CUST_03687,Laptop,1,19625,2026-02-15,Credit Card,Bangalore
FEB_006743,CUST_01272,Tablet,4,40721,2026-02-22,Debit Card,Hyderabad
FEB_006744,CUST_02649,Keyboard,3,42981,2026-02-23,UPI,Mumbai
FEB_006745,CUST_02310,Mouse,2,3726,2026-02-15,Credit Card,Pune
FEB_006746,CUST_00171,Smartphone,3,2245,2026-02-06,UPI,Hyderabad
FEB_006747,CUST_00901,Smartwatch,3,12446,2026-02-09,Credit Card,Delhi
FEB_006748,CUST_04812,Smartwatch,1,22768,2026-02-12,Credit Card,Pune
FEB_006749,CUST_04616,Smartwatch,2,19887,2026-02-27,Cash on Delivery,Bangalore
FEB_006750,CUST_04224,Headphones,5,19158,2026-02-10,Cash on Delivery,Mumbai
FEB_006751,CUST_03406,Keyboard,3,10542,2026-02-05,Cash on Delivery,Chennai
FEB_006752,CUST_02192,Keyboard,4,6246,2026-02-05,Debit Card,Mumbai
FEB_006753,CUST_01533,Smartwatch,4,16112,2026-02-17,UPI,Hyderabad
FEB_006754,CUST_04856,Headphones,5,490,2026-02-28,UPI,Bangalore
FEB_006755,CUST_02051,Mouse,1,4757,2026-02-25,Debit Card,Mumbai
FEB_006756,CUST_02713,Headphones,3,45614,2026-02-04,UPI,Delhi
FEB_006757,CUST_00409,Smartwatch,3,25691,2026-02-02,Debit Card,Pune
FEB_006758,CUST_04078,Keyboard,1,44217,2026-02-04,Credit Card,Bangalore
FEB_006759,CUST_00261,Mouse,3,46020,2026-02-18,Cash on Delivery,Chennai
FEB_006760,CUST_01344,Smartwatch,5,5637,2026-02-21,UPI,Pune
FEB_006761,CUST_00212,Mouse,1,16784,2026-02-04,Debit Card,Pune
FEB_006762,CUST_03700,Mouse,5,4091,2026-02-03,Cash on Delivery,Bangalore
FEB_006763,CUST_03562,Keyboard,3,48326,2026-02-25,UPI,Mumbai
FEB_006764,CUST_00082,Smartphone,5,3559,2026-02-10,Debit Card,Hyderabad
FEB_006765,CUST_01756,Keyboard,1,14402,2026-02-12,Debit Card,Bangalore
FEB_006766,CUST_00656,Tablet,5,45783,2026-02-15,Debit Card,Delhi
FEB_006767,CUST_02772,Monitor,2,9176,2026-02-14,Credit Card,Delhi
FEB_006768,CUST_01876,Keyboard,4,39502,2026-02-15,UPI,Hyderabad
FEB_006769,CUST_01491,Monitor,1,41442,2026-02-01,Credit Card,Pune
FEB_006770,CUST_01257,Smartwatch,4,24104,2026-02-22,Credit Card,Hyderabad
FEB_006771,CUST_01393,Smartwatch,3,36026,2026-02-21,UPI,Delhi
FEB_006772,CUST_00971,Headphones,2,16953,2026-02-22,Credit Card,Mumbai
FEB_006773,CUST_02154,Smartwatch,5,20701,2026-02-25,Cash on Delivery,Pune
FEB_006774,CUST_02308,Smartphone,2,8774,2026-02-10,Credit Card,Pune
FEB_006775,CUST_03954,Smartphone,1,35732,2026-02-02,Debit Card,Delhi
FEB_006776,CUST_03113,Monitor,5,38402,2026-02-12,Credit Card,Hyderabad
FEB_006777,CUST_04120,Smartphone,3,39918,2026-02-10,UPI,Chennai
FEB_006778,CUST_00516,Headphones,5,47530,2026-02-24,Credit Card,Delhi
FEB_006779,CUST_02120,Headphones,4,20332,2026-02-03,Debit Card,Pune
FEB_006780,CUST_03429,Mouse,1,30713,2026-02-15,Credit Card,Mumbai
FEB_006781,CUST_00800,Laptop,5,41166,2026-02-09,Cash on Delivery,Hyderabad
FEB_006782,CUST_02512,Smartwatch,1,36476,2026-02-08,Debit Card,Bangalore
FEB_006783,CUST_02060,Keyboard,3,44965,2026-02-06,Debit Card,Delhi
FEB_006784,CUST_01870,Smartwatch,5,522,2026-02-10,UPI,Chennai
FEB_006785,CUST_04520,Keyboard,5,30501,2026-02-02,Cash on Delivery,Mumbai
FEB_006786,CUST_02236,Laptop,5,22030,2026-02-02,Credit Card,Delhi
FEB_006787,CUST_03901,Monitor,4,23631,2026-02-04,UPI,Bangalore
FEB_006788,CUST_03312,Monitor,3,25168,2026-02-27,UPI,Chennai
FEB_006789,CUST_04361,Headphones,2,7092,2026-02-13,Debit Card,Bangalore
FEB_006790,CUST_03567,Smartphone,1,3698,2026-02-15,Credit Card,Delhi
FEB_006791,CUST_00695,Mouse,3,26704,2026-02-12,Debit Card,Hyderabad
FEB_006792,CUST_00712,Keyboard,2,28078,2026-02-10,Cash on Delivery,Pune
FEB_006793,CUST_03963,Keyboard,2,35491,2026-02-03,Debit Card,Hyderabad
FEB_006794,CUST_02240,Headphones,4,4588,2026-02-13,Debit Card,Chennai
FEB_006795,CUST_00298,Smartphone,4,42946,2026-02-28,Credit Card,Hyderabad
FEB_006796,CUST_01801,Smartwatch,4,21000,2026-02-10,UPI,Mumbai
FEB_006797,CUST_01028,Tablet,3,29588,2026-02-05,Credit Card,Mumbai
FEB_006798,CUST_04324,Tablet,3,1739,2026-02-20,Cash on Delivery,Delhi
FEB_006799,CUST_02861,Headphones,4,16219,2026-02-04,UPI,Hyderabad
FEB_006800,CUST_02966,Monitor,4,37135,2026-02-28,Debit Card,Bangalore
FEB_006801,CUST_03681,Smartphone,4,23810,2026-02-12,Credit Card,Chennai
FEB_006802,CUST_02229,Headphones,2,2838,2026-02-03,Cash on Delivery,Hyderabad
FEB_006803,CUST_01416,Tablet,2,2376,2026-02-17,Cash on Delivery,Delhi
FEB_006804,CUST_00305,Tablet,1,23588,2026-02-05,Credit Card,Bangalore
FEB_006805,CUST_01426,Laptop,2,28296,2026-02-26,Credit Card,Bangalore
FEB_006806,CUST_03103,Laptop,4,1675,2026-02-21,Debit Card,Mumbai
FEB_006807,CUST_02438,Smartphone,2,5894,2026-02-19,UPI,Delhi
FEB_006808,CUST_02578,Monitor,2,36451,2026-02-04,Credit Card,Mumbai
FEB_006809,CUST_00967,Monitor,2,37429,2026-02-13,UPI,Hyderabad
FEB_006810,CUST_00387,Headphones,2,13786,2026-02-07,Cash on Delivery,Pune
FEB_006811,CUST_04948,Smartwatch,3,17637,2026-02-16,Credit Card,Hyderabad
FEB_006812,CUST_00758,Headphones,1,47557,2026-02-22,Credit Card,Delhi
FEB_006813,CUST_03684,Smartphone,4,3283,2026-02-22,Credit Card,Bangalore
FEB_006814,CUST_04218,Laptop,4,4866,2026-02-10,Credit Card,Mumbai
FEB_006815,CUST_03255,Mouse,1,31593,2026-02-20,Cash on Delivery,Mumbai
FEB_006816,CUST_02615,Laptop,1,20261,2026-02-03,Credit Card,Hyderabad
FEB_006817,CUST_01486,Smartwatch,5,5922,2026-02-12,Debit Card,Mumbai
FEB_006818,CUST_01106,Tablet,1,20126,2026-02-07,Credit Card,Hyderabad
FEB_006819,CUST_03591,Keyboard,1,12538,2026-02-04,Credit Card,Delhi
FEB_006820,CUST_00848,Smartphone,1,41138,2026-02-25,Credit Card,Hyderabad
FEB_006821,CUST_03862,Smartphone,2,46436,2026-02-27,Debit Card,Chennai
FEB_006822,CUST_03200,Keyboard,3,38363,2026-02-11,Cash on Delivery,Delhi
FEB_006823,CUST_01743,Smartphone,2,43293,2026-02-19,Credit Card,Chennai
FEB_006824,CUST_04843,Headphones,5,31853,2026-02-17,Debit Card,Chennai
FEB_006825,CUST_04235,Smartwatch,3,32122,2026-02-19,UPI,Pune
FEB_006826,CUST_04891,Mouse,5,28873,2026-02-10,Debit Card,Chennai
FEB_006827,CUST_01349,Keyboard,4,26231,2026-02-19,UPI,Mumbai
FEB_006828,CUST_02506,Keyboard,3,14954,2026-02-16,Credit Card,Chennai
FEB_006829,CUST_00124,Mouse,5,38363,2026-02-18,UPI,Chennai
FEB_006830,CUST_01177,Keyboard,1,48048,2026-02-22,Credit Card,Delhi
FEB_006831,CUST_03144,Keyboard,3,6105,2026-02-17,Credit Card,Mumbai
FEB_006832,CUST_02081,Headphones,3,27837,2026-02-21,Credit Card,Bangalore
FEB_006833,CUST_01569,Smartphone,2,8044,2026-02-10,Cash on Delivery,Pune
FEB_006834,CUST_00217,Laptop,4,38500,2026-02-19,Credit Card,Hyderabad
FEB_006835,CUST_03197,Laptop,4,45607,2026-02-22,Credit Card,Hyderabad
FEB_006836,CUST_00168,Laptop,4,25990,2026-02-15,Credit Card,Bangalore
FEB_006837,CUST_03339,Headphones,1,18537,2026-02-19,Credit Card,Chennai
FEB_006838,CUST_02324,Headphones,3,4419,2026-02-03,Debit Card,Pune
FEB_006839,CUST_03375,Tablet,3,25267,2026-02-17,Credit Card,Chennai
FEB_006840,CUST_01664,Keyboard,1,39235,2026-02-07,Credit Card,Delhi
FEB_006841,CUST_04433,Headphones,3,25105,2026-02-08,Cash on Delivery,Mumbai
FEB_006842,CUST_01576,Tablet,2,9004,2026-02-20,Credit Card,Mumbai
FEB_006843,CUST_00937,Monitor,3,45435,2026-02-22,UPI,Chennai
FEB_006844,CUST_02898,Headphones,1,8031,2026-02-16,Cash on Delivery,Mumbai
FEB_006845,CUST_01178,Smartphone,3,20366,2026-02-08,Cash on Delivery,Bangalore
FEB_006846,CUST_02314,Smartwatch,5,2394,2026-02-09,Cash on Delivery,Bangalore
FEB_006847,CUST_01374,Tablet,2,3933,2026-02-06,Debit Card,Delhi
FEB_006848,CUST_00626,Mouse,1,10104,2026-02-17,UPI,Bangalore
FEB_006849,CUST_02738,Smartwatch,4,19236,2026-02-12,Debit Card,Pune
FEB_006850,CUST_03897,Tablet,2,3395,2026-02-12,UPI,Hyderabad
FEB_006851,CUST_03061,Laptop,5,3109,2026-02-01,Debit Card,Bangalore
FEB_006852,CUST_02941,Mouse,2,33076,2026-02-18,Debit Card,Delhi
FEB_006853,CUST_00760,Monitor,5,38922,2026-02-07,Credit Card,Pune
FEB_006854,CUST_01179,Mouse,2,36285,2026-02-05,Debit Card,Hyderabad
FEB_006855,CUST_01724,Smartwatch,4,26237,2026-02-15,UPI,Chennai
FEB_006856,CUST_00252,Smartphone,1,30890,2026-02-25,Debit Card,Pune
FEB_006857,CUST_02820,Laptop,5,42610,2026-02-24,Debit Card,Bangalore
FEB_006858,CUST_04805,Smartphone,3,31111,2026-02-20,Debit Card,Chennai
FEB_006859,CUST_00526,Monitor,4,12309,2026-02-26,UPI,Pune
FEB_006860,CUST_03952,Mouse,1,10403,2026-02-25,Cash on Delivery,Pune
FEB_006861,CUST_04011,Smartwatch,3,18430,2026-02-13,Credit Card,Hyderabad
FEB_006862,CUST_02684,Keyboard,5,2716,2026-02-17,Debit Card,Delhi
FEB_006863,CUST_01660,Mouse,2,10276,2026-02-28,Cash on Delivery,Bangalore
FEB_006864,CUST_04136,Headphones,4,26963,2026-02-21,UPI,Bangalore
FEB_006865,CUST_04366,Monitor,1,3281,2026-02-01,Credit Card,Hyderabad
FEB_006866,CUST_00433,Tablet,4,27474,2026-02-20,Debit Card,Hyderabad
FEB_006867,CUST_04372,Laptop,4,49262,2026-02-05,Credit Card,Chennai
FEB_006868,CUST_03050,Smartwatch,4,19755,2026-02-08,Credit Card,Hyderabad
FEB_006869,CUST_02782,Smartwatch,5,7148,2026-02-02,Debit Card,Mumbai
FEB_006870,CUST_01577,Laptop,5,5936,2026-02-28,Credit Card,Chennai
FEB_006871,CUST_01375,Keyboard,4,40047,2026-02-03,UPI,Mumbai
FEB_006872,CUST_01232,Tablet,2,47654,2026-02-01,Cash on Delivery,Delhi
FEB_006873,CUST_03776,Keyboard,3,45262,2026-02-26,Debit Card,Bangalore
FEB_006874,CUST_00747,Mouse,2,30530,2026-02-22,Credit Card,Bangalore
FEB_006875,CUST_04145,Mouse,5,18361,2026-02-20,UPI,Hyderabad
FEB_006876,CUST_01099,Headphones,5,43977,2026-02-05,Debit Card,Pune
FEB_006877,CUST_00260,Headphones,4,18245,2026-02-28,Debit Card,Mumbai
FEB_006878,CUST_00262,Smartwatch,4,34484,2026-02-14,Credit Card,Chennai
FEB_006879,CUST_00362,Keyboard,5,13181,2026-02-27,Cash on Delivery,Pune
FEB_006880,CUST_04040,Smartwatch,4,6617,2026-02-18,Credit Card,Delhi
FEB_006881,CUST_03746,Keyboard,5,9294,2026-02-07,Credit Card,Mumbai
FEB_006882,CUST_00453,Tablet,3,1727,2026-02-07,Debit Card,Pune
FEB_006883,CUST_00464,Headphones,4,28138,2026-02-16,UPI,Chennai
FEB_006884,CUST_04626,Laptop,2,40529,2026-02-28,UPI,Chennai
FEB_006885,CUST_00703,Headphones,1,26366,2026-02-18,UPI,Bangalore
FEB_006886,CUST_04780,Laptop,1,37020,2026-02-26,Credit Card,Chennai
FEB_006887,CUST_02756,Laptop,1,15303,2026-02-28,UPI,Bangalore
FEB_006888,CUST_04477,Keyboard,3,13683,2026-02-13,Debit Card,Chennai
FEB_006889,CUST_00970,Keyboard,3,42992,2026-02-04,UPI,Delhi
FEB_006890,CUST_02894,Headphones,4,49248,2026-02-19,Debit Card,Chennai
FEB_006891,CUST_00799,Smartwatch,2,491,2026-02-18,Credit Card,Chennai
FEB_006892,CUST_04126,Keyboard,4,6285,2026-02-17,Debit Card,Chennai
FEB_006893,CUST_00755,Mouse,1,26710,2026-02-26,Credit Card,Bangalore
FEB_006894,CUST_04060,Smartphone,1,9581,2026-02-27,Credit Card,Bangalore
FEB_006895,CUST_03803,Keyboard,3,37782,2026-02-04,Debit Card,Chennai
FEB_006896,CUST_01266,Mouse,3,49829,2026-02-26,Credit Card,Chennai
FEB_006897,CUST_01559,Smartphone,2,5314,2026-02-13,UPI,Hyderabad
FEB_006898,CUST_02869,Smartwatch,1,20605,2026-02-12,UPI,Chennai
FEB_006899,CUST_02838,Mouse,5,19989,2026-02-13,UPI,Chennai
FEB_006900,CUST_03602,Monitor,5,9330,2026-02-16,Credit Card,Mumbai
FEB_006901,CUST_02726,Smartwatch,3,30332,2026-02-14,UPI,Delhi
FEB_006902,CUST_00227,Smartphone,4,36078,2026-02-14,UPI,Bangalore
FEB_006903,CUST_02179,Keyboard,4,38387,2026-02-16,Debit Card,Pune
FEB_006904,CUST_04591,Laptop,3,19032,2026-02-13,Cash on Delivery,Delhi
FEB_006905,CUST_02243,Smartphone,3,16247,2026-02-11,UPI,Bangalore
FEB_006906,CUST_04323,Smartwatch,2,31655,2026-02-07,Cash on Delivery,Delhi
FEB_006907,CUST_01777,Headphones,5,4469,2026-02-12,Debit Card,Chennai
FEB_006908,CUST_05000,Smartwatch,5,22965,2026-02-28,UPI,Delhi
FEB_006909,CUST_03299,Tablet,2,38791,2026-02-27,UPI,Pune
FEB_006910,CUST_03527,Mouse,2,42807,2026-02-17,Credit Card,Chennai
FEB_006911,CUST_00341,Headphones,3,45293,2026-02-09,Debit Card,Delhi
FEB_006912,CUST_04361,Mouse,1,43661,2026-02-27,UPI,Delhi
FEB_006913,CUST_02948,Keyboard,2,17650,2026-02-21,Debit Card,Bangalore
FEB_006914,CUST_03356,Keyboard,2,21234,2026-02-15,UPI,Chennai
FEB_006915,CUST_00316,Tablet,4,12515,2026-02-13,Cash on Delivery,Chennai
FEB_006916,CUST_01569,Tablet,5,35154,2026-02-15,Cash on Delivery,Pune
FEB_006917,CUST_04461,Smartwatch,4,7125,2026-02-23,Cash on Delivery,Mumbai
FEB_006918,CUST_01582,Headphones,1,39972,2026-02-24,Credit Card,Delhi
FEB_006919,CUST_01520,Smartwatch,4,31239,2026-02-25,Credit Card,Delhi
FEB_006920,CUST_03293,Tablet,2,14805,2026-02-16,Credit Card,Delhi
FEB_006921,CUST_01372,Laptop,4,22304,2026-02-28,Cash on Delivery,Hyderabad
FEB_006922,CUST_04552,Smartphone,5,23430,2026-02-04,Debit Card,Chennai
FEB_006923,CUST_02312,Mouse,4,25440,2026-02-15,Cash on Delivery,Mumbai
FEB_006924,CUST_00312,Smartphone,4,40059,2026-02-24,Credit Card,Mumbai
FEB_006925,CUST_04404,Keyboard,1,39321,2026-02-01,Credit Card,Bangalore
FEB_006926,CUST_02923,Laptop,1,20369,2026-02-28,Cash on Delivery,Hyderabad
FEB_006927,CUST_00422,Keyboard,4,45343,2026-02-16,UPI,Chennai
FEB_006928,CUST_01027,Headphones,2,29616,2026-02-26,UPI,Mumbai
FEB_006929,CUST_01456,Smartwatch,1,28561,2026-02-24,Cash on Delivery,Hyderabad
FEB_006930,CUST_01760,Mouse,2,12025,2026-02-12,Debit Card,Mumbai
FEB_006931,CUST_03190,Mouse,4,1755,2026-02-23,UPI,Mumbai
FEB_006932,CUST_03029,Monitor,1,26307,2026-02-28,Cash on Delivery,Mumbai
FEB_006933,CUST_01466,Smartwatch,3,33860,2026-02-16,Credit Card,Mumbai
FEB_006934,CUST_04217,Keyboard,4,27746,2026-02-19,Debit Card,Pune
FEB_006935,CUST_03401,Monitor,1,31201,2026-02-03,Cash on Delivery,Bangalore
FEB_006936,CUST_03939,Keyboard,5,23204,2026-02-13,Cash on Delivery,Bangalore
FEB_006937,CUST_03659,Smartphone,3,23665,2026-02-03,Credit Card,Delhi
FEB_006938,CUST_00573,Mouse,5,7787,2026-02-10,UPI,Hyderabad
FEB_006939,CUST_00177,Monitor,2,37771,2026-02-26,UPI,Bangalore
FEB_006940,CUST_00463,Mouse,3,17268,2026-02-02,UPI,Hyderabad
FEB_006941,CUST_03784,Smartwatch,5,15287,2026-02-04,Debit Card,Mumbai
FEB_006942,CUST_01789,Tablet,1,3397,2026-02-18,Cash on Delivery,Bangalore
FEB_006943,CUST_03470,Headphones,2,48299,2026-02-17,Credit Card,Chennai
FEB_006944,CUST_01163,Laptop,4,13333,2026-02-20,UPI,Chennai
FEB_006945,CUST_03226,Smartwatch,5,32801,2026-02-26,Credit Card,Hyderabad
FEB_006946,CUST_00465,Smartwatch,3,15890,2026-02-02,Debit Card,Delhi
FEB_006947,CUST_01226,Keyboard,5,28127,2026-02-17,Credit Card,Hyderabad
FEB_006948,CUST_03309,Keyboard,5,33536,2026-02-04,Cash on Delivery,Mumbai
FEB_006949,CUST_01085,Tablet,4,33146,2026-02-11,Credit Card,Chennai
FEB_006950,CUST_02011,Monitor,3,34102,2026-02-21,Cash on Delivery,Chennai
FEB_006951,CUST_04681,Smartphone,3,8934,2026-02-28,Debit Card,Bangalore
FEB_006952,CUST_01168,Monitor,3,22846,2026-02-10,Credit Card,Pune
FEB_006953,CUST_04265,Monitor,2,13290,2026-02-27,Cash on Delivery,Chennai
FEB_006954,CUST_03925,Monitor,5,9534,2026-02-11,Debit Card,Mumbai
FEB_006955,CUST_01866,Mouse,1,23489,2026-02-18,Debit Card,Hyderabad
FEB_006956,CUST_04797,Keyboard,4,26526,2026-02-07,UPI,Bangalore
FEB_006957,CUST_01573,Tablet,5,10684,2026-02-12,UPI,Bangalore
FEB_006958,CUST_02924,Laptop,4,48874,2026-02-19,UPI,Chennai
FEB_006959,CUST_03734,Monitor,3,32104,2026-02-05,Debit Card,Delhi
FEB_006960,CUST_00349,Monitor,4,34580,2026-02-19,Debit Card,Pune
FEB_006961,CUST_02165,Headphones,5,21807,2026-02-17,Credit Card,Bangalore
FEB_006962,CUST_03384,Tablet,2,24834,2026-02-20,Cash on Delivery,Mumbai
FEB_006963,CUST_00825,Headphones,2,35913,2026-02-20,UPI,Bangalore
FEB_006964,CUST_04240,Keyboard,2,20803,2026-02-02,UPI,Bangalore
FEB_006965,CUST_02855,Monitor,2,41420,2026-02-06,Cash on Delivery,Hyderabad
FEB_006966,CUST_02785,Smartphone,1,40739,2026-02-07,UPI,Pune
FEB_006967,CUST_02899,Keyboard,4,46296,2026-02-07,Debit Card,Chennai
FEB_006968,CUST_04203,Monitor,4,35568,2026-02-08,Debit Card,Delhi
FEB_006969,CUST_00719,Keyboard,3,23445,2026-02-22,Cash on Delivery,Pune
FEB_006970,CUST_01388,Headphones,4,43300,2026-02-10,Cash on Delivery,Hyderabad
FEB_006971,CUST_01627,Smartwatch,5,4776,2026-02-06,Credit Card,Mumbai
FEB_006972,CUST_01990,Mouse,2,380,2026-02-09,Debit Card,Delhi
FEB_006973,CUST_02554,Keyboard,5,29971,2026-02-26,Cash on Delivery,Hyderabad
FEB_006974,CUST_04228,Mouse,5,1930,2026-02-09,UPI,Mumbai
FEB_006975,CUST_00345,Keyboard,2,48156,2026-02-13,Credit Card,Hyderabad
FEB_006976,CUST_03098,Keyboard,1,45585,2026-02-28,Debit Card,Bangalore
FEB_006977,CUST_03512,Headphones,3,12304,2026-02-13,Credit Card,Pune
FEB_006978,CUST_00839,Smartwatch,3,49115,2026-02-12,Cash on Delivery,Pune
FEB_006979,CUST_02717,Keyboard,1,5842,2026-02-28,Credit Card,Hyderabad
FEB_006980,CUST_02104,Laptop,3,29396,2026-02-10,Cash on Delivery,Pune
FEB_006981,CUST_00732,Monitor,2,47038,2026-02-12,Debit Card,Chennai
FEB_006982,CUST_01480,Monitor,2,23733,2026-02-13,Credit Card,Mumbai
FEB_006983,CUST_00736,Smartwatch,4,12962,2026-02-06,UPI,Bangalore
FEB_006984,CUST_03361,Tablet,4,35670,2026-02-15,Credit Card,Hyderabad
FEB_006985,CUST_00697,Keyboard,5,18639,2026-02-02,Debit Card,Mumbai
FEB_006986,CUST_00455,Smartphone,1,13275,2026-02-08,Debit Card,Hyderabad
FEB_006987,CUST_01535,Headphones,3,22071,2026-02-02,UPI,Pune
FEB_006988,CUST_00552,Tablet,2,8456,2026-02-13,Credit Card,Pune
FEB_006989,CUST_02912,Keyboard,1,14881,2026-02-21,Credit Card,Chennai
FEB_006990,CUST_04749,Keyboard,2,33591,2026-02-16,UPI,Chennai
FEB_006991,CUST_00669,Headphones,4,42672,2026-02-14,UPI,Mumbai
FEB_006992,CUST_04361,Headphones,3,37836,2026-02-21,Credit Card,Pune
FEB_006993,CUST_04505,Keyboard,2,21802,2026-02-05,Debit Card,Chennai
FEB_006994,CUST_02387,Mouse,3,22177,2026-02-21,Cash on Delivery,Hyderabad
FEB_006995,CUST_03039,Keyboard,3,16616,2026-02-08,UPI,Mumbai
FEB_006996,CUST_01620,Headphones,4,30495,2026-02-23,Cash on Delivery,Hyderabad
FEB_006997,CUST_03446,Smartphone,1,15729,2026-02-14,UPI,Mumbai
FEB_006998,CUST_02063,Mouse,3,19161,2026-02-26,UPI,Mumbai
FEB_006999,CUST_04604,Smartwatch,5,40826,2026-02-10,UPI,Chennai
FEB_007000,CUST_03745,Smartwatch,4,4758,2026-02-08,Debit Card,Bangalore
FEB_007001,CUST_04348,Laptop,4,20918,2026-02-23,Credit Card,Chennai
FEB_007002,CUST_01852,Laptop,1,14138,2026-02-20,UPI,Mumbai
FEB_007003,CUST_03765,Smartphone,4,37421,2026-02-11,Debit Card,Delhi
FEB_007004,CUST_00712,Monitor,4,36961,2026-02-19,Cash on Delivery,Chennai
FEB_007005,CUST_04479,Mouse,4,21905,2026-02-10,Cash on Delivery,Pune
FEB_007006,CUST_00767,Tablet,3,18766,2026-02-05,UPI,Pune
FEB_007007,CUST_02593,Tablet,1,46759,2026-02-14,Credit Card,Delhi
FEB_007008,CUST_02751,Monitor,2,30034,2026-02-10,Cash on Delivery,Mumbai
FEB_007009,CUST_01933,Laptop,3,40279,2026-02-27,Cash on Delivery,Chennai
FEB_007010,CUST_04439,Laptop,1,24212,2026-02-04,Debit Card,Mumbai
FEB_007011,CUST_01557,Mouse,1,11318,2026-02-07,Credit Card,Pune
FEB_007012,CUST_00521,Monitor,1,44531,2026-02-23,Credit Card,Delhi
FEB_007013,CUST_03976,Tablet,3,48158,2026-02-16,Cash on Delivery,Bangalore
FEB_007014,CUST_03565,Tablet,2,48777,2026-02-26,Cash on Delivery,Pune
FEB_007015,CUST_00068,Laptop,2,8444,2026-02-01,UPI,Chennai
FEB_007016,CUST_01883,Smartphone,4,45051,2026-02-13,Cash on Delivery,Mumbai
FEB_007017,CUST_01087,Headphones,5,3458,2026-02-22,Debit Card,Pune
FEB_007018,CUST_01031,Mouse,1,25188,2026-02-10,Cash on Delivery,Mumbai
FEB_007019,CUST_03991,Headphones,5,47303,2026-02-25,Debit Card,Bangalore
FEB_007020,CUST_02342,Monitor,4,22958,2026-02-07,Cash on Delivery,Hyderabad
FEB_007021,CUST_01851,Mouse,5,11997,2026-02-27,Credit Card,Chennai
FEB_007022,CUST_04318,Keyboard,3,34600,2026-02-16,Debit Card,Pune
FEB_007023,CUST_01639,Keyboard,2,26577,2026-02-08,Credit Card,Bangalore
FEB_007024,CUST_04165,Laptop,1,1506,2026-02-25,UPI,Hyderabad
FEB_007025,CUST_04724,Keyboard,5,31290,2026-02-01,Cash on Delivery,Pune
FEB_007026,CUST_00687,Mouse,4,12724,2026-02-22,Credit Card,Delhi
FEB_007027,CUST_01029,Laptop,4,48868,2026-02-28,Credit Card,Pune
FEB_007028,CUST_04690,Monitor,2,18604,2026-02-08,UPI,Mumbai
FEB_007029,CUST_02121,Monitor,3,45588,2026-02-08,Debit Card,Mumbai
FEB_007030,CUST_02157,Monitor,2,3901,2026-02-04,Cash on Delivery,Pune
FEB_007031,CUST_01789,Laptop,1,11627,2026-02-25,Credit Card,Hyderabad
FEB_007032,CUST_00448,Tablet,4,16089,2026-02-01,Cash on Delivery,Pune
FEB_007033,CUST_03552,Monitor,3,24382,2026-02-22,UPI,Bangalore
FEB_007034,CUST_03223,Headphones,2,1007,2026-02-10,Credit Card,Chennai
FEB_007035,CUST_04924,Monitor,4,47167,2026-02-20,Debit Card,Delhi
FEB_007036,CUST_04230,Laptop,2,40069,2026-02-27,UPI,Pune
FEB_007037,CUST_01523,Laptop,2,34398,2026-02-26,UPI,Delhi
FEB_007038,CUST_01879,Headphones,4,18167,2026-02-03,UPI,Mumbai
FEB_007039,CUST_00873,Smartwatch,4,9346,2026-02-24,Credit Card,Chennai
FEB_007040,CUST_01982,Laptop,5,6316,2026-02-19,Debit Card,Bangalore
FEB_007041,CUST_00258,Tablet,5,28049,2026-02-12,UPI,Pune
FEB_007042,CUST_00397,Monitor,5,46461,2026-02-08,Debit Card,Mumbai
FEB_007043,CUST_00441,Smartphone,4,28113,2026-02-22,Credit Card,Mumbai
FEB_007044,CUST_04780,Laptop,4,10542,2026-02-23,Cash on Delivery,Hyderabad
FEB_007045,CUST_00105,Monitor,2,22596,2026-02-01,Debit Card,Chennai
FEB_007046,CUST_00298,Smartwatch,3,28769,2026-02-07,Cash on Delivery,Delhi
FEB_007047,CUST_02367,Keyboard,3,7441,2026-02-28,Credit Card,Bangalore
FEB_007048,CUST_04615,Headphones,3,23627,2026-02-20,Debit Card,Hyderabad
FEB_007049,CUST_04675,Monitor,2,37029,2026-02-12,Credit Card,Mumbai
FEB_007050,CUST_04009,Headphones,2,46271,2026-02-14,Credit Card,Bangalore
FEB_007051,CUST_01459,Tablet,5,43356,2026-02-01,Debit Card,Chennai
FEB_007052,CUST_03481,Keyboard,4,20716,2026-02-07,Debit Card,Delhi
FEB_007053,CUST_02214,Smartwatch,4,36345,2026-02-05,Cash on Delivery,Chennai
FEB_007054,CUST_00596,Keyboard,4,5646,2026-02-13,Cash on Delivery,Delhi
FEB_007055,CUST_04640,Smartwatch,3,16906,2026-02-14,UPI,Pune
FEB_007056,CUST_02636,Smartwatch,5,30238,2026-02-07,Debit Card,Pune
FEB_007057,CUST_00635,Headphones,5,47041,2026-02-05,Credit Card,Mumbai
FEB_007058,CUST_01622,Smartphone,1,44740,2026-02-10,Credit Card,Mumbai
FEB_007059,CUST_01193,Smartphone,3,24062,2026-02-03,UPI,Mumbai
FEB_007060,CUST_03879,Headphones,2,21518,2026-02-04,Cash on Delivery,Chennai
FEB_007061,CUST_02222,Smartphone,5,31552,2026-02-21,Debit Card,Delhi
FEB_007062,CUST_02246,Laptop,4,18593,2026-02-20,UPI,Chennai
FEB_007063,CUST_02687,Laptop,4,45613,2026-02-17,Debit Card,Delhi
FEB_007064,CUST_04812,Monitor,5,31880,2026-02-10,Debit Card,Hyderabad
FEB_007065,CUST_01368,Keyboard,2,19724,2026-02-25,Cash on Delivery,Mumbai
FEB_007066,CUST_02228,Smartwatch,2,41548,2026-02-03,Cash on Delivery,Chennai
FEB_007067,CUST_00007,Laptop,4,42669,2026-02-05,Debit Card,Hyderabad
FEB_007068,CUST_01614,Monitor,3,12871,2026-02-26,UPI,Mumbai
FEB_007069,CUST_03535,Smartwatch,1,11823,2026-02-13,UPI,Chennai
FEB_007070,CUST_01002,Keyboard,2,45732,2026-02-09,UPI,Hyderabad
FEB_007071,CUST_03251,Keyboard,3,35820,2026-02-23,Cash on Delivery,Hyderabad
FEB_007072,CUST_00602,Headphones,5,21748,2026-02-05,UPI,Chennai
FEB_007073,CUST_01919,Laptop,3,42341,2026-02-01,Credit Card,Mumbai
FEB_007074,CUST_01094,Monitor,4,19631,2026-02-11,UPI,Hyderabad
FEB_007075,CUST_01233,Smartphone,3,13058,2026-02-06,Debit Card,Pune
FEB_007076,CUST_00696,Smartphone,5,35373,2026-02-14,Cash on Delivery,Hyderabad
FEB_007077,CUST_02696,Headphones,4,12927,2026-02-15,Debit Card,Pune
FEB_007078,CUST_01468,Keyboard,2,25643,2026-02-14,UPI,Mumbai
FEB_007079,CUST_01489,Tablet,1,13363,2026-02-01,UPI,Pune
FEB_007080,CUST_02462,Headphones,3,46499,2026-02-10,UPI,Mumbai
FEB_007081,CUST_00897,Smartphone,1,39610,2026-02-24,UPI,Mumbai
FEB_007082,CUST_02989,Keyboard,4,3386,2026-02-28,Cash on Delivery,Pune
FEB_007083,CUST_00983,Tablet,2,47240,2026-02-22,Credit Card,Hyderabad
FEB_007084,CUST_01753,Headphones,2,43006,2026-02-17,Credit Card,Chennai
FEB_007085,CUST_03443,Smartphone,2,11319,2026-02-10,UPI,Chennai
FEB_007086,CUST_03708,Keyboard,1,40994,2026-02-02,Cash on Delivery,Mumbai
FEB_007087,CUST_02651,Tablet,4,12176,2026-02-16,Credit Card,Chennai
FEB_007088,CUST_03099,Tablet,3,25191,2026-02-20,Cash on Delivery,Delhi
FEB_007089,CUST_03724,Smartwatch,2,48342,2026-02-23,Cash on Delivery,Delhi
FEB_007090,CUST_01596,Monitor,3,30669,2026-02-25,Credit Card,Pune
FEB_007091,CUST_00251,Smartphone,5,39462,2026-02-09,UPI,Bangalore
FEB_007092,CUST_00816,Laptop,5,45183,2026-02-20,Debit Card,Chennai
FEB_007093,CUST_04380,Smartwatch,1,21805,2026-02-24,Debit Card,Bangalore
FEB_007094,CUST_01584,Monitor,1,49229,2026-02-26,Credit Card,Bangalore
FEB_007095,CUST_04677,Headphones,1,30354,2026-02-22,Cash on Delivery,Chennai
FEB_007096,CUST_04866,Smartwatch,5,17001,2026-02-16,Credit Card,Chennai
FEB_007097,CUST_04573,Mouse,4,25928,2026-02-11,Credit Card,Delhi
FEB_007098,CUST_02183,Smartwatch,2,8939,2026-02-10,Cash on Delivery,Hyderabad
FEB_007099,CUST_03175,Smartphone,5,45971,2026-02-16,Cash on Delivery,Mumbai
FEB_007100,CUST_03909,Laptop,5,8068,2026-02-12,UPI,Hyderabad
FEB_007101,CUST_01701,Mouse,2,20083,2026-02-03,Credit Card,Hyderabad
FEB_007102,CUST_03440,Mouse,2,6372,2026-02-14,Credit Card,Mumbai
FEB_007103,CUST_04455,Monitor,1,34752,2026-02-17,Credit Card,Mumbai
FEB_007104,CUST_03309,Mouse,2,3392,2026-02-24,UPI,Mumbai
FEB_007105,CUST_00015,Tablet,5,25140,2026-02-20,Cash on Delivery,Delhi
FEB_007106,CUST_00033,Monitor,4,34808,2026-02-18,UPI,Pune
FEB_007107,CUST_00175,Smartphone,1,15763,2026-02-26,Debit Card,Delhi
FEB_007108,CUST_02147,Mouse,4,27044,2026-02-02,Cash on Delivery,Pune
FEB_007109,CUST_04920,Tablet,1,26710,2026-02-07,Debit Card,Chennai
FEB_007110,CUST_00074,Tablet,3,9499,2026-02-20,Credit Card,Delhi
FEB_007111,CUST_00296,Headphones,5,8066,2026-02-12,Credit Card,Pune
FEB_007112,CUST_01843,Laptop,2,14427,2026-02-20,Credit Card,Pune
FEB_007113,CUST_04664,Smartphone,3,37409,2026-02-27,Cash on Delivery,Chennai
FEB_007114,CUST_01757,Smartphone,1,26587,2026-02-08,UPI,Mumbai
FEB_007115,CUST_04770,Smartwatch,2,6023,2026-02-27,Debit Card,Hyderabad
FEB_007116,CUST_02223,Laptop,3,34137,2026-02-21,Cash on Delivery,Pune
FEB_007117,CUST_04814,Smartphone,5,21289,2026-02-22,Cash on Delivery,Delhi
FEB_007118,CUST_01642,Smartwatch,3,7217,2026-02-19,Cash on Delivery,Mumbai
FEB_007119,CUST_04368,Smartwatch,5,49646,2026-02-09,UPI,Delhi
FEB_007120,CUST_00424,Smartwatch,3,45995,2026-02-20,Credit Card,Hyderabad
FEB_007121,CUST_00920,Smartphone,2,23309,2026-02-06,UPI,Pune
FEB_007122,CUST_00864,Keyboard,4,22873,2026-02-13,Cash on Delivery,Mumbai
FEB_007123,CUST_04780,Mouse,5,11382,2026-02-11,Credit Card,Hyderabad
FEB_007124,CUST_02102,Tablet,5,12928,2026-02-17,Debit Card,Mumbai
FEB_007125,CUST_03342,Keyboard,5,44364,2026-02-04,Credit Card,Delhi
FEB_007126,CUST_03532,Smartphone,3,37254,2026-02-26,UPI,Chennai
FEB_007127,CUST_03583,Smartwatch,4,4802,2026-02-06,Cash on Delivery,Delhi
FEB_007128,CUST_02580,Smartwatch,2,24964,2026-02-22,Cash on Delivery,Pune
FEB_007129,CUST_03932,Smartphone,4,24368,2026-02-12,Cash on Delivery,Bangalore
FEB_007130,CUST_03072,Laptop,2,33153,2026-02-26,Credit Card,Bangalore
FEB_007131,CUST_01123,Smartphone,1,5603,2026-02-02,Credit Card,Delhi
FEB_007132,CUST_03814,Laptop,2,27740,2026-02-24,Cash on Delivery,Hyderabad
FEB_007133,CUST_00857,Smartphone,3,32101,2026-02-22,Credit Card,Chennai
FEB_007134,CUST_01299,Smartphone,2,28740,2026-02-11,Debit Card,Pune
FEB_007135,CUST_01312,Mouse,2,37428,2026-02-23,Debit Card,Delhi
FEB_007136,CUST_02725,Smartwatch,5,43111,2026-02-26,Debit Card,Pune
FEB_007137,CUST_00315,Smartwatch,3,46478,2026-02-01,Cash on Delivery,Mumbai
FEB_007138,CUST_04151,Mouse,2,22583,2026-02-11,UPI,Bangalore
FEB_007139,CUST_00514,Headphones,3,13668,2026-02-20,Cash on Delivery,Pune
FEB_007140,CUST_03971,Monitor,5,2485,2026-02-28,UPI,Chennai
FEB_007141,CUST_01288,Headphones,4,32683,2026-02-14,UPI,Pune
FEB_007142,CUST_00875,Laptop,2,3392,2026-02-05,Cash on Delivery,Bangalore
FEB_007143,CUST_01037,Smartphone,1,22602,2026-02-08,Cash on Delivery,Hyderabad
FEB_007144,CUST_00258,Smartphone,4,7069,2026-02-23,Cash on Delivery,Bangalore
FEB_007145,CUST_02230,Mouse,1,6370,2026-02-12,Credit Card,Bangalore
FEB_007146,CUST_03671,Keyboard,5,42490,2026-02-03,Debit Card,Mumbai
FEB_007147,CUST_04020,Monitor,1,43316,2026-02-21,Credit Card,Delhi
FEB_007148,CUST_04462,Keyboard,1,8141,2026-02-16,Cash on Delivery,Hyderabad
FEB_007149,CUST_01200,Keyboard,3,48201,2026-02-11,Credit Card,Hyderabad
FEB_007150,CUST_01396,Laptop,5,3873,2026-02-06,Credit Card,Delhi
FEB_007151,CUST_02267,Laptop,1,29832,2026-02-28,Credit Card,Pune
FEB_007152,CUST_00882,Headphones,1,34178,2026-02-25,Cash on Delivery,Hyderabad
FEB_007153,CUST_02636,Mouse,2,31552,2026-02-24,UPI,Delhi
FEB_007154,CUST_04826,Mouse,3,22611,2026-02-01,Cash on Delivery,Bangalore
FEB_007155,CUST_03480,Keyboard,5,37374,2026-02-23,UPI,Bangalore
FEB_007156,CUST_01980,Keyboard,1,44293,2026-02-25,Cash on Delivery,Hyderabad
FEB_007157,CUST_00230,Tablet,4,34424,2026-02-05,Debit Card,Delhi
FEB_007158,CUST_03691,Monitor,2,8980,2026-02-26,UPI,Chennai
FEB_007159,CUST_00814,Keyboard,3,8076,2026-02-21,Credit Card,Pune
FEB_007160,CUST_00886,Keyboard,2,37313,2026-02-15,Cash on Delivery,Pune
FEB_007161,CUST_02776,Laptop,2,7924,2026-02-09,Debit Card,Bangalore
FEB_007162,CUST_00874,Smartphone,3,37391,2026-02-08,Cash on Delivery,Bangalore
FEB_007163,CUST_03858,Smartwatch,4,18736,2026-02-20,Credit Card,Hyderabad
FEB_007164,CUST_01749,Headphones,4,4813,2026-02-04,Debit Card,Bangalore
FEB_007165,CUST_00456,Headphones,3,18320,2026-02-11,UPI,Hyderabad
FEB_007166,CUST_02468,Monitor,1,9864,2026-02-08,UPI,Pune
FEB_007167,CUST_02630,Tablet,1,39961,2026-02-20,Debit Card,Delhi
FEB_007168,CUST_01713,Smartwatch,2,29226,2026-02-14,Debit Card,Delhi
FEB_007169,CUST_02642,Monitor,2,37972,2026-02-05,Cash on Delivery,Delhi
FEB_007170,CUST_00210,Headphones,5,38017,2026-02-11,Credit Card,Pune
FEB_007171,CUST_02775,Monitor,4,329,2026-02-22,Cash on Delivery,Bangalore
FEB_007172,CUST_03376,Monitor,2,34627,2026-02-15,Cash on Delivery,Hyderabad
FEB_007173,CUST_04470,Mouse,2,10577,2026-02-07,Debit Card,Chennai
FEB_007174,CUST_03459,Smartphone,1,20553,2026-02-26,Credit Card,Bangalore
FEB_007175,CUST_04187,Keyboard,2,24583,2026-02-08,UPI,Chennai
FEB_007176,CUST_04656,Tablet,3,19541,2026-02-17,Debit Card,Chennai
FEB_007177,CUST_04589,Tablet,1,29597,2026-02-27,Debit Card,Hyderabad
FEB_007178,CUST_02664,Monitor,2,40335,2026-02-01,UPI,Chennai
FEB_007179,CUST_04001,Smartwatch,3,13630,2026-02-03,Credit Card,Mumbai
FEB_007180,CUST_00027,Smartphone,1,32581,2026-02-15,Cash on Delivery,Pune
FEB_007181,CUST_03334,Mouse,5,45514,2026-02-18,Cash on Delivery,Bangalore
FEB_007182,CUST_03107,Monitor,5,43616,2026-02-24,Debit Card,Hyderabad
FEB_007183,CUST_00613,Mouse,4,24647,2026-02-05,Debit Card,Chennai
FEB_007184,CUST_02060,Laptop,5,39191,2026-02-02,Credit Card,Chennai
FEB_007185,CUST_01718,Smartwatch,5,42952,2026-02-09,UPI,Delhi
FEB_007186,CUST_03041,Monitor,3,49899,2026-02-23,Credit Card,Bangalore
FEB_007187,CUST_03375,Smartphone,2,38342,2026-02-03,Debit Card,Bangalore
FEB_007188,CUST_00727,Tablet,5,46346,2026-02-01,Debit Card,Bangalore
FEB_007189,CUST_04270,Keyboard,3,12851,2026-02-19,Cash on Delivery,Mumbai
FEB_007190,CUST_02353,Smartphone,1,23182,2026-02-06,Credit Card,Hyderabad
FEB_007191,CUST_02987,Smartwatch,2,13453,2026-02-08,UPI,Mumbai
FEB_007192,CUST_01885,Tablet,3,7922,2026-02-26,Cash on Delivery,Delhi
FEB_007193,CUST_03923,Smartphone,3,49971,2026-02-27,Cash on Delivery,Chennai
FEB_007194,CUST_00237,Smartwatch,1,12397,2026-02-18,UPI,Mumbai
FEB_007195,CUST_04589,Smartphone,2,41595,2026-02-12,Cash on Delivery,Mumbai
FEB_007196,CUST_03655,Keyboard,2,1576,2026-02-10,UPI,Delhi
FEB_007197,CUST_02301,Headphones,4,41847,2026-02-24,Credit Card,Chennai
FEB_007198,CUST_01479,Smartwatch,1,34010,2026-02-08,Debit Card,Chennai
FEB_007199,CUST_00086,Smartwatch,5,43346,2026-02-14,Credit Card,Chennai
FEB_007200,CUST_01385,Smartphone,5,14659,2026-02-04,Debit Card,Pune
FEB_007201,CUST_01666,Mouse,1,11607,2026-02-25,Cash on Delivery,Delhi
FEB_007202,CUST_00217,Smartwatch,2,36997,2026-02-04,UPI,Bangalore
FEB_007203,CUST_04242,Laptop,3,38777,2026-02-04,Cash on Delivery,Delhi
FEB_007204,CUST_03937,Laptop,2,32782,2026-02-16,UPI,Mumbai
FEB_007205,CUST_01431,Smartphone,1,2009,2026-02-21,Debit Card,Hyderabad
FEB_007206,CUST_04784,Headphones,4,48888,2026-02-01,Credit Card,Chennai
FEB_007207,CUST_02567,Smartwatch,5,2506,2026-02-14,Debit Card,Delhi
FEB_007208,CUST_02933,Laptop,2,35138,2026-02-18,Debit Card,Delhi
FEB_007209,CUST_03865,Smartphone,4,25733,2026-02-14,Debit Card,Delhi
FEB_007210,CUST_02226,Tablet,2,34102,2026-02-27,Credit Card,Bangalore
FEB_007211,CUST_00868,Mouse,1,34682,2026-02-06,UPI,Pune
FEB_007212,CUST_02122,Tablet,1,33898,2026-02-27,Credit Card,Mumbai
FEB_007213,CUST_00847,Laptop,1,5345,2026-02-08,Credit Card,Chennai
FEB_007214,CUST_04049,Laptop,3,19185,2026-02-09,UPI,Pune
FEB_007215,CUST_04315,Monitor,4,30185,2026-02-20,UPI,Chennai
FEB_007216,CUST_01521,Smartphone,3,16823,2026-02-24,Debit Card,Chennai
FEB_007217,CUST_02403,Tablet,5,30768,2026-02-27,Cash on Delivery,Mumbai
FEB_007218,CUST_02598,Tablet,3,16051,2026-02-18,Cash on Delivery,Chennai
FEB_007219,CUST_02934,Laptop,2,33047,2026-02-05,Debit Card,Bangalore
FEB_007220,CUST_04473,Smartphone,5,22563,2026-02-03,Credit Card,Hyderabad
FEB_007221,CUST_01462,Mouse,2,36995,2026-02-03,Credit Card,Mumbai
FEB_007222,CUST_00856,Mouse,1,437,2026-02-27,UPI,Hyderabad
FEB_007223,CUST_02828,Tablet,5,10632,2026-02-23,Debit Card,Pune
FEB_007224,CUST_00729,Tablet,4,21061,2026-02-22,Credit Card,Mumbai
FEB_007225,CUST_02139,Headphones,4,45643,2026-02-22,Credit Card,Mumbai
FEB_007226,CUST_02858,Laptop,2,38881,2026-02-11,Cash on Delivery,Pune
FEB_007227,CUST_00223,Smartphone,1,27019,2026-02-17,Credit Card,Mumbai
FEB_007228,CUST_03720,Mouse,1,25689,2026-02-18,Debit Card,Hyderabad
FEB_007229,CUST_01383,Laptop,4,16457,2026-02-05,Debit Card,Pune
FEB_007230,CUST_03032,Smartwatch,2,2674,2026-02-21,Credit Card,Pune
FEB_007231,CUST_01039,Mouse,5,18698,2026-02-21,Debit Card,Mumbai
FEB_007232,CUST_00583,Mouse,5,49369,2026-02-07,Debit Card,Chennai
FEB_007233,CUST_00345,Tablet,1,46453,2026-02-21,Cash on Delivery,Delhi
FEB_007234,CUST_00150,Headphones,1,23557,2026-02-26,Cash on Delivery,Pune
FEB_007235,CUST_00856,Keyboard,5,38880,2026-02-01,Debit Card,Pune
FEB_007236,CUST_03313,Monitor,5,33602,2026-02-16,Debit Card,Bangalore
FEB_007237,CUST_03284,Headphones,1,46262,2026-02-15,UPI,Pune
FEB_007238,CUST_01300,Laptop,4,35338,2026-02-11,UPI,Mumbai
FEB_007239,CUST_03430,Smartwatch,1,12963,2026-02-26,Cash on Delivery,Delhi
FEB_007240,CUST_02350,Keyboard,3,31599,2026-02-22,UPI,Pune
FEB_007241,CUST_00170,Headphones,2,20642,2026-02-03,Cash on Delivery,Chennai
FEB_007242,CUST_00409,Mouse,4,47496,2026-02-23,Credit Card,Pune
FEB_007243,CUST_00412,Headphones,2,34162,2026-02-19,UPI,Pune
FEB_007244,CUST_04642,Keyboard,4,8959,2026-02-07,UPI,Hyderabad
FEB_007245,CUST_03222,Keyboard,2,9964,2026-02-16,UPI,Mumbai
FEB_007246,CUST_00720,Mouse,3,3139,2026-02-17,Credit Card,Mumbai
FEB_007247,CUST_04664,Mouse,5,11564,2026-02-14,Cash on Delivery,Delhi
FEB_007248,CUST_00669,Mouse,5,19014,2026-02-22,Cash on Delivery,Delhi
FEB_007249,CUST_03259,Headphones,4,31360,2026-02-10,UPI,Bangalore
FEB_007250,CUST_01284,Monitor,3,25527,2026-02-25,Credit Card,Delhi
FEB_007251,CUST_04052,Headphones,4,43080,2026-02-02,Credit Card,Mumbai
FEB_007252,CUST_02803,Smartwatch,5,25740,2026-02-05,Cash on Delivery,Mumbai
FEB_007253,CUST_02341,Smartwatch,5,23531,2026-02-23,Cash on Delivery,Mumbai
FEB_007254,CUST_01349,Smartwatch,4,42451,2026-02-09,UPI,Bangalore
FEB_007255,CUST_01543,Headphones,1,13811,2026-02-08,Credit Card,Pune
FEB_007256,CUST_00130,Keyboard,5,26712,2026-02-01,UPI,Bangalore
FEB_007257,CUST_02545,Mouse,2,48758,2026-02-16,Debit Card,Delhi
FEB_007258,CUST_04328,Smartphone,1,33613,2026-02-18,Debit Card,Chennai
FEB_007259,CUST_01476,Headphones,1,7494,2026-02-27,UPI,Chennai
FEB_007260,CUST_01463,Tablet,1,49314,2026-02-05,UPI,Chennai
FEB_007261,CUST_04350,Tablet,5,44714,2026-02-10,Credit Card,Delhi
FEB_007262,CUST_03991,Keyboard,2,2239,2026-02-21,Credit Card,Bangalore
FEB_007263,CUST_02717,Keyboard,5,27385,2026-02-07,Debit Card,Pune
FEB_007264,CUST_00052,Headphones,4,35135,2026-02-10,Cash on Delivery,Bangalore
FEB_007265,CUST_03411,Laptop,4,18294,2026-02-22,UPI,Chennai
FEB_007266,CUST_04263,Smartphone,1,15262,2026-02-18,Debit Card,Chennai
FEB_007267,CUST_04243,Mouse,1,40857,2026-02-19,Debit Card,Bangalore
FEB_007268,CUST_04331,Keyboard,1,44379,2026-02-07,Cash on Delivery,Bangalore
FEB_007269,CUST_00463,Laptop,5,22095,2026-02-21,Cash on Delivery,Pune
FEB_007270,CUST_02116,Laptop,1,38766,2026-02-03,Credit Card,Hyderabad
FEB_007271,CUST_01663,Mouse,5,15856,2026-02-09,Cash on Delivery,Mumbai
FEB_007272,CUST_02066,Mouse,2,37213,2026-02-08,UPI,Bangalore
FEB_007273,CUST_04876,Keyboard,4,32896,2026-02-22,Debit Card,Delhi
FEB_007274,CUST_02146,Smartwatch,3,21080,2026-02-12,Cash on Delivery,Bangalore
FEB_007275,CUST_03515,Headphones,1,49676,2026-02-06,Credit Card,Delhi
FEB_007276,CUST_04543,Tablet,5,26672,2026-02-25,UPI,Delhi
FEB_007277,CUST_02526,Smartphone,3,22222,2026-02-01,Credit Card,Mumbai
FEB_007278,CUST_04923,Smartphone,4,19635,2026-02-04,Cash on Delivery,Delhi
FEB_007279,CUST_01510,Smartphone,2,35184,2026-02-04,Credit Card,Pune
FEB_007280,CUST_01826,Smartphone,1,46462,2026-02-27,UPI,Pune
FEB_007281,CUST_04818,Headphones,5,20795,2026-02-13,UPI,Delhi
FEB_007282,CUST_02210,Laptop,5,11862,2026-02-21,UPI,Hyderabad
FEB_007283,CUST_00348,Laptop,1,38402,2026-02-20,UPI,Delhi
FEB_007284,CUST_01061,Monitor,2,5030,2026-02-25,UPI,Delhi
FEB_007285,CUST_04821,Laptop,3,30551,2026-02-28,Credit Card,Chennai
FEB_007286,CUST_00106,Laptop,2,45573,2026-02-24,UPI,Hyderabad
FEB_007287,CUST_00601,Keyboard,2,24028,2026-02-12,UPI,Bangalore
FEB_007288,CUST_00255,Keyboard,3,26634,2026-02-08,Debit Card,Hyderabad
FEB_007289,CUST_02986,Monitor,1,11948,2026-02-11,Debit Card,Delhi
FEB_007290,CUST_03567,Laptop,3,6896,2026-02-24,UPI,Mumbai
FEB_007291,CUST_03623,Mouse,1,37047,2026-02-08,Cash on Delivery,Mumbai
FEB_007292,CUST_00398,Mouse,3,8272,2026-02-26,Credit Card,Chennai
FEB_007293,CUST_03460,Mouse,5,31685,2026-02-23,Debit Card,Bangalore
FEB_007294,CUST_01816,Tablet,4,7811,2026-02-22,UPI,Hyderabad
FEB_007295,CUST_01220,Monitor,5,18426,2026-02-25,Debit Card,Bangalore
FEB_007296,CUST_04366,Tablet,5,44468,2026-02-06,UPI,Bangalore
FEB_007297,CUST_04240,Smartphone,2,19724,2026-02-17,UPI,Bangalore
FEB_007298,CUST_04859,Smartphone,5,9364,2026-02-16,UPI,Delhi
FEB_007299,CUST_04558,Mouse,4,46079,2026-02-14,UPI,Chennai
FEB_007300,CUST_04025,Smartphone,1,2699,2026-02-21,UPI,Chennai
FEB_007301,CUST_04598,Monitor,1,37957,2026-02-20,Credit Card,Pune
FEB_007302,CUST_04402,Laptop,3,15844,2026-02-04,Cash on Delivery,Hyderabad
FEB_007303,CUST_04011,Smartphone,4,28755,2026-02-06,Credit Card,Bangalore
FEB_007304,CUST_00920,Tablet,3,9539,2026-02-07,Credit Card,Mumbai
FEB_007305,CUST_03040,Headphones,4,45808,2026-02-07,UPI,Delhi
FEB_007306,CUST_02243,Smartwatch,5,25211,2026-02-26,Cash on Delivery,Delhi
FEB_007307,CUST_02842,Tablet,2,49735,2026-02-22,Debit Card,Pune
FEB_007308,CUST_01170,Keyboard,2,44348,2026-02-14,UPI,Chennai
FEB_007309,CUST_01388,Mouse,1,38471,2026-02-17,Cash on Delivery,Bangalore
FEB_007310,CUST_01743,Headphones,5,18495,2026-02-08,UPI,Hyderabad
FEB_007311,CUST_04933,Mouse,2,16148,2026-02-08,Debit Card,Mumbai
FEB_007312,CUST_01882,Keyboard,4,21544,2026-02-07,Cash on Delivery,Bangalore
FEB_007313,CUST_04429,Smartphone,4,10286,2026-02-03,Credit Card,Mumbai
FEB_007314,CUST_01354,Tablet,1,32845,2026-02-20,Cash on Delivery,Hyderabad
FEB_007315,CUST_00666,Laptop,1,36890,2026-02-20,Cash on Delivery,Delhi
FEB_007316,CUST_01473,Mouse,2,38115,2026-02-20,UPI,Chennai
FEB_007317,CUST_04682,Smartwatch,4,29855,2026-02-07,Credit Card,Hyderabad
FEB_007318,CUST_01454,Keyboard,2,42152,2026-02-28,Debit Card,Mumbai
FEB_007319,CUST_01373,Smartwatch,5,44506,2026-02-04,Credit Card,Delhi
FEB_007320,CUST_00759,Tablet,3,15200,2026-02-26,UPI,Mumbai
FEB_007321,CUST_00598,Smartphone,1,26877,2026-02-16,Debit Card,Mumbai
FEB_007322,CUST_03849,Mouse,3,36469,2026-02-24,UPI,Hyderabad
FEB_007323,CUST_04985,Tablet,3,5724,2026-02-26,Cash on Delivery,Bangalore
FEB_007324,CUST_05000,Headphones,4,15065,2026-02-24,UPI,Bangalore
FEB_007325,CUST_04787,Keyboard,1,40397,2026-02-12,Debit Card,Delhi
FEB_007326,CUST_00462,Headphones,1,36442,2026-02-14,UPI,Pune
FEB_007327,CUST_04830,Monitor,4,33899,2026-02-06,Debit Card,Hyderabad
FEB_007328,CUST_00047,Laptop,1,27835,2026-02-20,Cash on Delivery,Hyderabad
FEB_007329,CUST_03603,Keyboard,5,22407,2026-02-01,Cash on Delivery,Pune
FEB_007330,CUST_01200,Keyboard,5,6507,2026-02-25,Credit Card,Chennai
FEB_007331,CUST_04063,Mouse,1,7504,2026-02-25,Cash on Delivery,Pune
FEB_007332,CUST_04119,Tablet,2,45162,2026-02-18,Cash on Delivery,Bangalore
FEB_007333,CUST_02918,Smartwatch,1,14657,2026-02-18,Cash on Delivery,Chennai
FEB_007334,CUST_03373,Headphones,5,29191,2026-02-06,Credit Card,Bangalore
FEB_007335,CUST_04417,Tablet,4,8807,2026-02-10,UPI,Hyderabad
FEB_007336,CUST_04288,Headphones,1,5642,2026-02-22,Credit Card,Mumbai
FEB_007337,CUST_04137,Monitor,5,47134,2026-02-16,UPI,Pune
FEB_007338,CUST_00816,Headphones,4,43711,2026-02-23,UPI,Delhi
FEB_007339,CUST_01787,Headphones,3,36391,2026-02-11,Debit Card,Mumbai
FEB_007340,CUST_04796,Smartphone,3,32855,2026-02-12,UPI,Hyderabad
FEB_007341,CUST_01224,Smartwatch,3,3832,2026-02-25,Cash on Delivery,Bangalore
FEB_007342,CUST_04435,Headphones,2,44378,2026-02-25,Cash on Delivery,Hyderabad
FEB_007343,CUST_00776,Keyboard,3,32448,2026-02-13,Credit Card,Chennai
FEB_007344,CUST_00701,Keyboard,2,38071,2026-02-24,Debit Card,Mumbai
FEB_007345,CUST_00748,Smartwatch,5,27903,2026-02-03,Cash on Delivery,Pune
FEB_007346,CUST_04303,Laptop,5,20428,2026-02-26,Debit Card,Pune
FEB_007347,CUST_03540,Laptop,3,1666,2026-02-03,Debit Card,Mumbai
FEB_007348,CUST_01376,Headphones,4,29794,2026-02-23,Credit Card,Hyderabad
FEB_007349,CUST_03569,Keyboard,3,23306,2026-02-13,Credit Card,Mumbai
FEB_007350,CUST_02250,Tablet,1,14611,2026-02-01,UPI,Pune
FEB_007351,CUST_02314,Smartphone,4,19996,2026-02-19,Debit Card,Bangalore
FEB_007352,CUST_01864,Monitor,5,19758,2026-02-07,Credit Card,Bangalore
FEB_007353,CUST_03606,Laptop,5,18238,2026-02-14,Debit Card,Mumbai
FEB_007354,CUST_01939,Tablet,2,31854,2026-02-09,UPI,Pune
FEB_007355,CUST_02685,Smartwatch,5,47628,2026-02-05,UPI,Mumbai
FEB_007356,CUST_02063,Tablet,3,35474,2026-02-01,Debit Card,Delhi
FEB_007357,CUST_00873,Headphones,3,45811,2026-02-25,Cash on Delivery,Pune
FEB_007358,CUST_03868,Laptop,1,30152,2026-02-27,UPI,Delhi
FEB_007359,CUST_02929,Mouse,2,9110,2026-02-26,UPI,Hyderabad
FEB_007360,CUST_00603,Headphones,4,19248,2026-02-28,UPI,Bangalore
FEB_007361,CUST_03734,Monitor,4,32293,2026-02-02,Debit Card,Pune
FEB_007362,CUST_03799,Smartwatch,5,4760,2026-02-21,Credit Card,Mumbai
FEB_007363,CUST_01843,Monitor,5,14342,2026-02-04,Debit Card,Delhi
FEB_007364,CUST_04685,Headphones,4,44787,2026-02-05,Cash on Delivery,Mumbai
FEB_007365,CUST_02640,Headphones,3,16944,2026-02-19,Debit Card,Hyderabad
FEB_007366,CUST_01151,Smartphone,2,28457,2026-02-15,Credit Card,Delhi
FEB_007367,CUST_03474,Tablet,5,11382,2026-02-15,Cash on Delivery,Pune
FEB_007368,CUST_00370,Monitor,3,4956,2026-02-19,Credit Card,Delhi
FEB_007369,CUST_03600,Mouse,4,10254,2026-02-04,Credit Card,Hyderabad
FEB_007370,CUST_03343,Keyboard,4,38073,2026-02-08,UPI,Bangalore
FEB_007371,CUST_03979,Keyboard,1,20515,2026-02-01,Debit Card,Pune
FEB_007372,CUST_01157,Laptop,3,28972,2026-02-04,Debit Card,Chennai
FEB_007373,CUST_04874,Monitor,2,16985,2026-02-08,Cash on Delivery,Pune
FEB_007374,CUST_03167,Keyboard,2,5752,2026-02-21,Cash on Delivery,Mumbai
FEB_007375,CUST_04113,Laptop,5,251,2026-02-07,Cash on Delivery,Delhi
FEB_007376,CUST_03225,Monitor,1,5720,2026-02-26,Credit Card,Delhi
FEB_007377,CUST_03766,Mouse,3,39874,2026-02-06,Cash on Delivery,Pune
FEB_007378,CUST_00323,Smartphone,3,34529,2026-02-12,Credit Card,Mumbai
FEB_007379,CUST_04101,Laptop,5,29073,2026-02-24,UPI,Pune
FEB_007380,CUST_02211,Keyboard,4,16464,2026-02-03,Debit Card,Chennai
FEB_007381,CUST_00106,Laptop,1,8919,2026-02-09,Credit Card,Chennai
FEB_007382,CUST_01905,Laptop,1,49607,2026-02-08,UPI,Hyderabad
FEB_007383,CUST_01346,Laptop,5,9560,2026-02-25,Credit Card,Mumbai
FEB_007384,CUST_02933,Monitor,1,35812,2026-02-02,Debit Card,Chennai
FEB_007385,CUST_00748,Tablet,3,40313,2026-02-20,Debit Card,Chennai
FEB_007386,CUST_03411,Smartphone,2,11119,2026-02-06,Credit Card,Mumbai
FEB_007387,CUST_04321,Headphones,5,1116,2026-02-14,UPI,Chennai
FEB_007388,CUST_00781,Tablet,2,47384,2026-02-06,UPI,Mumbai
FEB_007389,CUST_03718,Smartphone,2,18995,2026-02-06,Cash on Delivery,Delhi
FEB_007390,CUST_02743,Keyboard,5,18294,2026-02-24,Debit Card,Delhi
FEB_007391,CUST_03540,Monitor,2,49252,2026-02-14,UPI,Bangalore
FEB_007392,CUST_00043,Headphones,4,34185,2026-02-04,UPI,Delhi
FEB_007393,CUST_00268,Tablet,4,47358,2026-02-08,Debit Card,Mumbai
FEB_007394,CUST_04592,Tablet,2,47156,2026-02-01,Credit Card,Delhi
FEB_007395,CUST_04639,Monitor,1,31348,2026-02-27,UPI,Pune
FEB_007396,CUST_02138,Keyboard,1,11648,2026-02-03,Credit Card,Delhi
FEB_007397,CUST_04393,Smartphone,5,36517,2026-02-27,Credit Card,Chennai
FEB_007398,CUST_01034,Monitor,5,9971,2026-02-10,Cash on Delivery,Delhi
FEB_007399,CUST_02267,Smartwatch,2,39520,2026-02-09,Cash on Delivery,Chennai
FEB_007400,CUST_00795,Monitor,4,21779,2026-02-23,UPI,Mumbai
FEB_007401,CUST_00373,Smartphone,5,429,2026-02-25,Credit Card,Bangalore
FEB_007402,CUST_03855,Headphones,1,21904,2026-02-14,Credit Card,Bangalore
FEB_007403,CUST_04716,Keyboard,5,15611,2026-02-01,Debit Card,Delhi
FEB_007404,CUST_02600,Smartwatch,1,29760,2026-02-16,UPI,Pune
FEB_007405,CUST_04694,Tablet,5,45612,2026-02-07,Cash on Delivery,Chennai
FEB_007406,CUST_03801,Tablet,1,17786,2026-02-05,UPI,Delhi
FEB_007407,CUST_03294,Headphones,3,33626,2026-02-11,Cash on Delivery,Hyderabad
FEB_007408,CUST_04869,Keyboard,3,31302,2026-02-03,Credit Card,Bangalore
FEB_007409,CUST_01993,Tablet,1,3074,2026-02-14,Credit Card,Bangalore
FEB_007410,CUST_01297,Keyboard,5,4307,2026-02-04,Cash on Delivery,Delhi
FEB_007411,CUST_03487,Keyboard,2,28223,2026-02-26,Debit Card,Pune
FEB_007412,CUST_01744,Mouse,4,30452,2026-02-25,Cash on Delivery,Delhi
FEB_007413,CUST_03154,Headphones,2,18776,2026-02-08,Credit Card,Pune
FEB_007414,CUST_01227,Smartwatch,4,48644,2026-02-12,UPI,Chennai
FEB_007415,CUST_03682,Monitor,2,10398,2026-02-09,Debit Card,Pune
FEB_007416,CUST_03773,Keyboard,5,8807,2026-02-12,Debit Card,Mumbai
FEB_007417,CUST_03693,Keyboard,4,21982,2026-02-27,Credit Card,Hyderabad
FEB_007418,CUST_04746,Monitor,3,2834,2026-02-20,Debit Card,Hyderabad
FEB_007419,CUST_00337,Smartwatch,2,16362,2026-02-06,Cash on Delivery,Mumbai
FEB_007420,CUST_03734,Smartphone,1,18222,2026-02-13,Credit Card,Hyderabad
FEB_007421,CUST_02672,Monitor,4,40630,2026-02-26,Cash on Delivery,Delhi
FEB_007422,CUST_01226,Smartphone,4,9936,2026-02-23,Credit Card,Delhi
FEB_007423,CUST_04385,Laptop,2,24213,2026-02-01,Debit Card,Hyderabad
FEB_007424,CUST_04573,Tablet,1,17491,2026-02-18,Credit Card,Mumbai
FEB_007425,CUST_01377,Keyboard,4,17338,2026-02-20,Cash on Delivery,Chennai
FEB_007426,CUST_00476,Mouse,3,36466,2026-02-13,Debit Card,Bangalore
FEB_007427,CUST_01244,Mouse,2,24150,2026-02-08,Cash on Delivery,Hyderabad
FEB_007428,CUST_04323,Mouse,4,49057,2026-02-26,UPI,Bangalore
FEB_007429,CUST_02281,Smartphone,3,40034,2026-02-23,Cash on Delivery,Mumbai
FEB_007430,CUST_02889,Mouse,1,14612,2026-02-21,Debit Card,Bangalore
FEB_007431,CUST_00320,Mouse,3,42597,2026-02-08,Credit Card,Delhi
FEB_007432,CUST_02578,Smartwatch,4,46536,2026-02-28,Debit Card,Chennai
FEB_007433,CUST_01205,Smartwatch,2,23415,2026-02-25,Cash on Delivery,Delhi
FEB_007434,CUST_02941,Monitor,5,25654,2026-02-13,Credit Card,Pune
FEB_007435,CUST_02703,Smartwatch,1,33566,2026-02-26,UPI,Mumbai
FEB_007436,CUST_02640,Tablet,5,33206,2026-02-18,UPI,Mumbai
FEB_007437,CUST_02881,Keyboard,3,5455,2026-02-10,Cash on Delivery,Mumbai
FEB_007438,CUST_03367,Mouse,3,15692,2026-02-15,Credit Card,Hyderabad
FEB_007439,CUST_03852,Smartwatch,3,36921,2026-02-01,Credit Card,Bangalore
FEB_007440,CUST_02345,Tablet,4,48276,2026-02-23,Debit Card,Hyderabad
FEB_007441,CUST_02796,Mouse,5,23275,2026-02-18,UPI,Chennai
FEB_007442,CUST_04206,Smartphone,3,19423,2026-02-15,Cash on Delivery,Bangalore
FEB_007443,CUST_04784,Mouse,3,38874,2026-02-27,Credit Card,Bangalore
FEB_007444,CUST_02829,Smartphone,1,28718,2026-02-18,UPI,Bangalore
FEB_007445,CUST_01867,Mouse,2,15410,2026-02-22,Cash on Delivery,Chennai
FEB_007446,CUST_00850,Headphones,5,48254,2026-02-16,UPI,Mumbai
FEB_007447,CUST_03597,Smartphone,1,34439,2026-02-22,Debit Card,Hyderabad
FEB_007448,CUST_02477,Smartphone,4,37305,2026-02-05,Debit Card,Chennai
FEB_007449,CUST_03062,Headphones,2,23229,2026-02-22,Cash on Delivery,Chennai
FEB_007450,CUST_04996,Monitor,2,44512,2026-02-06,Credit Card,Mumbai
FEB_007451,CUST_02990,Keyboard,1,22818,2026-02-23,UPI,Delhi
FEB_007452,CUST_04050,Laptop,5,32327,2026-02-06,Credit Card,Bangalore
FEB_007453,CUST_02473,Smartwatch,4,10381,2026-02-22,Credit Card,Delhi
FEB_007454,CUST_04439,Smartwatch,1,22147,2026-02-02,Credit Card,Bangalore
FEB_007455,CUST_03899,Smartphone,2,12523,2026-02-02,Credit Card,Hyderabad
FEB_007456,CUST_02782,Tablet,3,8595,2026-02-25,Credit Card,Bangalore
FEB_007457,CUST_03719,Smartwatch,3,38300,2026-02-25,Credit Card,Mumbai
FEB_007458,CUST_04935,Smartphone,4,3717,2026-02-10,Cash on Delivery,Chennai
FEB_007459,CUST_03834,Mouse,1,40700,2026-02-12,Credit Card,Chennai
FEB_007460,CUST_00029,Headphones,3,9464,2026-02-23,UPI,Mumbai
FEB_007461,CUST_04857,Tablet,1,9020,2026-02-03,Debit Card,Chennai
FEB_007462,CUST_01782,Smartwatch,3,3187,2026-02-05,Cash on Delivery,Pune
FEB_007463,CUST_01696,Smartwatch,2,27980,2026-02-27,UPI,Bangalore
FEB_007464,CUST_02450,Tablet,1,29054,2026-02-16,Cash on Delivery,Chennai
FEB_007465,CUST_02031,Smartphone,1,3051,2026-02-02,Debit Card,Mumbai
FEB_007466,CUST_00688,Headphones,4,47328,2026-02-04,Cash on Delivery,Chennai
FEB_007467,CUST_00873,Keyboard,5,26799,2026-02-25,Cash on Delivery,Delhi
FEB_007468,CUST_01831,Keyboard,3,36454,2026-02-19,Cash on Delivery,Bangalore
FEB_007469,CUST_04411,Smartphone,2,33473,2026-02-12,Debit Card,Hyderabad
FEB_007470,CUST_02683,Monitor,1,21563,2026-02-22,Cash on Delivery,Delhi
FEB_007471,CUST_01841,Laptop,4,29149,2026-02-12,Cash on Delivery,Delhi
FEB_007472,CUST_02410,Smartphone,1,1751,2026-02-18,Cash on Delivery,Delhi
FEB_007473,CUST_02508,Headphones,5,18151,2026-02-22,Cash on Delivery,Bangalore
FEB_007474,CUST_00636,Smartphone,4,7673,2026-02-25,Credit Card,Hyderabad
FEB_007475,CUST_04458,Smartwatch,2,3859,2026-02-07,Debit Card,Hyderabad
FEB_007476,CUST_02870,Headphones,5,34387,2026-02-05,Credit Card,Hyderabad
FEB_007477,CUST_01341,Headphones,5,4424,2026-02-04,Cash on Delivery,Pune
FEB_007478,CUST_04355,Headphones,2,13664,2026-02-04,Credit Card,Hyderabad
FEB_007479,CUST_00934,Mouse,4,332,2026-02-09,UPI,Chennai
FEB_007480,CUST_02711,Smartphone,5,49823,2026-02-18,UPI,Bangalore
FEB_007481,CUST_03726,Tablet,3,2445,2026-02-23,Debit Card,Mumbai
FEB_007482,CUST_00116,Monitor,1,32792,2026-02-04,Credit Card,Mumbai
FEB_007483,CUST_03235,Headphones,2,47564,2026-02-06,Credit Card,Hyderabad
FEB_007484,CUST_03356,Tablet,2,38323,2026-02-14,Credit Card,Chennai
FEB_007485,CUST_01017,Tablet,5,28857,2026-02-08,UPI,Hyderabad
FEB_007486,CUST_04153,Headphones,2,40339,2026-02-22,UPI,Pune
FEB_007487,CUST_02897,Headphones,2,15595,2026-02-02,Credit Card,Bangalore
FEB_007488,CUST_01316,Monitor,4,12965,2026-02-03,Cash on Delivery,Bangalore
FEB_007489,CUST_03324,Headphones,4,27612,2026-02-16,UPI,Hyderabad
FEB_007490,CUST_00364,Tablet,1,35501,2026-02-10,Cash on Delivery,Pune
FEB_007491,CUST_03771,Smartphone,1,25235,2026-02-07,UPI,Chennai
FEB_007492,CUST_00976,Keyboard,3,45536,2026-02-09,Credit Card,Chennai
FEB_007493,CUST_00147,Tablet,5,742,2026-02-01,Credit Card,Delhi
FEB_007494,CUST_00057,Tablet,1,27656,2026-02-10,Credit Card,Hyderabad
FEB_007495,CUST_02246,Tablet,3,20613,2026-02-08,UPI,Mumbai
FEB_007496,CUST_01213,Smartphone,3,28532,2026-02-28,Cash on Delivery,Delhi
FEB_007497,CUST_00124,Smartwatch,1,5260,2026-02-14,Cash on Delivery,Mumbai
FEB_007498,CUST_01095,Headphones,2,33840,2026-02-16,Cash on Delivery,Mumbai
FEB_007499,CUST_02769,Headphones,1,41236,2026-02-18,UPI,Pune
FEB_007500,CUST_02525,Laptop,1,6224,2026-02-04,Cash on Delivery,Mumbai
FEB_007501,CUST_04950,Smartphone,2,41676,2026-02-02,Cash on Delivery,Pune
FEB_007502,CUST_03596,Smartwatch,1,35901,2026-02-21,UPI,Hyderabad
FEB_007503,CUST_04289,Keyboard,1,1192,2026-02-06,Credit Card,Mumbai
FEB_007504,CUST_01686,Smartphone,1,45017,2026-02-19,Credit Card,Bangalore
FEB_007505,CUST_02556,Smartphone,2,14238,2026-02-16,UPI,Bangalore
FEB_007506,CUST_04071,Tablet,1,32126,2026-02-22,Credit Card,Delhi
FEB_007507,CUST_00616,Headphones,5,32302,2026-02-01,Credit Card,Hyderabad
FEB_007508,CUST_02028,Smartphone,1,14594,2026-02-03,UPI,Chennai
FEB_007509,CUST_00193,Mouse,1,33060,2026-02-07,Cash on Delivery,Delhi
FEB_007510,CUST_04879,Keyboard,4,18687,2026-02-02,Debit Card,Hyderabad
FEB_007511,CUST_04523,Monitor,4,38954,2026-02-26,Credit Card,Bangalore
FEB_007512,CUST_00306,Tablet,5,35466,2026-02-09,Debit Card,Hyderabad
FEB_007513,CUST_00886,Keyboard,1,37224,2026-02-14,Credit Card,Hyderabad
FEB_007514,CUST_00643,Headphones,4,42868,2026-02-07,Credit Card,Mumbai
FEB_007515,CUST_02777,Mouse,1,45234,2026-02-07,UPI,Delhi
FEB_007516,CUST_03560,Smartphone,4,26030,2026-02-08,UPI,Delhi
FEB_007517,CUST_02046,Tablet,5,45171,2026-02-08,UPI,Pune
FEB_007518,CUST_04322,Smartwatch,1,22360,2026-02-11,Cash on Delivery,Pune
FEB_007519,CUST_02721,Keyboard,1,9197,2026-02-23,Credit Card,Bangalore
FEB_007520,CUST_02712,Tablet,4,22444,2026-02-03,UPI,Mumbai
FEB_007521,CUST_02199,Smartphone,4,37184,2026-02-09,Credit Card,Mumbai
FEB_007522,CUST_03686,Tablet,1,10987,2026-02-27,Credit Card,Delhi
FEB_007523,CUST_01372,Tablet,3,41528,2026-02-04,UPI,Hyderabad
FEB_007524,CUST_01141,Mouse,3,33349,2026-02-25,Cash on Delivery,Pune
FEB_007525,CUST_01673,Tablet,2,9893,2026-02-22,Cash on Delivery,Chennai
FEB_007526,CUST_00350,Smartphone,3,24009,2026-02-21,UPI,Mumbai
FEB_007527,CUST_02640,Keyboard,4,27956,2026-02-22,UPI,Delhi
FEB_007528,CUST_04567,Smartphone,4,28941,2026-02-02,Cash on Delivery,Pune
FEB_007529,CUST_01046,Laptop,5,477,2026-02-27,Cash on Delivery,Bangalore
FEB_007530,CUST_01340,Tablet,1,25150,2026-02-19,Cash on Delivery,Delhi
FEB_007531,CUST_04965,Smartwatch,5,8064,2026-02-23,Credit Card,Chennai
FEB_007532,CUST_04619,Monitor,2,40320,2026-02-02,Credit Card,Bangalore
FEB_007533,CUST_01507,Keyboard,1,26041,2026-02-20,Cash on Delivery,Hyderabad
FEB_007534,CUST_03410,Tablet,2,13319,2026-02-10,UPI,Chennai
FEB_007535,CUST_00615,Mouse,4,27549,2026-02-16,UPI,Delhi
FEB_007536,CUST_04708,Headphones,4,9994,2026-02-08,UPI,Pune
FEB_007537,CUST_04252,Keyboard,4,35538,2026-02-22,Debit Card,Delhi
FEB_007538,CUST_02296,Headphones,3,43977,2026-02-13,Debit Card,Bangalore
FEB_007539,CUST_01481,Monitor,2,16855,2026-02-24,UPI,Chennai
FEB_007540,CUST_03171,Smartwatch,2,33105,2026-02-03,Cash on Delivery,Delhi
FEB_007541,CUST_01926,Monitor,1,31904,2026-02-26,Debit Card,Bangalore
FEB_007542,CUST_00561,Mouse,5,5256,2026-02-21,Credit Card,Delhi
FEB_007543,CUST_03546,Tablet,2,13903,2026-02-24,Debit Card,Bangalore
FEB_007544,CUST_01023,Smartwatch,5,13815,2026-02-28,Cash on Delivery,Hyderabad
FEB_007545,CUST_04833,Headphones,4,23873,2026-02-27,Debit Card,Hyderabad
FEB_007546,CUST_01301,Tablet,5,32018,2026-02-12,UPI,Pune
FEB_007547,CUST_01658,Headphones,1,45174,2026-02-21,Credit Card,Mumbai
FEB_007548,CUST_01909,Smartphone,1,16293,2026-02-08,Credit Card,Chennai
FEB_007549,CUST_01903,Smartwatch,1,38700,2026-02-08,UPI,Delhi
FEB_007550,CUST_02533,Keyboard,1,28401,2026-02-27,UPI,Pune
FEB_007551,CUST_01781,Keyboard,5,35267,2026-02-16,Credit Card,Delhi
FEB_007552,CUST_02631,Laptop,1,5149,2026-02-12,Debit Card,Delhi
FEB_007553,CUST_03715,Tablet,4,44239,2026-02-18,Credit Card,Hyderabad
FEB_007554,CUST_02706,Keyboard,1,31005,2026-02-05,Cash on Delivery,Pune
FEB_007555,CUST_03486,Laptop,1,15150,2026-02-23,Credit Card,Chennai
FEB_007556,CUST_04393,Mouse,2,7173,2026-02-24,UPI,Pune
FEB_007557,CUST_04875,Laptop,4,3035,2026-02-09,Debit Card,Chennai
FEB_007558,CUST_02010,Headphones,2,27103,2026-02-15,Cash on Delivery,Mumbai
FEB_007559,CUST_02032,Smartwatch,1,45542,2026-02-12,UPI,Bangalore
FEB_007560,CUST_03015,Smartphone,2,17308,2026-02-04,UPI,Chennai
FEB_007561,CUST_01187,Headphones,3,22012,2026-02-23,UPI,Bangalore
FEB_007562,CUST_04663,Laptop,4,6338,2026-02-13,Debit Card,Pune
FEB_007563,CUST_01952,Keyboard,5,40752,2026-02-25,Cash on Delivery,Mumbai
FEB_007564,CUST_01874,Smartphone,4,12002,2026-02-07,Debit Card,Delhi
FEB_007565,CUST_04076,Smartphone,5,4277,2026-02-07,Credit Card,Pune
FEB_007566,CUST_01770,Keyboard,2,18409,2026-02-05,Debit Card,Pune
FEB_007567,CUST_00156,Laptop,4,2790,2026-02-14,Credit Card,Mumbai
FEB_007568,CUST_00079,Smartwatch,2,33831,2026-02-26,Cash on Delivery,Bangalore
FEB_007569,CUST_04737,Headphones,4,40598,2026-02-19,Credit Card,Bangalore
FEB_007570,CUST_04308,Smartphone,5,24514,2026-02-05,Cash on Delivery,Mumbai
FEB_007571,CUST_00862,Mouse,3,11974,2026-02-20,UPI,Chennai
FEB_007572,CUST_01128,Monitor,4,24131,2026-02-19,Credit Card,Hyderabad
FEB_007573,CUST_04741,Keyboard,1,24570,2026-02-04,Cash on Delivery,Chennai
FEB_007574,CUST_02722,Smartphone,3,47181,2026-02-22,Cash on Delivery,Delhi
FEB_007575,CUST_03487,Tablet,5,47055,2026-02-25,UPI,Bangalore
FEB_007576,CUST_01384,Headphones,1,40891,2026-02-09,Cash on Delivery,Chennai
FEB_007577,CUST_04592,Mouse,5,6390,2026-02-18,UPI,Delhi
FEB_007578,CUST_00537,Tablet,1,34039,2026-02-07,UPI,Delhi
FEB_007579,CUST_02976,Smartphone,4,17334,2026-02-28,Debit Card,Bangalore
FEB_007580,CUST_02682,Keyboard,2,40400,2026-02-13,UPI,Chennai
FEB_007581,CUST_01734,Tablet,2,45319,2026-02-01,UPI,Mumbai
FEB_007582,CUST_03044,Smartphone,1,45525,2026-02-06,Cash on Delivery,Delhi
FEB_007583,CUST_01611,Tablet,4,31488,2026-02-11,UPI,Delhi
FEB_007584,CUST_01072,Laptop,5,21564,2026-02-10,Debit Card,Bangalore
FEB_007585,CUST_02888,Monitor,1,19476,2026-02-10,UPI,Hyderabad
FEB_007586,CUST_00363,Tablet,3,18353,2026-02-03,Credit Card,Hyderabad
FEB_007587,CUST_03815,Laptop,5,33298,2026-02-21,Credit Card,Chennai
FEB_007588,CUST_01783,Headphones,1,37991,2026-02-18,UPI,Mumbai
FEB_007589,CUST_01854,Tablet,2,33483,2026-02-20,UPI,Delhi
FEB_007590,CUST_04574,Keyboard,4,8320,2026-02-08,Credit Card,Delhi
FEB_007591,CUST_04640,Laptop,2,45853,2026-02-16,Credit Card,Delhi
FEB_007592,CUST_02782,Keyboard,1,19675,2026-02-06,UPI,Mumbai
FEB_007593,CUST_04358,Smartphone,3,43735,2026-02-01,Debit Card,Hyderabad
FEB_007594,CUST_01285,Keyboard,1,44174,2026-02-23,Cash on Delivery,Mumbai
FEB_007595,CUST_02448,Headphones,4,31567,2026-02-13,Credit Card,Bangalore
FEB_007596,CUST_02279,Tablet,2,5170,2026-02-19,Debit Card,Mumbai
FEB_007597,CUST_04032,Laptop,2,41198,2026-02-06,Credit Card,Hyderabad
FEB_007598,CUST_02822,Tablet,2,35883,2026-02-22,Cash on Delivery,Bangalore
FEB_007599,CUST_00219,Headphones,4,46444,2026-02-11,Cash on Delivery,Chennai
FEB_007600,CUST_00942,Smartwatch,5,21517,2026-02-27,UPI,Hyderabad
FEB_007601,CUST_04277,Smartphone,4,9420,2026-02-10,Cash on Delivery,Bangalore
FEB_007602,CUST_03016,Monitor,1,33503,2026-02-28,UPI,Bangalore
FEB_007603,CUST_01684,Smartphone,2,15881,2026-02-22,Credit Card,Hyderabad
FEB_007604,CUST_00720,Smartphone,4,4810,2026-02-05,UPI,Chennai
FEB_007605,CUST_00464,Monitor,3,43410,2026-02-07,Debit Card,Bangalore
FEB_007606,CUST_00885,Keyboard,5,37028,2026-02-27,UPI,Chennai
FEB_007607,CUST_02222,Smartwatch,3,11159,2026-02-04,UPI,Pune
FEB_007608,CUST_04990,Tablet,3,9360,2026-02-07,Debit Card,Bangalore
FEB_007609,CUST_04395,Headphones,2,29116,2026-02-17,UPI,Pune
FEB_007610,CUST_04034,Keyboard,3,13161,2026-02-22,Credit Card,Delhi
FEB_007611,CUST_01277,Headphones,2,2457,2026-02-16,Credit Card,Hyderabad
FEB_007612,CUST_04346,Tablet,4,43215,2026-02-02,Cash on Delivery,Delhi
FEB_007613,CUST_02313,Mouse,5,7106,2026-02-11,Cash on Delivery,Hyderabad
FEB_007614,CUST_01119,Laptop,2,24688,2026-02-06,UPI,Bangalore
FEB_007615,CUST_04503,Smartwatch,2,18683,2026-02-12,Cash on Delivery,Bangalore
FEB_007616,CUST_03766,Mouse,1,40586,2026-02-24,Cash on Delivery,Mumbai
FEB_007617,CUST_04101,Smartwatch,2,46433,2026-02-14,Cash on Delivery,Pune
FEB_007618,CUST_03054,Smartwatch,3,15804,2026-02-15,Debit Card,Chennai
FEB_007619,CUST_01048,Laptop,4,49228,2026-02-18,Credit Card,Bangalore
FEB_007620,CUST_00092,Mouse,2,16673,2026-02-03,Cash on Delivery,Hyderabad
FEB_007621,CUST_02935,Smartwatch,5,26134,2026-02-09,UPI,Pune
FEB_007622,CUST_00013,Mouse,2,29885,2026-02-22,Debit Card,Hyderabad
FEB_007623,CUST_04557,Smartwatch,1,15932,2026-02-19,Credit Card,Chennai
FEB_007624,CUST_04216,Laptop,3,41395,2026-02-01,UPI,Bangalore
FEB_007625,CUST_02980,Laptop,4,44244,2026-02-25,Cash on Delivery,Delhi
FEB_007626,CUST_01605,Headphones,3,46857,2026-02-14,Credit Card,Mumbai
FEB_007627,CUST_03569,Smartwatch,4,7572,2026-02-07,Debit Card,Hyderabad
FEB_007628,CUST_00262,Smartphone,4,42504,2026-02-05,Debit Card,Chennai
FEB_007629,CUST_01469,Monitor,4,49266,2026-02-14,Cash on Delivery,Chennai
FEB_007630,CUST_01627,Smartphone,2,18779,2026-02-23,UPI,Chennai
FEB_007631,CUST_01497,Tablet,1,27050,2026-02-10,Debit Card,Pune
FEB_007632,CUST_00590,Keyboard,2,35265,2026-02-16,Debit Card,Bangalore
FEB_007633,CUST_04478,Headphones,4,35627,2026-02-07,Debit Card,Pune
FEB_007634,CUST_03094,Keyboard,1,31087,2026-02-27,Debit Card,Hyderabad
FEB_007635,CUST_04057,Smartwatch,5,8134,2026-02-06,UPI,Mumbai
FEB_007636,CUST_04455,Headphones,1,9858,2026-02-10,Credit Card,Bangalore
FEB_007637,CUST_00029,Tablet,5,45365,2026-02-21,Debit Card,Chennai
FEB_007638,CUST_00855,Monitor,1,27484,2026-02-12,Cash on Delivery,Pune
FEB_007639,CUST_02069,Headphones,3,21649,2026-02-07,Debit Card,Delhi
FEB_007640,CUST_02318,Smartphone,4,49638,2026-02-19,UPI,Bangalore
FEB_007641,CUST_04331,Tablet,2,1343,2026-02-06,UPI,Bangalore
FEB_007642,CUST_03146,Headphones,1,9571,2026-02-24,Debit Card,Pune
FEB_007643,CUST_01686,Headphones,1,38757,2026-02-21,Credit Card,Mumbai
FEB_007644,CUST_03819,Keyboard,5,47106,2026-02-23,UPI,Delhi
FEB_007645,CUST_01047,Headphones,4,33580,2026-02-22,Cash on Delivery,Hyderabad
FEB_007646,CUST_01218,Headphones,2,43942,2026-02-05,UPI,Mumbai
FEB_007647,CUST_00781,Smartphone,1,10507,2026-02-08,Cash on Delivery,Pune
FEB_007648,CUST_02332,Headphones,1,20135,2026-02-12,Cash on Delivery,Chennai
FEB_007649,CUST_03510,Smartphone,4,43198,2026-02-27,Debit Card,Chennai
FEB_007650,CUST_02783,Keyboard,5,15677,2026-02-05,Debit Card,Delhi
FEB_007651,CUST_02339,Laptop,1,33169,2026-02-13,Cash on Delivery,Pune
FEB_007652,CUST_00669,Tablet,3,12352,2026-02-27,UPI,Chennai
FEB_007653,CUST_01470,Monitor,4,47352,2026-02-12,Credit Card,Chennai
FEB_007654,CUST_04341,Laptop,2,4672,2026-02-07,UPI,Chennai
FEB_007655,CUST_00747,Keyboard,1,37387,2026-02-06,Cash on Delivery,Chennai
FEB_007656,CUST_01347,Laptop,4,15412,2026-02-06,Debit Card,Chennai
FEB_007657,CUST_00048,Smartphone,2,26513,2026-02-23,Credit Card,Bangalore
FEB_007658,CUST_04055,Tablet,4,18314,2026-02-06,Credit Card,Chennai
FEB_007659,CUST_04877,Keyboard,5,4022,2026-02-09,Cash on Delivery,Mumbai
FEB_007660,CUST_01061,Tablet,3,46800,2026-02-08,Credit Card,Pune
FEB_007661,CUST_01883,Monitor,4,13972,2026-02-24,Cash on Delivery,Mumbai
FEB_007662,CUST_03065,Laptop,5,19812,2026-02-02,Debit Card,Mumbai
FEB_007663,CUST_04263,Mouse,3,13783,2026-02-13,Debit Card,Mumbai
FEB_007664,CUST_04562,Smartwatch,5,16184,2026-02-02,Debit Card,Hyderabad
FEB_007665,CUST_03010,Smartphone,2,42246,2026-02-26,UPI,Chennai
FEB_007666,CUST_00381,Laptop,1,22121,2026-02-12,Debit Card,Hyderabad
FEB_007667,CUST_01357,Smartwatch,4,45553,2026-02-20,UPI,Hyderabad
FEB_007668,CUST_03078,Headphones,3,37495,2026-02-11,Credit Card,Pune
FEB_007669,CUST_04675,Monitor,4,27601,2026-02-10,Cash on Delivery,Delhi
FEB_007670,CUST_01420,Mouse,2,35643,2026-02-16,UPI,Pune
FEB_007671,CUST_04097,Laptop,2,29487,2026-02-11,Cash on Delivery,Chennai
FEB_007672,CUST_00222,Tablet,5,15519,2026-02-12,Debit Card,Delhi
FEB_007673,CUST_04561,Keyboard,5,49174,2026-02-09,Credit Card,Bangalore
FEB_007674,CUST_04306,Keyboard,1,14836,2026-02-24,Cash on Delivery,Mumbai
FEB_007675,CUST_02737,Mouse,3,48829,2026-02-06,Debit Card,Pune
FEB_007676,CUST_00599,Keyboard,4,18455,2026-02-08,Credit Card,Mumbai
FEB_007677,CUST_04446,Headphones,5,5452,2026-02-05,UPI,Hyderabad
FEB_007678,CUST_04518,Mouse,2,35483,2026-02-22,Credit Card,Delhi
FEB_007679,CUST_00750,Keyboard,2,5440,2026-02-23,Credit Card,Pune
FEB_007680,CUST_04718,Smartphone,1,41730,2026-02-03,Cash on Delivery,Bangalore
FEB_007681,CUST_03947,Smartwatch,2,34868,2026-02-06,Debit Card,Chennai
FEB_007682,CUST_01002,Monitor,5,38913,2026-02-17,Cash on Delivery,Hyderabad
FEB_007683,CUST_04968,Mouse,2,6303,2026-02-12,Cash on Delivery,Pune
FEB_007684,CUST_01306,Smartwatch,1,33743,2026-02-21,Credit Card,Mumbai
FEB_007685,CUST_02621,Smartphone,2,37295,2026-02-07,Credit Card,Pune
FEB_007686,CUST_01877,Smartphone,1,30325,2026-02-25,Debit Card,Chennai
FEB_007687,CUST_04948,Monitor,4,46598,2026-02-14,UPI,Chennai
FEB_007688,CUST_00725,Headphones,2,11238,2026-02-23,Cash on Delivery,Delhi
FEB_007689,CUST_04570,Headphones,4,46497,2026-02-18,Cash on Delivery,Pune
FEB_007690,CUST_02243,Smartphone,2,37247,2026-02-26,Cash on Delivery,Delhi
FEB_007691,CUST_00628,Tablet,4,687,2026-02-27,Cash on Delivery,Chennai
FEB_007692,CUST_03517,Smartphone,3,37721,2026-02-11,UPI,Bangalore
FEB_007693,CUST_04178,Monitor,5,19306,2026-02-22,Debit Card,Pune
FEB_007694,CUST_00931,Smartphone,2,40723,2026-02-05,Debit Card,Bangalore
FEB_007695,CUST_02836,Mouse,1,4087,2026-02-07,Cash on Delivery,Delhi
FEB_007696,CUST_00719,Tablet,3,49973,2026-02-23,UPI,Hyderabad
FEB_007697,CUST_03167,Laptop,4,26199,2026-02-01,UPI,Pune
FEB_007698,CUST_02908,Smartwatch,3,4289,2026-02-10,UPI,Chennai
FEB_007699,CUST_04501,Monitor,4,16527,2026-02-08,UPI,Hyderabad
FEB_007700,CUST_03367,Mouse,4,45399,2026-02-21,UPI,Hyderabad
FEB_007701,CUST_02224,Monitor,1,33364,2026-02-04,Credit Card,Pune
FEB_007702,CUST_03658,Keyboard,5,23976,2026-02-07,Credit Card,Chennai
FEB_007703,CUST_01670,Monitor,2,10741,2026-02-26,Debit Card,Chennai
FEB_007704,CUST_02802,Keyboard,1,28996,2026-02-27,Credit Card,Mumbai
FEB_007705,CUST_00033,Smartphone,5,48986,2026-02-19,UPI,Delhi
FEB_007706,CUST_02474,Smartwatch,5,44611,2026-02-27,UPI,Mumbai
FEB_007707,CUST_01876,Smartwatch,5,6200,2026-02-22,Debit Card,Bangalore
FEB_007708,CUST_01208,Smartwatch,1,10527,2026-02-09,Cash on Delivery,Chennai
FEB_007709,CUST_00555,Monitor,1,36994,2026-02-13,UPI,Hyderabad
FEB_007710,CUST_02018,Smartphone,1,18074,2026-02-08,Credit Card,Bangalore
FEB_007711,CUST_02259,Smartwatch,3,40828,2026-02-15,UPI,Delhi
FEB_007712,CUST_03425,Keyboard,5,6248,2026-02-03,Credit Card,Hyderabad
FEB_007713,CUST_04439,Smartwatch,1,18605,2026-02-22,UPI,Hyderabad
FEB_007714,CUST_02490,Monitor,3,23403,2026-02-05,Cash on Delivery,Bangalore
FEB_007715,CUST_04692,Mouse,4,49090,2026-02-25,Credit Card,Hyderabad
FEB_007716,CUST_04127,Laptop,2,23578,2026-02-26,Debit Card,Bangalore
FEB_007717,CUST_00154,Smartwatch,5,39277,2026-02-09,UPI,Hyderabad
FEB_007718,CUST_03596,Monitor,3,43864,2026-02-16,Debit Card,Chennai
FEB_007719,CUST_03943,Tablet,5,16782,2026-02-25,Credit Card,Mumbai
FEB_007720,CUST_04664,Laptop,5,848,2026-02-09,Debit Card,Hyderabad
FEB_007721,CUST_02382,Mouse,3,4278,2026-02-10,Debit Card,Chennai
FEB_007722,CUST_02989,Monitor,1,40555,2026-02-12,Cash on Delivery,Mumbai
FEB_007723,CUST_04028,Smartphone,5,9200,2026-02-27,Credit Card,Pune
FEB_007724,CUST_01585,Laptop,1,32438,2026-02-04,UPI,Pune
FEB_007725,CUST_01144,Tablet,4,43362,2026-02-12,Cash on Delivery,Mumbai
FEB_007726,CUST_01026,Smartwatch,5,42892,2026-02-06,Debit Card,Bangalore
FEB_007727,CUST_01057,Tablet,4,8758,2026-02-02,Credit Card,Bangalore
FEB_007728,CUST_00512,Headphones,4,43776,2026-02-17,Credit Card,Mumbai
FEB_007729,CUST_00601,Headphones,3,1999,2026-02-18,Cash on Delivery,Chennai
FEB_007730,CUST_03469,Monitor,2,36512,2026-02-18,Cash on Delivery,Pune
FEB_007731,CUST_03438,Mouse,3,35262,2026-02-08,Debit Card,Bangalore
FEB_007732,CUST_03501,Tablet,1,26570,2026-02-20,UPI,Hyderabad
FEB_007733,CUST_00169,Smartwatch,3,31221,2026-02-20,Credit Card,Bangalore
FEB_007734,CUST_01170,Headphones,1,49714,2026-02-22,Credit Card,Mumbai
FEB_007735,CUST_02606,Monitor,1,45431,2026-02-23,UPI,Delhi
FEB_007736,CUST_00004,Tablet,3,450,2026-02-07,Debit Card,Pune
FEB_007737,CUST_00922,Smartwatch,5,19200,2026-02-20,Credit Card,Chennai
FEB_007738,CUST_02064,Laptop,5,43494,2026-02-02,Cash on Delivery,Bangalore
FEB_007739,CUST_01949,Smartwatch,3,37330,2026-02-08,Cash on Delivery,Bangalore
FEB_007740,CUST_01990,Headphones,2,19749,2026-02-23,UPI,Mumbai
FEB_007741,CUST_04743,Keyboard,4,14565,2026-02-15,Debit Card,Bangalore
FEB_007742,CUST_00352,Mouse,1,34465,2026-02-15,UPI,Chennai
FEB_007743,CUST_04802,Headphones,5,11153,2026-02-08,Credit Card,Hyderabad
FEB_007744,CUST_03297,Smartwatch,3,26625,2026-02-06,Credit Card,Mumbai
FEB_007745,CUST_01507,Mouse,3,21537,2026-02-26,UPI,Chennai
FEB_007746,CUST_04561,Mouse,5,362,2026-02-24,Credit Card,Pune
FEB_007747,CUST_03319,Monitor,5,5552,2026-02-20,Cash on Delivery,Chennai
FEB_007748,CUST_01045,Smartphone,3,14097,2026-02-03,UPI,Mumbai
FEB_007749,CUST_01304,Keyboard,1,25371,2026-02-26,Cash on Delivery,Pune
FEB_007750,CUST_03379,Headphones,2,33460,2026-02-17,UPI,Delhi
FEB_007751,CUST_03785,Monitor,5,20458,2026-02-15,Credit Card,Mumbai
FEB_007752,CUST_04265,Headphones,3,7519,2026-02-21,Debit Card,Mumbai
FEB_007753,CUST_03490,Tablet,5,2074,2026-02-08,Debit Card,Bangalore
FEB_007754,CUST_02508,Smartwatch,3,12660,2026-02-23,Cash on Delivery,Pune
FEB_007755,CUST_04332,Smartphone,4,32281,2026-02-08,Debit Card,Chennai
FEB_007756,CUST_02510,Headphones,4,25237,2026-02-21,Debit Card,Pune
FEB_007757,CUST_00682,Mouse,4,46801,2026-02-11,UPI,Delhi
FEB_007758,CUST_02385,Mouse,4,23470,2026-02-22,UPI,Hyderabad
FEB_007759,CUST_03529,Headphones,1,25846,2026-02-26,UPI,Delhi
FEB_007760,CUST_02733,Headphones,4,20390,2026-02-28,Credit Card,Bangalore
FEB_007761,CUST_00845,Monitor,3,13338,2026-02-20,Credit Card,Hyderabad
FEB_007762,CUST_02131,Laptop,5,46323,2026-02-16,Cash on Delivery,Chennai
FEB_007763,CUST_00051,Laptop,4,40370,2026-02-28,UPI,Pune
FEB_007764,CUST_02237,Keyboard,3,22425,2026-02-17,UPI,Chennai
FEB_007765,CUST_01453,Smartwatch,5,31983,2026-02-19,Cash on Delivery,Pune
FEB_007766,CUST_04634,Smartphone,5,48259,2026-02-05,Debit Card,Bangalore
FEB_007767,CUST_03621,Smartwatch,4,49761,2026-02-07,Credit Card,Chennai
FEB_007768,CUST_01189,Smartwatch,3,47589,2026-02-15,UPI,Pune
FEB_007769,CUST_04737,Keyboard,2,10810,2026-02-25,Credit Card,Bangalore
FEB_007770,CUST_01159,Smartwatch,5,7141,2026-02-20,Credit Card,Delhi
FEB_007771,CUST_02098,Smartphone,1,36891,2026-02-06,Credit Card,Delhi
FEB_007772,CUST_02788,Headphones,4,22307,2026-02-10,Cash on Delivery,Delhi
FEB_007773,CUST_02511,Laptop,5,36665,2026-02-17,Cash on Delivery,Chennai
FEB_007774,CUST_02321,Tablet,3,39930,2026-02-22,Debit Card,Chennai
FEB_007775,CUST_04886,Monitor,5,49098,2026-02-11,Credit Card,Mumbai
FEB_007776,CUST_03569,Monitor,5,48747,2026-02-02,Cash on Delivery,Mumbai
FEB_007777,CUST_01748,Smartphone,1,6735,2026-02-28,Debit Card,Bangalore
FEB_007778,CUST_01406,Keyboard,2,28291,2026-02-20,Debit Card,Bangalore
FEB_007779,CUST_00289,Smartphone,3,16552,2026-02-24,Debit Card,Mumbai
FEB_007780,CUST_00257,Smartphone,4,29213,2026-02-07,Credit Card,Bangalore
FEB_007781,CUST_03827,Keyboard,5,13089,2026-02-02,UPI,Pune
FEB_007782,CUST_01541,Smartwatch,3,6447,2026-02-17,Debit Card,Pune
FEB_007783,CUST_01198,Keyboard,5,32906,2026-02-14,UPI,Pune
FEB_007784,CUST_00055,Keyboard,2,28655,2026-02-16,Credit Card,Delhi
FEB_007785,CUST_02178,Mouse,4,45476,2026-02-22,Credit Card,Hyderabad
FEB_007786,CUST_03133,Monitor,1,7608,2026-02-25,Debit Card,Mumbai
FEB_007787,CUST_02031,Monitor,3,24168,2026-02-12,Credit Card,Bangalore
FEB_007788,CUST_01671,Smartwatch,2,48780,2026-02-12,Credit Card,Hyderabad
FEB_007789,CUST_04804,Keyboard,4,24117,2026-02-01,UPI,Bangalore
FEB_007790,CUST_00083,Monitor,5,41786,2026-02-04,Cash on Delivery,Delhi
FEB_007791,CUST_02190,Headphones,5,2948,2026-02-12,Cash on Delivery,Bangalore
FEB_007792,CUST_01827,Headphones,4,20973,2026-02-08,Cash on Delivery,Delhi
FEB_007793,CUST_00981,Keyboard,5,40644,2026-02-07,Credit Card,Pune
FEB_007794,CUST_00545,Monitor,1,41870,2026-02-01,Debit Card,Mumbai
FEB_007795,CUST_00746,Monitor,1,26836,2026-02-05,Debit Card,Pune
FEB_007796,CUST_04596,Headphones,1,20452,2026-02-19,Debit Card,Mumbai
FEB_007797,CUST_01536,Mouse,2,10430,2026-02-27,Cash on Delivery,Chennai
FEB_007798,CUST_04706,Smartphone,5,33111,2026-02-25,Cash on Delivery,Delhi
FEB_007799,CUST_03390,Mouse,1,21902,2026-02-28,Credit Card,Hyderabad
FEB_007800,CUST_03356,Monitor,3,48884,2026-02-06,UPI,Pune
FEB_007801,CUST_01944,Mouse,5,34578,2026-02-19,Credit Card,Chennai
FEB_007802,CUST_04151,Mouse,4,41410,2026-02-04,Cash on Delivery,Mumbai
FEB_007803,CUST_01188,Tablet,2,39783,2026-02-16,Cash on Delivery,Bangalore
FEB_007804,CUST_02377,Laptop,1,11710,2026-02-21,UPI,Chennai
FEB_007805,CUST_00080,Smartwatch,1,44669,2026-02-03,Cash on Delivery,Bangalore
FEB_007806,CUST_04390,Mouse,1,48986,2026-02-11,Cash on Delivery,Hyderabad
FEB_007807,CUST_02244,Headphones,2,5068,2026-02-27,UPI,Delhi
FEB_007808,CUST_00523,Laptop,3,39396,2026-02-09,Cash on Delivery,Mumbai
FEB_007809,CUST_04328,Smartphone,2,14516,2026-02-17,Cash on Delivery,Delhi
FEB_007810,CUST_02416,Monitor,2,29677,2026-02-25,Cash on Delivery,Mumbai
FEB_007811,CUST_03233,Monitor,1,44326,2026-02-01,Cash on Delivery,Delhi
FEB_007812,CUST_00468,Laptop,5,34559,2026-02-17,Credit Card,Hyderabad
FEB_007813,CUST_01591,Mouse,3,45420,2026-02-27,Cash on Delivery,Pune
FEB_007814,CUST_01528,Headphones,2,13348,2026-02-28,Debit Card,Delhi
FEB_007815,CUST_02150,Keyboard,5,27303,2026-02-13,UPI,Mumbai
FEB_007816,CUST_01983,Headphones,2,21514,2026-02-23,Cash on Delivery,Bangalore
FEB_007817,CUST_01677,Smartwatch,5,18360,2026-02-17,Credit Card,Chennai
FEB_007818,CUST_03511,Mouse,1,25926,2026-02-03,UPI,Delhi
FEB_007819,CUST_02075,Monitor,1,214,2026-02-19,Debit Card,Bangalore
FEB_007820,CUST_03829,Tablet,3,32366,2026-02-04,Debit Card,Delhi
FEB_007821,CUST_02883,Smartphone,3,28703,2026-02-26,Debit Card,Pune
FEB_007822,CUST_00531,Headphones,2,11192,2026-02-14,UPI,Mumbai
FEB_007823,CUST_01800,Keyboard,4,32791,2026-02-16,Credit Card,Pune
FEB_007824,CUST_01548,Smartphone,2,11788,2026-02-08,Credit Card,Bangalore
FEB_007825,CUST_01285,Tablet,1,49561,2026-02-13,UPI,Mumbai
FEB_007826,CUST_00465,Tablet,1,45268,2026-02-01,Cash on Delivery,Hyderabad
FEB_007827,CUST_03762,Laptop,4,40459,2026-02-03,Debit Card,Pune
FEB_007828,CUST_01882,Smartwatch,5,29234,2026-02-21,UPI,Delhi
FEB_007829,CUST_04307,Tablet,4,31900,2026-02-24,Cash on Delivery,Pune
FEB_007830,CUST_03852,Monitor,1,46874,2026-02-13,Debit Card,Chennai
FEB_007831,CUST_02639,Keyboard,5,24482,2026-02-16,Credit Card,Chennai
FEB_007832,CUST_02778,Laptop,2,25490,2026-02-10,Credit Card,Pune
FEB_007833,CUST_01605,Headphones,3,13506,2026-02-11,Debit Card,Bangalore
FEB_007834,CUST_00958,Smartphone,4,12637,2026-02-15,Cash on Delivery,Pune
FEB_007835,CUST_01990,Monitor,3,33056,2026-02-02,Credit Card,Delhi
FEB_007836,CUST_02545,Headphones,2,28081,2026-02-21,Cash on Delivery,Hyderabad
FEB_007837,CUST_04353,Headphones,1,4812,2026-02-01,Credit Card,Chennai
FEB_007838,CUST_04851,Keyboard,5,16700,2026-02-05,UPI,Bangalore
FEB_007839,CUST_01213,Tablet,4,3110,2026-02-13,Credit Card,Hyderabad
FEB_007840,CUST_02492,Keyboard,1,26038,2026-02-01,Cash on Delivery,Delhi
FEB_007841,CUST_00538,Tablet,4,35778,2026-02-17,UPI,Chennai
FEB_007842,CUST_01689,Smartphone,3,23934,2026-02-01,UPI,Hyderabad
FEB_007843,CUST_04782,Smartphone,4,35686,2026-02-21,Cash on Delivery,Chennai
FEB_007844,CUST_03112,Tablet,1,48744,2026-02-22,Credit Card,Delhi
FEB_007845,CUST_02907,Smartwatch,2,41079,2026-02-28,Credit Card,Pune
FEB_007846,CUST_04805,Headphones,2,43553,2026-02-17,Cash on Delivery,Mumbai
FEB_007847,CUST_00324,Smartwatch,1,14563,2026-02-21,Debit Card,Hyderabad
FEB_007848,CUST_02591,Keyboard,5,8209,2026-02-06,UPI,Chennai
FEB_007849,CUST_01095,Laptop,5,39748,2026-02-08,UPI,Pune
FEB_007850,CUST_03793,Smartphone,3,35013,2026-02-22,Debit Card,Pune
FEB_007851,CUST_03392,Smartwatch,1,28150,2026-02-22,UPI,Delhi
FEB_007852,CUST_00248,Monitor,4,33145,2026-02-09,Cash on Delivery,Chennai
FEB_007853,CUST_02088,Tablet,3,10670,2026-02-01,Credit Card,Pune
FEB_007854,CUST_03120,Monitor,3,45090,2026-02-01,Cash on Delivery,Delhi
FEB_007855,CUST_04645,Smartwatch,1,45085,2026-02-24,Cash on Delivery,Hyderabad
FEB_007856,CUST_01280,Monitor,3,12144,2026-02-11,UPI,Bangalore
FEB_007857,CUST_01346,Tablet,5,24219,2026-02-28,UPI,Delhi
FEB_007858,CUST_04991,Laptop,1,48148,2026-02-11,Cash on Delivery,Mumbai
FEB_007859,CUST_04883,Tablet,2,33637,2026-02-02,Debit Card,Mumbai
FEB_007860,CUST_01886,Smartwatch,2,33171,2026-02-16,UPI,Bangalore
FEB_007861,CUST_01164,Mouse,2,33600,2026-02-07,UPI,Mumbai
FEB_007862,CUST_03313,Laptop,4,22840,2026-02-10,Cash on Delivery,Mumbai
FEB_007863,CUST_03216,Smartwatch,1,29509,2026-02-19,Cash on Delivery,Pune
FEB_007864,CUST_00290,Mouse,2,40255,2026-02-15,UPI,Delhi
FEB_007865,CUST_02392,Smartwatch,4,26592,2026-02-05,Debit Card,Hyderabad
FEB_007866,CUST_03816,Mouse,5,38104,2026-02-03,Debit Card,Bangalore
FEB_007867,CUST_02350,Tablet,5,10134,2026-02-12,Debit Card,Delhi
FEB_007868,CUST_00738,Mouse,1,45107,2026-02-28,UPI,Delhi
FEB_007869,CUST_02293,Tablet,5,36779,2026-02-26,Cash on Delivery,Bangalore
FEB_007870,CUST_02952,Smartwatch,4,9256,2026-02-19,Credit Card,Chennai
FEB_007871,CUST_00577,Smartphone,3,4509,2026-02-17,UPI,Mumbai
FEB_007872,CUST_00985,Mouse,1,25071,2026-02-12,Credit Card,Bangalore
FEB_007873,CUST_00263,Tablet,5,47934,2026-02-25,Cash on Delivery,Pune
FEB_007874,CUST_03587,Smartwatch,5,40866,2026-02-18,Debit Card,Delhi
FEB_007875,CUST_02853,Monitor,3,32186,2026-02-21,UPI,Pune
FEB_007876,CUST_04905,Keyboard,2,39786,2026-02-11,Credit Card,Mumbai
FEB_007877,CUST_01543,Smartwatch,4,27572,2026-02-19,UPI,Chennai
FEB_007878,CUST_01938,Smartwatch,5,49482,2026-02-18,Credit Card,Hyderabad
FEB_007879,CUST_02507,Laptop,2,26622,2026-02-26,Credit Card,Bangalore
FEB_007880,CUST_00842,Smartwatch,2,29467,2026-02-13,Credit Card,Pune
FEB_007881,CUST_04529,Keyboard,1,10641,2026-02-02,UPI,Hyderabad
FEB_007882,CUST_03988,Smartphone,3,23337,2026-02-13,Credit Card,Chennai
FEB_007883,CUST_01071,Smartwatch,1,40291,2026-02-08,Debit Card,Mumbai
FEB_007884,CUST_01171,Keyboard,4,13272,2026-02-03,Debit Card,Hyderabad
FEB_007885,CUST_01721,Mouse,3,10141,2026-02-23,Cash on Delivery,Mumbai
FEB_007886,CUST_03451,Headphones,3,45169,2026-02-28,Credit Card,Pune
FEB_007887,CUST_03287,Monitor,2,14354,2026-02-08,Credit Card,Hyderabad
FEB_007888,CUST_01292,Smartwatch,3,44477,2026-02-01,UPI,Bangalore
FEB_007889,CUST_01510,Smartphone,2,39565,2026-02-14,Credit Card,Chennai
FEB_007890,CUST_01313,Smartphone,4,37398,2026-02-27,Debit Card,Hyderabad
FEB_007891,CUST_02610,Smartwatch,2,37467,2026-02-12,UPI,Pune
FEB_007892,CUST_01690,Mouse,5,10280,2026-02-08,Cash on Delivery,Bangalore
FEB_007893,CUST_01448,Mouse,1,1876,2026-02-11,Debit Card,Chennai
FEB_007894,CUST_01757,Monitor,4,14208,2026-02-27,Cash on Delivery,Hyderabad
FEB_007895,CUST_01056,Tablet,1,30646,2026-02-11,Debit Card,Mumbai
FEB_007896,CUST_01362,Tablet,1,45017,2026-02-11,Credit Card,Pune
FEB_007897,CUST_01969,Laptop,4,31886,2026-02-26,Credit Card,Bangalore
FEB_007898,CUST_02200,Smartwatch,4,31589,2026-02-18,Debit Card,Chennai
FEB_007899,CUST_00291,Smartphone,5,37009,2026-02-13,Cash on Delivery,Pune
FEB_007900,CUST_04033,Headphones,4,21943,2026-02-28,UPI,Bangalore
FEB_007901,CUST_02919,Keyboard,3,4050,2026-02-01,Credit Card,Hyderabad
FEB_007902,CUST_00860,Smartphone,3,29516,2026-02-15,Cash on Delivery,Chennai
FEB_007903,CUST_03516,Mouse,3,17182,2026-02-21,Credit Card,Chennai
FEB_007904,CUST_01106,Headphones,1,17050,2026-02-15,Debit Card,Bangalore
FEB_007905,CUST_01674,Tablet,3,32382,2026-02-26,Debit Card,Pune
FEB_007906,CUST_00723,Smartwatch,2,23492,2026-02-21,Debit Card,Chennai
FEB_007907,CUST_00847,Headphones,5,41011,2026-02-21,Credit Card,Delhi
FEB_007908,CUST_04618,Smartphone,3,38701,2026-02-18,Debit Card,Pune
FEB_007909,CUST_04953,Headphones,3,31733,2026-02-06,UPI,Hyderabad
FEB_007910,CUST_00038,Mouse,1,29836,2026-02-13,Cash on Delivery,Hyderabad
FEB_007911,CUST_02379,Smartphone,3,4509,2026-02-24,Cash on Delivery,Mumbai
FEB_007912,CUST_00157,Smartwatch,5,49630,2026-02-01,Cash on Delivery,Pune
FEB_007913,CUST_03503,Monitor,3,1647,2026-02-06,Debit Card,Bangalore
FEB_007914,CUST_00073,Smartphone,4,32617,2026-02-03,Credit Card,Delhi
FEB_007915,CUST_01073,Smartphone,4,28607,2026-02-26,Debit Card,Bangalore
FEB_007916,CUST_03828,Smartwatch,3,41201,2026-02-17,Cash on Delivery,Bangalore
FEB_007917,CUST_04440,Smartphone,3,40507,2026-02-26,Cash on Delivery,Chennai
FEB_007918,CUST_04601,Mouse,5,10495,2026-02-27,Cash on Delivery,Mumbai
FEB_007919,CUST_03037,Smartwatch,2,10556,2026-02-26,Debit Card,Bangalore
FEB_007920,CUST_00303,Tablet,3,37199,2026-02-15,Credit Card,Bangalore
FEB_007921,CUST_02623,Tablet,5,38847,2026-02-05,UPI,Chennai
FEB_007922,CUST_01393,Monitor,5,43153,2026-02-14,Debit Card,Hyderabad
FEB_007923,CUST_00707,Mouse,2,3038,2026-02-05,Cash on Delivery,Chennai
FEB_007924,CUST_01836,Mouse,1,32087,2026-02-19,Debit Card,Pune
FEB_007925,CUST_03796,Tablet,5,45279,2026-02-05,Credit Card,Bangalore
FEB_007926,CUST_00846,Smartwatch,2,30605,2026-02-28,Cash on Delivery,Delhi
FEB_007927,CUST_00755,Monitor,5,4708,2026-02-19,Debit Card,Chennai
FEB_007928,CUST_02610,Tablet,2,31879,2026-02-10,Debit Card,Bangalore
FEB_007929,CUST_03681,Monitor,1,13563,2026-02-06,UPI,Mumbai
FEB_007930,CUST_00100,Smartphone,1,1146,2026-02-04,Cash on Delivery,Mumbai
FEB_007931,CUST_01794,Smartphone,2,4937,2026-02-14,UPI,Delhi
FEB_007932,CUST_03412,Tablet,4,31108,2026-02-12,UPI,Mumbai
FEB_007933,CUST_01877,Keyboard,2,3983,2026-02-23,Debit Card,Delhi
FEB_007934,CUST_03620,Laptop,2,37700,2026-02-18,Cash on Delivery,Pune
FEB_007935,CUST_03078,Keyboard,2,10168,2026-02-27,Cash on Delivery,Chennai
FEB_007936,CUST_00149,Monitor,2,24220,2026-02-05,Cash on Delivery,Delhi
FEB_007937,CUST_04734,Smartwatch,3,5451,2026-02-05,Debit Card,Delhi
FEB_007938,CUST_03981,Headphones,5,4120,2026-02-28,Cash on Delivery,Pune
FEB_007939,CUST_02885,Smartphone,4,36900,2026-02-03,Cash on Delivery,Chennai
FEB_007940,CUST_01041,Monitor,3,44929,2026-02-04,UPI,Delhi
FEB_007941,CUST_02379,Laptop,4,10138,2026-02-19,Credit Card,Bangalore
FEB_007942,CUST_00274,Mouse,2,24548,2026-02-25,UPI,Bangalore
FEB_007943,CUST_03994,Mouse,4,13822,2026-02-20,Debit Card,Hyderabad
FEB_007944,CUST_02565,Keyboard,3,16114,2026-02-15,Cash on Delivery,Bangalore
FEB_007945,CUST_02716,Headphones,3,12423,2026-02-19,Debit Card,Chennai
FEB_007946,CUST_04192,Mouse,4,45076,2026-02-01,UPI,Chennai
FEB_007947,CUST_00710,Smartphone,4,26012,2026-02-21,Credit Card,Delhi
FEB_007948,CUST_03103,Smartphone,5,43215,2026-02-14,UPI,Bangalore
FEB_007949,CUST_02755,Mouse,4,9698,2026-02-03,Debit Card,Mumbai
FEB_007950,CUST_04671,Monitor,5,23951,2026-02-06,Debit Card,Pune
FEB_007951,CUST_00164,Laptop,1,37555,2026-02-07,Credit Card,Chennai
FEB_007952,CUST_03587,Smartwatch,1,2361,2026-02-07,Debit Card,Hyderabad
FEB_007953,CUST_02441,Monitor,3,5254,2026-02-20,Cash on Delivery,Mumbai
FEB_007954,CUST_00562,Smartphone,4,46510,2026-02-19,Debit Card,Hyderabad
FEB_007955,CUST_01713,Headphones,2,10573,2026-02-24,Cash on Delivery,Mumbai
FEB_007956,CUST_04971,Monitor,3,17031,2026-02-12,Cash on Delivery,Mumbai
FEB_007957,CUST_02811,Mouse,4,3407,2026-02-16,UPI,Hyderabad
FEB_007958,CUST_04010,Smartphone,1,2311,2026-02-25,UPI,Pune
FEB_007959,CUST_00101,Mouse,2,16495,2026-02-20,Cash on Delivery,Mumbai
FEB_007960,CUST_00596,Tablet,5,29411,2026-02-13,Credit Card,Hyderabad
FEB_007961,CUST_01419,Smartphone,4,19061,2026-02-23,Cash on Delivery,Chennai
FEB_007962,CUST_01942,Keyboard,4,29219,2026-02-20,Cash on Delivery,Mumbai
FEB_007963,CUST_04095,Smartwatch,1,26894,2026-02-04,Cash on Delivery,Chennai
FEB_007964,CUST_03894,Smartphone,3,31077,2026-02-13,UPI,Hyderabad
FEB_007965,CUST_00983,Headphones,1,8136,2026-02-15,Cash on Delivery,Hyderabad
FEB_007966,CUST_04207,Keyboard,4,22252,2026-02-27,Cash on Delivery,Bangalore
FEB_007967,CUST_02576,Smartwatch,1,44504,2026-02-10,UPI,Delhi
FEB_007968,CUST_04053,Keyboard,3,46410,2026-02-06,Cash on Delivery,Chennai
FEB_007969,CUST_04266,Monitor,1,35832,2026-02-10,Debit Card,Mumbai
FEB_007970,CUST_03141,Keyboard,4,10777,2026-02-07,UPI,Delhi
FEB_007971,CUST_03225,Keyboard,1,6540,2026-02-16,Cash on Delivery,Chennai
FEB_007972,CUST_01625,Monitor,3,22925,2026-02-26,Cash on Delivery,Delhi
FEB_007973,CUST_04672,Keyboard,3,31715,2026-02-13,Debit Card,Bangalore
FEB_007974,CUST_01592,Keyboard,2,27577,2026-02-02,Cash on Delivery,Mumbai
FEB_007975,CUST_03153,Smartphone,2,32918,2026-02-06,Cash on Delivery,Mumbai
FEB_007976,CUST_01836,Monitor,2,12552,2026-02-02,Credit Card,Mumbai
FEB_007977,CUST_00087,Tablet,2,38953,2026-02-20,Cash on Delivery,Mumbai
FEB_007978,CUST_00266,Keyboard,2,33879,2026-02-04,Debit Card,Hyderabad
FEB_007979,CUST_01952,Tablet,2,26492,2026-02-01,UPI,Mumbai
FEB_007980,CUST_04478,Laptop,1,39908,2026-02-03,Cash on Delivery,Delhi
FEB_007981,CUST_03346,Laptop,5,5786,2026-02-05,Debit Card,Pune
FEB_007982,CUST_04830,Monitor,1,34076,2026-02-23,Cash on Delivery,Chennai
FEB_007983,CUST_03182,Smartwatch,4,19907,2026-02-25,Debit Card,Mumbai
FEB_007984,CUST_02220,Monitor,5,35245,2026-02-07,Credit Card,Chennai
FEB_007985,CUST_01812,Headphones,2,30220,2026-02-26,Cash on Delivery,Chennai
FEB_007986,CUST_04502,Keyboard,2,45306,2026-02-22,Cash on Delivery,Hyderabad
FEB_007987,CUST_03294,Headphones,1,46818,2026-02-18,Debit Card,Chennai
FEB_007988,CUST_00524,Laptop,4,47751,2026-02-04,Debit Card,Mumbai
FEB_007989,CUST_04404,Headphones,3,46677,2026-02-21,Cash on Delivery,Delhi
FEB_007990,CUST_03248,Smartwatch,4,31160,2026-02-22,Debit Card,Bangalore
FEB_007991,CUST_02631,Smartwatch,1,16501,2026-02-14,Credit Card,Bangalore
FEB_007992,CUST_01650,Mouse,5,14466,2026-02-14,Cash on Delivery,Hyderabad
FEB_007993,CUST_03057,Headphones,2,12840,2026-02-24,Cash on Delivery,Hyderabad
FEB_007994,CUST_04969,Tablet,1,29489,2026-02-23,Debit Card,Bangalore
FEB_007995,CUST_01887,Keyboard,3,32434,2026-02-01,UPI,Chennai
FEB_007996,CUST_01212,Smartwatch,4,40473,2026-02-15,UPI,Chennai
FEB_007997,CUST_02309,Smartwatch,2,11982,2026-02-28,UPI,Bangalore
FEB_007998,CUST_03439,Smartphone,3,39985,2026-02-21,UPI,Pune
FEB_007999,CUST_01812,Tablet,3,9809,2026-02-27,Credit Card,Pune
FEB_008000,CUST_00472,Keyboard,5,13828,2026-02-27,UPI,Mumbai
FEB_008001,CUST_01193,Smartwatch,3,13220,2026-02-01,UPI,Chennai
FEB_008002,CUST_03018,Headphones,3,9609,2026-02-20,Credit Card,Delhi
FEB_008003,CUST_04954,Smartphone,1,43946,2026-02-25,Debit Card,Mumbai
FEB_008004,CUST_01100,Monitor,2,2261,2026-02-01,Cash on Delivery,Bangalore
FEB_008005,CUST_01575,Mouse,4,17993,2026-02-27,UPI,Hyderabad
FEB_008006,CUST_04320,Mouse,2,23641,2026-02-13,Cash on Delivery,Delhi
FEB_008007,CUST_04766,Tablet,2,35510,2026-02-15,UPI,Bangalore
FEB_008008,CUST_04519,Monitor,1,40542,2026-02-06,Cash on Delivery,Bangalore
FEB_008009,CUST_04420,Smartwatch,3,7624,2026-02-13,UPI,Delhi
FEB_008010,CUST_02372,Tablet,2,14572,2026-02-25,Credit Card,Delhi
FEB_008011,CUST_04361,Tablet,4,27888,2026-02-17,Credit Card,Hyderabad
FEB_008012,CUST_04227,Laptop,4,34215,2026-02-20,Credit Card,Mumbai
FEB_008013,CUST_01209,Monitor,3,5125,2026-02-07,Cash on Delivery,Mumbai
FEB_008014,CUST_01000,Monitor,5,44119,2026-02-19,Credit Card,Mumbai
FEB_008015,CUST_02383,Keyboard,4,35567,2026-02-13,UPI,Hyderabad
FEB_008016,CUST_00199,Tablet,5,3609,2026-02-12,UPI,Hyderabad
FEB_008017,CUST_04795,Mouse,1,21577,2026-02-21,Cash on Delivery,Delhi
FEB_008018,CUST_00771,Smartwatch,5,12940,2026-02-05,UPI,Pune
FEB_008019,CUST_01379,Smartphone,1,10897,2026-02-01,Debit Card,Mumbai
FEB_008020,CUST_02608,Headphones,2,31425,2026-02-17,UPI,Hyderabad
FEB_008021,CUST_03000,Mouse,4,30375,2026-02-26,Debit Card,Delhi
FEB_008022,CUST_03951,Headphones,1,41640,2026-02-25,Cash on Delivery,Pune
FEB_008023,CUST_04155,Headphones,3,3103,2026-02-20,Cash on Delivery,Bangalore
FEB_008024,CUST_01375,Laptop,5,5344,2026-02-08,Debit Card,Hyderabad
FEB_008025,CUST_03859,Keyboard,3,3384,2026-02-08,UPI,Pune
FEB_008026,CUST_01619,Keyboard,3,30511,2026-02-28,Debit Card,Pune
FEB_008027,CUST_02699,Keyboard,4,24395,2026-02-14,Credit Card,Pune
FEB_008028,CUST_02809,Keyboard,5,2649,2026-02-02,Debit Card,Mumbai
FEB_008029,CUST_02741,Laptop,3,29938,2026-02-09,UPI,Hyderabad
FEB_008030,CUST_04432,Keyboard,1,21010,2026-02-06,Cash on Delivery,Bangalore
FEB_008031,CUST_04833,Monitor,1,8824,2026-02-11,UPI,Delhi
FEB_008032,CUST_03290,Headphones,1,11313,2026-02-17,Debit Card,Bangalore
FEB_008033,CUST_00381,Laptop,2,5797,2026-02-06,Debit Card,Mumbai
FEB_008034,CUST_04113,Laptop,1,22628,2026-02-16,Cash on Delivery,Mumbai
FEB_008035,CUST_02070,Smartphone,2,5370,2026-02-13,Debit Card,Hyderabad
FEB_008036,CUST_00299,Keyboard,2,33448,2026-02-22,Credit Card,Mumbai
FEB_008037,CUST_02331,Headphones,4,31948,2026-02-24,UPI,Mumbai
FEB_008038,CUST_02318,Smartwatch,5,16736,2026-02-17,Credit Card,Bangalore
FEB_008039,CUST_03140,Keyboard,1,1428,2026-02-04,Debit Card,Chennai
FEB_008040,CUST_03131,Mouse,2,12861,2026-02-12,Credit Card,Bangalore
FEB_008041,CUST_03028,Mouse,3,16918,2026-02-24,UPI,Pune
FEB_008042,CUST_04973,Smartphone,2,22394,2026-02-26,Debit Card,Bangalore
FEB_008043,CUST_02511,Headphones,2,29255,2026-02-24,Credit Card,Chennai
FEB_008044,CUST_04491,Keyboard,2,34676,2026-02-04,Debit Card,Pune
FEB_008045,CUST_04639,Keyboard,3,37318,2026-02-18,Debit Card,Mumbai
FEB_008046,CUST_00743,Tablet,4,4532,2026-02-02,UPI,Bangalore
FEB_008047,CUST_03671,Headphones,4,20813,2026-02-14,Cash on Delivery,Hyderabad
FEB_008048,CUST_04094,Headphones,1,36517,2026-02-07,Cash on Delivery,Pune
FEB_008049,CUST_02033,Monitor,5,23807,2026-02-16,UPI,Hyderabad
FEB_008050,CUST_04887,Keyboard,4,19084,2026-02-09,Cash on Delivery,Chennai
FEB_008051,CUST_03328,Laptop,1,31616,2026-02-20,Debit Card,Mumbai
FEB_008052,CUST_03119,Smartwatch,4,12217,2026-02-19,Credit Card,Delhi
FEB_008053,CUST_03404,Headphones,5,48410,2026-02-09,Cash on Delivery,Hyderabad
FEB_008054,CUST_02713,Smartphone,3,12836,2026-02-04,UPI,Hyderabad
FEB_008055,CUST_00613,Tablet,4,41308,2026-02-24,Cash on Delivery,Pune
FEB_008056,CUST_00055,Keyboard,5,5484,2026-02-01,Cash on Delivery,Mumbai
FEB_008057,CUST_04432,Smartwatch,1,2586,2026-02-16,Cash on Delivery,Pune
FEB_008058,CUST_04860,Monitor,3,17949,2026-02-09,UPI,Chennai
FEB_008059,CUST_01531,Keyboard,5,4607,2026-02-19,Credit Card,Hyderabad
FEB_008060,CUST_00448,Mouse,2,48208,2026-02-22,UPI,Bangalore
FEB_008061,CUST_00461,Laptop,1,30328,2026-02-23,Debit Card,Hyderabad
FEB_008062,CUST_01703,Keyboard,4,6052,2026-02-27,Credit Card,Pune
FEB_008063,CUST_00987,Keyboard,2,30358,2026-02-17,Debit Card,Pune
FEB_008064,CUST_04268,Laptop,4,14495,2026-02-22,UPI,Bangalore
FEB_008065,CUST_03396,Keyboard,4,20313,2026-02-28,Cash on Delivery,Bangalore
FEB_008066,CUST_02167,Keyboard,3,32883,2026-02-07,Cash on Delivery,Mumbai
FEB_008067,CUST_02138,Laptop,1,24596,2026-02-12,UPI,Delhi
FEB_008068,CUST_02018,Mouse,2,12889,2026-02-12,Debit Card,Mumbai
FEB_008069,CUST_04774,Mouse,5,21244,2026-02-25,Cash on Delivery,Delhi
FEB_008070,CUST_04016,Laptop,4,18653,2026-02-25,Debit Card,Mumbai
FEB_008071,CUST_04599,Smartwatch,3,43352,2026-02-12,Cash on Delivery,Delhi
FEB_008072,CUST_00665,Tablet,5,37175,2026-02-28,Debit Card,Mumbai
FEB_008073,CUST_03592,Smartwatch,2,6800,2026-02-10,Credit Card,Delhi
FEB_008074,CUST_03172,Smartwatch,3,5085,2026-02-18,Cash on Delivery,Mumbai
FEB_008075,CUST_03367,Laptop,1,42183,2026-02-14,Credit Card,Mumbai
FEB_008076,CUST_03181,Keyboard,4,1227,2026-02-23,Credit Card,Mumbai
FEB_008077,CUST_04295,Headphones,1,719,2026-02-09,Credit Card,Delhi
FEB_008078,CUST_04351,Smartphone,5,37817,2026-02-13,Credit Card,Pune
FEB_008079,CUST_03983,Monitor,4,39070,2026-02-16,UPI,Pune
FEB_008080,CUST_03133,Laptop,2,47704,2026-02-27,Credit Card,Mumbai
FEB_008081,CUST_04964,Smartphone,3,10633,2026-02-19,UPI,Bangalore
FEB_008082,CUST_02788,Smartwatch,3,25093,2026-02-19,UPI,Pune
FEB_008083,CUST_01162,Keyboard,5,20691,2026-02-19,Debit Card,Delhi
FEB_008084,CUST_04430,Headphones,2,33173,2026-02-06,Cash on Delivery,Bangalore
FEB_008085,CUST_00907,Mouse,1,36451,2026-02-09,Credit Card,Hyderabad
FEB_008086,CUST_02161,Smartwatch,4,37855,2026-02-24,Debit Card,Pune
FEB_008087,CUST_04150,Mouse,1,35536,2026-02-01,Debit Card,Pune
FEB_008088,CUST_03150,Laptop,4,49795,2026-02-08,Debit Card,Delhi
FEB_008089,CUST_00278,Keyboard,2,28948,2026-02-18,Debit Card,Delhi
FEB_008090,CUST_00204,Keyboard,3,1499,2026-02-12,UPI,Delhi
FEB_008091,CUST_00203,Keyboard,1,4221,2026-02-25,Debit Card,Pune
FEB_008092,CUST_04939,Monitor,4,8991,2026-02-02,Debit Card,Hyderabad
FEB_008093,CUST_02067,Mouse,3,45882,2026-02-20,Debit Card,Bangalore
FEB_008094,CUST_00759,Laptop,3,22984,2026-02-07,UPI,Hyderabad
FEB_008095,CUST_02920,Keyboard,3,16847,2026-02-17,Debit Card,Hyderabad
FEB_008096,CUST_03053,Laptop,1,30663,2026-02-25,Credit Card,Chennai
FEB_008097,CUST_02253,Monitor,5,5037,2026-02-21,Cash on Delivery,Hyderabad
FEB_008098,CUST_00086,Mouse,1,4996,2026-02-14,UPI,Bangalore
FEB_008099,CUST_00446,Tablet,3,2154,2026-02-09,Debit Card,Delhi
FEB_008100,CUST_02928,Tablet,2,23670,2026-02-05,UPI,Pune
FEB_008101,CUST_00153,Laptop,1,48692,2026-02-08,Credit Card,Pune
FEB_008102,CUST_03817,Monitor,2,46076,2026-02-23,Debit Card,Bangalore
FEB_008103,CUST_04293,Headphones,4,21397,2026-02-11,Credit Card,Delhi
FEB_008104,CUST_03499,Headphones,2,48666,2026-02-25,Cash on Delivery,Pune
FEB_008105,CUST_00530,Headphones,4,47499,2026-02-26,Debit Card,Mumbai
FEB_008106,CUST_04772,Keyboard,4,40291,2026-02-20,Debit Card,Hyderabad
FEB_008107,CUST_02349,Smartphone,4,13791,2026-02-23,Debit Card,Hyderabad
FEB_008108,CUST_03930,Monitor,4,5084,2026-02-14,Debit Card,Mumbai
FEB_008109,CUST_04991,Laptop,1,2624,2026-02-02,Credit Card,Delhi
FEB_008110,CUST_04578,Mouse,5,29078,2026-02-25,Credit Card,Mumbai
FEB_008111,CUST_02262,Keyboard,4,44039,2026-02-16,Cash on Delivery,Chennai
FEB_008112,CUST_00931,Laptop,2,12458,2026-02-18,Debit Card,Chennai
FEB_008113,CUST_03697,Keyboard,3,26520,2026-02-03,Debit Card,Hyderabad
FEB_008114,CUST_00273,Headphones,2,14158,2026-02-14,Debit Card,Mumbai
FEB_008115,CUST_04034,Laptop,5,10862,2026-02-14,Debit Card,Pune
FEB_008116,CUST_03640,Keyboard,3,32871,2026-02-15,Debit Card,Hyderabad
FEB_008117,CUST_00737,Smartwatch,1,48262,2026-02-20,Cash on Delivery,Delhi
FEB_008118,CUST_04087,Smartphone,5,14791,2026-02-07,Credit Card,Bangalore
FEB_008119,CUST_04309,Laptop,5,35175,2026-02-06,Cash on Delivery,Chennai
FEB_008120,CUST_01023,Tablet,3,39584,2026-02-19,Cash on Delivery,Mumbai
FEB_008121,CUST_03020,Headphones,4,39541,2026-02-13,Cash on Delivery,Mumbai
FEB_008122,CUST_02063,Headphones,2,47104,2026-02-05,UPI,Delhi
FEB_008123,CUST_04931,Headphones,1,3873,2026-02-23,UPI,Pune
FEB_008124,CUST_00716,Mouse,5,49370,2026-02-13,UPI,Mumbai
FEB_008125,CUST_03273,Mouse,3,43845,2026-02-16,Credit Card,Chennai
FEB_008126,CUST_01655,Laptop,5,27833,2026-02-13,Debit Card,Mumbai
FEB_008127,CUST_02466,Laptop,1,5780,2026-02-02,Cash on Delivery,Bangalore
FEB_008128,CUST_04296,Smartphone,4,41555,2026-02-12,Cash on Delivery,Hyderabad
FEB_008129,CUST_01049,Mouse,1,18230,2026-02-05,UPI,Chennai
FEB_008130,CUST_01254,Keyboard,1,17959,2026-02-03,Credit Card,Bangalore
FEB_008131,CUST_01932,Laptop,2,34015,2026-02-03,Cash on Delivery,Chennai
FEB_008132,CUST_00883,Headphones,4,23013,2026-02-08,UPI,Mumbai
FEB_008133,CUST_02695,Mouse,1,27572,2026-02-15,Credit Card,Mumbai
FEB_008134,CUST_01252,Monitor,3,41327,2026-02-05,Debit Card,Mumbai
FEB_008135,CUST_04707,Tablet,2,27363,2026-02-04,Credit Card,Mumbai
FEB_008136,CUST_01411,Tablet,2,1142,2026-02-15,Cash on Delivery,Bangalore
FEB_008137,CUST_02878,Smartphone,5,19620,2026-02-21,Cash on Delivery,Delhi
FEB_008138,CUST_03352,Keyboard,4,9606,2026-02-17,UPI,Delhi
FEB_008139,CUST_00772,Keyboard,5,26319,2026-02-14,Cash on Delivery,Pune
FEB_008140,CUST_01196,Monitor,2,43434,2026-02-23,Credit Card,Mumbai
FEB_008141,CUST_04538,Tablet,1,46983,2026-02-24,Debit Card,Bangalore
FEB_008142,CUST_01602,Tablet,3,3755,2026-02-02,Credit Card,Bangalore
FEB_008143,CUST_03099,Keyboard,2,49092,2026-02-16,Debit Card,Chennai
FEB_008144,CUST_02879,Mouse,5,13816,2026-02-27,Credit Card,Delhi
FEB_008145,CUST_03565,Smartwatch,3,1862,2026-02-03,Credit Card,Hyderabad
FEB_008146,CUST_01427,Laptop,3,10330,2026-02-27,Cash on Delivery,Mumbai
FEB_008147,CUST_00358,Smartwatch,4,26693,2026-02-01,Debit Card,Delhi
FEB_008148,CUST_02264,Headphones,3,37436,2026-02-14,Debit Card,Mumbai
FEB_008149,CUST_04672,Smartphone,1,1197,2026-02-28,Cash on Delivery,Hyderabad
FEB_008150,CUST_04681,Smartphone,1,2924,2026-02-28,Debit Card,Hyderabad
FEB_008151,CUST_02019,Laptop,4,33590,2026-02-27,Credit Card,Pune
FEB_008152,CUST_00890,Smartwatch,2,39193,2026-02-01,Debit Card,Pune
FEB_008153,CUST_03932,Mouse,3,35344,2026-02-15,Credit Card,Mumbai
FEB_008154,CUST_03790,Monitor,3,35004,2026-02-28,Debit Card,Pune
FEB_008155,CUST_02800,Headphones,2,8043,2026-02-17,Credit Card,Hyderabad
FEB_008156,CUST_00148,Mouse,2,24601,2026-02-15,UPI,Pune
FEB_008157,CUST_04403,Tablet,1,46883,2026-02-11,Cash on Delivery,Hyderabad
FEB_008158,CUST_01074,Headphones,2,21539,2026-02-15,UPI,Bangalore
FEB_008159,CUST_00376,Headphones,4,22854,2026-02-22,UPI,Mumbai
FEB_008160,CUST_01129,Laptop,3,23822,2026-02-23,Credit Card,Mumbai
FEB_008161,CUST_03802,Laptop,2,15483,2026-02-11,UPI,Mumbai
FEB_008162,CUST_03293,Mouse,3,28546,2026-02-09,Cash on Delivery,Hyderabad
FEB_008163,CUST_04055,Monitor,3,26122,2026-02-28,Debit Card,Mumbai
FEB_008164,CUST_00187,Keyboard,4,46689,2026-02-07,Credit Card,Chennai
FEB_008165,CUST_03106,Keyboard,5,29683,2026-02-14,Debit Card,Hyderabad
FEB_008166,CUST_04401,Mouse,2,11985,2026-02-19,UPI,Chennai
FEB_008167,CUST_04732,Mouse,4,39196,2026-02-18,UPI,Hyderabad
FEB_008168,CUST_02392,Laptop,3,35300,2026-02-22,Cash on Delivery,Chennai
FEB_008169,CUST_03737,Mouse,3,41028,2026-02-07,UPI,Delhi
FEB_008170,CUST_01204,Smartphone,1,38423,2026-02-02,UPI,Bangalore
FEB_008171,CUST_00588,Smartwatch,5,32961,2026-02-20,Debit Card,Pune
FEB_008172,CUST_03630,Mouse,5,11110,2026-02-24,Credit Card,Delhi
FEB_008173,CUST_00063,Mouse,3,6593,2026-02-02,Cash on Delivery,Hyderabad
FEB_008174,CUST_03494,Mouse,3,30543,2026-02-23,Debit Card,Pune
FEB_008175,CUST_03454,Tablet,2,37462,2026-02-13,UPI,Bangalore
FEB_008176,CUST_02295,Tablet,2,47630,2026-02-12,Credit Card,Bangalore
FEB_008177,CUST_03514,Tablet,2,47774,2026-02-22,Cash on Delivery,Bangalore
FEB_008178,CUST_03338,Tablet,5,49728,2026-02-24,Debit Card,Chennai
FEB_008179,CUST_02720,Laptop,5,34023,2026-02-23,Credit Card,Bangalore
FEB_008180,CUST_01533,Smartphone,4,22081,2026-02-13,Cash on Delivery,Mumbai
FEB_008181,CUST_04399,Keyboard,1,4411,2026-02-02,Credit Card,Delhi
FEB_008182,CUST_01403,Headphones,2,4795,2026-02-16,Cash on Delivery,Bangalore
FEB_008183,CUST_00923,Keyboard,3,36546,2026-02-11,Credit Card,Chennai
FEB_008184,CUST_03627,Smartwatch,5,42062,2026-02-13,Debit Card,Mumbai
FEB_008185,CUST_03912,Laptop,4,3531,2026-02-25,Cash on Delivery,Delhi
FEB_008186,CUST_03696,Smartwatch,3,773,2026-02-19,Cash on Delivery,Hyderabad
FEB_008187,CUST_04656,Keyboard,4,26329,2026-02-05,Cash on Delivery,Mumbai
FEB_008188,CUST_02548,Laptop,5,24350,2026-02-08,UPI,Delhi
FEB_008189,CUST_02286,Smartphone,5,29196,2026-02-14,Credit Card,Delhi
FEB_008190,CUST_04885,Smartwatch,5,28223,2026-02-18,Cash on Delivery,Mumbai
FEB_008191,CUST_04914,Headphones,1,27287,2026-02-12,Debit Card,Delhi
FEB_008192,CUST_01310,Smartphone,5,3583,2026-02-07,UPI,Pune
FEB_008193,CUST_00949,Smartwatch,4,35448,2026-02-24,UPI,Hyderabad
FEB_008194,CUST_02542,Smartwatch,1,48858,2026-02-14,Credit Card,Hyderabad
FEB_008195,CUST_01783,Headphones,2,12913,2026-02-22,Debit Card,Hyderabad
FEB_008196,CUST_03703,Headphones,4,37633,2026-02-25,UPI,Hyderabad
FEB_008197,CUST_02048,Mouse,4,2902,2026-02-25,UPI,Bangalore
FEB_008198,CUST_01498,Smartwatch,1,12155,2026-02-26,UPI,Delhi
FEB_008199,CUST_02127,Keyboard,3,12181,2026-02-28,Credit Card,Pune
FEB_008200,CUST_01732,Laptop,3,49169,2026-02-24,Cash on Delivery,Hyderabad
FEB_008201,CUST_01153,Smartphone,1,4038,2026-02-24,Credit Card,Delhi
FEB_008202,CUST_00309,Keyboard,5,650,2026-02-03,Cash on Delivery,Hyderabad
FEB_008203,CUST_04985,Keyboard,4,18821,2026-02-03,UPI,Delhi
FEB_008204,CUST_01578,Smartwatch,3,3283,2026-02-25,Credit Card,Delhi
FEB_008205,CUST_04149,Headphones,3,31945,2026-02-02,UPI,Mumbai
FEB_008206,CUST_01333,Smartwatch,2,47699,2026-02-02,Credit Card,Mumbai
FEB_008207,CUST_03258,Tablet,3,42067,2026-02-05,Credit Card,Chennai
FEB_008208,CUST_02525,Tablet,5,17724,2026-02-05,Debit Card,Chennai
FEB_008209,CUST_01304,Tablet,3,38445,2026-02-04,UPI,Chennai
FEB_008210,CUST_03232,Laptop,4,28482,2026-02-28,Credit Card,Bangalore
FEB_008211,CUST_02912,Mouse,2,1852,2026-02-26,UPI,Mumbai
FEB_008212,CUST_01679,Headphones,1,18503,2026-02-16,Cash on Delivery,Mumbai
FEB_008213,CUST_04778,Smartphone,5,33713,2026-02-03,Credit Card,Hyderabad
FEB_008214,CUST_01778,Mouse,2,43313,2026-02-04,Credit Card,Mumbai
FEB_008215,CUST_01743,Laptop,4,6846,2026-02-11,UPI,Hyderabad
FEB_008216,CUST_01644,Headphones,2,48875,2026-02-09,UPI,Pune
FEB_008217,CUST_00421,Smartphone,3,34820,2026-02-06,Cash on Delivery,Delhi
FEB_008218,CUST_02380,Mouse,4,9490,2026-02-12,Debit Card,Hyderabad
FEB_008219,CUST_02296,Laptop,1,45545,2026-02-15,Debit Card,Mumbai
FEB_008220,CUST_01021,Mouse,2,23721,2026-02-16,Cash on Delivery,Delhi
FEB_008221,CUST_01340,Monitor,1,23967,2026-02-17,Debit Card,Mumbai
FEB_008222,CUST_01972,Monitor,4,14358,2026-02-18,UPI,Pune
FEB_008223,CUST_02325,Monitor,1,26663,2026-02-04,Debit Card,Hyderabad
FEB_008224,CUST_03985,Smartwatch,4,17636,2026-02-18,Cash on Delivery,Hyderabad
FEB_008225,CUST_03721,Laptop,4,8781,2026-02-09,Debit Card,Pune
FEB_008226,CUST_00590,Mouse,3,39565,2026-02-25,Credit Card,Pune
FEB_008227,CUST_00228,Smartphone,5,18738,2026-02-27,Credit Card,Bangalore
FEB_008228,CUST_00539,Smartphone,1,32489,2026-02-05,UPI,Delhi
FEB_008229,CUST_04282,Keyboard,4,8237,2026-02-18,Debit Card,Chennai
FEB_008230,CUST_01846,Smartwatch,3,21634,2026-02-07,Debit Card,Hyderabad
FEB_008231,CUST_02585,Laptop,5,9030,2026-02-26,Debit Card,Delhi
FEB_008232,CUST_02523,Smartphone,5,28738,2026-02-04,Debit Card,Bangalore
FEB_008233,CUST_00706,Smartwatch,2,24720,2026-02-21,UPI,Mumbai
FEB_008234,CUST_00521,Headphones,2,30847,2026-02-09,Cash on Delivery,Bangalore
FEB_008235,CUST_02482,Mouse,1,10954,2026-02-04,Credit Card,Mumbai
FEB_008236,CUST_00840,Laptop,5,7298,2026-02-28,UPI,Mumbai
FEB_008237,CUST_01098,Smartphone,3,9946,2026-02-19,UPI,Mumbai
FEB_008238,CUST_04821,Smartphone,5,28575,2026-02-01,Debit Card,Chennai
FEB_008239,CUST_04187,Monitor,3,25045,2026-02-23,Credit Card,Bangalore
FEB_008240,CUST_03870,Tablet,1,12062,2026-02-09,Cash on Delivery,Chennai
FEB_008241,CUST_03253,Tablet,2,31464,2026-02-21,UPI,Pune
FEB_008242,CUST_03486,Tablet,5,33200,2026-02-02,Debit Card,Delhi
FEB_008243,CUST_03391,Keyboard,4,5086,2026-02-15,Cash on Delivery,Hyderabad
FEB_008244,CUST_02549,Smartwatch,2,12227,2026-02-17,UPI,Chennai
FEB_008245,CUST_03349,Keyboard,4,30565,2026-02-21,Debit Card,Bangalore
FEB_008246,CUST_01203,Laptop,5,38062,2026-02-10,Cash on Delivery,Delhi
FEB_008247,CUST_03405,Monitor,5,29878,2026-02-08,Debit Card,Chennai
FEB_008248,CUST_04372,Smartwatch,5,6916,2026-02-15,Credit Card,Bangalore
FEB_008249,CUST_04442,Headphones,2,20150,2026-02-02,UPI,Mumbai
FEB_008250,CUST_00146,Headphones,1,5316,2026-02-19,Credit Card,Chennai
FEB_008251,CUST_00306,Laptop,3,46305,2026-02-28,Cash on Delivery,Hyderabad
FEB_008252,CUST_01921,Monitor,1,10222,2026-02-17,Cash on Delivery,Bangalore
FEB_008253,CUST_00047,Mouse,1,35668,2026-02-22,Cash on Delivery,Delhi
FEB_008254,CUST_02535,Tablet,4,47214,2026-02-02,Debit Card,Hyderabad
FEB_008255,CUST_04571,Headphones,3,3795,2026-02-01,Cash on Delivery,Chennai
FEB_008256,CUST_04919,Smartwatch,3,26601,2026-02-02,Cash on Delivery,Hyderabad
FEB_008257,CUST_01240,Smartwatch,5,4193,2026-02-28,Credit Card,Pune
FEB_008258,CUST_04049,Mouse,1,29317,2026-02-28,Debit Card,Bangalore
FEB_008259,CUST_01742,Keyboard,3,24160,2026-02-12,UPI,Bangalore
FEB_008260,CUST_01777,Tablet,3,4624,2026-02-08,Debit Card,Pune
FEB_008261,CUST_01237,Smartphone,2,9461,2026-02-15,Cash on Delivery,Bangalore
FEB_008262,CUST_04278,Tablet,3,34778,2026-02-15,Cash on Delivery,Chennai
FEB_008263,CUST_01204,Mouse,2,48282,2026-02-07,Debit Card,Chennai
FEB_008264,CUST_01977,Headphones,4,37985,2026-02-10,Cash on Delivery,Delhi
FEB_008265,CUST_00015,Smartphone,2,14979,2026-02-03,Debit Card,Delhi
FEB_008266,CUST_03008,Mouse,2,16974,2026-02-25,Debit Card,Bangalore
FEB_008267,CUST_01243,Smartwatch,5,19949,2026-02-20,Cash on Delivery,Hyderabad
FEB_008268,CUST_03456,Keyboard,2,38380,2026-02-09,Cash on Delivery,Pune
FEB_008269,CUST_01624,Smartphone,1,27555,2026-02-04,UPI,Delhi
FEB_008270,CUST_04570,Smartphone,4,27085,2026-02-11,Debit Card,Hyderabad
FEB_008271,CUST_00732,Mouse,4,2638,2026-02-18,Cash on Delivery,Mumbai
FEB_008272,CUST_04232,Monitor,3,23737,2026-02-02,Debit Card,Mumbai
FEB_008273,CUST_03800,Mouse,2,19354,2026-02-26,Cash on Delivery,Chennai
FEB_008274,CUST_00571,Keyboard,5,26129,2026-02-20,Credit Card,Pune
FEB_008275,CUST_02070,Smartphone,4,10033,2026-02-27,Cash on Delivery,Pune
FEB_008276,CUST_01512,Headphones,4,32838,2026-02-13,UPI,Mumbai
FEB_008277,CUST_03249,Smartwatch,1,33256,2026-02-21,Credit Card,Pune
FEB_008278,CUST_00755,Tablet,3,7230,2026-02-03,UPI,Pune
FEB_008279,CUST_02514,Keyboard,2,37827,2026-02-21,Credit Card,Chennai
FEB_008280,CUST_04132,Smartwatch,2,10207,2026-02-01,Cash on Delivery,Pune
FEB_008281,CUST_04441,Tablet,1,37287,2026-02-16,UPI,Mumbai
FEB_008282,CUST_00306,Smartphone,4,42802,2026-02-23,Credit Card,Chennai
FEB_008283,CUST_00179,Monitor,2,19895,2026-02-02,Credit Card,Hyderabad
FEB_008284,CUST_02947,Laptop,5,264,2026-02-07,Credit Card,Hyderabad
FEB_008285,CUST_00747,Monitor,5,48410,2026-02-06,Cash on Delivery,Delhi
FEB_008286,CUST_02746,Smartphone,1,7992,2026-02-22,Credit Card,Delhi
FEB_008287,CUST_02906,Monitor,4,41323,2026-02-04,Credit Card,Delhi
FEB_008288,CUST_03874,Laptop,4,3734,2026-02-26,Cash on Delivery,Mumbai
FEB_008289,CUST_02701,Headphones,2,13875,2026-02-09,Credit Card,Chennai
FEB_008290,CUST_01703,Laptop,5,24046,2026-02-02,UPI,Pune
FEB_008291,CUST_04428,Laptop,4,6984,2026-02-28,UPI,Mumbai
FEB_008292,CUST_02904,Monitor,3,40451,2026-02-27,UPI,Hyderabad
FEB_008293,CUST_02674,Tablet,1,47039,2026-02-18,Credit Card,Chennai
FEB_008294,CUST_01002,Mouse,1,34221,2026-02-06,Credit Card,Hyderabad
FEB_008295,CUST_04928,Mouse,4,1080,2026-02-12,Cash on Delivery,Bangalore
FEB_008296,CUST_04775,Keyboard,2,29521,2026-02-04,Debit Card,Bangalore
FEB_008297,CUST_00520,Monitor,3,3896,2026-02-06,Credit Card,Chennai
FEB_008298,CUST_00916,Keyboard,4,40282,2026-02-15,Cash on Delivery,Mumbai
FEB_008299,CUST_04143,Mouse,5,21073,2026-02-19,UPI,Delhi
FEB_008300,CUST_00764,Keyboard,1,28763,2026-02-09,Credit Card,Delhi
FEB_008301,CUST_04440,Keyboard,5,13067,2026-02-13,Cash on Delivery,Pune
FEB_008302,CUST_00067,Mouse,3,45748,2026-02-08,Cash on Delivery,Mumbai
FEB_008303,CUST_03049,Smartwatch,2,32812,2026-02-12,UPI,Delhi
FEB_008304,CUST_04091,Laptop,2,21489,2026-02-15,Credit Card,Hyderabad
FEB_008305,CUST_02863,Headphones,5,37458,2026-02-04,Cash on Delivery,Chennai
FEB_008306,CUST_04226,Mouse,4,49586,2026-02-04,Debit Card,Chennai
FEB_008307,CUST_01435,Tablet,3,666,2026-02-03,Debit Card,Mumbai
FEB_008308,CUST_01650,Smartwatch,1,40110,2026-02-26,Credit Card,Chennai
FEB_008309,CUST_00939,Headphones,2,2909,2026-02-28,UPI,Chennai
FEB_008310,CUST_02952,Laptop,1,11783,2026-02-14,UPI,Pune
FEB_008311,CUST_03744,Headphones,1,10425,2026-02-15,UPI,Delhi
FEB_008312,CUST_01045,Tablet,4,18146,2026-02-28,Credit Card,Bangalore
FEB_008313,CUST_01434,Mouse,2,28140,2026-02-03,Cash on Delivery,Pune
FEB_008314,CUST_04657,Laptop,3,7470,2026-02-08,Credit Card,Pune
FEB_008315,CUST_01449,Headphones,3,26091,2026-02-04,UPI,Chennai
FEB_008316,CUST_03305,Smartwatch,4,6199,2026-02-10,Cash on Delivery,Mumbai
FEB_008317,CUST_02716,Smartwatch,5,27394,2026-02-07,Cash on Delivery,Mumbai
FEB_008318,CUST_02762,Mouse,4,8678,2026-02-24,Credit Card,Hyderabad
FEB_008319,CUST_02765,Smartphone,3,6407,2026-02-18,Credit Card,Hyderabad
FEB_008320,CUST_01279,Tablet,3,25158,2026-02-24,Debit Card,Chennai
FEB_008321,CUST_00653,Monitor,5,30199,2026-02-04,UPI,Mumbai
FEB_008322,CUST_01611,Monitor,1,26452,2026-02-07,Cash on Delivery,Hyderabad
FEB_008323,CUST_03255,Mouse,2,12850,2026-02-23,Debit Card,Hyderabad
FEB_008324,CUST_01651,Monitor,4,29180,2026-02-03,Cash on Delivery,Chennai
FEB_008325,CUST_02481,Headphones,4,39543,2026-02-03,Cash on Delivery,Delhi
FEB_008326,CUST_03920,Smartphone,3,31317,2026-02-02,Debit Card,Delhi
FEB_008327,CUST_04899,Smartwatch,5,13240,2026-02-14,Debit Card,Bangalore
FEB_008328,CUST_01652,Smartwatch,1,2054,2026-02-12,Debit Card,Mumbai
FEB_008329,CUST_04471,Smartphone,1,6919,2026-02-07,Debit Card,Pune
FEB_008330,CUST_00915,Smartwatch,2,20553,2026-02-12,UPI,Pune
FEB_008331,CUST_02818,Monitor,1,8610,2026-02-11,Credit Card,Bangalore
FEB_008332,CUST_01494,Smartwatch,3,10912,2026-02-06,Credit Card,Mumbai
FEB_008333,CUST_02727,Smartphone,4,1614,2026-02-14,Debit Card,Mumbai
FEB_008334,CUST_02134,Smartphone,3,458,2026-02-15,Cash on Delivery,Delhi
FEB_008335,CUST_04287,Monitor,3,11058,2026-02-08,Cash on Delivery,Bangalore
FEB_008336,CUST_04118,Headphones,5,48483,2026-02-24,Credit Card,Pune
FEB_008337,CUST_02364,Headphones,1,32828,2026-02-01,UPI,Mumbai
FEB_008338,CUST_00995,Mouse,2,8344,2026-02-08,UPI,Chennai
FEB_008339,CUST_01809,Laptop,2,39261,2026-02-12,UPI,Bangalore
FEB_008340,CUST_02695,Smartwatch,1,42078,2026-02-20,Credit Card,Hyderabad
FEB_008341,CUST_02367,Monitor,4,43519,2026-02-10,UPI,Pune
FEB_008342,CUST_02564,Keyboard,3,5066,2026-02-11,Cash on Delivery,Chennai
FEB_008343,CUST_00155,Laptop,3,23454,2026-02-11,Cash on Delivery,Mumbai
FEB_008344,CUST_03076,Mouse,5,30369,2026-02-13,Credit Card,Pune
FEB_008345,CUST_01789,Headphones,3,39750,2026-02-09,Credit Card,Pune
FEB_008346,CUST_02027,Headphones,3,1097,2026-02-26,UPI,Pune
FEB_008347,CUST_00085,Mouse,4,14200,2026-02-01,Cash on Delivery,Pune
FEB_008348,CUST_00648,Mouse,3,42948,2026-02-15,Cash on Delivery,Hyderabad
FEB_008349,CUST_04738,Smartwatch,2,10684,2026-02-21,UPI,Chennai
FEB_008350,CUST_03924,Smartphone,3,1529,2026-02-15,Debit Card,Mumbai
FEB_008351,CUST_01114,Smartwatch,5,8567,2026-02-14,Credit Card,Delhi
FEB_008352,CUST_02613,Monitor,2,40154,2026-02-23,Credit Card,Mumbai
FEB_008353,CUST_02878,Laptop,1,30938,2026-02-22,Cash on Delivery,Pune
FEB_008354,CUST_03137,Keyboard,1,10843,2026-02-23,UPI,Bangalore
FEB_008355,CUST_03116,Headphones,5,23097,2026-02-06,Cash on Delivery,Delhi
FEB_008356,CUST_02604,Smartwatch,5,45779,2026-02-15,Debit Card,Chennai
FEB_008357,CUST_03303,Headphones,3,5674,2026-02-20,Credit Card,Mumbai
FEB_008358,CUST_00478,Headphones,3,327,2026-02-17,Debit Card,Pune
FEB_008359,CUST_00629,Smartwatch,2,44807,2026-02-22,Debit Card,Delhi
FEB_008360,CUST_01213,Tablet,1,39193,2026-02-27,Debit Card,Hyderabad
FEB_008361,CUST_01030,Smartphone,5,1791,2026-02-07,Debit Card,Chennai
FEB_008362,CUST_00429,Headphones,5,46700,2026-02-14,Cash on Delivery,Hyderabad
FEB_008363,CUST_01196,Keyboard,1,17248,2026-02-01,Debit Card,Mumbai
FEB_008364,CUST_03779,Tablet,3,45564,2026-02-23,Cash on Delivery,Bangalore
FEB_008365,CUST_00237,Headphones,2,5668,2026-02-16,Cash on Delivery,Delhi
FEB_008366,CUST_01814,Headphones,5,35194,2026-02-18,Credit Card,Mumbai
FEB_008367,CUST_01430,Keyboard,3,36353,2026-02-23,Debit Card,Delhi
FEB_008368,CUST_00398,Smartphone,1,39106,2026-02-25,Cash on Delivery,Hyderabad
FEB_008369,CUST_02776,Laptop,4,21104,2026-02-16,UPI,Hyderabad
FEB_008370,CUST_04953,Tablet,2,24256,2026-02-12,Credit Card,Pune
FEB_008371,CUST_02413,Smartphone,4,31590,2026-02-09,Credit Card,Hyderabad
FEB_008372,CUST_04124,Smartphone,2,47842,2026-02-21,Debit Card,Mumbai
FEB_008373,CUST_01863,Monitor,4,12098,2026-02-11,Credit Card,Bangalore
FEB_008374,CUST_02354,Headphones,2,25844,2026-02-15,Cash on Delivery,Bangalore
FEB_008375,CUST_04150,Laptop,3,21162,2026-02-26,Credit Card,Mumbai
FEB_008376,CUST_02087,Smartphone,5,30010,2026-02-21,Cash on Delivery,Bangalore
FEB_008377,CUST_03429,Laptop,1,5070,2026-02-15,UPI,Hyderabad
FEB_008378,CUST_01230,Smartphone,5,48362,2026-02-12,Debit Card,Chennai
FEB_008379,CUST_02589,Mouse,1,9536,2026-02-21,UPI,Pune
FEB_008380,CUST_00586,Mouse,2,46978,2026-02-13,Cash on Delivery,Mumbai
FEB_008381,CUST_00812,Headphones,3,25482,2026-02-19,Debit Card,Delhi
FEB_008382,CUST_02575,Smartwatch,2,44440,2026-02-28,UPI,Chennai
FEB_008383,CUST_00948,Smartwatch,4,20434,2026-02-14,UPI,Pune
FEB_008384,CUST_04251,Keyboard,1,22111,2026-02-09,Cash on Delivery,Hyderabad
FEB_008385,CUST_02934,Headphones,4,4070,2026-02-03,Cash on Delivery,Bangalore
FEB_008386,CUST_04989,Laptop,1,14867,2026-02-09,UPI,Mumbai
FEB_008387,CUST_02343,Mouse,4,29474,2026-02-15,Debit Card,Pune
FEB_008388,CUST_03573,Smartphone,3,32442,2026-02-20,Cash on Delivery,Hyderabad
FEB_008389,CUST_00729,Mouse,4,48252,2026-02-28,UPI,Delhi
FEB_008390,CUST_02032,Laptop,3,11149,2026-02-08,UPI,Chennai
FEB_008391,CUST_02986,Keyboard,2,9336,2026-02-19,UPI,Chennai
FEB_008392,CUST_03955,Tablet,3,33884,2026-02-21,Credit Card,Mumbai
FEB_008393,CUST_01098,Monitor,4,48803,2026-02-22,UPI,Delhi
FEB_008394,CUST_02903,Laptop,1,29927,2026-02-13,Debit Card,Pune
FEB_008395,CUST_03355,Keyboard,5,29072,2026-02-18,Debit Card,Delhi
FEB_008396,CUST_04427,Laptop,4,30643,2026-02-20,Credit Card,Bangalore
FEB_008397,CUST_04423,Smartphone,5,27698,2026-02-25,Cash on Delivery,Hyderabad
FEB_008398,CUST_01255,Headphones,2,37083,2026-02-10,UPI,Delhi
FEB_008399,CUST_01542,Monitor,4,14228,2026-02-06,UPI,Hyderabad
FEB_008400,CUST_02929,Monitor,5,32031,2026-02-16,UPI,Chennai
FEB_008401,CUST_01714,Laptop,4,49245,2026-02-26,UPI,Chennai
FEB_008402,CUST_01678,Smartphone,1,37581,2026-02-08,Credit Card,Delhi
FEB_008403,CUST_02485,Headphones,2,28707,2026-02-06,Credit Card,Mumbai
FEB_008404,CUST_04162,Headphones,5,34653,2026-02-05,Credit Card,Pune
FEB_008405,CUST_00101,Mouse,3,2303,2026-02-05,Credit Card,Bangalore
FEB_008406,CUST_03985,Mouse,3,35038,2026-02-10,Cash on Delivery,Hyderabad
FEB_008407,CUST_03463,Keyboard,5,11439,2026-02-20,Credit Card,Chennai
FEB_008408,CUST_04032,Smartphone,2,48939,2026-02-23,Debit Card,Hyderabad
FEB_008409,CUST_00839,Mouse,5,46689,2026-02-18,Debit Card,Bangalore
FEB_008410,CUST_01747,Mouse,2,9870,2026-02-06,Credit Card,Hyderabad
FEB_008411,CUST_01655,Smartwatch,4,4225,2026-02-19,UPI,Delhi
FEB_008412,CUST_04677,Laptop,3,47291,2026-02-14,Credit Card,Chennai
FEB_008413,CUST_02693,Laptop,3,30983,2026-02-02,Credit Card,Bangalore
FEB_008414,CUST_03344,Mouse,3,29933,2026-02-03,Credit Card,Mumbai
FEB_008415,CUST_03450,Headphones,3,32909,2026-02-09,UPI,Chennai
FEB_008416,CUST_03438,Keyboard,2,2236,2026-02-11,UPI,Delhi
FEB_008417,CUST_02403,Monitor,2,4194,2026-02-15,UPI,Bangalore
FEB_008418,CUST_04842,Laptop,5,5433,2026-02-16,Debit Card,Hyderabad
FEB_008419,CUST_04936,Keyboard,5,9402,2026-02-25,UPI,Hyderabad
FEB_008420,CUST_01333,Tablet,1,29008,2026-02-06,Credit Card,Bangalore
FEB_008421,CUST_01256,Headphones,2,8613,2026-02-09,Credit Card,Bangalore
FEB_008422,CUST_01390,Tablet,5,4539,2026-02-27,Cash on Delivery,Mumbai
FEB_008423,CUST_02829,Keyboard,2,3927,2026-02-02,UPI,Bangalore
FEB_008424,CUST_03272,Keyboard,1,12055,2026-02-11,Credit Card,Hyderabad
FEB_008425,CUST_02613,Laptop,5,38396,2026-02-25,Credit Card,Hyderabad
FEB_008426,CUST_00038,Smartphone,1,46223,2026-02-28,Debit Card,Hyderabad
FEB_008427,CUST_03568,Tablet,5,36879,2026-02-28,UPI,Chennai
FEB_008428,CUST_02572,Headphones,5,6073,2026-02-05,Cash on Delivery,Pune
FEB_008429,CUST_01726,Mouse,2,9437,2026-02-15,UPI,Delhi
FEB_008430,CUST_04048,Laptop,2,9800,2026-02-16,Debit Card,Mumbai
FEB_008431,CUST_00087,Tablet,4,29138,2026-02-16,Cash on Delivery,Bangalore
FEB_008432,CUST_03012,Tablet,4,282,2026-02-19,Debit Card,Hyderabad
FEB_008433,CUST_01976,Headphones,1,24022,2026-02-22,Cash on Delivery,Delhi
FEB_008434,CUST_02046,Tablet,2,44215,2026-02-05,UPI,Delhi
FEB_008435,CUST_03325,Smartwatch,2,25621,2026-02-24,UPI,Chennai
FEB_008436,CUST_03080,Keyboard,1,4067,2026-02-06,Cash on Delivery,Hyderabad
FEB_008437,CUST_02654,Mouse,3,43862,2026-02-04,Debit Card,Pune
FEB_008438,CUST_02295,Mouse,3,43392,2026-02-25,Credit Card,Pune
FEB_008439,CUST_01584,Tablet,4,20242,2026-02-21,Cash on Delivery,Hyderabad
FEB_008440,CUST_00873,Tablet,1,9457,2026-02-08,Debit Card,Mumbai
FEB_008441,CUST_03072,Smartwatch,3,15201,2026-02-13,Debit Card,Pune
FEB_008442,CUST_02152,Laptop,5,10143,2026-02-09,Credit Card,Mumbai
FEB_008443,CUST_01870,Headphones,4,1036,2026-02-04,Credit Card,Mumbai
FEB_008444,CUST_00375,Tablet,1,19124,2026-02-27,Credit Card,Bangalore
FEB_008445,CUST_03742,Smartwatch,1,30213,2026-02-10,Cash on Delivery,Mumbai
FEB_008446,CUST_02097,Monitor,5,27703,2026-02-24,Debit Card,Hyderabad
FEB_008447,CUST_01455,Mouse,3,25512,2026-02-21,UPI,Delhi
FEB_008448,CUST_00233,Keyboard,1,17875,2026-02-13,Credit Card,Mumbai
FEB_008449,CUST_01672,Mouse,4,491,2026-02-07,Debit Card,Chennai
FEB_008450,CUST_04588,Keyboard,3,37440,2026-02-09,UPI,Hyderabad
FEB_008451,CUST_03872,Mouse,4,18272,2026-02-18,Cash on Delivery,Bangalore
FEB_008452,CUST_04717,Headphones,4,45962,2026-02-27,Cash on Delivery,Mumbai
FEB_008453,CUST_01989,Headphones,5,3374,2026-02-21,Debit Card,Mumbai
FEB_008454,CUST_02950,Tablet,1,47778,2026-02-27,Credit Card,Bangalore
FEB_008455,CUST_02499,Smartphone,1,3175,2026-02-06,Debit Card,Hyderabad
FEB_008456,CUST_04447,Headphones,5,36322,2026-02-17,Cash on Delivery,Delhi
FEB_008457,CUST_04607,Laptop,4,43933,2026-02-09,Debit Card,Chennai
FEB_008458,CUST_03339,Tablet,4,36224,2026-02-22,Debit Card,Pune
FEB_008459,CUST_04662,Keyboard,5,1164,2026-02-01,UPI,Pune
FEB_008460,CUST_01486,Smartwatch,4,1197,2026-02-24,UPI,Pune
FEB_008461,CUST_01732,Mouse,3,4076,2026-02-17,Credit Card,Delhi
FEB_008462,CUST_00569,Mouse,3,42861,2026-02-12,UPI,Delhi
FEB_008463,CUST_04919,Laptop,3,18686,2026-02-02,Credit Card,Bangalore
FEB_008464,CUST_00930,Laptop,4,4166,2026-02-08,UPI,Bangalore
FEB_008465,CUST_00908,Headphones,4,33360,2026-02-24,UPI,Pune
FEB_008466,CUST_03912,Headphones,5,6776,2026-02-19,UPI,Hyderabad
FEB_008467,CUST_03197,Headphones,1,16417,2026-02-02,Credit Card,Chennai
FEB_008468,CUST_00414,Smartwatch,2,16734,2026-02-07,Debit Card,Delhi
FEB_008469,CUST_01227,Laptop,2,48777,2026-02-14,Debit Card,Hyderabad
FEB_008470,CUST_00798,Smartphone,2,37836,2026-02-04,Cash on Delivery,Chennai
FEB_008471,CUST_00063,Tablet,2,3035,2026-02-09,Debit Card,Mumbai
FEB_008472,CUST_04382,Monitor,2,14221,2026-02-11,UPI,Pune
FEB_008473,CUST_02350,Smartphone,5,16799,2026-02-11,Debit Card,Chennai
FEB_008474,CUST_04449,Smartphone,2,2555,2026-02-18,UPI,Mumbai
FEB_008475,CUST_04302,Keyboard,1,34869,2026-02-02,Cash on Delivery,Hyderabad
FEB_008476,CUST_04628,Laptop,2,27012,2026-02-20,Credit Card,Pune
FEB_008477,CUST_00229,Keyboard,4,6099,2026-02-15,Cash on Delivery,Delhi
FEB_008478,CUST_01886,Monitor,5,16301,2026-02-05,Cash on Delivery,Chennai
FEB_008479,CUST_04696,Keyboard,5,40320,2026-02-05,Cash on Delivery,Bangalore
FEB_008480,CUST_04356,Laptop,2,46681,2026-02-01,UPI,Hyderabad
FEB_008481,CUST_02692,Headphones,3,19574,2026-02-28,Debit Card,Chennai
FEB_008482,CUST_04325,Mouse,4,39122,2026-02-27,UPI,Pune
FEB_008483,CUST_01329,Tablet,5,46414,2026-02-16,UPI,Delhi
FEB_008484,CUST_03721,Headphones,3,5116,2026-02-25,Cash on Delivery,Bangalore
FEB_008485,CUST_01181,Headphones,3,28774,2026-02-13,Cash on Delivery,Delhi
FEB_008486,CUST_01135,Smartphone,3,10397,2026-02-10,Cash on Delivery,Chennai
FEB_008487,CUST_02332,Tablet,1,4988,2026-02-16,UPI,Bangalore
FEB_008488,CUST_03613,Keyboard,1,47713,2026-02-16,Debit Card,Hyderabad
FEB_008489,CUST_02197,Keyboard,1,20826,2026-02-06,Debit Card,Pune
FEB_008490,CUST_04123,Smartphone,5,25856,2026-02-28,Credit Card,Hyderabad
FEB_008491,CUST_03062,Mouse,2,26117,2026-02-05,Debit Card,Hyderabad
FEB_008492,CUST_03019,Smartphone,1,31472,2026-02-16,Debit Card,Chennai
FEB_008493,CUST_03247,Headphones,2,25587,2026-02-05,Debit Card,Delhi
FEB_008494,CUST_04869,Headphones,2,42584,2026-02-01,UPI,Delhi
FEB_008495,CUST_00456,Monitor,4,43996,2026-02-14,Cash on Delivery,Hyderabad
FEB_008496,CUST_01326,Tablet,1,8816,2026-02-22,Credit Card,Chennai
FEB_008497,CUST_01094,Monitor,2,17375,2026-02-21,Credit Card,Pune
FEB_008498,CUST_01175,Laptop,3,30844,2026-02-06,Cash on Delivery,Delhi
FEB_008499,CUST_02249,Mouse,3,30021,2026-02-20,Credit Card,Hyderabad
FEB_008500,CUST_03179,Smartphone,5,27138,2026-02-06,Cash on Delivery,Hyderabad
FEB_008501,CUST_04048,Headphones,4,8670,2026-02-13,Debit Card,Hyderabad
FEB_008502,CUST_04157,Mouse,5,36342,2026-02-19,Cash on Delivery,Mumbai
FEB_008503,CUST_04095,Tablet,3,43156,2026-02-03,Debit Card,Chennai
FEB_008504,CUST_01330,Smartphone,4,4837,2026-02-05,Debit Card,Chennai
FEB_008505,CUST_02152,Smartphone,5,35639,2026-02-16,UPI,Bangalore
FEB_008506,CUST_02785,Keyboard,5,39607,2026-02-01,UPI,Bangalore
FEB_008507,CUST_01298,Smartphone,5,40747,2026-02-13,Debit Card,Mumbai
FEB_008508,CUST_04650,Monitor,4,24510,2026-02-16,UPI,Pune
FEB_008509,CUST_04507,Smartwatch,2,28348,2026-02-04,UPI,Chennai
FEB_008510,CUST_03353,Keyboard,4,7440,2026-02-13,Cash on Delivery,Pune
FEB_008511,CUST_01648,Headphones,4,6836,2026-02-28,Debit Card,Bangalore
FEB_008512,CUST_01729,Smartphone,5,43708,2026-02-18,Cash on Delivery,Delhi
FEB_008513,CUST_02660,Smartphone,3,21218,2026-02-05,Debit Card,Chennai
FEB_008514,CUST_03518,Laptop,4,28468,2026-02-01,Debit Card,Pune
FEB_008515,CUST_00204,Keyboard,4,37324,2026-02-20,UPI,Hyderabad
FEB_008516,CUST_02557,Mouse,5,40607,2026-02-20,Cash on Delivery,Mumbai
FEB_008517,CUST_00210,Mouse,3,46562,2026-02-15,Debit Card,Hyderabad
FEB_008518,CUST_01438,Smartphone,2,21579,2026-02-26,Debit Card,Pune
FEB_008519,CUST_03897,Monitor,5,46587,2026-02-19,Credit Card,Bangalore
FEB_008520,CUST_04099,Mouse,5,27716,2026-02-07,UPI,Delhi
FEB_008521,CUST_02813,Monitor,3,43489,2026-02-25,Credit Card,Delhi
FEB_008522,CUST_02467,Smartwatch,2,42262,2026-02-03,Credit Card,Hyderabad
FEB_008523,CUST_04471,Smartphone,1,27943,2026-02-16,Credit Card,Bangalore
FEB_008524,CUST_04930,Keyboard,5,6972,2026-02-21,Credit Card,Bangalore
FEB_008525,CUST_04135,Keyboard,2,42238,2026-02-02,Credit Card,Delhi
FEB_008526,CUST_02694,Smartphone,4,41877,2026-02-08,Cash on Delivery,Pune
FEB_008527,CUST_00844,Laptop,4,18917,2026-02-28,Cash on Delivery,Bangalore
FEB_008528,CUST_02069,Keyboard,5,41007,2026-02-25,Credit Card,Mumbai
FEB_008529,CUST_03501,Smartphone,1,3856,2026-02-27,Debit Card,Pune
FEB_008530,CUST_04513,Smartwatch,3,32678,2026-02-23,Credit Card,Hyderabad
FEB_008531,CUST_02576,Tablet,5,32076,2026-02-22,Cash on Delivery,Bangalore
FEB_008532,CUST_00057,Tablet,1,33930,2026-02-11,UPI,Pune
FEB_008533,CUST_01457,Monitor,3,42655,2026-02-01,UPI,Hyderabad
FEB_008534,CUST_01865,Headphones,2,19258,2026-02-10,Debit Card,Hyderabad
FEB_008535,CUST_01285,Tablet,3,42419,2026-02-15,Debit Card,Bangalore
FEB_008536,CUST_03711,Laptop,4,4233,2026-02-14,UPI,Pune
FEB_008537,CUST_03413,Smartphone,4,2893,2026-02-21,Debit Card,Chennai
FEB_008538,CUST_04984,Mouse,3,26116,2026-02-01,Cash on Delivery,Bangalore
FEB_008539,CUST_00164,Mouse,5,14484,2026-02-18,UPI,Mumbai
FEB_008540,CUST_01644,Monitor,5,2894,2026-02-07,Cash on Delivery,Pune
FEB_008541,CUST_02425,Smartphone,1,36849,2026-02-11,Credit Card,Delhi
FEB_008542,CUST_00938,Laptop,2,49938,2026-02-10,Debit Card,Chennai
FEB_008543,CUST_00084,Smartwatch,2,19319,2026-02-10,UPI,Pune
FEB_008544,CUST_00523,Laptop,2,23938,2026-02-09,UPI,Mumbai
FEB_008545,CUST_00102,Headphones,3,18451,2026-02-19,UPI,Delhi
FEB_008546,CUST_00663,Smartwatch,4,9201,2026-02-13,Cash on Delivery,Hyderabad
FEB_008547,CUST_03908,Tablet,2,219,2026-02-21,Cash on Delivery,Pune
FEB_008548,CUST_04593,Keyboard,2,19249,2026-02-24,Credit Card,Bangalore
FEB_008549,CUST_00929,Smartphone,4,47671,2026-02-14,UPI,Chennai
FEB_008550,CUST_01907,Tablet,1,37201,2026-02-08,UPI,Hyderabad
FEB_008551,CUST_01966,Tablet,5,16077,2026-02-25,Credit Card,Delhi
FEB_008552,CUST_04183,Tablet,4,14162,2026-02-14,Cash on Delivery,Chennai
FEB_008553,CUST_00475,Smartwatch,1,48487,2026-02-08,Credit Card,Chennai
FEB_008554,CUST_00973,Tablet,5,8893,2026-02-23,Cash on Delivery,Mumbai
FEB_008555,CUST_02528,Tablet,4,15784,2026-02-28,Credit Card,Chennai
FEB_008556,CUST_02875,Headphones,5,41631,2026-02-23,Credit Card,Mumbai
FEB_008557,CUST_02831,Laptop,5,30712,2026-02-19,Debit Card,Hyderabad
FEB_008558,CUST_00035,Monitor,5,2984,2026-02-20,Cash on Delivery,Mumbai
FEB_008559,CUST_03779,Smartphone,5,6111,2026-02-21,Debit Card,Pune
FEB_008560,CUST_04537,Keyboard,3,23649,2026-02-17,Credit Card,Bangalore
FEB_008561,CUST_02564,Mouse,4,30678,2026-02-27,Cash on Delivery,Bangalore
FEB_008562,CUST_01228,Smartphone,1,34993,2026-02-28,Credit Card,Mumbai
FEB_008563,CUST_00846,Mouse,2,44704,2026-02-19,UPI,Delhi
FEB_008564,CUST_04356,Smartwatch,4,7663,2026-02-01,UPI,Pune
FEB_008565,CUST_00870,Smartwatch,1,38886,2026-02-19,UPI,Delhi
FEB_008566,CUST_04564,Tablet,3,15974,2026-02-13,Debit Card,Delhi
FEB_008567,CUST_01390,Tablet,1,47919,2026-02-05,Cash on Delivery,Bangalore
FEB_008568,CUST_01399,Tablet,1,47618,2026-02-17,Credit Card,Pune
FEB_008569,CUST_03391,Tablet,4,38596,2026-02-08,Debit Card,Mumbai
FEB_008570,CUST_02465,Smartphone,5,37140,2026-02-19,Cash on Delivery,Pune
FEB_008571,CUST_04274,Smartphone,5,7936,2026-02-10,Debit Card,Hyderabad
FEB_008572,CUST_04079,Smartphone,3,26146,2026-02-16,Debit Card,Hyderabad
FEB_008573,CUST_03745,Keyboard,4,23740,2026-02-20,UPI,Chennai
FEB_008574,CUST_00033,Tablet,5,11572,2026-02-01,UPI,Hyderabad
FEB_008575,CUST_04078,Monitor,5,38456,2026-02-24,Credit Card,Pune
FEB_008576,CUST_00109,Mouse,4,22723,2026-02-07,Cash on Delivery,Delhi
FEB_008577,CUST_02027,Smartphone,2,20227,2026-02-19,Cash on Delivery,Pune
FEB_008578,CUST_00222,Tablet,2,2502,2026-02-26,Cash on Delivery,Hyderabad
FEB_008579,CUST_00515,Mouse,4,39543,2026-02-18,Debit Card,Delhi
FEB_008580,CUST_00895,Headphones,4,19311,2026-02-27,Cash on Delivery,Delhi
FEB_008581,CUST_03574,Laptop,5,6986,2026-02-18,Credit Card,Chennai
FEB_008582,CUST_00734,Laptop,4,37230,2026-02-24,UPI,Mumbai
FEB_008583,CUST_03626,Mouse,5,23056,2026-02-15,UPI,Pune
FEB_008584,CUST_00628,Tablet,3,7231,2026-02-02,Cash on Delivery,Chennai
FEB_008585,CUST_04494,Keyboard,3,8645,2026-02-13,Cash on Delivery,Hyderabad
FEB_008586,CUST_00021,Keyboard,3,37747,2026-02-24,UPI,Mumbai
FEB_008587,CUST_00750,Mouse,1,21287,2026-02-02,Credit Card,Mumbai
FEB_008588,CUST_01852,Headphones,5,10674,2026-02-28,Cash on Delivery,Bangalore
FEB_008589,CUST_00991,Smartwatch,2,5293,2026-02-15,Credit Card,Mumbai
FEB_008590,CUST_02341,Laptop,3,33944,2026-02-09,Cash on Delivery,Bangalore
FEB_008591,CUST_04876,Smartwatch,1,709,2026-02-13,Debit Card,Hyderabad
FEB_008592,CUST_00544,Headphones,2,32389,2026-02-20,Cash on Delivery,Chennai
FEB_008593,CUST_01112,Tablet,1,21538,2026-02-16,Cash on Delivery,Hyderabad
FEB_008594,CUST_03577,Monitor,3,45535,2026-02-24,Credit Card,Mumbai
FEB_008595,CUST_02208,Keyboard,4,20427,2026-02-11,Cash on Delivery,Hyderabad
FEB_008596,CUST_00359,Smartwatch,3,32781,2026-02-23,Cash on Delivery,Bangalore
FEB_008597,CUST_03056,Laptop,3,17503,2026-02-02,UPI,Pune
FEB_008598,CUST_02041,Keyboard,4,38534,2026-02-18,Credit Card,Mumbai
FEB_008599,CUST_01126,Smartwatch,1,42825,2026-02-11,Cash on Delivery,Bangalore
FEB_008600,CUST_00822,Smartwatch,2,12333,2026-02-10,UPI,Delhi
FEB_008601,CUST_03075,Mouse,2,34487,2026-02-09,Debit Card,Bangalore
FEB_008602,CUST_03662,Smartphone,4,2326,2026-02-16,Debit Card,Hyderabad
FEB_008603,CUST_03009,Tablet,2,21648,2026-02-01,Debit Card,Bangalore
FEB_008604,CUST_02170,Smartphone,2,20617,2026-02-12,Cash on Delivery,Mumbai
FEB_008605,CUST_02663,Tablet,1,38548,2026-02-22,Credit Card,Chennai
FEB_008606,CUST_04651,Laptop,5,37409,2026-02-05,Credit Card,Hyderabad
FEB_008607,CUST_01729,Smartphone,5,35339,2026-02-01,UPI,Delhi
FEB_008608,CUST_02987,Smartphone,1,45140,2026-02-12,Credit Card,Hyderabad
FEB_008609,CUST_04705,Laptop,2,11391,2026-02-02,Debit Card,Bangalore
FEB_008610,CUST_04135,Smartwatch,3,42074,2026-02-06,Debit Card,Bangalore
FEB_008611,CUST_04994,Mouse,4,26728,2026-02-28,Cash on Delivery,Pune
FEB_008612,CUST_02430,Headphones,3,34967,2026-02-03,Debit Card,Chennai
FEB_008613,CUST_01977,Mouse,4,3661,2026-02-20,Cash on Delivery,Bangalore
FEB_008614,CUST_01163,Mouse,1,42462,2026-02-03,Cash on Delivery,Hyderabad
FEB_008615,CUST_01452,Mouse,3,2828,2026-02-10,Credit Card,Mumbai
FEB_008616,CUST_00503,Smartphone,5,23164,2026-02-08,Credit Card,Delhi
FEB_008617,CUST_02800,Laptop,2,19896,2026-02-18,Cash on Delivery,Mumbai
FEB_008618,CUST_01371,Tablet,4,16218,2026-02-12,Cash on Delivery,Chennai
FEB_008619,CUST_04300,Tablet,1,38597,2026-02-28,UPI,Bangalore
FEB_008620,CUST_00343,Keyboard,5,16672,2026-02-12,Cash on Delivery,Delhi
FEB_008621,CUST_00443,Tablet,4,37891,2026-02-27,Debit Card,Delhi
FEB_008622,CUST_03265,Headphones,2,11054,2026-02-26,Cash on Delivery,Hyderabad
FEB_008623,CUST_01486,Smartwatch,5,31683,2026-02-07,UPI,Delhi
FEB_008624,CUST_03327,Tablet,3,42435,2026-02-26,UPI,Delhi
FEB_008625,CUST_01414,Monitor,5,2147,2026-02-12,Cash on Delivery,Chennai
FEB_008626,CUST_04889,Monitor,3,37229,2026-02-12,UPI,Mumbai
FEB_008627,CUST_02898,Keyboard,5,46609,2026-02-19,Debit Card,Pune
FEB_008628,CUST_03936,Laptop,3,31181,2026-02-20,UPI,Pune
FEB_008629,CUST_02310,Laptop,3,9012,2026-02-08,Debit Card,Mumbai
FEB_008630,CUST_00911,Mouse,3,35320,2026-02-19,Credit Card,Hyderabad
FEB_008631,CUST_00245,Headphones,1,26859,2026-02-15,UPI,Hyderabad
FEB_008632,CUST_03322,Keyboard,4,28189,2026-02-26,Credit Card,Pune
FEB_008633,CUST_00993,Keyboard,1,15291,2026-02-21,UPI,Chennai
FEB_008634,CUST_03335,Monitor,2,4810,2026-02-03,Debit Card,Chennai
FEB_008635,CUST_00206,Monitor,4,38135,2026-02-22,Cash on Delivery,Delhi
FEB_008636,CUST_01129,Smartwatch,5,4281,2026-02-11,UPI,Mumbai
FEB_008637,CUST_04134,Tablet,3,19635,2026-02-10,Debit Card,Mumbai
FEB_008638,CUST_04804,Mouse,4,22025,2026-02-04,Cash on Delivery,Delhi
FEB_008639,CUST_01951,Tablet,5,15070,2026-02-23,Credit Card,Delhi
FEB_008640,CUST_02842,Smartwatch,5,38296,2026-02-08,UPI,Pune
FEB_008641,CUST_00425,Tablet,1,2631,2026-02-25,Cash on Delivery,Delhi
FEB_008642,CUST_03355,Mouse,3,24977,2026-02-21,Credit Card,Hyderabad
FEB_008643,CUST_00790,Headphones,2,5574,2026-02-06,UPI,Chennai
FEB_008644,CUST_02428,Keyboard,4,40367,2026-02-20,Cash on Delivery,Delhi
FEB_008645,CUST_00425,Mouse,4,17893,2026-02-15,Cash on Delivery,Hyderabad
FEB_008646,CUST_01147,Tablet,5,29402,2026-02-26,Credit Card,Bangalore
FEB_008647,CUST_04444,Smartwatch,3,45974,2026-02-27,Credit Card,Delhi
FEB_008648,CUST_03082,Keyboard,1,27463,2026-02-23,Credit Card,Chennai
FEB_008649,CUST_03715,Headphones,5,13031,2026-02-15,UPI,Delhi
FEB_008650,CUST_04386,Monitor,4,9319,2026-02-20,Credit Card,Mumbai
FEB_008651,CUST_00672,Smartwatch,3,28438,2026-02-24,Debit Card,Mumbai
FEB_008652,CUST_01062,Smartwatch,4,37193,2026-02-05,Cash on Delivery,Pune
FEB_008653,CUST_04810,Smartphone,4,37345,2026-02-21,UPI,Chennai
FEB_008654,CUST_02151,Smartwatch,5,19296,2026-02-24,Cash on Delivery,Mumbai
FEB_008655,CUST_01452,Monitor,4,29608,2026-02-03,Credit Card,Pune
FEB_008656,CUST_03079,Headphones,4,31948,2026-02-18,Debit Card,Delhi
FEB_008657,CUST_03718,Smartwatch,3,40581,2026-02-12,Credit Card,Hyderabad
FEB_008658,CUST_03363,Headphones,1,33770,2026-02-22,Credit Card,Bangalore
FEB_008659,CUST_01182,Mouse,5,5198,2026-02-20,Cash on Delivery,Pune
FEB_008660,CUST_03164,Smartphone,2,26175,2026-02-04,Cash on Delivery,Hyderabad
FEB_008661,CUST_04231,Headphones,2,40157,2026-02-03,Credit Card,Bangalore
FEB_008662,CUST_03795,Smartwatch,3,38450,2026-02-12,Credit Card,Pune
FEB_008663,CUST_01499,Headphones,1,25436,2026-02-21,Cash on Delivery,Hyderabad
FEB_008664,CUST_02022,Monitor,4,13101,2026-02-27,Debit Card,Hyderabad
FEB_008665,CUST_02442,Laptop,3,14743,2026-02-21,Cash on Delivery,Bangalore
FEB_008666,CUST_02762,Smartphone,1,25971,2026-02-12,UPI,Mumbai
FEB_008667,CUST_01947,Mouse,3,38094,2026-02-14,Debit Card,Mumbai
FEB_008668,CUST_00014,Headphones,3,39661,2026-02-08,Credit Card,Chennai
FEB_008669,CUST_01114,Smartwatch,1,12401,2026-02-23,Credit Card,Delhi
FEB_008670,CUST_02650,Keyboard,2,46592,2026-02-16,Cash on Delivery,Pune
FEB_008671,CUST_03225,Smartphone,2,2262,2026-02-06,Debit Card,Chennai
FEB_008672,CUST_00387,Tablet,4,19828,2026-02-19,Cash on Delivery,Chennai
FEB_008673,CUST_03693,Headphones,2,20225,2026-02-22,Debit Card,Bangalore
FEB_008674,CUST_02554,Smartwatch,4,12775,2026-02-17,UPI,Hyderabad
FEB_008675,CUST_04104,Keyboard,1,44275,2026-02-10,UPI,Delhi
FEB_008676,CUST_00641,Mouse,2,44023,2026-02-05,Credit Card,Delhi
FEB_008677,CUST_02758,Keyboard,4,24164,2026-02-09,UPI,Delhi
FEB_008678,CUST_00832,Laptop,2,9886,2026-02-23,Debit Card,Bangalore
FEB_008679,CUST_01943,Keyboard,2,41656,2026-02-04,Credit Card,Bangalore
FEB_008680,CUST_02682,Tablet,4,36629,2026-02-25,Credit Card,Delhi
FEB_008681,CUST_04849,Keyboard,4,434,2026-02-16,Cash on Delivery,Delhi
FEB_008682,CUST_01155,Monitor,2,18638,2026-02-17,Cash on Delivery,Chennai
FEB_008683,CUST_01449,Smartphone,1,6382,2026-02-24,Credit Card,Delhi
FEB_008684,CUST_04509,Smartphone,3,16753,2026-02-01,Credit Card,Chennai
FEB_008685,CUST_02903,Laptop,1,5029,2026-02-19,Cash on Delivery,Hyderabad
FEB_008686,CUST_03501,Tablet,2,29164,2026-02-10,Debit Card,Chennai
FEB_008687,CUST_00726,Smartwatch,5,49514,2026-02-27,UPI,Bangalore
FEB_008688,CUST_01599,Tablet,3,16771,2026-02-23,Cash on Delivery,Bangalore
FEB_008689,CUST_01012,Mouse,1,24588,2026-02-01,Credit Card,Bangalore
FEB_008690,CUST_01815,Headphones,4,15490,2026-02-09,Debit Card,Mumbai
FEB_008691,CUST_01421,Smartwatch,2,26578,2026-02-25,UPI,Delhi
FEB_008692,CUST_04485,Laptop,4,31446,2026-02-13,Cash on Delivery,Delhi
FEB_008693,CUST_01852,Headphones,4,7897,2026-02-01,Debit Card,Delhi
FEB_008694,CUST_01990,Headphones,4,22865,2026-02-18,UPI,Pune
FEB_008695,CUST_00340,Smartwatch,1,19199,2026-02-15,Debit Card,Delhi
FEB_008696,CUST_03780,Smartwatch,1,14204,2026-02-20,Debit Card,Chennai
FEB_008697,CUST_00596,Tablet,2,35803,2026-02-04,Cash on Delivery,Delhi
FEB_008698,CUST_02872,Monitor,4,13500,2026-02-23,UPI,Bangalore
FEB_008699,CUST_01563,Laptop,3,5286,2026-02-11,Cash on Delivery,Mumbai
FEB_008700,CUST_00225,Tablet,4,30491,2026-02-25,Credit Card,Hyderabad
FEB_008701,CUST_02750,Laptop,3,36601,2026-02-02,Credit Card,Chennai
FEB_008702,CUST_00575,Headphones,5,2361,2026-02-03,Cash on Delivery,Delhi
FEB_008703,CUST_02177,Tablet,5,4626,2026-02-04,Debit Card,Delhi
FEB_008704,CUST_02146,Headphones,3,48461,2026-02-19,Cash on Delivery,Chennai
FEB_008705,CUST_02866,Smartphone,2,34281,2026-02-21,Credit Card,Pune
FEB_008706,CUST_02354,Mouse,3,10771,2026-02-28,Credit Card,Bangalore
FEB_008707,CUST_02657,Mouse,4,10916,2026-02-26,Cash on Delivery,Pune
FEB_008708,CUST_03339,Monitor,4,20946,2026-02-25,Debit Card,Mumbai
FEB_008709,CUST_03807,Headphones,1,40003,2026-02-03,Debit Card,Bangalore
FEB_008710,CUST_01928,Laptop,2,1637,2026-02-01,Debit Card,Bangalore
FEB_008711,CUST_02329,Headphones,1,20613,2026-02-20,UPI,Mumbai
FEB_008712,CUST_03855,Mouse,2,12749,2026-02-14,Credit Card,Mumbai
FEB_008713,CUST_01002,Laptop,1,47861,2026-02-08,Cash on Delivery,Pune
FEB_008714,CUST_01266,Keyboard,2,4467,2026-02-11,UPI,Delhi
FEB_008715,CUST_02024,Laptop,3,48722,2026-02-06,Credit Card,Bangalore
FEB_008716,CUST_00581,Mouse,5,6920,2026-02-10,Cash on Delivery,Mumbai
FEB_008717,CUST_04768,Headphones,2,15983,2026-02-16,Credit Card,Hyderabad
FEB_008718,CUST_01077,Monitor,2,24365,2026-02-19,UPI,Chennai
FEB_008719,CUST_04823,Headphones,1,12832,2026-02-04,Cash on Delivery,Bangalore
FEB_008720,CUST_02245,Smartphone,1,30276,2026-02-18,Debit Card,Delhi
FEB_008721,CUST_00681,Smartphone,4,9842,2026-02-17,Cash on Delivery,Mumbai
FEB_008722,CUST_00909,Tablet,1,44230,2026-02-27,Credit Card,Delhi
FEB_008723,CUST_01346,Keyboard,2,47219,2026-02-28,UPI,Chennai
FEB_008724,CUST_04453,Monitor,1,44506,2026-02-17,UPI,Chennai
FEB_008725,CUST_01208,Tablet,1,24241,2026-02-07,Debit Card,Pune
FEB_008726,CUST_01108,Tablet,4,41204,2026-02-20,Debit Card,Mumbai
FEB_008727,CUST_00331,Keyboard,3,1992,2026-02-13,UPI,Hyderabad
FEB_008728,CUST_03286,Tablet,3,19708,2026-02-25,Cash on Delivery,Delhi
FEB_008729,CUST_03564,Monitor,2,8963,2026-02-12,UPI,Delhi
FEB_008730,CUST_02299,Keyboard,3,17738,2026-02-17,UPI,Hyderabad
FEB_008731,CUST_02233,Keyboard,3,20097,2026-02-15,UPI,Chennai
FEB_008732,CUST_04471,Laptop,1,31997,2026-02-27,UPI,Pune
FEB_008733,CUST_01505,Smartphone,1,29783,2026-02-20,UPI,Bangalore
FEB_008734,CUST_00625,Headphones,2,35179,2026-02-27,Cash on Delivery,Pune
FEB_008735,CUST_02154,Headphones,1,4760,2026-02-02,UPI,Mumbai
FEB_008736,CUST_04992,Monitor,3,32593,2026-02-14,Credit Card,Hyderabad
FEB_008737,CUST_00488,Smartwatch,1,28638,2026-02-10,Debit Card,Hyderabad
FEB_008738,CUST_04195,Tablet,3,14957,2026-02-04,UPI,Bangalore
FEB_008739,CUST_03724,Headphones,2,36414,2026-02-16,Debit Card,Delhi
FEB_008740,CUST_00677,Keyboard,2,39612,2026-02-25,UPI,Mumbai
FEB_008741,CUST_03311,Smartwatch,5,39139,2026-02-28,Debit Card,Chennai
FEB_008742,CUST_02001,Tablet,4,42771,2026-02-11,Cash on Delivery,Bangalore
FEB_008743,CUST_01561,Laptop,3,38166,2026-02-15,Cash on Delivery,Delhi
FEB_008744,CUST_00082,Mouse,4,31607,2026-02-03,UPI,Chennai
FEB_008745,CUST_03985,Headphones,4,47582,2026-02-22,Credit Card,Delhi
FEB_008746,CUST_02459,Headphones,4,8756,2026-02-05,UPI,Mumbai
FEB_008747,CUST_04286,Smartwatch,5,12883,2026-02-11,UPI,Hyderabad
FEB_008748,CUST_03237,Laptop,1,22741,2026-02-05,Debit Card,Bangalore
FEB_008749,CUST_00728,Monitor,3,14081,2026-02-02,Debit Card,Delhi
FEB_008750,CUST_01571,Mouse,5,24904,2026-02-04,Debit Card,Pune
FEB_008751,CUST_03104,Smartwatch,2,18226,2026-02-16,UPI,Chennai
FEB_008752,CUST_00880,Smartphone,3,35181,2026-02-06,Cash on Delivery,Pune
FEB_008753,CUST_01485,Laptop,1,36536,2026-02-20,Cash on Delivery,Hyderabad
FEB_008754,CUST_01341,Smartwatch,3,8293,2026-02-15,Debit Card,Mumbai
FEB_008755,CUST_03769,Mouse,2,28790,2026-02-19,Credit Card,Chennai
FEB_008756,CUST_00687,Headphones,1,15805,2026-02-26,Cash on Delivery,Mumbai
FEB_008757,CUST_03057,Smartphone,5,13340,2026-02-10,Credit Card,Delhi
FEB_008758,CUST_04751,Monitor,5,18872,2026-02-15,UPI,Chennai
FEB_008759,CUST_00517,Headphones,1,46551,2026-02-13,Debit Card,Pune
FEB_008760,CUST_04811,Smartphone,1,41217,2026-02-14,Debit Card,Mumbai
FEB_008761,CUST_00683,Tablet,4,42762,2026-02-22,Cash on Delivery,Pune
FEB_008762,CUST_03295,Tablet,1,49781,2026-02-09,UPI,Hyderabad
FEB_008763,CUST_00611,Mouse,1,46904,2026-02-14,UPI,Bangalore
FEB_008764,CUST_03126,Smartphone,3,29158,2026-02-11,Debit Card,Delhi
FEB_008765,CUST_03231,Tablet,1,21947,2026-02-21,Credit Card,Hyderabad
FEB_008766,CUST_01686,Headphones,4,18818,2026-02-24,Credit Card,Chennai
FEB_008767,CUST_01255,Headphones,4,27580,2026-02-25,Debit Card,Mumbai
FEB_008768,CUST_04874,Smartphone,3,6934,2026-02-02,Cash on Delivery,Chennai
FEB_008769,CUST_02856,Smartwatch,2,10384,2026-02-06,UPI,Mumbai
FEB_008770,CUST_00144,Smartphone,5,3206,2026-02-19,Debit Card,Bangalore
FEB_008771,CUST_03108,Tablet,4,23924,2026-02-20,Credit Card,Hyderabad
FEB_008772,CUST_03251,Smartwatch,4,7197,2026-02-26,Debit Card,Pune
FEB_008773,CUST_03210,Keyboard,5,29113,2026-02-20,Cash on Delivery,Hyderabad
FEB_008774,CUST_02713,Tablet,3,37411,2026-02-10,Debit Card,Mumbai
FEB_008775,CUST_02848,Smartphone,4,14597,2026-02-05,UPI,Chennai
FEB_008776,CUST_00662,Tablet,5,45561,2026-02-22,Debit Card,Delhi
FEB_008777,CUST_03204,Keyboard,2,954,2026-02-12,UPI,Mumbai
FEB_008778,CUST_03157,Monitor,1,6296,2026-02-06,UPI,Hyderabad
FEB_008779,CUST_04633,Laptop,3,44226,2026-02-28,Debit Card,Hyderabad
FEB_008780,CUST_04915,Monitor,5,44667,2026-02-22,Cash on Delivery,Delhi
FEB_008781,CUST_02935,Monitor,2,34655,2026-02-26,Cash on Delivery,Pune
FEB_008782,CUST_00781,Mouse,4,29698,2026-02-06,UPI,Mumbai
FEB_008783,CUST_04159,Headphones,5,47607,2026-02-25,Cash on Delivery,Delhi
FEB_008784,CUST_00098,Laptop,1,13612,2026-02-19,Cash on Delivery,Pune
FEB_008785,CUST_03514,Mouse,4,17862,2026-02-26,Cash on Delivery,Hyderabad
FEB_008786,CUST_00629,Headphones,2,32220,2026-02-06,Cash on Delivery,Chennai
FEB_008787,CUST_02565,Keyboard,1,7693,2026-02-27,Cash on Delivery,Chennai
FEB_008788,CUST_00467,Keyboard,3,23836,2026-02-02,Cash on Delivery,Bangalore
FEB_008789,CUST_03556,Monitor,2,47078,2026-02-27,Credit Card,Delhi
FEB_008790,CUST_04416,Laptop,2,44709,2026-02-02,Debit Card,Chennai
FEB_008791,CUST_01853,Keyboard,2,15774,2026-02-04,Cash on Delivery,Bangalore
FEB_008792,CUST_03948,Smartwatch,1,2788,2026-02-26,Debit Card,Mumbai
FEB_008793,CUST_02813,Tablet,1,22709,2026-02-22,UPI,Delhi
FEB_008794,CUST_01117,Keyboard,3,5311,2026-02-19,Cash on Delivery,Hyderabad
FEB_008795,CUST_03656,Mouse,2,16985,2026-02-14,Debit Card,Hyderabad
FEB_008796,CUST_00489,Monitor,4,41353,2026-02-26,Debit Card,Mumbai
FEB_008797,CUST_02583,Laptop,3,28952,2026-02-14,UPI,Pune
FEB_008798,CUST_01825,Tablet,3,33979,2026-02-10,Credit Card,Delhi
FEB_008799,CUST_02703,Mouse,3,15076,2026-02-05,UPI,Mumbai
FEB_008800,CUST_02485,Smartwatch,4,26796,2026-02-13,Cash on Delivery,Pune
FEB_008801,CUST_02464,Laptop,3,45647,2026-02-01,Cash on Delivery,Mumbai
FEB_008802,CUST_04560,Smartwatch,4,34159,2026-02-25,Credit Card,Pune
FEB_008803,CUST_02820,Monitor,1,32364,2026-02-14,Credit Card,Bangalore
FEB_008804,CUST_00269,Headphones,2,25463,2026-02-05,Cash on Delivery,Mumbai
FEB_008805,CUST_00823,Headphones,2,33258,2026-02-19,Cash on Delivery,Chennai
FEB_008806,CUST_04337,Headphones,4,17223,2026-02-20,Credit Card,Pune
FEB_008807,CUST_00400,Headphones,2,31997,2026-02-27,Credit Card,Mumbai
FEB_008808,CUST_00710,Headphones,4,15913,2026-02-16,Credit Card,Chennai
FEB_008809,CUST_03808,Headphones,2,15481,2026-02-09,Debit Card,Delhi
FEB_008810,CUST_01835,Headphones,5,8667,2026-02-28,Credit Card,Bangalore
FEB_008811,CUST_02632,Keyboard,5,31318,2026-02-19,Cash on Delivery,Mumbai
FEB_008812,CUST_01950,Headphones,5,38350,2026-02-27,UPI,Bangalore
FEB_008813,CUST_04885,Laptop,2,45448,2026-02-17,Debit Card,Delhi
FEB_008814,CUST_01677,Monitor,2,33068,2026-02-24,Cash on Delivery,Chennai
FEB_008815,CUST_04621,Monitor,3,34637,2026-02-19,UPI,Delhi
FEB_008816,CUST_02212,Keyboard,2,45620,2026-02-05,Cash on Delivery,Bangalore
FEB_008817,CUST_00612,Smartwatch,4,14125,2026-02-16,UPI,Pune
FEB_008818,CUST_01394,Tablet,2,16332,2026-02-08,UPI,Chennai
FEB_008819,CUST_02308,Smartphone,5,12047,2026-02-18,Cash on Delivery,Mumbai
FEB_008820,CUST_04341,Monitor,5,46353,2026-02-10,UPI,Pune
FEB_008821,CUST_01824,Smartphone,2,3194,2026-02-26,Credit Card,Hyderabad
FEB_008822,CUST_04900,Smartwatch,3,22911,2026-02-18,Cash on Delivery,Chennai
FEB_008823,CUST_03639,Smartphone,1,25323,2026-02-25,Credit Card,Mumbai
FEB_008824,CUST_03398,Mouse,4,2348,2026-02-08,UPI,Hyderabad
FEB_008825,CUST_04474,Tablet,4,30311,2026-02-23,Credit Card,Pune
FEB_008826,CUST_03329,Mouse,3,36864,2026-02-12,Debit Card,Pune
FEB_008827,CUST_03673,Monitor,5,43988,2026-02-18,Cash on Delivery,Mumbai
FEB_008828,CUST_04692,Tablet,5,3263,2026-02-08,Cash on Delivery,Pune
FEB_008829,CUST_02203,Monitor,3,26698,2026-02-25,Cash on Delivery,Mumbai
FEB_008830,CUST_04728,Smartwatch,3,34858,2026-02-26,Debit Card,Chennai
FEB_008831,CUST_02591,Smartphone,3,26981,2026-02-09,Cash on Delivery,Pune
FEB_008832,CUST_00466,Laptop,5,32529,2026-02-25,Cash on Delivery,Bangalore
FEB_008833,CUST_01596,Tablet,2,35144,2026-02-21,Credit Card,Bangalore
FEB_008834,CUST_00477,Monitor,4,36364,2026-02-22,Cash on Delivery,Pune
FEB_008835,CUST_04410,Smartphone,1,31757,2026-02-09,Credit Card,Chennai
FEB_008836,CUST_04438,Smartwatch,2,47869,2026-02-22,Cash on Delivery,Hyderabad
FEB_008837,CUST_00154,Laptop,3,29987,2026-02-03,Cash on Delivery,Bangalore
FEB_008838,CUST_01883,Mouse,3,4864,2026-02-18,UPI,Bangalore
FEB_008839,CUST_01859,Keyboard,4,28865,2026-02-25,Cash on Delivery,Chennai
FEB_008840,CUST_04633,Smartphone,4,29396,2026-02-25,Credit Card,Delhi
FEB_008841,CUST_01567,Tablet,4,10814,2026-02-09,Credit Card,Hyderabad
FEB_008842,CUST_04567,Keyboard,1,42731,2026-02-16,UPI,Mumbai
FEB_008843,CUST_00150,Headphones,2,34372,2026-02-11,UPI,Hyderabad
FEB_008844,CUST_02371,Smartwatch,4,24184,2026-02-10,Credit Card,Delhi
FEB_008845,CUST_00273,Mouse,3,3910,2026-02-09,UPI,Mumbai
FEB_008846,CUST_04599,Monitor,1,32235,2026-02-06,Cash on Delivery,Hyderabad
FEB_008847,CUST_02201,Tablet,4,1745,2026-02-03,Debit Card,Pune
FEB_008848,CUST_01495,Mouse,4,4666,2026-02-19,Cash on Delivery,Hyderabad
FEB_008849,CUST_04549,Laptop,3,7172,2026-02-23,Credit Card,Delhi
FEB_008850,CUST_04527,Laptop,1,17338,2026-02-16,Credit Card,Pune
FEB_008851,CUST_02709,Monitor,1,38734,2026-02-12,Debit Card,Bangalore
FEB_008852,CUST_02776,Mouse,5,38697,2026-02-10,Debit Card,Delhi
FEB_008853,CUST_02627,Smartwatch,3,47353,2026-02-21,Credit Card,Bangalore
FEB_008854,CUST_04908,Keyboard,5,8777,2026-02-09,Credit Card,Hyderabad
FEB_008855,CUST_03845,Mouse,4,27093,2026-02-07,Debit Card,Hyderabad
FEB_008856,CUST_03638,Monitor,1,13130,2026-02-24,Credit Card,Bangalore
FEB_008857,CUST_02544,Smartphone,3,2969,2026-02-19,Debit Card,Chennai
FEB_008858,CUST_04779,Monitor,3,39147,2026-02-12,Cash on Delivery,Bangalore
FEB_008859,CUST_01557,Smartphone,2,34903,2026-02-04,UPI,Mumbai
FEB_008860,CUST_02870,Smartphone,1,20873,2026-02-23,Credit Card,Hyderabad
FEB_008861,CUST_01543,Smartwatch,1,13209,2026-02-12,Debit Card,Chennai
FEB_008862,CUST_03877,Monitor,4,18273,2026-02-26,UPI,Hyderabad
FEB_008863,CUST_01441,Mouse,4,23391,2026-02-27,Debit Card,Mumbai
FEB_008864,CUST_00631,Smartphone,2,9568,2026-02-11,Credit Card,Delhi
FEB_008865,CUST_04684,Laptop,5,22613,2026-02-23,Cash on Delivery,Bangalore
FEB_008866,CUST_01381,Headphones,4,49412,2026-02-02,UPI,Hyderabad
FEB_008867,CUST_04024,Monitor,4,42404,2026-02-25,UPI,Hyderabad
FEB_008868,CUST_01597,Tablet,4,16428,2026-02-07,Credit Card,Hyderabad
FEB_008869,CUST_02506,Tablet,5,41621,2026-02-14,Cash on Delivery,Delhi
FEB_008870,CUST_04627,Tablet,1,11971,2026-02-25,Debit Card,Mumbai
FEB_008871,CUST_03058,Monitor,3,10304,2026-02-11,Credit Card,Delhi
FEB_008872,CUST_03855,Headphones,5,31079,2026-02-24,UPI,Delhi
FEB_008873,CUST_04362,Smartwatch,3,38186,2026-02-16,UPI,Delhi
FEB_008874,CUST_01882,Smartphone,4,4893,2026-02-22,Debit Card,Bangalore
FEB_008875,CUST_04407,Tablet,3,32104,2026-02-07,UPI,Bangalore
FEB_008876,CUST_04110,Headphones,3,18209,2026-02-11,UPI,Delhi
FEB_008877,CUST_02306,Headphones,4,44774,2026-02-14,UPI,Hyderabad
FEB_008878,CUST_02161,Smartphone,3,24210,2026-02-14,Credit Card,Chennai
FEB_008879,CUST_01849,Smartwatch,5,24880,2026-02-07,UPI,Delhi
FEB_008880,CUST_02065,Laptop,2,23185,2026-02-02,UPI,Delhi
FEB_008881,CUST_02822,Tablet,5,24806,2026-02-09,Debit Card,Hyderabad
FEB_008882,CUST_04176,Tablet,1,40816,2026-02-17,UPI,Hyderabad
FEB_008883,CUST_02131,Smartphone,1,2238,2026-02-26,UPI,Bangalore
FEB_008884,CUST_00118,Smartwatch,1,26478,2026-02-11,UPI,Bangalore
FEB_008885,CUST_04081,Headphones,5,7015,2026-02-02,Cash on Delivery,Mumbai
FEB_008886,CUST_03396,Smartphone,3,19296,2026-02-21,Debit Card,Pune
FEB_008887,CUST_01112,Headphones,1,10262,2026-02-17,Cash on Delivery,Chennai
FEB_008888,CUST_02065,Mouse,1,2274,2026-02-12,Credit Card,Bangalore
FEB_008889,CUST_02965,Headphones,2,29748,2026-02-17,Debit Card,Mumbai
FEB_008890,CUST_03314,Mouse,4,4717,2026-02-27,Credit Card,Mumbai
FEB_008891,CUST_04221,Smartphone,5,44392,2026-02-05,Debit Card,Chennai
FEB_008892,CUST_00760,Smartwatch,2,5074,2026-02-27,UPI,Delhi
FEB_008893,CUST_00774,Laptop,2,12923,2026-02-01,Cash on Delivery,Mumbai
FEB_008894,CUST_02695,Smartphone,3,24167,2026-02-08,Cash on Delivery,Hyderabad
FEB_008895,CUST_02780,Keyboard,4,17448,2026-02-26,Credit Card,Mumbai
FEB_008896,CUST_01705,Tablet,5,4544,2026-02-24,UPI,Pune
FEB_008897,CUST_02585,Smartwatch,5,39848,2026-02-26,Cash on Delivery,Mumbai
FEB_008898,CUST_00283,Mouse,1,29432,2026-02-12,Cash on Delivery,Chennai
FEB_008899,CUST_03823,Smartphone,4,35014,2026-02-27,Credit Card,Chennai
FEB_008900,CUST_03241,Mouse,2,33106,2026-02-10,UPI,Delhi
FEB_008901,CUST_03807,Headphones,2,4219,2026-02-14,UPI,Chennai
FEB_008902,CUST_00888,Monitor,3,24843,2026-02-20,UPI,Chennai
FEB_008903,CUST_00050,Smartphone,3,18931,2026-02-21,Credit Card,Chennai
FEB_008904,CUST_01285,Headphones,1,1281,2026-02-27,Cash on Delivery,Pune
FEB_008905,CUST_03838,Tablet,5,18676,2026-02-20,UPI,Mumbai
FEB_008906,CUST_04354,Smartwatch,3,28323,2026-02-22,Cash on Delivery,Bangalore
FEB_008907,CUST_04499,Laptop,4,21038,2026-02-06,Debit Card,Delhi
FEB_008908,CUST_00236,Smartphone,3,11507,2026-02-28,Cash on Delivery,Hyderabad
FEB_008909,CUST_04336,Monitor,4,41824,2026-02-19,Credit Card,Hyderabad
FEB_008910,CUST_01827,Mouse,1,15270,2026-02-22,UPI,Delhi
FEB_008911,CUST_00928,Mouse,1,24205,2026-02-20,Debit Card,Bangalore
FEB_008912,CUST_04480,Smartphone,2,47346,2026-02-14,Debit Card,Hyderabad
FEB_008913,CUST_02160,Laptop,1,35786,2026-02-21,UPI,Bangalore
FEB_008914,CUST_04194,Headphones,5,31951,2026-02-07,Credit Card,Delhi
FEB_008915,CUST_00671,Smartphone,5,21708,2026-02-14,Cash on Delivery,Pune
FEB_008916,CUST_03995,Monitor,1,10519,2026-02-16,Debit Card,Mumbai
FEB_008917,CUST_04515,Mouse,2,14388,2026-02-16,Credit Card,Mumbai
FEB_008918,CUST_00315,Mouse,1,37885,2026-02-21,Credit Card,Delhi
FEB_008919,CUST_02967,Laptop,4,16891,2026-02-09,Debit Card,Delhi
FEB_008920,CUST_02530,Smartphone,4,36479,2026-02-08,Cash on Delivery,Mumbai
FEB_008921,CUST_04114,Smartphone,1,25879,2026-02-06,Cash on Delivery,Bangalore
FEB_008922,CUST_00295,Headphones,2,1200,2026-02-21,Credit Card,Bangalore
FEB_008923,CUST_00427,Tablet,4,12100,2026-02-13,Cash on Delivery,Delhi
FEB_008924,CUST_01280,Tablet,3,37367,2026-02-27,Credit Card,Pune
FEB_008925,CUST_03087,Smartphone,2,35497,2026-02-12,Debit Card,Delhi
FEB_008926,CUST_02007,Keyboard,1,6821,2026-02-19,Credit Card,Delhi
FEB_008927,CUST_00332,Headphones,1,48232,2026-02-02,Debit Card,Hyderabad
FEB_008928,CUST_00233,Tablet,4,39183,2026-02-04,Credit Card,Hyderabad
FEB_008929,CUST_02033,Smartwatch,1,42486,2026-02-03,Credit Card,Hyderabad
FEB_008930,CUST_03466,Smartphone,4,6785,2026-02-04,Debit Card,Chennai
FEB_008931,CUST_01268,Mouse,4,10127,2026-02-13,Cash on Delivery,Pune
FEB_008932,CUST_04491,Smartphone,5,2707,2026-02-11,UPI,Bangalore
FEB_008933,CUST_02401,Monitor,1,42489,2026-02-25,UPI,Delhi
FEB_008934,CUST_00416,Headphones,4,49020,2026-02-03,Cash on Delivery,Delhi
FEB_008935,CUST_03170,Mouse,1,38425,2026-02-04,Cash on Delivery,Bangalore
FEB_008936,CUST_03077,Keyboard,3,1612,2026-02-12,UPI,Mumbai
FEB_008937,CUST_02321,Laptop,5,17608,2026-02-07,Debit Card,Bangalore
FEB_008938,CUST_04373,Mouse,4,15002,2026-02-24,UPI,Hyderabad
FEB_008939,CUST_04228,Tablet,5,21344,2026-02-16,Credit Card,Delhi
FEB_008940,CUST_02821,Smartwatch,5,12292,2026-02-19,Credit Card,Chennai
FEB_008941,CUST_00610,Tablet,3,45382,2026-02-03,Cash on Delivery,Chennai
FEB_008942,CUST_04835,Monitor,2,43818,2026-02-08,Credit Card,Pune
FEB_008943,CUST_00863,Monitor,1,14265,2026-02-03,UPI,Delhi
FEB_008944,CUST_03924,Mouse,4,25828,2026-02-27,Debit Card,Hyderabad
FEB_008945,CUST_04540,Monitor,5,44717,2026-02-19,Debit Card,Chennai
FEB_008946,CUST_04204,Tablet,3,4393,2026-02-05,Debit Card,Delhi
FEB_008947,CUST_01222,Smartwatch,4,4307,2026-02-09,Credit Card,Pune
FEB_008948,CUST_00928,Laptop,2,40877,2026-02-25,Debit Card,Chennai
FEB_008949,CUST_01209,Keyboard,3,21908,2026-02-05,Credit Card,Delhi
FEB_008950,CUST_03403,Laptop,3,14556,2026-02-23,Cash on Delivery,Pune
FEB_008951,CUST_04945,Monitor,4,3016,2026-02-28,Debit Card,Delhi
FEB_008952,CUST_01106,Keyboard,5,23667,2026-02-01,Debit Card,Bangalore
FEB_008953,CUST_02502,Smartphone,5,7360,2026-02-03,Debit Card,Chennai
FEB_008954,CUST_04659,Headphones,2,8101,2026-02-24,Cash on Delivery,Mumbai
FEB_008955,CUST_00265,Laptop,1,3869,2026-02-21,Credit Card,Chennai
FEB_008956,CUST_02027,Laptop,5,29289,2026-02-16,UPI,Mumbai
FEB_008957,CUST_00551,Headphones,3,43016,2026-02-09,Credit Card,Hyderabad
FEB_008958,CUST_04761,Tablet,3,28135,2026-02-07,Debit Card,Hyderabad
FEB_008959,CUST_01037,Keyboard,4,21380,2026-02-14,Debit Card,Hyderabad
FEB_008960,CUST_01121,Headphones,1,18277,2026-02-27,Credit Card,Bangalore
FEB_008961,CUST_03075,Mouse,5,14795,2026-02-08,UPI,Pune
FEB_008962,CUST_02408,Keyboard,5,2791,2026-02-05,Credit Card,Mumbai
FEB_008963,CUST_01171,Tablet,2,17605,2026-02-12,Cash on Delivery,Hyderabad
FEB_008964,CUST_00795,Laptop,2,8659,2026-02-26,Debit Card,Pune
FEB_008965,CUST_04591,Mouse,5,15070,2026-02-25,Cash on Delivery,Mumbai
FEB_008966,CUST_04066,Mouse,3,9240,2026-02-15,UPI,Hyderabad
FEB_008967,CUST_02217,Mouse,3,2304,2026-02-09,Credit Card,Chennai
FEB_008968,CUST_00461,Keyboard,4,37540,2026-02-03,Debit Card,Pune
FEB_008969,CUST_00673,Headphones,5,10248,2026-02-15,UPI,Chennai
FEB_008970,CUST_01681,Monitor,2,17430,2026-02-28,Debit Card,Hyderabad
FEB_008971,CUST_00655,Smartphone,4,27395,2026-02-28,Debit Card,Chennai
FEB_008972,CUST_01417,Tablet,1,35036,2026-02-20,UPI,Mumbai
FEB_008973,CUST_02482,Keyboard,5,20895,2026-02-13,Debit Card,Mumbai
FEB_008974,CUST_01884,Smartwatch,4,45695,2026-02-05,Credit Card,Delhi
FEB_008975,CUST_02219,Laptop,3,2388,2026-02-16,Cash on Delivery,Hyderabad
FEB_008976,CUST_02506,Monitor,4,22525,2026-02-21,Cash on Delivery,Mumbai
FEB_008977,CUST_02926,Tablet,4,1380,2026-02-28,UPI,Chennai
FEB_008978,CUST_01667,Monitor,1,30349,2026-02-19,Debit Card,Pune
FEB_008979,CUST_01469,Smartwatch,5,16283,2026-02-04,UPI,Hyderabad
FEB_008980,CUST_01531,Headphones,2,44630,2026-02-21,Debit Card,Mumbai
FEB_008981,CUST_01387,Keyboard,3,13572,2026-02-26,UPI,Hyderabad
FEB_008982,CUST_02796,Tablet,4,24064,2026-02-11,UPI,Pune
FEB_008983,CUST_02719,Mouse,4,13648,2026-02-28,Credit Card,Bangalore
FEB_008984,CUST_04593,Mouse,2,23698,2026-02-25,UPI,Chennai
FEB_008985,CUST_01875,Smartphone,4,22892,2026-02-05,UPI,Bangalore
FEB_008986,CUST_00888,Headphones,5,3448,2026-02-02,Debit Card,Chennai
FEB_008987,CUST_01821,Mouse,2,488,2026-02-19,Debit Card,Mumbai
FEB_008988,CUST_04029,Tablet,5,20795,2026-02-21,Credit Card,Chennai
FEB_008989,CUST_03798,Keyboard,1,9579,2026-02-07,Credit Card,Bangalore
FEB_008990,CUST_01570,Keyboard,4,8988,2026-02-11,Credit Card,Mumbai
FEB_008991,CUST_04095,Laptop,2,39290,2026-02-11,Debit Card,Mumbai
FEB_008992,CUST_00046,Smartphone,2,27045,2026-02-11,UPI,Mumbai
FEB_008993,CUST_02042,Keyboard,4,15490,2026-02-27,Credit Card,Mumbai
FEB_008994,CUST_03579,Laptop,1,16999,2026-02-04,UPI,Bangalore
FEB_008995,CUST_00441,Mouse,3,23131,2026-02-08,Cash on Delivery,Chennai
FEB_008996,CUST_01104,Keyboard,2,13596,2026-02-22,Credit Card,Chennai
FEB_008997,CUST_00247,Smartphone,4,15872,2026-02-23,UPI,Mumbai
FEB_008998,CUST_04319,Laptop,5,18803,2026-02-25,Debit Card,Mumbai
FEB_008999,CUST_03068,Mouse,5,10990,2026-02-05,Cash on Delivery,Pune
FEB_009000,CUST_03581,Smartphone,3,21189,2026-02-10,Credit Card,Chennai
FEB_009001,CUST_00978,Laptop,2,737,2026-02-10,UPI,Pune
FEB_009002,CUST_00791,Keyboard,3,48651,2026-02-21,Credit Card,Delhi
FEB_009003,CUST_00541,Monitor,5,22749,2026-02-15,Cash on Delivery,Pune
FEB_009004,CUST_04978,Smartwatch,2,48614,2026-02-13,Debit Card,Bangalore
FEB_009005,CUST_00064,Keyboard,4,12391,2026-02-22,Debit Card,Mumbai
FEB_009006,CUST_04989,Smartwatch,2,15232,2026-02-18,UPI,Delhi
FEB_009007,CUST_03746,Smartphone,3,16162,2026-02-26,UPI,Mumbai
FEB_009008,CUST_04166,Headphones,2,18306,2026-02-02,Debit Card,Mumbai
FEB_009009,CUST_02779,Smartphone,2,38198,2026-02-06,Cash on Delivery,Pune
FEB_009010,CUST_04350,Mouse,3,22521,2026-02-07,UPI,Bangalore
FEB_009011,CUST_02026,Smartphone,5,33369,2026-02-20,Debit Card,Chennai
FEB_009012,CUST_03156,Tablet,1,44836,2026-02-03,Credit Card,Bangalore
FEB_009013,CUST_02346,Keyboard,2,36831,2026-02-09,Credit Card,Hyderabad
FEB_009014,CUST_02310,Monitor,5,11467,2026-02-11,Cash on Delivery,Delhi
FEB_009015,CUST_00611,Monitor,5,36923,2026-02-15,Credit Card,Pune
FEB_009016,CUST_03329,Smartphone,1,34328,2026-02-20,Debit Card,Mumbai
FEB_009017,CUST_00909,Tablet,4,4073,2026-02-06,Credit Card,Mumbai
FEB_009018,CUST_02190,Mouse,3,42991,2026-02-12,Debit Card,Mumbai
FEB_009019,CUST_02356,Monitor,1,9375,2026-02-13,Debit Card,Hyderabad
FEB_009020,CUST_02461,Mouse,3,17187,2026-02-04,Credit Card,Delhi
FEB_009021,CUST_02025,Mouse,1,47812,2026-02-02,Debit Card,Mumbai
FEB_009022,CUST_00533,Keyboard,3,39745,2026-02-04,Cash on Delivery,Chennai
FEB_009023,CUST_01131,Mouse,3,47009,2026-02-06,Cash on Delivery,Hyderabad
FEB_009024,CUST_04019,Smartphone,1,21102,2026-02-24,Debit Card,Mumbai
FEB_009025,CUST_03600,Mouse,2,38507,2026-02-10,Credit Card,Hyderabad
FEB_009026,CUST_04991,Headphones,5,21760,2026-02-07,Credit Card,Hyderabad
FEB_009027,CUST_00060,Keyboard,4,20842,2026-02-16,UPI,Pune
FEB_009028,CUST_03713,Tablet,2,32251,2026-02-28,UPI,Hyderabad
FEB_009029,CUST_00798,Laptop,5,7156,2026-02-17,UPI,Chennai
FEB_009030,CUST_03317,Headphones,4,42286,2026-02-28,Credit Card,Pune
FEB_009031,CUST_04165,Headphones,1,2822,2026-02-16,UPI,Pune
FEB_009032,CUST_04949,Smartphone,5,20408,2026-02-01,UPI,Hyderabad
FEB_009033,CUST_01568,Smartwatch,5,21611,2026-02-25,UPI,Delhi
FEB_009034,CUST_04954,Headphones,4,13357,2026-02-09,Debit Card,Hyderabad
FEB_009035,CUST_04692,Mouse,3,27379,2026-02-05,Debit Card,Pune
FEB_009036,CUST_04850,Mouse,3,40579,2026-02-07,Cash on Delivery,Hyderabad
FEB_009037,CUST_02341,Smartphone,1,39671,2026-02-02,UPI,Bangalore
FEB_009038,CUST_03473,Monitor,3,24973,2026-02-27,Credit Card,Chennai
FEB_009039,CUST_00698,Smartwatch,4,41902,2026-02-09,Debit Card,Bangalore
FEB_009040,CUST_02260,Keyboard,4,41805,2026-02-12,Cash on Delivery,Mumbai
FEB_009041,CUST_04065,Tablet,1,8281,2026-02-02,Cash on Delivery,Chennai
FEB_009042,CUST_00650,Smartphone,2,14984,2026-02-02,Debit Card,Pune
FEB_009043,CUST_03414,Smartwatch,3,36998,2026-02-10,UPI,Delhi
FEB_009044,CUST_04477,Tablet,1,38927,2026-02-07,Cash on Delivery,Delhi
FEB_009045,CUST_03255,Tablet,4,31123,2026-02-15,Debit Card,Mumbai
FEB_009046,CUST_01255,Keyboard,1,22349,2026-02-22,Cash on Delivery,Mumbai
FEB_009047,CUST_01847,Keyboard,3,35227,2026-02-03,Debit Card,Chennai
FEB_009048,CUST_03681,Laptop,1,18010,2026-02-08,Debit Card,Pune
FEB_009049,CUST_02224,Smartphone,5,35066,2026-02-14,UPI,Hyderabad
FEB_009050,CUST_02964,Smartwatch,3,15702,2026-02-03,Credit Card,Mumbai
FEB_009051,CUST_04811,Headphones,1,13763,2026-02-04,Credit Card,Mumbai
FEB_009052,CUST_00899,Laptop,4,32234,2026-02-20,Cash on Delivery,Bangalore
FEB_009053,CUST_04104,Laptop,2,39967,2026-02-13,UPI,Chennai
FEB_009054,CUST_02868,Smartwatch,1,6196,2026-02-21,Credit Card,Hyderabad
FEB_009055,CUST_04720,Laptop,3,48368,2026-02-22,UPI,Chennai
FEB_009056,CUST_03415,Tablet,3,38810,2026-02-05,UPI,Chennai
FEB_009057,CUST_02972,Monitor,3,27235,2026-02-09,UPI,Bangalore
FEB_009058,CUST_02658,Tablet,4,40841,2026-02-20,Cash on Delivery,Delhi
FEB_009059,CUST_04197,Smartwatch,4,44771,2026-02-12,Cash on Delivery,Delhi
FEB_009060,CUST_00275,Mouse,5,28539,2026-02-24,Cash on Delivery,Pune
FEB_009061,CUST_04355,Laptop,2,10032,2026-02-04,UPI,Bangalore
FEB_009062,CUST_00394,Smartwatch,3,37236,2026-02-07,UPI,Hyderabad
FEB_009063,CUST_04142,Tablet,5,17149,2026-02-11,UPI,Bangalore
FEB_009064,CUST_00336,Laptop,5,14312,2026-02-17,UPI,Delhi
FEB_009065,CUST_02220,Tablet,4,19528,2026-02-24,Cash on Delivery,Mumbai
FEB_009066,CUST_01888,Headphones,5,34073,2026-02-03,Credit Card,Delhi
FEB_009067,CUST_03495,Smartphone,4,29162,2026-02-08,UPI,Mumbai
FEB_009068,CUST_00522,Smartphone,4,29248,2026-02-16,Debit Card,Hyderabad
FEB_009069,CUST_01310,Smartphone,5,34683,2026-02-01,Credit Card,Bangalore
FEB_009070,CUST_04664,Laptop,2,35084,2026-02-06,UPI,Chennai
FEB_009071,CUST_03014,Smartphone,2,6120,2026-02-19,UPI,Mumbai
FEB_009072,CUST_03270,Keyboard,1,7699,2026-02-16,UPI,Delhi
FEB_009073,CUST_00120,Laptop,2,25788,2026-02-04,Cash on Delivery,Hyderabad
FEB_009074,CUST_01647,Monitor,4,2252,2026-02-19,UPI,Pune
FEB_009075,CUST_03667,Smartwatch,2,5500,2026-02-22,Cash on Delivery,Chennai
FEB_009076,CUST_01617,Smartwatch,5,4228,2026-02-03,Cash on Delivery,Mumbai
FEB_009077,CUST_04089,Mouse,2,39847,2026-02-04,UPI,Pune
FEB_009078,CUST_03181,Headphones,5,35208,2026-02-27,UPI,Bangalore
FEB_009079,CUST_00761,Laptop,3,38538,2026-02-11,Cash on Delivery,Delhi
FEB_009080,CUST_02182,Mouse,5,2133,2026-02-12,Cash on Delivery,Hyderabad
FEB_009081,CUST_00584,Monitor,5,33629,2026-02-02,Debit Card,Hyderabad
FEB_009082,CUST_00860,Mouse,1,33397,2026-02-01,UPI,Hyderabad
FEB_009083,CUST_00559,Headphones,3,1012,2026-02-19,Credit Card,Chennai
FEB_009084,CUST_02435,Monitor,1,24457,2026-02-11,UPI,Pune
FEB_009085,CUST_00472,Smartphone,3,24420,2026-02-18,Debit Card,Bangalore
FEB_009086,CUST_00709,Mouse,5,3304,2026-02-21,Credit Card,Bangalore
FEB_009087,CUST_04633,Mouse,4,30121,2026-02-16,Cash on Delivery,Bangalore
FEB_009088,CUST_01811,Tablet,4,9915,2026-02-13,Credit Card,Chennai
FEB_009089,CUST_02614,Smartphone,4,29882,2026-02-10,Cash on Delivery,Delhi
FEB_009090,CUST_02342,Keyboard,1,22266,2026-02-02,Credit Card,Mumbai
FEB_009091,CUST_02078,Smartphone,2,42630,2026-02-03,Credit Card,Delhi
FEB_009092,CUST_03859,Keyboard,5,41780,2026-02-04,Credit Card,Chennai
FEB_009093,CUST_02410,Headphones,5,21674,2026-02-21,Debit Card,Mumbai
FEB_009094,CUST_01835,Laptop,4,12788,2026-02-11,Credit Card,Pune
FEB_009095,CUST_04066,Keyboard,1,36217,2026-02-16,UPI,Hyderabad
FEB_009096,CUST_01650,Headphones,5,5564,2026-02-07,Credit Card,Hyderabad
FEB_009097,CUST_02485,Laptop,2,36962,2026-02-22,Credit Card,Chennai
FEB_009098,CUST_01319,Monitor,1,6090,2026-02-10,Cash on Delivery,Pune
FEB_009099,CUST_04931,Laptop,5,44573,2026-02-27,Cash on Delivery,Bangalore
FEB_009100,CUST_03780,Tablet,4,19811,2026-02-16,Debit Card,Chennai
FEB_009101,CUST_00056,Smartwatch,1,42586,2026-02-06,UPI,Mumbai
FEB_009102,CUST_00468,Monitor,5,24504,2026-02-01,UPI,Hyderabad
FEB_009103,CUST_00892,Monitor,2,10109,2026-02-03,Credit Card,Chennai
FEB_009104,CUST_00345,Keyboard,3,36127,2026-02-13,Debit Card,Chennai
FEB_009105,CUST_04351,Laptop,1,17366,2026-02-24,Cash on Delivery,Delhi
FEB_009106,CUST_02105,Monitor,4,4871,2026-02-22,Credit Card,Pune
FEB_009107,CUST_04042,Tablet,2,34816,2026-02-13,UPI,Chennai
FEB_009108,CUST_01400,Laptop,1,39485,2026-02-24,UPI,Mumbai
FEB_009109,CUST_02301,Smartwatch,4,46777,2026-02-12,UPI,Chennai
FEB_009110,CUST_04917,Tablet,5,17366,2026-02-25,Credit Card,Pune
FEB_009111,CUST_02586,Keyboard,5,45470,2026-02-12,Cash on Delivery,Mumbai
FEB_009112,CUST_03301,Mouse,4,46313,2026-02-03,UPI,Bangalore
FEB_009113,CUST_02903,Tablet,2,18932,2026-02-01,Debit Card,Hyderabad
FEB_009114,CUST_04091,Mouse,1,39311,2026-02-19,Cash on Delivery,Pune
FEB_009115,CUST_02728,Keyboard,4,21036,2026-02-09,Cash on Delivery,Delhi
FEB_009116,CUST_02096,Headphones,4,25047,2026-02-20,UPI,Mumbai
FEB_009117,CUST_04973,Monitor,5,14645,2026-02-20,Credit Card,Mumbai
FEB_009118,CUST_01943,Smartphone,5,13254,2026-02-12,Cash on Delivery,Mumbai
FEB_009119,CUST_02885,Headphones,4,4519,2026-02-16,UPI,Bangalore
FEB_009120,CUST_04825,Keyboard,3,20175,2026-02-15,Credit Card,Pune
FEB_009121,CUST_03215,Smartwatch,3,46742,2026-02-07,Debit Card,Delhi
FEB_009122,CUST_01120,Keyboard,4,4515,2026-02-08,Cash on Delivery,Pune
FEB_009123,CUST_03090,Smartphone,3,5322,2026-02-17,Debit Card,Bangalore
FEB_009124,CUST_03540,Mouse,3,21959,2026-02-14,Credit Card,Pune
FEB_009125,CUST_00208,Tablet,3,11196,2026-02-15,Credit Card,Mumbai
FEB_009126,CUST_02878,Laptop,5,14755,2026-02-18,Credit Card,Mumbai
FEB_009127,CUST_03112,Monitor,4,30068,2026-02-26,UPI,Pune
FEB_009128,CUST_04072,Keyboard,4,26343,2026-02-06,UPI,Bangalore
FEB_009129,CUST_04991,Smartphone,2,37279,2026-02-20,UPI,Chennai
FEB_009130,CUST_04834,Laptop,5,33694,2026-02-20,Credit Card,Pune
FEB_009131,CUST_05000,Laptop,4,45324,2026-02-21,Cash on Delivery,Pune
FEB_009132,CUST_03563,Tablet,2,32623,2026-02-28,UPI,Chennai
FEB_009133,CUST_00640,Tablet,1,25719,2026-02-06,UPI,Mumbai
FEB_009134,CUST_00374,Smartphone,3,47118,2026-02-05,Debit Card,Pune
FEB_009135,CUST_00104,Monitor,1,49594,2026-02-27,Debit Card,Hyderabad
FEB_009136,CUST_01403,Headphones,5,37300,2026-02-20,Credit Card,Mumbai
FEB_009137,CUST_00690,Monitor,3,33454,2026-02-09,Debit Card,Pune
FEB_009138,CUST_02905,Keyboard,1,44473,2026-02-04,Cash on Delivery,Bangalore
FEB_009139,CUST_00087,Monitor,5,43210,2026-02-16,UPI,Hyderabad
FEB_009140,CUST_02844,Smartwatch,3,5151,2026-02-23,Cash on Delivery,Bangalore
FEB_009141,CUST_02349,Smartwatch,3,35453,2026-02-01,Debit Card,Chennai
FEB_009142,CUST_00749,Mouse,2,8771,2026-02-11,UPI,Delhi
FEB_009143,CUST_01443,Laptop,4,46361,2026-02-04,Debit Card,Chennai
FEB_009144,CUST_03333,Headphones,4,23811,2026-02-04,Cash on Delivery,Chennai
FEB_009145,CUST_01269,Headphones,5,3169,2026-02-03,Cash on Delivery,Pune
FEB_009146,CUST_00479,Headphones,5,22965,2026-02-01,Debit Card,Pune
FEB_009147,CUST_01096,Keyboard,2,15129,2026-02-17,Debit Card,Mumbai
FEB_009148,CUST_00454,Smartphone,5,499,2026-02-13,Credit Card,Delhi
FEB_009149,CUST_03893,Smartphone,4,25434,2026-02-05,Cash on Delivery,Chennai
FEB_009150,CUST_00710,Smartwatch,2,19890,2026-02-09,Credit Card,Delhi
FEB_009151,CUST_04924,Tablet,5,8180,2026-02-02,UPI,Hyderabad
FEB_009152,CUST_02131,Monitor,3,46779,2026-02-24,Debit Card,Hyderabad
FEB_009153,CUST_00340,Tablet,2,49235,2026-02-18,Cash on Delivery,Mumbai
FEB_009154,CUST_03445,Smartphone,2,47537,2026-02-06,Cash on Delivery,Delhi
FEB_009155,CUST_04331,Keyboard,2,24696,2026-02-19,UPI,Bangalore
FEB_009156,CUST_04936,Keyboard,4,31192,2026-02-27,Cash on Delivery,Chennai
FEB_009157,CUST_01732,Monitor,4,8851,2026-02-14,Cash on Delivery,Delhi
FEB_009158,CUST_00388,Monitor,4,4718,2026-02-14,Debit Card,Mumbai
FEB_009159,CUST_01227,Keyboard,3,4479,2026-02-18,UPI,Mumbai
FEB_009160,CUST_03346,Headphones,5,45406,2026-02-19,Credit Card,Hyderabad
FEB_009161,CUST_02547,Headphones,3,3421,2026-02-22,Cash on Delivery,Chennai
FEB_009162,CUST_04944,Tablet,1,40357,2026-02-08,UPI,Mumbai
FEB_009163,CUST_01810,Headphones,5,1006,2026-02-08,Cash on Delivery,Hyderabad
FEB_009164,CUST_02284,Smartphone,5,30793,2026-02-17,UPI,Mumbai
FEB_009165,CUST_01270,Mouse,3,4811,2026-02-23,UPI,Chennai
FEB_009166,CUST_04882,Keyboard,1,27495,2026-02-08,Cash on Delivery,Pune
FEB_009167,CUST_02150,Smartwatch,2,30455,2026-02-23,Cash on Delivery,Chennai
FEB_009168,CUST_00295,Smartphone,5,47821,2026-02-22,Credit Card,Bangalore
FEB_009169,CUST_04733,Laptop,4,29886,2026-02-22,Cash on Delivery,Pune
FEB_009170,CUST_01689,Keyboard,4,14886,2026-02-11,Credit Card,Mumbai
FEB_009171,CUST_04680,Smartwatch,3,28981,2026-02-03,Credit Card,Bangalore
FEB_009172,CUST_03438,Tablet,3,43512,2026-02-28,Cash on Delivery,Hyderabad
FEB_009173,CUST_04199,Monitor,1,47342,2026-02-27,UPI,Chennai
FEB_009174,CUST_03418,Smartphone,3,33786,2026-02-06,UPI,Bangalore
FEB_009175,CUST_00987,Keyboard,5,3524,2026-02-05,Credit Card,Delhi
FEB_009176,CUST_00580,Tablet,3,49670,2026-02-11,UPI,Hyderabad
FEB_009177,CUST_01466,Headphones,1,22094,2026-02-09,UPI,Bangalore
FEB_009178,CUST_04072,Mouse,3,22171,2026-02-24,Debit Card,Mumbai
FEB_009179,CUST_00447,Smartwatch,1,39365,2026-02-22,UPI,Hyderabad
FEB_009180,CUST_00316,Headphones,3,18302,2026-02-18,UPI,Bangalore
FEB_009181,CUST_03759,Tablet,5,200,2026-02-15,Debit Card,Bangalore
FEB_009182,CUST_03270,Laptop,1,20998,2026-02-10,Debit Card,Hyderabad
FEB_009183,CUST_04171,Headphones,4,2417,2026-02-26,Debit Card,Hyderabad
FEB_009184,CUST_03997,Mouse,2,15201,2026-02-18,Credit Card,Bangalore
FEB_009185,CUST_03404,Monitor,3,37845,2026-02-23,Debit Card,Pune
FEB_009186,CUST_04413,Mouse,4,22890,2026-02-17,Debit Card,Bangalore
FEB_009187,CUST_02116,Smartphone,2,47351,2026-02-24,Credit Card,Chennai
FEB_009188,CUST_00131,Mouse,5,19380,2026-02-27,Credit Card,Bangalore
FEB_009189,CUST_01216,Keyboard,1,42711,2026-02-05,Debit Card,Chennai
FEB_009190,CUST_00815,Monitor,2,32168,2026-02-03,Credit Card,Chennai
FEB_009191,CUST_01726,Headphones,1,9687,2026-02-15,Cash on Delivery,Bangalore
FEB_009192,CUST_03824,Smartwatch,3,48276,2026-02-01,Debit Card,Hyderabad
FEB_009193,CUST_00295,Keyboard,5,34786,2026-02-25,Debit Card,Pune
FEB_009194,CUST_03602,Headphones,1,4157,2026-02-17,UPI,Mumbai
FEB_009195,CUST_01669,Mouse,1,18942,2026-02-06,Credit Card,Delhi
FEB_009196,CUST_02834,Keyboard,3,23311,2026-02-07,Cash on Delivery,Bangalore
FEB_009197,CUST_00887,Mouse,2,47099,2026-02-12,UPI,Delhi
FEB_009198,CUST_04452,Keyboard,2,31901,2026-02-08,UPI,Hyderabad
FEB_009199,CUST_02194,Smartwatch,1,38558,2026-02-26,Credit Card,Pune
FEB_009200,CUST_03619,Monitor,5,44708,2026-02-14,Debit Card,Bangalore
FEB_009201,CUST_04040,Smartwatch,5,20174,2026-02-25,UPI,Bangalore
FEB_009202,CUST_03377,Tablet,4,23420,2026-02-18,UPI,Mumbai
FEB_009203,CUST_00684,Tablet,1,7289,2026-02-21,UPI,Delhi
FEB_009204,CUST_04911,Tablet,1,25166,2026-02-25,Debit Card,Bangalore
FEB_009205,CUST_02812,Monitor,3,35034,2026-02-27,UPI,Delhi
FEB_009206,CUST_02364,Mouse,2,9410,2026-02-23,Credit Card,Delhi
FEB_009207,CUST_00180,Tablet,4,44082,2026-02-28,Debit Card,Bangalore
FEB_009208,CUST_01030,Smartwatch,5,14521,2026-02-13,Debit Card,Chennai
FEB_009209,CUST_00765,Monitor,1,34951,2026-02-06,Debit Card,Delhi
FEB_009210,CUST_02080,Monitor,1,3329,2026-02-04,UPI,Hyderabad
FEB_009211,CUST_01703,Monitor,2,1150,2026-02-16,UPI,Mumbai
FEB_009212,CUST_01588,Keyboard,2,36775,2026-02-13,Cash on Delivery,Mumbai
FEB_009213,CUST_00344,Tablet,5,49567,2026-02-02,UPI,Mumbai
FEB_009214,CUST_01734,Smartphone,5,36776,2026-02-25,Debit Card,Mumbai
FEB_009215,CUST_03055,Headphones,1,22860,2026-02-09,Cash on Delivery,Mumbai
FEB_009216,CUST_03789,Mouse,1,35889,2026-02-18,Debit Card,Mumbai
FEB_009217,CUST_02905,Mouse,4,20365,2026-02-20,Cash on Delivery,Hyderabad
FEB_009218,CUST_03991,Keyboard,2,32750,2026-02-09,Debit Card,Mumbai
FEB_009219,CUST_04240,Tablet,1,3965,2026-02-20,Debit Card,Delhi
FEB_009220,CUST_04318,Keyboard,2,11407,2026-02-17,Credit Card,Pune
FEB_009221,CUST_02308,Tablet,4,46357,2026-02-15,Credit Card,Mumbai
FEB_009222,CUST_01880,Keyboard,3,33056,2026-02-24,Credit Card,Hyderabad
FEB_009223,CUST_00516,Smartphone,5,10754,2026-02-20,Cash on Delivery,Chennai
FEB_009224,CUST_03794,Headphones,2,18622,2026-02-20,Cash on Delivery,Mumbai
FEB_009225,CUST_00923,Keyboard,1,36906,2026-02-27,Debit Card,Bangalore
FEB_009226,CUST_03787,Laptop,5,20019,2026-02-22,Debit Card,Delhi
FEB_009227,CUST_01220,Monitor,2,27752,2026-02-25,UPI,Pune
FEB_009228,CUST_02271,Tablet,4,35935,2026-02-23,Debit Card,Delhi
FEB_009229,CUST_01757,Keyboard,1,5117,2026-02-18,Debit Card,Bangalore
FEB_009230,CUST_01805,Mouse,4,466,2026-02-08,Debit Card,Delhi
FEB_009231,CUST_01816,Mouse,3,44230,2026-02-10,Credit Card,Pune
FEB_009232,CUST_01358,Tablet,5,25697,2026-02-19,Credit Card,Delhi
FEB_009233,CUST_00531,Monitor,1,43677,2026-02-03,Credit Card,Pune
FEB_009234,CUST_04944,Keyboard,5,36087,2026-02-08,Credit Card,Bangalore
FEB_009235,CUST_01634,Tablet,5,46916,2026-02-28,Debit Card,Bangalore
FEB_009236,CUST_03951,Mouse,5,14389,2026-02-08,Debit Card,Bangalore
FEB_009237,CUST_01651,Mouse,3,46445,2026-02-17,Cash on Delivery,Mumbai
FEB_009238,CUST_02547,Laptop,2,34071,2026-02-20,Cash on Delivery,Pune
FEB_009239,CUST_01935,Laptop,4,10088,2026-02-24,UPI,Mumbai
FEB_009240,CUST_03482,Mouse,3,686,2026-02-06,Cash on Delivery,Chennai
FEB_009241,CUST_02613,Laptop,3,29990,2026-02-12,Cash on Delivery,Hyderabad
FEB_009242,CUST_02684,Keyboard,3,19582,2026-02-27,Credit Card,Bangalore
FEB_009243,CUST_03860,Mouse,5,34835,2026-02-13,UPI,Delhi
FEB_009244,CUST_01253,Monitor,5,24809,2026-02-06,Credit Card,Bangalore
FEB_009245,CUST_00760,Mouse,4,26012,2026-02-13,Cash on Delivery,Pune
FEB_009246,CUST_02094,Headphones,4,32413,2026-02-05,Cash on Delivery,Bangalore
FEB_009247,CUST_04776,Keyboard,5,13114,2026-02-07,UPI,Pune
FEB_009248,CUST_01752,Mouse,3,25845,2026-02-01,Debit Card,Chennai
FEB_009249,CUST_00935,Smartphone,3,10294,2026-02-26,Debit Card,Pune
FEB_009250,CUST_02064,Tablet,3,2670,2026-02-14,UPI,Pune
FEB_009251,CUST_00133,Monitor,4,6821,2026-02-26,Cash on Delivery,Mumbai
FEB_009252,CUST_02353,Smartwatch,3,34652,2026-02-17,Cash on Delivery,Mumbai
FEB_009253,CUST_03599,Laptop,4,36089,2026-02-26,Cash on Delivery,Mumbai
FEB_009254,CUST_03062,Headphones,2,15019,2026-02-17,Credit Card,Hyderabad
FEB_009255,CUST_01498,Keyboard,3,42124,2026-02-14,UPI,Pune
FEB_009256,CUST_00920,Laptop,3,26363,2026-02-20,Credit Card,Delhi
FEB_009257,CUST_04232,Monitor,1,25328,2026-02-18,Debit Card,Mumbai
FEB_009258,CUST_02394,Keyboard,1,2220,2026-02-20,Cash on Delivery,Pune
FEB_009259,CUST_00263,Mouse,5,26571,2026-02-25,Credit Card,Bangalore
FEB_009260,CUST_01483,Keyboard,3,30360,2026-02-16,Cash on Delivery,Bangalore
FEB_009261,CUST_04765,Laptop,1,40575,2026-02-13,Debit Card,Chennai
FEB_009262,CUST_02660,Smartphone,1,14520,2026-02-18,Cash on Delivery,Hyderabad
FEB_009263,CUST_03302,Headphones,4,44111,2026-02-14,UPI,Hyderabad
FEB_009264,CUST_01540,Keyboard,1,29047,2026-02-07,Credit Card,Chennai
FEB_009265,CUST_01514,Keyboard,4,29394,2026-02-04,Cash on Delivery,Bangalore
FEB_009266,CUST_03437,Smartphone,5,32687,2026-02-26,Credit Card,Delhi
FEB_009267,CUST_02137,Tablet,5,22385,2026-02-21,Debit Card,Delhi
FEB_009268,CUST_01977,Headphones,2,28250,2026-02-23,Debit Card,Chennai
FEB_009269,CUST_02662,Mouse,2,513,2026-02-16,UPI,Bangalore
FEB_009270,CUST_01613,Smartwatch,5,23664,2026-02-22,Debit Card,Bangalore
FEB_009271,CUST_01506,Tablet,4,8753,2026-02-04,Debit Card,Hyderabad
FEB_009272,CUST_00354,Keyboard,4,22333,2026-02-08,Cash on Delivery,Bangalore
FEB_009273,CUST_01746,Mouse,1,9797,2026-02-12,UPI,Delhi
FEB_009274,CUST_04912,Smartphone,3,3176,2026-02-06,Credit Card,Chennai
FEB_009275,CUST_01425,Smartphone,3,25914,2026-02-06,Cash on Delivery,Mumbai
FEB_009276,CUST_03522,Monitor,5,25690,2026-02-11,Debit Card,Pune
FEB_009277,CUST_01992,Mouse,4,39317,2026-02-26,Credit Card,Pune
FEB_009278,CUST_04306,Headphones,5,8218,2026-02-05,Credit Card,Chennai
FEB_009279,CUST_01875,Keyboard,4,20831,2026-02-17,Credit Card,Hyderabad
FEB_009280,CUST_04254,Mouse,4,24587,2026-02-01,Debit Card,Pune
FEB_009281,CUST_00727,Tablet,2,26210,2026-02-01,Credit Card,Chennai
FEB_009282,CUST_01404,Tablet,2,49349,2026-02-01,UPI,Pune
FEB_009283,CUST_00902,Keyboard,4,20314,2026-02-23,Debit Card,Hyderabad
FEB_009284,CUST_03273,Headphones,3,15052,2026-02-13,Credit Card,Pune
FEB_009285,CUST_02285,Mouse,5,37491,2026-02-24,Debit Card,Hyderabad
FEB_009286,CUST_03927,Tablet,4,7495,2026-02-13,Cash on Delivery,Mumbai
FEB_009287,CUST_00438,Keyboard,1,43403,2026-02-12,Debit Card,Pune
FEB_009288,CUST_00841,Tablet,2,16779,2026-02-06,Debit Card,Chennai
FEB_009289,CUST_00930,Laptop,4,45052,2026-02-15,UPI,Bangalore
FEB_009290,CUST_04165,Headphones,1,30509,2026-02-02,UPI,Chennai
FEB_009291,CUST_04833,Smartphone,4,3669,2026-02-02,Debit Card,Pune
FEB_009292,CUST_02265,Mouse,4,16629,2026-02-21,Cash on Delivery,Mumbai
FEB_009293,CUST_00155,Headphones,5,41213,2026-02-26,UPI,Hyderabad
FEB_009294,CUST_00668,Laptop,2,28431,2026-02-22,Credit Card,Pune
FEB_009295,CUST_03378,Headphones,5,22799,2026-02-13,UPI,Pune
FEB_009296,CUST_01977,Headphones,1,791,2026-02-26,Credit Card,Hyderabad
FEB_009297,CUST_02413,Keyboard,1,45049,2026-02-10,Credit Card,Pune
FEB_009298,CUST_00346,Mouse,4,42706,2026-02-05,UPI,Delhi
FEB_009299,CUST_01443,Mouse,2,39570,2026-02-25,Credit Card,Pune
FEB_009300,CUST_01959,Smartwatch,3,31108,2026-02-13,Cash on Delivery,Hyderabad
FEB_009301,CUST_03700,Laptop,4,3482,2026-02-05,Debit Card,Pune
FEB_009302,CUST_02857,Smartwatch,1,11078,2026-02-05,UPI,Bangalore
FEB_009303,CUST_00751,Tablet,4,38798,2026-02-16,Cash on Delivery,Mumbai
FEB_009304,CUST_01809,Mouse,3,22368,2026-02-07,Debit Card,Mumbai
FEB_009305,CUST_01719,Tablet,2,44002,2026-02-06,Credit Card,Hyderabad
FEB_009306,CUST_03728,Headphones,5,8530,2026-02-27,UPI,Pune
FEB_009307,CUST_00118,Smartphone,5,17085,2026-02-18,Credit Card,Hyderabad
FEB_009308,CUST_03836,Headphones,4,15008,2026-02-20,UPI,Pune
FEB_009309,CUST_01272,Headphones,5,36448,2026-02-12,Credit Card,Mumbai
FEB_009310,CUST_03848,Tablet,4,13539,2026-02-09,UPI,Mumbai
FEB_009311,CUST_03314,Mouse,4,24760,2026-02-08,Debit Card,Mumbai
FEB_009312,CUST_03246,Headphones,2,30194,2026-02-02,Cash on Delivery,Bangalore
FEB_009313,CUST_04725,Smartphone,1,37539,2026-02-03,UPI,Hyderabad
FEB_009314,CUST_04282,Smartphone,2,29071,2026-02-15,UPI,Chennai
FEB_009315,CUST_04690,Tablet,2,48105,2026-02-01,UPI,Bangalore
FEB_009316,CUST_00607,Mouse,5,25188,2026-02-04,UPI,Chennai
FEB_009317,CUST_01676,Smartwatch,1,35153,2026-02-17,Debit Card,Hyderabad
FEB_009318,CUST_04637,Tablet,5,11931,2026-02-11,UPI,Bangalore
FEB_009319,CUST_00876,Headphones,4,20523,2026-02-27,Credit Card,Bangalore
FEB_009320,CUST_03722,Smartphone,3,35255,2026-02-23,Credit Card,Mumbai
FEB_009321,CUST_00318,Mouse,3,22832,2026-02-11,Cash on Delivery,Chennai
FEB_009322,CUST_02026,Mouse,1,49115,2026-02-16,Cash on Delivery,Chennai
FEB_009323,CUST_01858,Smartphone,2,31634,2026-02-01,Credit Card,Chennai
FEB_009324,CUST_00418,Smartwatch,4,39335,2026-02-03,Debit Card,Mumbai
FEB_009325,CUST_03853,Tablet,1,9854,2026-02-25,Debit Card,Hyderabad
FEB_009326,CUST_00728,Laptop,1,30103,2026-02-01,UPI,Bangalore
FEB_009327,CUST_03173,Smartwatch,4,25049,2026-02-12,Debit Card,Bangalore
FEB_009328,CUST_01947,Smartphone,1,24171,2026-02-25,Debit Card,Pune
FEB_009329,CUST_03546,Tablet,2,6685,2026-02-15,UPI,Mumbai
FEB_009330,CUST_04825,Smartwatch,2,1327,2026-02-04,Cash on Delivery,Bangalore
FEB_009331,CUST_04916,Tablet,1,10336,2026-02-01,Debit Card,Hyderabad
FEB_009332,CUST_02123,Laptop,3,17482,2026-02-13,Credit Card,Mumbai
FEB_009333,CUST_00017,Smartwatch,5,39870,2026-02-12,Debit Card,Pune
FEB_009334,CUST_02420,Smartphone,4,32498,2026-02-14,Credit Card,Mumbai
FEB_009335,CUST_03579,Keyboard,1,26987,2026-02-22,Credit Card,Chennai
FEB_009336,CUST_01993,Headphones,5,9822,2026-02-10,Credit Card,Mumbai
FEB_009337,CUST_02277,Monitor,2,28026,2026-02-03,Debit Card,Bangalore
FEB_009338,CUST_00576,Headphones,3,19981,2026-02-28,Credit Card,Chennai
FEB_009339,CUST_02448,Mouse,3,36357,2026-02-23,UPI,Delhi
FEB_009340,CUST_03696,Monitor,2,2408,2026-02-10,Credit Card,Mumbai
FEB_009341,CUST_01099,Smartwatch,3,17027,2026-02-19,Cash on Delivery,Chennai
FEB_009342,CUST_00666,Smartphone,1,20103,2026-02-01,Cash on Delivery,Bangalore
FEB_009343,CUST_03995,Headphones,1,11222,2026-02-27,UPI,Chennai
FEB_009344,CUST_02630,Monitor,5,6737,2026-02-20,Debit Card,Hyderabad
FEB_009345,CUST_03744,Keyboard,2,12169,2026-02-17,UPI,Pune
FEB_009346,CUST_03264,Monitor,2,4023,2026-02-28,UPI,Pune
FEB_009347,CUST_00308,Mouse,5,4263,2026-02-20,Cash on Delivery,Pune
FEB_009348,CUST_03544,Smartwatch,4,1708,2026-02-27,Debit Card,Delhi
FEB_009349,CUST_02242,Tablet,1,24765,2026-02-13,Cash on Delivery,Hyderabad
FEB_009350,CUST_03197,Smartwatch,3,41299,2026-02-01,UPI,Mumbai
FEB_009351,CUST_00821,Smartwatch,3,11704,2026-02-06,Credit Card,Chennai
FEB_009352,CUST_03039,Monitor,4,10351,2026-02-10,Debit Card,Bangalore
FEB_009353,CUST_01318,Smartwatch,3,47488,2026-02-05,UPI,Chennai
FEB_009354,CUST_00309,Mouse,3,6315,2026-02-08,Cash on Delivery,Chennai
FEB_009355,CUST_01419,Mouse,5,20321,2026-02-21,Debit Card,Delhi
FEB_009356,CUST_02964,Headphones,3,26900,2026-02-26,UPI,Mumbai
FEB_009357,CUST_01913,Smartwatch,5,6710,2026-02-26,Cash on Delivery,Pune
FEB_009358,CUST_04196,Tablet,3,2511,2026-02-05,Cash on Delivery,Bangalore
FEB_009359,CUST_00328,Smartwatch,2,38793,2026-02-22,Debit Card,Pune
FEB_009360,CUST_04759,Headphones,2,41444,2026-02-27,Credit Card,Pune
FEB_009361,CUST_04006,Monitor,1,9032,2026-02-26,UPI,Mumbai
FEB_009362,CUST_04943,Tablet,3,16170,2026-02-13,Cash on Delivery,Bangalore
FEB_009363,CUST_03182,Tablet,4,13651,2026-02-19,UPI,Bangalore
FEB_009364,CUST_03451,Keyboard,2,20519,2026-02-20,UPI,Hyderabad
FEB_009365,CUST_00598,Smartphone,2,7966,2026-02-05,Debit Card,Mumbai
FEB_009366,CUST_00956,Mouse,4,20266,2026-02-12,Credit Card,Hyderabad
FEB_009367,CUST_00981,Laptop,1,27026,2026-02-17,Credit Card,Hyderabad
FEB_009368,CUST_04880,Headphones,1,5850,2026-02-08,Credit Card,Pune
FEB_009369,CUST_03928,Smartwatch,1,9801,2026-02-16,Credit Card,Bangalore
FEB_009370,CUST_02010,Smartphone,3,30057,2026-02-25,Debit Card,Hyderabad
FEB_009371,CUST_02841,Smartphone,1,15152,2026-02-09,Debit Card,Delhi
FEB_009372,CUST_00432,Smartwatch,1,32086,2026-02-13,Cash on Delivery,Pune
FEB_009373,CUST_01022,Keyboard,1,15147,2026-02-21,UPI,Bangalore
FEB_009374,CUST_03876,Smartwatch,2,8426,2026-02-07,Debit Card,Chennai
FEB_009375,CUST_01839,Keyboard,4,48788,2026-02-24,Credit Card,Pune
FEB_009376,CUST_02709,Headphones,4,28208,2026-02-24,Cash on Delivery,Bangalore
FEB_009377,CUST_01671,Smartphone,3,5432,2026-02-01,UPI,Delhi
FEB_009378,CUST_00023,Tablet,4,29177,2026-02-02,Credit Card,Mumbai
FEB_009379,CUST_00344,Laptop,4,12931,2026-02-26,Credit Card,Chennai
FEB_009380,CUST_01941,Mouse,2,45293,2026-02-06,UPI,Delhi
FEB_009381,CUST_02773,Smartphone,2,18663,2026-02-01,Cash on Delivery,Bangalore
FEB_009382,CUST_01507,Tablet,3,46262,2026-02-03,Debit Card,Delhi
FEB_009383,CUST_03065,Mouse,2,26712,2026-02-13,Debit Card,Bangalore
FEB_009384,CUST_04600,Keyboard,4,16488,2026-02-01,Cash on Delivery,Chennai
FEB_009385,CUST_04524,Monitor,4,1480,2026-02-20,Credit Card,Bangalore
FEB_009386,CUST_02163,Laptop,1,1645,2026-02-16,UPI,Bangalore
FEB_009387,CUST_01367,Laptop,2,8026,2026-02-06,Debit Card,Hyderabad
FEB_009388,CUST_01975,Smartwatch,3,17349,2026-02-12,Debit Card,Delhi
FEB_009389,CUST_04687,Headphones,5,24818,2026-02-11,Debit Card,Delhi
FEB_009390,CUST_03592,Smartwatch,3,9456,2026-02-20,Credit Card,Pune
FEB_009391,CUST_02254,Smartphone,4,17138,2026-02-08,Credit Card,Hyderabad
FEB_009392,CUST_00964,Smartphone,4,44771,2026-02-15,UPI,Mumbai
FEB_009393,CUST_02439,Keyboard,2,46665,2026-02-24,Credit Card,Pune
FEB_009394,CUST_02094,Keyboard,3,14213,2026-02-03,Credit Card,Pune
FEB_009395,CUST_04491,Monitor,2,49909,2026-02-17,Debit Card,Delhi
FEB_009396,CUST_01568,Laptop,1,23765,2026-02-14,Cash on Delivery,Chennai
FEB_009397,CUST_02219,Laptop,5,48224,2026-02-19,UPI,Bangalore
FEB_009398,CUST_04613,Smartwatch,5,1308,2026-02-21,Credit Card,Pune
FEB_009399,CUST_00546,Keyboard,5,359,2026-02-15,Cash on Delivery,Chennai
FEB_009400,CUST_02045,Mouse,1,9083,2026-02-17,Credit Card,Chennai
FEB_009401,CUST_00651,Smartphone,2,28352,2026-02-04,Cash on Delivery,Hyderabad
FEB_009402,CUST_04596,Laptop,4,48329,2026-02-07,UPI,Hyderabad
FEB_009403,CUST_00384,Smartphone,3,22972,2026-02-25,Credit Card,Bangalore
FEB_009404,CUST_02500,Tablet,4,31520,2026-02-14,Debit Card,Hyderabad
FEB_009405,CUST_02923,Mouse,3,10038,2026-02-17,UPI,Delhi
FEB_009406,CUST_03738,Laptop,3,44714,2026-02-03,Debit Card,Delhi
FEB_009407,CUST_03547,Mouse,3,32126,2026-02-13,Cash on Delivery,Chennai
FEB_009408,CUST_01273,Keyboard,1,24526,2026-02-24,UPI,Delhi
FEB_009409,CUST_02723,Smartphone,1,3979,2026-02-02,UPI,Mumbai
FEB_009410,CUST_01399,Monitor,2,11800,2026-02-01,Debit Card,Hyderabad
FEB_009411,CUST_01928,Smartwatch,2,44886,2026-02-04,Credit Card,Mumbai
FEB_009412,CUST_04037,Smartwatch,2,16023,2026-02-16,UPI,Mumbai
FEB_009413,CUST_03767,Smartphone,3,26061,2026-02-21,Credit Card,Pune
FEB_009414,CUST_04483,Smartphone,5,720,2026-02-17,Credit Card,Bangalore
FEB_009415,CUST_02340,Keyboard,1,25413,2026-02-10,Credit Card,Pune
FEB_009416,CUST_00623,Tablet,2,43307,2026-02-27,Credit Card,Pune
FEB_009417,CUST_01919,Laptop,4,24503,2026-02-06,UPI,Chennai
FEB_009418,CUST_03753,Headphones,3,49705,2026-02-27,UPI,Mumbai
FEB_009419,CUST_00411,Keyboard,5,46319,2026-02-16,Debit Card,Hyderabad
FEB_009420,CUST_04195,Smartphone,4,17114,2026-02-14,Cash on Delivery,Hyderabad
FEB_009421,CUST_00527,Mouse,3,12274,2026-02-23,Debit Card,Delhi
FEB_009422,CUST_00507,Keyboard,1,37566,2026-02-25,Credit Card,Pune
FEB_009423,CUST_00601,Keyboard,3,34088,2026-02-09,UPI,Hyderabad
FEB_009424,CUST_04346,Laptop,1,30244,2026-02-27,Cash on Delivery,Bangalore
FEB_009425,CUST_00914,Tablet,5,45792,2026-02-16,Debit Card,Bangalore
FEB_009426,CUST_02774,Smartphone,3,48436,2026-02-02,Cash on Delivery,Delhi
FEB_009427,CUST_02565,Monitor,2,8780,2026-02-12,Credit Card,Delhi
FEB_009428,CUST_02522,Headphones,3,13225,2026-02-15,Credit Card,Bangalore
FEB_009429,CUST_01436,Keyboard,2,3404,2026-02-05,Cash on Delivery,Hyderabad
FEB_009430,CUST_03282,Smartwatch,1,3892,2026-02-02,Debit Card,Mumbai
FEB_009431,CUST_00170,Keyboard,1,7117,2026-02-27,Cash on Delivery,Pune
FEB_009432,CUST_00094,Headphones,5,19538,2026-02-05,UPI,Hyderabad
FEB_009433,CUST_02926,Mouse,2,49886,2026-02-27,UPI,Mumbai
FEB_009434,CUST_04367,Tablet,2,27036,2026-02-18,Credit Card,Chennai
FEB_009435,CUST_03716,Headphones,4,17954,2026-02-13,Debit Card,Mumbai
FEB_009436,CUST_04232,Keyboard,4,38257,2026-02-27,Debit Card,Chennai
FEB_009437,CUST_01839,Tablet,1,18341,2026-02-08,Debit Card,Mumbai
FEB_009438,CUST_04165,Monitor,4,24260,2026-02-03,Credit Card,Mumbai
FEB_009439,CUST_00023,Monitor,2,47564,2026-02-23,Credit Card,Delhi
FEB_009440,CUST_02377,Mouse,2,34080,2026-02-17,Cash on Delivery,Delhi
FEB_009441,CUST_01769,Mouse,5,7479,2026-02-23,Debit Card,Mumbai
FEB_009442,CUST_03328,Tablet,4,18808,2026-02-28,Debit Card,Mumbai
FEB_009443,CUST_03599,Smartwatch,3,3341,2026-02-26,Cash on Delivery,Chennai
FEB_009444,CUST_03783,Tablet,3,32200,2026-02-15,UPI,Pune
FEB_009445,CUST_02499,Headphones,2,31250,2026-02-24,Credit Card,Bangalore
FEB_009446,CUST_04836,Smartphone,1,40734,2026-02-09,Credit Card,Chennai
FEB_009447,CUST_01677,Laptop,5,7358,2026-02-06,Credit Card,Chennai
FEB_009448,CUST_02927,Mouse,4,46184,2026-02-27,Cash on Delivery,Pune
FEB_009449,CUST_03952,Keyboard,5,44435,2026-02-11,Debit Card,Pune
FEB_009450,CUST_00449,Headphones,4,4061,2026-02-10,Debit Card,Mumbai
FEB_009451,CUST_00809,Tablet,1,28231,2026-02-09,UPI,Delhi
FEB_009452,CUST_02552,Laptop,4,39421,2026-02-05,UPI,Chennai
FEB_009453,CUST_00500,Laptop,2,17729,2026-02-27,Credit Card,Pune
FEB_009454,CUST_02664,Mouse,4,36424,2026-02-09,Debit Card,Mumbai
FEB_009455,CUST_03296,Keyboard,1,44553,2026-02-23,Debit Card,Hyderabad
FEB_009456,CUST_01072,Monitor,2,11158,2026-02-13,Credit Card,Delhi
FEB_009457,CUST_04753,Smartphone,4,19186,2026-02-03,Debit Card,Chennai
FEB_009458,CUST_04070,Smartwatch,5,33908,2026-02-16,Credit Card,Hyderabad
FEB_009459,CUST_02054,Laptop,4,20833,2026-02-05,Debit Card,Delhi
FEB_009460,CUST_01232,Laptop,2,34708,2026-02-04,Debit Card,Delhi
FEB_009461,CUST_01778,Laptop,2,44595,2026-02-07,Credit Card,Bangalore
FEB_009462,CUST_02484,Headphones,3,20331,2026-02-22,Cash on Delivery,Chennai
FEB_009463,CUST_04751,Tablet,5,36330,2026-02-05,Credit Card,Mumbai
FEB_009464,CUST_03081,Smartwatch,2,47943,2026-02-27,Credit Card,Bangalore
FEB_009465,CUST_04247,Smartwatch,1,17883,2026-02-12,Debit Card,Pune
FEB_009466,CUST_03734,Mouse,1,45247,2026-02-16,Debit Card,Delhi
FEB_009467,CUST_00955,Smartphone,1,39627,2026-02-11,Credit Card,Hyderabad
FEB_009468,CUST_04910,Monitor,4,32598,2026-02-11,Credit Card,Delhi
FEB_009469,CUST_03949,Laptop,5,41306,2026-02-27,UPI,Pune
FEB_009470,CUST_04507,Smartwatch,4,478,2026-02-26,UPI,Bangalore
FEB_009471,CUST_02230,Laptop,4,24141,2026-02-23,Cash on Delivery,Chennai
FEB_009472,CUST_01520,Tablet,5,27595,2026-02-24,UPI,Mumbai
FEB_009473,CUST_04455,Smartwatch,5,11421,2026-02-06,Credit Card,Delhi
FEB_009474,CUST_00251,Tablet,3,9771,2026-02-06,Credit Card,Bangalore
FEB_009475,CUST_03915,Headphones,4,27487,2026-02-16,Cash on Delivery,Chennai
FEB_009476,CUST_00377,Tablet,3,2915,2026-02-26,Cash on Delivery,Hyderabad
FEB_009477,CUST_04052,Mouse,1,25370,2026-02-03,Credit Card,Hyderabad
FEB_009478,CUST_02756,Headphones,3,20702,2026-02-11,Credit Card,Bangalore
FEB_009479,CUST_02262,Smartphone,1,30661,2026-02-04,Cash on Delivery,Pune
FEB_009480,CUST_00305,Monitor,5,4552,2026-02-21,Credit Card,Pune
FEB_009481,CUST_01003,Monitor,4,46181,2026-02-14,Credit Card,Mumbai
FEB_009482,CUST_04388,Smartwatch,1,6470,2026-02-03,Debit Card,Pune
FEB_009483,CUST_00959,Smartwatch,4,8652,2026-02-11,Cash on Delivery,Pune
FEB_009484,CUST_03401,Monitor,5,24785,2026-02-05,UPI,Chennai
FEB_009485,CUST_02570,Laptop,2,14964,2026-02-07,Credit Card,Delhi
FEB_009486,CUST_02140,Headphones,2,13077,2026-02-03,Debit Card,Bangalore
FEB_009487,CUST_00324,Smartphone,3,40491,2026-02-18,Cash on Delivery,Mumbai
FEB_009488,CUST_00816,Mouse,3,30765,2026-02-19,Debit Card,Delhi
FEB_009489,CUST_00108,Monitor,4,40838,2026-02-17,Debit Card,Mumbai
FEB_009490,CUST_00629,Keyboard,2,8689,2026-02-24,Credit Card,Bangalore
FEB_009491,CUST_02323,Smartphone,1,38242,2026-02-18,Credit Card,Chennai
FEB_009492,CUST_00613,Mouse,5,12126,2026-02-25,UPI,Mumbai
FEB_009493,CUST_02980,Smartwatch,3,16988,2026-02-18,Debit Card,Delhi
FEB_009494,CUST_01311,Smartwatch,2,42927,2026-02-10,Debit Card,Chennai
FEB_009495,CUST_00007,Keyboard,3,25193,2026-02-24,Credit Card,Pune
FEB_009496,CUST_01265,Mouse,3,24931,2026-02-18,Cash on Delivery,Hyderabad
FEB_009497,CUST_00610,Headphones,1,6184,2026-02-07,Credit Card,Chennai
FEB_009498,CUST_01919,Smartphone,3,44833,2026-02-19,Credit Card,Chennai
FEB_009499,CUST_01581,Mouse,5,6372,2026-02-16,UPI,Bangalore
FEB_009500,CUST_02022,Mouse,2,6171,2026-02-28,Credit Card,Delhi
FEB_009501,CUST_04687,Tablet,2,28481,2026-02-23,Cash on Delivery,Hyderabad
FEB_009502,CUST_02347,Smartwatch,5,5601,2026-02-07,Debit Card,Pune
FEB_009503,CUST_05000,Keyboard,1,3101,2026-02-11,UPI,Delhi
FEB_009504,CUST_04358,Keyboard,5,26776,2026-02-06,UPI,Chennai
FEB_009505,CUST_00997,Smartphone,2,14776,2026-02-11,Credit Card,Pune
FEB_009506,CUST_01524,Mouse,3,39370,2026-02-24,Credit Card,Pune
FEB_009507,CUST_02532,Headphones,3,41981,2026-02-09,UPI,Hyderabad
FEB_009508,CUST_02129,Smartwatch,2,28457,2026-02-17,Credit Card,Chennai
FEB_009509,CUST_02647,Smartwatch,2,26859,2026-02-21,UPI,Delhi
FEB_009510,CUST_01993,Smartwatch,2,41361,2026-02-04,UPI,Mumbai
FEB_009511,CUST_04423,Smartwatch,3,41741,2026-02-16,Credit Card,Bangalore
FEB_009512,CUST_03844,Tablet,2,36526,2026-02-09,Cash on Delivery,Pune
FEB_009513,CUST_04665,Monitor,2,46527,2026-02-23,Credit Card,Hyderabad
FEB_009514,CUST_01834,Smartwatch,2,46773,2026-02-15,Cash on Delivery,Hyderabad
FEB_009515,CUST_01854,Laptop,1,14494,2026-02-05,Cash on Delivery,Chennai
FEB_009516,CUST_04462,Monitor,5,8451,2026-02-18,Credit Card,Delhi
FEB_009517,CUST_01881,Mouse,2,13380,2026-02-12,Cash on Delivery,Bangalore
FEB_009518,CUST_02426,Smartwatch,1,42479,2026-02-27,UPI,Mumbai
FEB_009519,CUST_01094,Keyboard,3,1538,2026-02-08,Credit Card,Mumbai
FEB_009520,CUST_02847,Smartphone,2,19975,2026-02-07,Debit Card,Hyderabad
FEB_009521,CUST_04975,Laptop,2,30120,2026-02-25,Credit Card,Pune
FEB_009522,CUST_03709,Smartwatch,4,2166,2026-02-14,Cash on Delivery,Hyderabad
FEB_009523,CUST_02474,Headphones,1,25492,2026-02-21,UPI,Delhi
FEB_009524,CUST_04194,Headphones,5,31757,2026-02-21,UPI,Mumbai
FEB_009525,CUST_01920,Laptop,2,48273,2026-02-11,UPI,Chennai
FEB_009526,CUST_02034,Keyboard,2,49827,2026-02-11,UPI,Delhi
FEB_009527,CUST_03393,Smartphone,2,42983,2026-02-03,Debit Card,Delhi
FEB_009528,CUST_00175,Mouse,3,32925,2026-02-06,Debit Card,Chennai
FEB_009529,CUST_03186,Tablet,1,22959,2026-02-02,UPI,Mumbai
FEB_009530,CUST_04517,Smartwatch,2,29584,2026-02-13,Credit Card,Chennai
FEB_009531,CUST_01110,Laptop,5,3510,2026-02-11,Cash on Delivery,Bangalore
FEB_009532,CUST_01978,Smartwatch,4,42627,2026-02-03,Cash on Delivery,Bangalore
FEB_009533,CUST_02487,Laptop,3,12839,2026-02-26,UPI,Hyderabad
FEB_009534,CUST_00308,Smartwatch,4,39089,2026-02-09,Debit Card,Hyderabad
FEB_009535,CUST_02986,Keyboard,4,33530,2026-02-26,Credit Card,Bangalore
FEB_009536,CUST_01935,Mouse,2,6976,2026-02-21,UPI,Delhi
FEB_009537,CUST_01582,Laptop,5,9866,2026-02-03,Debit Card,Chennai
FEB_009538,CUST_03160,Keyboard,1,32933,2026-02-14,Debit Card,Bangalore
FEB_009539,CUST_04554,Smartwatch,1,31728,2026-02-08,Credit Card,Mumbai
FEB_009540,CUST_00943,Smartwatch,2,37198,2026-02-07,Debit Card,Hyderabad
FEB_009541,CUST_00881,Smartwatch,1,34814,2026-02-04,Debit Card,Hyderabad
FEB_009542,CUST_01719,Headphones,4,38802,2026-02-07,Credit Card,Mumbai
FEB_009543,CUST_04440,Keyboard,1,3471,2026-02-16,Cash on Delivery,Chennai
FEB_009544,CUST_01581,Keyboard,3,25677,2026-02-12,Cash on Delivery,Delhi
FEB_009545,CUST_02386,Keyboard,5,13739,2026-02-06,Credit Card,Bangalore
FEB_009546,CUST_04673,Smartphone,1,6666,2026-02-02,Cash on Delivery,Mumbai
FEB_009547,CUST_00893,Mouse,3,13829,2026-02-20,UPI,Hyderabad
FEB_009548,CUST_03289,Monitor,3,12792,2026-02-19,UPI,Pune
FEB_009549,CUST_02610,Keyboard,1,22225,2026-02-15,Cash on Delivery,Chennai
FEB_009550,CUST_04929,Monitor,1,47662,2026-02-13,UPI,Pune
FEB_009551,CUST_03774,Keyboard,3,49111,2026-02-01,UPI,Mumbai
FEB_009552,CUST_02486,Laptop,1,41975,2026-02-16,Credit Card,Delhi
FEB_009553,CUST_03145,Smartwatch,3,49737,2026-02-14,Credit Card,Chennai
FEB_009554,CUST_04317,Headphones,1,49822,2026-02-11,Cash on Delivery,Delhi
FEB_009555,CUST_03425,Smartphone,4,5216,2026-02-13,Cash on Delivery,Hyderabad
FEB_009556,CUST_02151,Smartwatch,3,11463,2026-02-19,UPI,Bangalore
FEB_009557,CUST_01734,Smartwatch,4,36635,2026-02-28,Credit Card,Mumbai
FEB_009558,CUST_00686,Tablet,3,26572,2026-02-13,Cash on Delivery,Hyderabad
FEB_009559,CUST_01636,Smartwatch,4,3032,2026-02-14,Cash on Delivery,Delhi
FEB_009560,CUST_00965,Keyboard,2,19937,2026-02-10,Debit Card,Pune
FEB_009561,CUST_01646,Tablet,4,3838,2026-02-11,Cash on Delivery,Chennai
FEB_009562,CUST_02624,Smartwatch,2,11493,2026-02-11,Credit Card,Delhi
FEB_009563,CUST_03006,Headphones,4,31327,2026-02-16,Cash on Delivery,Bangalore
FEB_009564,CUST_04227,Tablet,1,28598,2026-02-17,Debit Card,Bangalore
FEB_009565,CUST_00599,Keyboard,2,3720,2026-02-20,Credit Card,Pune
FEB_009566,CUST_04005,Monitor,3,34589,2026-02-08,Cash on Delivery,Chennai
FEB_009567,CUST_03750,Smartwatch,1,7659,2026-02-25,Cash on Delivery,Delhi
FEB_009568,CUST_00601,Headphones,1,37491,2026-02-21,Credit Card,Hyderabad
FEB_009569,CUST_01054,Smartphone,4,22523,2026-02-14,Cash on Delivery,Chennai
FEB_009570,CUST_04228,Keyboard,2,29517,2026-02-17,Debit Card,Chennai
FEB_009571,CUST_03240,Smartphone,1,34634,2026-02-24,Credit Card,Pune
FEB_009572,CUST_00058,Monitor,5,32728,2026-02-03,UPI,Bangalore
FEB_009573,CUST_01819,Headphones,3,20895,2026-02-27,Credit Card,Bangalore
FEB_009574,CUST_03347,Smartphone,4,38904,2026-02-25,Debit Card,Mumbai
FEB_009575,CUST_02773,Mouse,1,11680,2026-02-02,Debit Card,Delhi
FEB_009576,CUST_02512,Monitor,4,38236,2026-02-01,Debit Card,Chennai
FEB_009577,CUST_02337,Smartphone,4,15857,2026-02-22,Cash on Delivery,Mumbai
FEB_009578,CUST_01239,Smartwatch,4,4976,2026-02-15,Cash on Delivery,Hyderabad
FEB_009579,CUST_02868,Mouse,5,13839,2026-02-09,Debit Card,Bangalore
FEB_009580,CUST_03739,Tablet,2,17077,2026-02-10,Credit Card,Delhi
FEB_009581,CUST_02233,Mouse,5,19136,2026-02-11,Debit Card,Delhi
FEB_009582,CUST_04788,Laptop,2,36077,2026-02-08,Cash on Delivery,Hyderabad
FEB_009583,CUST_02883,Headphones,4,44044,2026-02-17,Cash on Delivery,Delhi
FEB_009584,CUST_04662,Headphones,5,19228,2026-02-14,Credit Card,Hyderabad
FEB_009585,CUST_04045,Smartphone,2,19477,2026-02-17,UPI,Delhi
FEB_009586,CUST_01551,Monitor,5,32887,2026-02-26,Credit Card,Pune
FEB_009587,CUST_04215,Mouse,2,31802,2026-02-20,Debit Card,Bangalore
FEB_009588,CUST_00889,Mouse,5,24883,2026-02-15,Credit Card,Mumbai
FEB_009589,CUST_04965,Headphones,3,37103,2026-02-06,Credit Card,Bangalore
FEB_009590,CUST_04786,Smartwatch,3,36937,2026-02-14,Debit Card,Mumbai
FEB_009591,CUST_01549,Keyboard,1,44637,2026-02-24,Credit Card,Chennai
FEB_009592,CUST_01419,Smartwatch,1,9153,2026-02-23,Cash on Delivery,Chennai
FEB_009593,CUST_00396,Monitor,3,28257,2026-02-07,Credit Card,Hyderabad
FEB_009594,CUST_04958,Smartphone,4,6149,2026-02-19,UPI,Bangalore
FEB_009595,CUST_00996,Smartphone,2,15841,2026-02-17,Cash on Delivery,Pune
FEB_009596,CUST_03988,Mouse,2,1681,2026-02-19,UPI,Mumbai
FEB_009597,CUST_01829,Smartphone,5,45749,2026-02-09,UPI,Delhi
FEB_009598,CUST_00066,Laptop,5,41898,2026-02-02,Credit Card,Chennai
FEB_009599,CUST_02828,Tablet,1,11609,2026-02-24,Cash on Delivery,Delhi
FEB_009600,CUST_01739,Tablet,1,30364,2026-02-12,Cash on Delivery,Bangalore
FEB_009601,CUST_00838,Keyboard,5,28061,2026-02-02,Credit Card,Pune
FEB_009602,CUST_03845,Headphones,3,36006,2026-02-16,Cash on Delivery,Bangalore
FEB_009603,CUST_03601,Keyboard,4,14516,2026-02-02,Cash on Delivery,Mumbai
FEB_009604,CUST_02095,Laptop,4,11337,2026-02-21,Debit Card,Delhi
FEB_009605,CUST_02069,Laptop,5,10885,2026-02-27,Debit Card,Mumbai
FEB_009606,CUST_04628,Monitor,1,49716,2026-02-14,Debit Card,Delhi
FEB_009607,CUST_01879,Keyboard,5,20601,2026-02-12,Debit Card,Chennai
FEB_009608,CUST_00915,Keyboard,5,41516,2026-02-10,Debit Card,Mumbai
FEB_009609,CUST_03926,Mouse,1,5912,2026-02-16,Debit Card,Delhi
FEB_009610,CUST_04282,Tablet,4,16073,2026-02-22,Credit Card,Bangalore
FEB_009611,CUST_03642,Tablet,3,13638,2026-02-17,Credit Card,Mumbai
FEB_009612,CUST_00417,Laptop,4,7457,2026-02-20,Cash on Delivery,Hyderabad
FEB_009613,CUST_02415,Tablet,1,43837,2026-02-03,Debit Card,Mumbai
FEB_009614,CUST_03628,Keyboard,3,39099,2026-02-16,UPI,Delhi
FEB_009615,CUST_02623,Laptop,4,10576,2026-02-22,Cash on Delivery,Pune
FEB_009616,CUST_01656,Tablet,1,25398,2026-02-22,Debit Card,Bangalore
FEB_009617,CUST_02736,Mouse,3,46047,2026-02-01,Debit Card,Bangalore
FEB_009618,CUST_01676,Tablet,2,6102,2026-02-12,Credit Card,Delhi
FEB_009619,CUST_01079,Headphones,5,40157,2026-02-21,Debit Card,Mumbai
FEB_009620,CUST_04407,Tablet,4,24658,2026-02-06,Credit Card,Bangalore
FEB_009621,CUST_04093,Mouse,5,35430,2026-02-10,Debit Card,Pune
FEB_009622,CUST_00255,Headphones,1,45212,2026-02-15,Cash on Delivery,Chennai
FEB_009623,CUST_01039,Headphones,4,42169,2026-02-14,UPI,Bangalore
FEB_009624,CUST_00561,Smartphone,1,49855,2026-02-17,Credit Card,Chennai
FEB_009625,CUST_00525,Laptop,4,4065,2026-02-16,Debit Card,Chennai
FEB_009626,CUST_00835,Mouse,4,11846,2026-02-24,UPI,Pune
FEB_009627,CUST_00588,Smartphone,5,29593,2026-02-22,Cash on Delivery,Pune
FEB_009628,CUST_01066,Laptop,5,44995,2026-02-04,Debit Card,Mumbai
FEB_009629,CUST_00362,Headphones,4,44438,2026-02-03,Debit Card,Delhi
FEB_009630,CUST_00987,Monitor,4,46654,2026-02-20,Debit Card,Mumbai
FEB_009631,CUST_04180,Tablet,1,30030,2026-02-26,Cash on Delivery,Chennai
FEB_009632,CUST_04113,Monitor,3,22537,2026-02-10,UPI,Mumbai
FEB_009633,CUST_00379,Tablet,3,38013,2026-02-15,Credit Card,Bangalore
FEB_009634,CUST_02537,Smartwatch,5,10115,2026-02-22,Cash on Delivery,Chennai
FEB_009635,CUST_02972,Mouse,3,45993,2026-02-13,UPI,Hyderabad
FEB_009636,CUST_00269,Tablet,5,15209,2026-02-08,Cash on Delivery,Bangalore
FEB_009637,CUST_01505,Tablet,5,49064,2026-02-04,Debit Card,Hyderabad
FEB_009638,CUST_02503,Mouse,4,44198,2026-02-11,Credit Card,Pune
FEB_009639,CUST_02984,Monitor,4,43429,2026-02-22,Credit Card,Bangalore
FEB_009640,CUST_02628,Monitor,5,10377,2026-02-14,Debit Card,Delhi
FEB_009641,CUST_02946,Headphones,1,41114,2026-02-01,Cash on Delivery,Pune
FEB_009642,CUST_01996,Keyboard,4,14977,2026-02-16,Credit Card,Hyderabad
FEB_009643,CUST_03158,Headphones,1,7350,2026-02-17,UPI,Bangalore
FEB_009644,CUST_03394,Smartphone,3,13574,2026-02-12,Debit Card,Bangalore
FEB_009645,CUST_02283,Tablet,1,45576,2026-02-09,Credit Card,Delhi
FEB_009646,CUST_04058,Keyboard,1,21445,2026-02-22,Credit Card,Delhi
FEB_009647,CUST_02646,Headphones,2,20045,2026-02-05,UPI,Delhi
FEB_009648,CUST_00207,Monitor,4,43293,2026-02-11,Credit Card,Chennai
FEB_009649,CUST_01579,Headphones,5,8623,2026-02-21,UPI,Chennai
FEB_009650,CUST_03245,Tablet,2,3359,2026-02-01,UPI,Mumbai
FEB_009651,CUST_04512,Smartphone,4,44733,2026-02-15,UPI,Mumbai
FEB_009652,CUST_00228,Mouse,5,14483,2026-02-22,Cash on Delivery,Mumbai
FEB_009653,CUST_01168,Monitor,2,7617,2026-02-23,Credit Card,Delhi
FEB_009654,CUST_00773,Monitor,5,12405,2026-02-21,UPI,Bangalore
FEB_009655,CUST_02672,Monitor,5,12013,2026-02-13,Cash on Delivery,Chennai
FEB_009656,CUST_04900,Mouse,4,1361,2026-02-06,Credit Card,Mumbai
FEB_009657,CUST_01202,Headphones,2,39266,2026-02-08,Credit Card,Bangalore
FEB_009658,CUST_04809,Monitor,1,16839,2026-02-01,Credit Card,Mumbai
FEB_009659,CUST_02151,Smartphone,2,46710,2026-02-13,Debit Card,Bangalore
FEB_009660,CUST_02474,Smartwatch,2,17006,2026-02-01,UPI,Pune
FEB_009661,CUST_03297,Smartwatch,4,32912,2026-02-17,Cash on Delivery,Delhi
FEB_009662,CUST_02220,Monitor,2,36983,2026-02-10,UPI,Pune
FEB_009663,CUST_02580,Tablet,3,6351,2026-02-18,Credit Card,Bangalore
FEB_009664,CUST_03273,Tablet,1,42443,2026-02-15,Credit Card,Hyderabad
FEB_009665,CUST_00811,Monitor,5,2313,2026-02-22,Cash on Delivery,Chennai
FEB_009666,CUST_01146,Mouse,4,16520,2026-02-24,Cash on Delivery,Chennai
FEB_009667,CUST_01227,Tablet,2,9157,2026-02-16,Credit Card,Chennai
FEB_009668,CUST_02162,Smartwatch,5,14181,2026-02-22,UPI,Pune
FEB_009669,CUST_04132,Monitor,1,24832,2026-02-24,Cash on Delivery,Delhi
FEB_009670,CUST_00312,Laptop,1,5631,2026-02-21,UPI,Delhi
FEB_009671,CUST_01616,Tablet,3,12711,2026-02-23,Credit Card,Pune
FEB_009672,CUST_04197,Keyboard,1,12278,2026-02-09,UPI,Mumbai
FEB_009673,CUST_03682,Tablet,1,18820,2026-02-17,Debit Card,Pune
FEB_009674,CUST_03068,Monitor,5,46291,2026-02-18,Cash on Delivery,Pune
FEB_009675,CUST_01566,Keyboard,2,35097,2026-02-13,Cash on Delivery,Bangalore
FEB_009676,CUST_04981,Smartphone,5,12949,2026-02-14,UPI,Delhi
FEB_009677,CUST_03021,Mouse,2,22499,2026-02-03,Cash on Delivery,Mumbai
FEB_009678,CUST_02134,Headphones,5,14695,2026-02-28,Credit Card,Mumbai
FEB_009679,CUST_00593,Monitor,5,49238,2026-02-28,Credit Card,Bangalore
FEB_009680,CUST_00302,Smartphone,3,38897,2026-02-16,UPI,Pune
FEB_009681,CUST_03704,Headphones,5,22481,2026-02-27,Debit Card,Chennai
FEB_009682,CUST_04960,Mouse,1,1825,2026-02-17,Cash on Delivery,Chennai
FEB_009683,CUST_01142,Tablet,1,15360,2026-02-28,UPI,Pune
FEB_009684,CUST_03245,Smartwatch,4,30697,2026-02-24,UPI,Delhi
FEB_009685,CUST_03437,Tablet,3,39891,2026-02-25,Credit Card,Pune
FEB_009686,CUST_01288,Tablet,1,28474,2026-02-28,UPI,Hyderabad
FEB_009687,CUST_03688,Smartwatch,5,28805,2026-02-15,Debit Card,Pune
FEB_009688,CUST_02559,Smartwatch,4,9897,2026-02-22,UPI,Hyderabad
FEB_009689,CUST_02704,Headphones,4,39654,2026-02-04,Credit Card,Bangalore
FEB_009690,CUST_04926,Keyboard,3,38817,2026-02-07,Debit Card,Mumbai
FEB_009691,CUST_04840,Laptop,5,13750,2026-02-02,Cash on Delivery,Chennai
FEB_009692,CUST_02622,Monitor,4,38069,2026-02-15,Credit Card,Pune
FEB_009693,CUST_03200,Keyboard,2,1486,2026-02-19,Credit Card,Delhi
FEB_009694,CUST_01859,Headphones,5,41943,2026-02-12,Cash on Delivery,Mumbai
FEB_009695,CUST_00502,Smartphone,4,42709,2026-02-26,Debit Card,Pune
FEB_009696,CUST_01700,Tablet,2,45987,2026-02-07,Credit Card,Mumbai
FEB_009697,CUST_04253,Headphones,4,27615,2026-02-21,Debit Card,Pune
FEB_009698,CUST_01521,Tablet,4,33486,2026-02-03,UPI,Pune
FEB_009699,CUST_03733,Monitor,5,11845,2026-02-11,UPI,Hyderabad
FEB_009700,CUST_04203,Monitor,2,3790,2026-02-28,Credit Card,Chennai
FEB_009701,CUST_00068,Headphones,2,8535,2026-02-20,Cash on Delivery,Mumbai
FEB_009702,CUST_02648,Smartphone,1,16471,2026-02-05,UPI,Chennai
FEB_009703,CUST_00213,Smartwatch,1,48636,2026-02-15,UPI,Chennai
FEB_009704,CUST_04606,Tablet,4,6984,2026-02-21,Debit Card,Hyderabad
FEB_009705,CUST_03497,Smartwatch,1,24743,2026-02-18,Debit Card,Bangalore
FEB_009706,CUST_00307,Monitor,5,21484,2026-02-12,Debit Card,Mumbai
FEB_009707,CUST_03714,Smartwatch,3,32535,2026-02-03,Debit Card,Pune
FEB_009708,CUST_03172,Tablet,5,41762,2026-02-20,Credit Card,Pune
FEB_009709,CUST_04187,Tablet,2,33552,2026-02-13,Cash on Delivery,Hyderabad
FEB_009710,CUST_04126,Tablet,3,25262,2026-02-28,Debit Card,Delhi
FEB_009711,CUST_00172,Tablet,1,48274,2026-02-22,Debit Card,Mumbai
FEB_009712,CUST_03551,Tablet,4,17542,2026-02-11,Cash on Delivery,Chennai
FEB_009713,CUST_00547,Smartwatch,1,20766,2026-02-27,UPI,Delhi
FEB_009714,CUST_01762,Monitor,5,18110,2026-02-25,Cash on Delivery,Chennai
FEB_009715,CUST_03321,Headphones,3,21725,2026-02-12,Credit Card,Hyderabad
FEB_009716,CUST_03909,Monitor,2,44431,2026-02-24,Cash on Delivery,Hyderabad
FEB_009717,CUST_02267,Tablet,2,9941,2026-02-16,Cash on Delivery,Bangalore
FEB_009718,CUST_02920,Keyboard,3,32440,2026-02-07,UPI,Pune
FEB_009719,CUST_03949,Smartphone,3,8202,2026-02-08,UPI,Delhi
FEB_009720,CUST_03292,Keyboard,3,45579,2026-02-10,Credit Card,Mumbai
FEB_009721,CUST_04036,Laptop,3,12116,2026-02-09,Debit Card,Hyderabad
FEB_009722,CUST_01550,Smartphone,4,35359,2026-02-20,UPI,Mumbai
FEB_009723,CUST_01793,Keyboard,5,5649,2026-02-04,Debit Card,Hyderabad
FEB_009724,CUST_00199,Smartwatch,4,35892,2026-02-03,Debit Card,Bangalore
FEB_009725,CUST_04379,Smartphone,1,29282,2026-02-23,UPI,Chennai
FEB_009726,CUST_01063,Laptop,2,38835,2026-02-26,Credit Card,Chennai
FEB_009727,CUST_02893,Smartwatch,1,8394,2026-02-28,Debit Card,Bangalore
FEB_009728,CUST_01885,Monitor,2,3070,2026-02-02,Cash on Delivery,Pune
FEB_009729,CUST_00535,Headphones,4,48387,2026-02-17,Debit Card,Delhi
FEB_009730,CUST_01641,Monitor,4,4109,2026-02-27,Debit Card,Mumbai
FEB_009731,CUST_04993,Smartphone,3,47938,2026-02-18,Cash on Delivery,Hyderabad
FEB_009732,CUST_01987,Smartphone,5,15816,2026-02-06,Cash on Delivery,Pune
FEB_009733,CUST_04823,Laptop,4,3140,2026-02-06,Debit Card,Hyderabad
FEB_009734,CUST_00308,Laptop,4,41211,2026-02-03,Debit Card,Mumbai
FEB_009735,CUST_04491,Monitor,5,858,2026-02-24,Credit Card,Pune
FEB_009736,CUST_01755,Headphones,1,12030,2026-02-28,Credit Card,Chennai
FEB_009737,CUST_03512,Keyboard,1,7538,2026-02-17,Debit Card,Delhi
FEB_009738,CUST_00613,Smartphone,4,31527,2026-02-24,Credit Card,Bangalore
FEB_009739,CUST_04363,Mouse,5,21892,2026-02-23,Debit Card,Mumbai
FEB_009740,CUST_04189,Laptop,4,6980,2026-02-20,Debit Card,Delhi
FEB_009741,CUST_00552,Laptop,3,3318,2026-02-09,Debit Card,Chennai
FEB_009742,CUST_02217,Mouse,1,638,2026-02-21,Cash on Delivery,Pune
FEB_009743,CUST_00088,Headphones,1,27016,2026-02-11,Cash on Delivery,Mumbai
FEB_009744,CUST_03054,Headphones,4,30439,2026-02-15,Cash on Delivery,Delhi
FEB_009745,CUST_00476,Laptop,1,16252,2026-02-01,Cash on Delivery,Chennai
FEB_009746,CUST_00441,Headphones,4,49729,2026-02-18,Debit Card,Pune
FEB_009747,CUST_02285,Mouse,5,4834,2026-02-13,Cash on Delivery,Chennai
FEB_009748,CUST_03795,Monitor,4,6489,2026-02-05,Credit Card,Hyderabad
FEB_009749,CUST_02155,Smartwatch,2,31143,2026-02-09,Cash on Delivery,Chennai
FEB_009750,CUST_04360,Smartwatch,2,41063,2026-02-18,UPI,Mumbai
FEB_009751,CUST_00975,Mouse,3,30134,2026-02-06,Cash on Delivery,Bangalore
FEB_009752,CUST_00463,Mouse,4,43251,2026-02-06,Debit Card,Pune
FEB_009753,CUST_00423,Keyboard,2,19007,2026-02-15,Credit Card,Chennai
FEB_009754,CUST_02290,Tablet,4,44532,2026-02-10,Cash on Delivery,Bangalore
FEB_009755,CUST_03349,Keyboard,4,9106,2026-02-16,Cash on Delivery,Bangalore
FEB_009756,CUST_02522,Smartphone,2,17202,2026-02-03,Cash on Delivery,Chennai
FEB_009757,CUST_02794,Keyboard,3,35264,2026-02-13,Credit Card,Hyderabad
FEB_009758,CUST_00115,Headphones,3,46546,2026-02-19,Debit Card,Mumbai
FEB_009759,CUST_01672,Tablet,5,45779,2026-02-09,Debit Card,Delhi
FEB_009760,CUST_03594,Smartwatch,1,17595,2026-02-01,Cash on Delivery,Hyderabad
FEB_009761,CUST_01643,Smartwatch,2,25665,2026-02-22,Cash on Delivery,Bangalore
FEB_009762,CUST_02967,Monitor,2,25653,2026-02-21,Credit Card,Pune
FEB_009763,CUST_04135,Headphones,3,9006,2026-02-04,Debit Card,Hyderabad
FEB_009764,CUST_00401,Monitor,3,9754,2026-02-22,Cash on Delivery,Pune
FEB_009765,CUST_00725,Mouse,2,49346,2026-02-03,Credit Card,Hyderabad
FEB_009766,CUST_01375,Monitor,3,11112,2026-02-16,UPI,Chennai
FEB_009767,CUST_03189,Tablet,2,21588,2026-02-01,Credit Card,Chennai
FEB_009768,CUST_02085,Laptop,1,40636,2026-02-08,Debit Card,Bangalore
FEB_009769,CUST_03029,Laptop,5,6767,2026-02-03,Credit Card,Mumbai
FEB_009770,CUST_04444,Headphones,1,34534,2026-02-26,UPI,Delhi
FEB_009771,CUST_00194,Monitor,3,25487,2026-02-18,Debit Card,Bangalore
FEB_009772,CUST_01474,Smartwatch,5,23182,2026-02-05,Cash on Delivery,Bangalore
FEB_009773,CUST_02684,Tablet,3,37388,2026-02-14,Cash on Delivery,Bangalore
FEB_009774,CUST_02588,Laptop,1,35282,2026-02-19,Debit Card,Delhi
FEB_009775,CUST_04330,Tablet,2,31788,2026-02-24,Cash on Delivery,Delhi
FEB_009776,CUST_04993,Tablet,3,33795,2026-02-15,Cash on Delivery,Delhi
FEB_009777,CUST_02889,Headphones,4,39750,2026-02-23,Debit Card,Mumbai
FEB_009778,CUST_03988,Laptop,5,1476,2026-02-20,Credit Card,Chennai
FEB_009779,CUST_04020,Monitor,3,13145,2026-02-06,Debit Card,Bangalore
FEB_009780,CUST_04974,Tablet,2,29475,2026-02-08,Cash on Delivery,Hyderabad
FEB_009781,CUST_04615,Monitor,5,35236,2026-02-24,Credit Card,Delhi
FEB_009782,CUST_03586,Headphones,4,6164,2026-02-22,Debit Card,Chennai
FEB_009783,CUST_03861,Smartphone,3,24834,2026-02-19,Credit Card,Chennai
FEB_009784,CUST_03733,Keyboard,1,24390,2026-02-02,UPI,Chennai
FEB_009785,CUST_00838,Headphones,1,38698,2026-02-26,UPI,Hyderabad
FEB_009786,CUST_01029,Mouse,2,29918,2026-02-19,Cash on Delivery,Chennai
FEB_009787,CUST_00680,Smartphone,4,12614,2026-02-18,Cash on Delivery,Mumbai
FEB_009788,CUST_01513,Keyboard,5,43421,2026-02-23,Credit Card,Hyderabad
FEB_009789,CUST_04221,Laptop,5,4092,2026-02-04,Debit Card,Chennai
FEB_009790,CUST_00825,Laptop,3,46945,2026-02-26,UPI,Bangalore
FEB_009791,CUST_03558,Smartwatch,3,12095,2026-02-07,Cash on Delivery,Pune
FEB_009792,CUST_02241,Headphones,1,22984,2026-02-16,Credit Card,Delhi
FEB_009793,CUST_04831,Monitor,4,10662,2026-02-19,UPI,Chennai
FEB_009794,CUST_00647,Laptop,2,6431,2026-02-02,UPI,Hyderabad
FEB_009795,CUST_01010,Keyboard,3,19033,2026-02-22,Credit Card,Pune
FEB_009796,CUST_03357,Keyboard,1,45078,2026-02-07,UPI,Hyderabad
FEB_009797,CUST_02058,Headphones,3,40406,2026-02-13,Credit Card,Hyderabad
FEB_009798,CUST_01369,Tablet,4,21370,2026-02-10,Cash on Delivery,Delhi
FEB_009799,CUST_03941,Monitor,3,3059,2026-02-23,Cash on Delivery,Hyderabad
FEB_009800,CUST_02303,Smartwatch,2,16972,2026-02-05,Debit Card,Bangalore
FEB_009801,CUST_03384,Monitor,1,19807,2026-02-11,Cash on Delivery,Hyderabad
FEB_009802,CUST_04939,Smartwatch,3,34978,2026-02-05,Debit Card,Pune
FEB_009803,CUST_01654,Mouse,3,47567,2026-02-08,UPI,Delhi
FEB_009804,CUST_04065,Tablet,5,7964,2026-02-11,UPI,Hyderabad
FEB_009805,CUST_04780,Keyboard,4,47011,2026-02-24,UPI,Hyderabad
FEB_009806,CUST_03319,Mouse,1,11575,2026-02-22,Debit Card,Hyderabad
FEB_009807,CUST_03888,Laptop,4,22252,2026-02-15,UPI,Hyderabad
FEB_009808,CUST_04610,Monitor,5,20519,2026-02-11,UPI,Hyderabad
FEB_009809,CUST_02165,Monitor,2,32931,2026-02-03,Credit Card,Pune
FEB_009810,CUST_04544,Headphones,3,12931,2026-02-03,Credit Card,Pune
FEB_009811,CUST_02923,Mouse,2,6378,2026-02-09,UPI,Chennai
FEB_009812,CUST_02150,Smartwatch,5,6584,2026-02-09,Cash on Delivery,Delhi
FEB_009813,CUST_01912,Keyboard,5,45021,2026-02-13,UPI,Pune
FEB_009814,CUST_03298,Monitor,4,34150,2026-02-05,Debit Card,Delhi
FEB_009815,CUST_01634,Smartphone,2,20223,2026-02-11,UPI,Mumbai
FEB_009816,CUST_00973,Tablet,1,18728,2026-02-03,Cash on Delivery,Delhi
FEB_009817,CUST_01227,Tablet,4,5067,2026-02-20,Credit Card,Chennai
FEB_009818,CUST_03923,Monitor,5,33284,2026-02-28,Cash on Delivery,Bangalore
FEB_009819,CUST_01360,Keyboard,1,9295,2026-02-05,Credit Card,Chennai
FEB_009820,CUST_02823,Smartwatch,5,46369,2026-02-15,Cash on Delivery,Delhi
FEB_009821,CUST_03178,Keyboard,4,38750,2026-02-04,UPI,Bangalore
FEB_009822,CUST_00933,Headphones,4,33310,2026-02-02,Debit Card,Mumbai
FEB_009823,CUST_02529,Smartwatch,4,42919,2026-02-02,Debit Card,Bangalore
FEB_009824,CUST_01711,Smartphone,2,22965,2026-02-14,UPI,Hyderabad
FEB_009825,CUST_01887,Headphones,2,25098,2026-02-03,Debit Card,Delhi
FEB_009826,CUST_00405,Tablet,2,18761,2026-02-26,UPI,Pune
FEB_009827,CUST_02140,Tablet,4,17504,2026-02-13,Cash on Delivery,Chennai
FEB_009828,CUST_00967,Smartphone,4,6096,2026-02-08,Credit Card,Bangalore
FEB_009829,CUST_04287,Smartphone,1,39238,2026-02-03,Cash on Delivery,Pune
FEB_009830,CUST_04431,Smartphone,5,25787,2026-02-14,Credit Card,Pune
FEB_009831,CUST_01925,Smartphone,2,33584,2026-02-10,Cash on Delivery,Delhi
FEB_009832,CUST_03128,Tablet,4,7983,2026-02-04,Debit Card,Pune
FEB_009833,CUST_00015,Headphones,1,4509,2026-02-02,UPI,Mumbai
FEB_009834,CUST_01640,Keyboard,5,18627,2026-02-19,Debit Card,Delhi
FEB_009835,CUST_04314,Smartwatch,4,7144,2026-02-07,Debit Card,Delhi
FEB_009836,CUST_02730,Mouse,4,3595,2026-02-26,Cash on Delivery,Chennai
FEB_009837,CUST_00486,Smartwatch,5,1942,2026-02-13,UPI,Pune
FEB_009838,CUST_00180,Tablet,2,30793,2026-02-03,Cash on Delivery,Bangalore
FEB_009839,CUST_00576,Headphones,3,21865,2026-02-19,Cash on Delivery,Pune
FEB_009840,CUST_04567,Headphones,5,27772,2026-02-18,Credit Card,Hyderabad
FEB_009841,CUST_04837,Monitor,4,15560,2026-02-15,Credit Card,Hyderabad
FEB_009842,CUST_04672,Laptop,3,39067,2026-02-08,UPI,Delhi
FEB_009843,CUST_00917,Mouse,5,8728,2026-02-03,Credit Card,Bangalore
FEB_009844,CUST_04249,Smartphone,1,37158,2026-02-05,Debit Card,Bangalore
FEB_009845,CUST_01386,Mouse,4,11143,2026-02-03,UPI,Chennai
FEB_009846,CUST_00129,Mouse,2,23389,2026-02-05,UPI,Pune
FEB_009847,CUST_02372,Mouse,3,45898,2026-02-16,Cash on Delivery,Delhi
FEB_009848,CUST_04257,Headphones,3,48644,2026-02-14,Debit Card,Bangalore
FEB_009849,CUST_03332,Tablet,5,36908,2026-02-06,Debit Card,Bangalore
FEB_009850,CUST_04278,Keyboard,2,20189,2026-02-08,Credit Card,Delhi
FEB_009851,CUST_01921,Headphones,1,17699,2026-02-11,UPI,Chennai
FEB_009852,CUST_04161,Smartphone,1,23919,2026-02-18,Credit Card,Bangalore
FEB_009853,CUST_00022,Mouse,2,43571,2026-02-19,Debit Card,Chennai
FEB_009854,CUST_04639,Headphones,5,36785,2026-02-20,Cash on Delivery,Hyderabad
FEB_009855,CUST_02515,Monitor,4,32970,2026-02-21,Cash on Delivery,Bangalore
FEB_009856,CUST_04804,Laptop,1,45128,2026-02-06,Debit Card,Hyderabad
FEB_009857,CUST_00797,Keyboard,4,10074,2026-02-25,Credit Card,Pune
FEB_009858,CUST_04636,Laptop,1,42700,2026-02-05,Cash on Delivery,Delhi
FEB_009859,CUST_01676,Tablet,5,32684,2026-02-04,UPI,Pune
FEB_009860,CUST_01572,Smartphone,2,40070,2026-02-27,UPI,Chennai
FEB_009861,CUST_04081,Keyboard,3,16262,2026-02-27,Debit Card,Pune
FEB_009862,CUST_00702,Laptop,3,46278,2026-02-21,Debit Card,Hyderabad
FEB_009863,CUST_02176,Smartphone,5,28850,2026-02-16,Debit Card,Delhi
FEB_009864,CUST_04145,Keyboard,3,36354,2026-02-02,UPI,Pune
FEB_009865,CUST_01529,Headphones,2,26218,2026-02-20,UPI,Hyderabad
FEB_009866,CUST_04410,Mouse,1,22438,2026-02-09,Cash on Delivery,Mumbai
FEB_009867,CUST_04257,Smartwatch,3,11908,2026-02-13,Credit Card,Bangalore
FEB_009868,CUST_04187,Headphones,2,13007,2026-02-21,Debit Card,Hyderabad
FEB_009869,CUST_03228,Smartwatch,3,17236,2026-02-13,Credit Card,Mumbai
FEB_009870,CUST_00615,Smartphone,5,21467,2026-02-10,Cash on Delivery,Chennai
FEB_009871,CUST_04002,Smartwatch,4,44713,2026-02-28,Cash on Delivery,Bangalore
FEB_009872,CUST_01887,Smartwatch,4,32300,2026-02-04,Credit Card,Chennai
FEB_009873,CUST_04371,Headphones,5,14554,2026-02-23,Credit Card,Chennai
FEB_009874,CUST_01069,Mouse,1,42672,2026-02-26,Cash on Delivery,Bangalore
FEB_009875,CUST_02865,Smartwatch,4,8845,2026-02-23,Cash on Delivery,Chennai
FEB_009876,CUST_00704,Headphones,2,38934,2026-02-19,Debit Card,Bangalore
FEB_009877,CUST_04564,Laptop,5,33639,2026-02-06,Credit Card,Chennai
FEB_009878,CUST_04093,Monitor,3,22831,2026-02-19,Debit Card,Mumbai
FEB_009879,CUST_01281,Headphones,2,2379,2026-02-20,Cash on Delivery,Delhi
FEB_009880,CUST_00280,Mouse,1,45422,2026-02-14,Debit Card,Bangalore
FEB_009881,CUST_01363,Laptop,1,19954,2026-02-19,Credit Card,Pune
FEB_009882,CUST_03945,Keyboard,5,10723,2026-02-12,Debit Card,Delhi
FEB_009883,CUST_03512,Keyboard,5,11471,2026-02-23,Credit Card,Hyderabad
FEB_009884,CUST_01521,Monitor,5,22015,2026-02-14,Credit Card,Bangalore
FEB_009885,CUST_02448,Mouse,1,12976,2026-02-20,Debit Card,Delhi
FEB_009886,CUST_03567,Smartwatch,3,42768,2026-02-19,UPI,Bangalore
FEB_009887,CUST_03798,Mouse,1,6568,2026-02-13,UPI,Pune
FEB_009888,CUST_02902,Smartwatch,5,26449,2026-02-27,UPI,Bangalore
FEB_009889,CUST_01685,Mouse,3,43116,2026-02-22,UPI,Pune
FEB_009890,CUST_02487,Keyboard,5,40424,2026-02-24,Cash on Delivery,Delhi
FEB_009891,CUST_01762,Monitor,4,29111,2026-02-20,Cash on Delivery,Hyderabad
FEB_009892,CUST_00350,Keyboard,4,5495,2026-02-09,Debit Card,Mumbai
FEB_009893,CUST_04075,Laptop,4,12565,2026-02-23,Debit Card,Hyderabad
FEB_009894,CUST_01177,Keyboard,2,44849,2026-02-13,Cash on Delivery,Mumbai
FEB_009895,CUST_02445,Laptop,4,4526,2026-02-28,UPI,Pune
FEB_009896,CUST_04945,Headphones,1,32401,2026-02-06,Cash on Delivery,Chennai
FEB_009897,CUST_03543,Monitor,4,18339,2026-02-27,Debit Card,Pune
FEB_009898,CUST_04966,Keyboard,5,29382,2026-02-16,UPI,Chennai
FEB_009899,CUST_03042,Smartwatch,4,3229,2026-02-08,Cash on Delivery,Pune
FEB_009900,CUST_00399,Mouse,1,23125,2026-02-09,Credit Card,Chennai
FEB_009901,CUST_04892,Laptop,3,40687,2026-02-12,UPI,Chennai
FEB_009902,CUST_00883,Monitor,3,10496,2026-02-20,Debit Card,Pune
FEB_009903,CUST_04146,Tablet,1,19301,2026-02-03,Cash on Delivery,Chennai
FEB_009904,CUST_03936,Headphones,5,40180,2026-02-23,Cash on Delivery,Mumbai
FEB_009905,CUST_00732,Keyboard,4,5637,2026-02-08,UPI,Hyderabad
FEB_009906,CUST_00977,Laptop,4,21443,2026-02-27,Cash on Delivery,Pune
FEB_009907,CUST_02188,Headphones,4,22911,2026-02-05,UPI,Delhi
FEB_009908,CUST_04863,Tablet,1,10084,2026-02-10,UPI,Hyderabad
FEB_009909,CUST_04336,Headphones,4,39564,2026-02-11,Credit Card,Bangalore
FEB_009910,CUST_02576,Smartwatch,3,5545,2026-02-14,Credit Card,Delhi
FEB_009911,CUST_03323,Monitor,2,15510,2026-02-03,Cash on Delivery,Delhi
FEB_009912,CUST_02742,Tablet,5,21801,2026-02-02,Debit Card,Mumbai
FEB_009913,CUST_04253,Tablet,1,13912,2026-02-08,UPI,Bangalore
FEB_009914,CUST_01797,Keyboard,2,36764,2026-02-22,UPI,Pune
FEB_009915,CUST_00758,Laptop,3,38980,2026-02-05,Debit Card,Mumbai
FEB_009916,CUST_01040,Mouse,5,44164,2026-02-08,UPI,Mumbai
FEB_009917,CUST_03253,Headphones,3,48999,2026-02-11,Cash on Delivery,Mumbai
FEB_009918,CUST_00186,Tablet,2,12755,2026-02-06,Credit Card,Pune
FEB_009919,CUST_03735,Mouse,1,27148,2026-02-03,Debit Card,Chennai
FEB_009920,CUST_03422,Smartphone,4,32636,2026-02-11,Credit Card,Delhi
FEB_009921,CUST_03756,Smartphone,3,20529,2026-02-06,Debit Card,Mumbai
FEB_009922,CUST_01575,Laptop,2,15322,2026-02-03,Credit Card,Delhi
FEB_009923,CUST_03011,Headphones,4,36763,2026-02-20,UPI,Hyderabad
FEB_009924,CUST_01015,Monitor,3,6999,2026-02-04,Credit Card,Bangalore
FEB_009925,CUST_04830,Smartphone,4,8232,2026-02-02,Debit Card,Chennai
FEB_009926,CUST_04642,Monitor,1,29471,2026-02-15,Credit Card,Bangalore
FEB_009927,CUST_01421,Tablet,2,24363,2026-02-20,Cash on Delivery,Pune
FEB_009928,CUST_01787,Smartphone,1,3502,2026-02-24,Debit Card,Bangalore
FEB_009929,CUST_00307,Keyboard,3,40243,2026-02-24,UPI,Delhi
FEB_009930,CUST_00013,Monitor,4,29125,2026-02-17,Credit Card,Chennai
FEB_009931,CUST_03520,Smartphone,4,6171,2026-02-05,Credit Card,Mumbai
FEB_009932,CUST_02746,Smartphone,4,41222,2026-02-23,Cash on Delivery,Bangalore
FEB_009933,CUST_03186,Mouse,1,44551,2026-02-01,Credit Card,Delhi
FEB_009934,CUST_03857,Tablet,2,44228,2026-02-14,Cash on Delivery,Pune
FEB_009935,CUST_01764,Monitor,1,5800,2026-02-10,Credit Card,Pune
FEB_009936,CUST_01021,Laptop,4,10329,2026-02-22,Debit Card,Bangalore
FEB_009937,CUST_02264,Keyboard,4,15033,2026-02-01,UPI,Chennai
FEB_009938,CUST_04208,Keyboard,4,12214,2026-02-21,Cash on Delivery,Pune
FEB_009939,CUST_02341,Mouse,4,9487,2026-02-02,UPI,Mumbai
FEB_009940,CUST_00654,Mouse,5,13821,2026-02-24,UPI,Mumbai
FEB_009941,CUST_04776,Laptop,4,27216,2026-02-18,UPI,Chennai
FEB_009942,CUST_02886,Tablet,1,34638,2026-02-27,Debit Card,Mumbai
FEB_009943,CUST_01582,Smartwatch,1,3635,2026-02-23,Debit Card,Hyderabad
FEB_009944,CUST_00239,Headphones,5,1677,2026-02-21,Credit Card,Bangalore
FEB_009945,CUST_00800,Monitor,1,21357,2026-02-02,UPI,Hyderabad
FEB_009946,CUST_03386,Tablet,5,24876,2026-02-09,Debit Card,Mumbai
FEB_009947,CUST_01709,Tablet,5,38870,2026-02-14,Debit Card,Pune
FEB_009948,CUST_02738,Headphones,4,25596,2026-02-06,Cash on Delivery,Delhi
FEB_009949,CUST_00640,Laptop,4,43451,2026-02-26,Debit Card,Bangalore
FEB_009950,CUST_03575,Headphones,3,31217,2026-02-08,Credit Card,Bangalore
FEB_009951,CUST_02732,Laptop,3,8052,2026-02-28,UPI,Delhi
FEB_009952,CUST_04815,Keyboard,3,9289,2026-02-06,Credit Card,Delhi
FEB_009953,CUST_02965,Smartphone,5,29534,2026-02-12,Cash on Delivery,Hyderabad
FEB_009954,CUST_01916,Monitor,1,15732,2026-02-16,Debit Card,Hyderabad
FEB_009955,CUST_02640,Monitor,2,21997,2026-02-03,Debit Card,Pune
FEB_009956,CUST_04180,Tablet,4,5584,2026-02-12,UPI,Bangalore
FEB_009957,CUST_03714,Monitor,5,42499,2026-02-10,Credit Card,Delhi
FEB_009958,CUST_03059,Monitor,2,8505,2026-02-12,UPI,Hyderabad
FEB_009959,CUST_04670,Smartwatch,4,39661,2026-02-22,UPI,Mumbai
FEB_009960,CUST_02694,Smartphone,4,871,2026-02-06,Debit Card,Bangalore
FEB_009961,CUST_02189,Monitor,4,17939,2026-02-21,Cash on Delivery,Bangalore
FEB_009962,CUST_02775,Smartwatch,4,38239,2026-02-28,Cash on Delivery,Hyderabad
FEB_009963,CUST_04847,Monitor,5,12832,2026-02-15,Debit Card,Hyderabad
FEB_009964,CUST_01457,Laptop,5,30178,2026-02-28,Credit Card,Bangalore
FEB_009965,CUST_00474,Mouse,2,19098,2026-02-20,Credit Card,Bangalore
FEB_009966,CUST_00328,Headphones,2,35494,2026-02-25,UPI,Hyderabad
FEB_009967,CUST_02136,Smartphone,5,27638,2026-02-14,Credit Card,Chennai
FEB_009968,CUST_01668,Tablet,4,37793,2026-02-15,Credit Card,Bangalore
FEB_009969,CUST_02369,Keyboard,1,32243,2026-02-26,UPI,Hyderabad
FEB_009970,CUST_00075,Laptop,3,39297,2026-02-28,UPI,Delhi
FEB_009971,CUST_00923,Headphones,5,3305,2026-02-09,Debit Card,Hyderabad
FEB_009972,CUST_04834,Monitor,4,34474,2026-02-21,Credit Card,Mumbai
FEB_009973,CUST_04849,Tablet,5,43918,2026-02-13,Credit Card,Delhi
FEB_009974,CUST_00042,Tablet,3,10235,2026-02-08,Cash on Delivery,Bangalore
FEB_009975,CUST_01106,Headphones,5,3127,2026-02-17,Cash on Delivery,Pune
FEB_009976,CUST_01314,Laptop,3,12766,2026-02-10,Credit Card,Chennai
FEB_009977,CUST_01149,Smartphone,3,40166,2026-02-05,Debit Card,Mumbai
FEB_009978,CUST_04842,Keyboard,3,8414,2026-02-14,UPI,Mumbai
FEB_009979,CUST_03786,Smartwatch,5,31833,2026-02-22,Credit Card,Mumbai
FEB_009980,CUST_01373,Smartphone,3,16560,2026-02-08,Debit Card,Pune
FEB_009981,CUST_02814,Smartphone,5,37019,2026-02-11,Credit Card,Delhi
FEB_009982,CUST_03473,Tablet,2,26763,2026-02-03,Credit Card,Pune
FEB_009983,CUST_02630,Laptop,2,11398,2026-02-05,Debit Card,Mumbai
FEB_009984,CUST_01467,Tablet,1,34705,2026-02-16,UPI,Hyderabad
FEB_009985,CUST_02099,Smartwatch,5,45083,2026-02-17,Cash on Delivery,Hyderabad
FEB_009986,CUST_04401,Headphones,5,47027,2026-02-07,UPI,Delhi
FEB_009987,CUST_03393,Headphones,4,8509,2026-02-11,Credit Card,Pune
FEB_009988,CUST_03630,Smartwatch,2,37972,2026-02-26,Cash on Delivery,Bangalore
FEB_009989,CUST_02595,Smartphone,4,19133,2026-02-26,Credit Card,Bangalore
FEB_009990,CUST_02134,Smartphone,4,24177,2026-02-24,Cash on Delivery,Delhi
FEB_009991,CUST_02509,Mouse,4,48589,2026-02-24,Credit Card,Delhi
FEB_009992,CUST_01394,Mouse,5,39495,2026-02-13,UPI,Bangalore
FEB_009993,CUST_01574,Laptop,1,20324,2026-02-09,Credit Card,Hyderabad
FEB_009994,CUST_03423,Keyboard,4,20126,2026-02-16,Cash on Delivery,Chennai
FEB_009995,CUST_01969,Laptop,3,32437,2026-02-10,Debit Card,Pune
FEB_009996,CUST_02303,Monitor,5,41882,2026-02-21,Credit Card,Delhi
FEB_009997,CUST_01756,Keyboard,4,45754,2026-02-22,Debit Card,Pune
FEB_009998,CUST_00670,Laptop,5,13852,2026-02-21,Cash on Delivery,Mumbai
FEB_009999,CUST_00038,Monitor,1,5654,2026-02-08,UPI,Chennai
FEB_010000,CUST_00805,Headphones,5,40189,2026-02-03,Debit Card,Mumbai
FEB_010001,CUST_04683,Tablet,5,47534,2026-02-13,UPI,Chennai
FEB_010002,CUST_03392,Mouse,4,8916,2026-02-17,UPI,Hyderabad
FEB_010003,CUST_03757,Headphones,2,49308,2026-02-03,Credit Card,Delhi
FEB_010004,CUST_03003,Smartwatch,5,31155,2026-02-03,Debit Card,Delhi
FEB_010005,CUST_01135,Smartphone,2,34480,2026-02-07,Credit Card,Mumbai
FEB_010006,CUST_04121,Mouse,3,20843,2026-02-27,Cash on Delivery,Hyderabad
FEB_010007,CUST_02308,Headphones,3,33321,2026-02-26,Credit Card,Delhi
FEB_010008,CUST_03103,Mouse,5,30838,2026-02-22,UPI,Mumbai
FEB_010009,CUST_03658,Smartphone,3,11823,2026-02-22,UPI,Chennai
FEB_010010,CUST_00972,Smartphone,3,10026,2026-02-21,UPI,Pune
FEB_010011,CUST_04947,Mouse,1,45304,2026-02-25,UPI,Hyderabad
FEB_010012,CUST_03730,Smartwatch,2,7264,2026-02-09,UPI,Delhi
FEB_010013,CUST_01639,Laptop,4,35821,2026-02-12,Credit Card,Bangalore
FEB_010014,CUST_02791,Keyboard,2,28778,2026-02-16,Debit Card,Pune
FEB_010015,CUST_04363,Smartwatch,4,45828,2026-02-18,Credit Card,Mumbai
FEB_010016,CUST_00252,Smartphone,1,16857,2026-02-20,Credit Card,Chennai
FEB_010017,CUST_03855,Smartwatch,2,47625,2026-02-10,Cash on Delivery,Chennai
FEB_010018,CUST_00027,Headphones,3,37493,2026-02-23,Credit Card,Pune
FEB_010019,CUST_01079,Headphones,5,41152,2026-02-25,UPI,Hyderabad
FEB_010020,CUST_04005,Mouse,3,13738,2026-02-11,UPI,Bangalore
FEB_010021,CUST_00722,Monitor,4,4163,2026-02-19,Cash on Delivery,Delhi
FEB_010022,CUST_03975,Monitor,3,2119,2026-02-11,Debit Card,Bangalore
FEB_010023,CUST_00684,Laptop,3,22705,2026-02-26,Credit Card,Bangalore
FEB_010024,CUST_03753,Mouse,5,7941,2026-02-05,Credit Card,Hyderabad
FEB_010025,CUST_03037,Monitor,3,22112,2026-02-24,Credit Card,Pune
FEB_010026,CUST_04706,Tablet,2,37118,2026-02-09,Credit Card,Chennai
FEB_010027,CUST_04823,Monitor,3,9203,2026-02-15,UPI,Delhi
FEB_010028,CUST_04666,Mouse,5,23177,2026-02-12,Debit Card,Chennai
FEB_010029,CUST_01325,Keyboard,2,21658,2026-02-25,Debit Card,Mumbai
FEB_010030,CUST_04735,Tablet,3,13780,2026-02-21,Credit Card,Bangalore
FEB_010031,CUST_01357,Mouse,5,19444,2026-02-24,Credit Card,Mumbai
FEB_010032,CUST_04936,Smartwatch,2,21537,2026-02-21,Cash on Delivery,Chennai
FEB_010033,CUST_02029,Monitor,2,16769,2026-02-21,UPI,Delhi
FEB_010034,CUST_00720,Monitor,5,36660,2026-02-21,Cash on Delivery,Chennai
FEB_010035,CUST_03597,Mouse,4,40738,2026-02-14,UPI,Hyderabad
FEB_010036,CUST_03439,Smartwatch,2,43394,2026-02-25,Cash on Delivery,Delhi
FEB_010037,CUST_04187,Smartwatch,2,23360,2026-02-05,Debit Card,Delhi
FEB_010038,CUST_00041,Headphones,2,16931,2026-02-22,Credit Card,Bangalore
FEB_010039,CUST_02543,Headphones,2,46310,2026-02-27,UPI,Chennai
FEB_010040,CUST_02370,Mouse,1,4676,2026-02-05,Debit Card,Pune
FEB_010041,CUST_01231,Headphones,2,11771,2026-02-16,Debit Card,Hyderabad
FEB_010042,CUST_00123,Mouse,3,39143,2026-02-08,UPI,Hyderabad
FEB_010043,CUST_03014,Laptop,3,43203,2026-02-04,Cash on Delivery,Pune
FEB_010044,CUST_00780,Keyboard,3,25532,2026-02-18,UPI,Hyderabad
FEB_010045,CUST_03957,Headphones,3,34458,2026-02-11,Cash on Delivery,Delhi
FEB_010046,CUST_04579,Monitor,4,41699,2026-02-08,Debit Card,Delhi
FEB_010047,CUST_00227,Smartphone,4,16059,2026-02-26,UPI,Bangalore
FEB_010048,CUST_04718,Smartphone,1,2586,2026-02-19,Cash on Delivery,Bangalore
FEB_010049,CUST_04405,Smartphone,4,30480,2026-02-08,Debit Card,Delhi
FEB_010050,CUST_04049,Tablet,4,33690,2026-02-18,Debit Card,Bangalore
FEB_010051,CUST_00128,Laptop,4,49905,2026-02-04,Debit Card,Chennai
FEB_010052,CUST_03172,Mouse,4,42693,2026-02-04,UPI,Delhi
FEB_010053,CUST_00527,Mouse,2,47221,2026-02-10,Debit Card,Chennai
FEB_010054,CUST_04699,Keyboard,5,23554,2026-02-27,Cash on Delivery,Mumbai
FEB_010055,CUST_03261,Tablet,4,21774,2026-02-19,Debit Card,Hyderabad
FEB_010056,CUST_02064,Monitor,5,13542,2026-02-23,Credit Card,Pune
FEB_010057,CUST_00150,Smartphone,3,14693,2026-02-19,Credit Card,Mumbai
FEB_010058,CUST_03806,Monitor,2,21834,2026-02-18,Cash on Delivery,Mumbai
FEB_010059,CUST_01306,Smartwatch,4,33169,2026-02-06,Credit Card,Bangalore
FEB_010060,CUST_02132,Keyboard,3,29587,2026-02-24,UPI,Pune
FEB_010061,CUST_03597,Mouse,4,7543,2026-02-14,Cash on Delivery,Hyderabad
FEB_010062,CUST_03540,Smartwatch,1,6476,2026-02-11,Cash on Delivery,Chennai
FEB_010063,CUST_02806,Laptop,4,32771,2026-02-18,Debit Card,Delhi
FEB_010064,CUST_01016,Monitor,4,29330,2026-02-28,Credit Card,Hyderabad
FEB_010065,CUST_03042,Headphones,4,1142,2026-02-18,Credit Card,Delhi
FEB_010066,CUST_00419,Tablet,3,47903,2026-02-01,Cash on Delivery,Pune
FEB_010067,CUST_04949,Headphones,4,17389,2026-02-05,UPI,Pune
FEB_010068,CUST_00888,Mouse,2,17141,2026-02-13,Credit Card,Mumbai
FEB_010069,CUST_02136,Smartwatch,4,23273,2026-02-25,UPI,Hyderabad
FEB_010070,CUST_04494,Headphones,2,48015,2026-02-26,Credit Card,Delhi
FEB_010071,CUST_00578,Monitor,4,27911,2026-02-14,Cash on Delivery,Mumbai
FEB_010072,CUST_04854,Monitor,2,10197,2026-02-10,Debit Card,Bangalore
FEB_010073,CUST_03807,Laptop,5,44082,2026-02-04,Debit Card,Mumbai
FEB_010074,CUST_02117,Keyboard,2,16321,2026-02-18,Cash on Delivery,Bangalore
FEB_010075,CUST_02022,Smartphone,5,22515,2026-02-06,Credit Card,Mumbai
FEB_010076,CUST_01439,Smartphone,1,27702,2026-02-20,Debit Card,Delhi
FEB_010077,CUST_03520,Monitor,5,5110,2026-02-22,Cash on Delivery,Mumbai
FEB_010078,CUST_04860,Tablet,4,39495,2026-02-26,UPI,Bangalore
FEB_010079,CUST_01758,Laptop,3,15389,2026-02-23,UPI,Mumbai
FEB_010080,CUST_00849,Smartphone,5,41790,2026-02-09,Debit Card,Chennai
FEB_010081,CUST_02787,Laptop,4,21444,2026-02-20,Credit Card,Chennai
FEB_010082,CUST_02225,Tablet,4,3429,2026-02-15,Credit Card,Pune
FEB_010083,CUST_02505,Smartphone,4,28572,2026-02-27,Cash on Delivery,Delhi
FEB_010084,CUST_00283,Smartphone,4,1613,2026-02-26,Cash on Delivery,Chennai
FEB_010085,CUST_00261,Smartphone,4,8502,2026-02-23,Debit Card,Mumbai
FEB_010086,CUST_01372,Monitor,4,13685,2026-02-02,UPI,Chennai
FEB_010087,CUST_01899,Mouse,4,35505,2026-02-04,Credit Card,Bangalore
FEB_010088,CUST_00469,Smartphone,5,42040,2026-02-17,Debit Card,Mumbai
FEB_010089,CUST_03168,Tablet,4,11473,2026-02-14,UPI,Bangalore
FEB_010090,CUST_04842,Keyboard,5,1802,2026-02-21,Credit Card,Mumbai
FEB_010091,CUST_03167,Smartphone,3,24805,2026-02-16,UPI,Mumbai
FEB_010092,CUST_03900,Smartwatch,3,16988,2026-02-28,Cash on Delivery,Delhi
FEB_010093,CUST_00110,Mouse,3,32998,2026-02-26,Credit Card,Hyderabad
FEB_010094,CUST_02270,Tablet,1,4711,2026-02-25,UPI,Pune
FEB_010095,CUST_02813,Mouse,5,38644,2026-02-25,UPI,Pune
FEB_010096,CUST_04369,Smartphone,3,22204,2026-02-21,Cash on Delivery,Hyderabad
FEB_010097,CUST_00495,Keyboard,2,20212,2026-02-02,Credit Card,Hyderabad
FEB_010098,CUST_02454,Smartwatch,3,46166,2026-02-01,Cash on Delivery,Bangalore
FEB_010099,CUST_00181,Mouse,1,20836,2026-02-25,Credit Card,Delhi
FEB_010100,CUST_01212,Mouse,4,46378,2026-02-26,Credit Card,Hyderabad
FEB_010101,CUST_03445,Headphones,3,11725,2026-02-17,Cash on Delivery,Chennai
FEB_010102,CUST_01685,Mouse,5,4028,2026-02-12,Cash on Delivery,Mumbai
FEB_010103,CUST_02045,Tablet,3,11070,2026-02-03,Cash on Delivery,Mumbai
FEB_010104,CUST_00749,Tablet,1,37138,2026-02-03,UPI,Chennai
FEB_010105,CUST_04755,Smartwatch,5,45030,2026-02-04,UPI,Bangalore
FEB_010106,CUST_04586,Mouse,2,25734,2026-02-02,Debit Card,Bangalore
FEB_010107,CUST_00081,Tablet,2,48658,2026-02-11,Credit Card,Hyderabad
FEB_010108,CUST_04273,Smartphone,5,29573,2026-02-26,Debit Card,Mumbai
FEB_010109,CUST_01754,Smartphone,2,30471,2026-02-15,Debit Card,Delhi
FEB_010110,CUST_04153,Smartphone,1,47486,2026-02-19,UPI,Pune
FEB_010111,CUST_00509,Mouse,1,41070,2026-02-10,Cash on Delivery,Delhi
FEB_010112,CUST_00417,Smartphone,1,17716,2026-02-04,Debit Card,Delhi
FEB_010113,CUST_03183,Laptop,1,13301,2026-02-09,UPI,Delhi
FEB_010114,CUST_01542,Keyboard,3,48924,2026-02-20,Credit Card,Bangalore
FEB_010115,CUST_01412,Laptop,4,16774,2026-02-03,UPI,Mumbai
FEB_010116,CUST_01063,Mouse,2,44907,2026-02-07,Cash on Delivery,Bangalore
FEB_010117,CUST_00442,Laptop,5,23613,2026-02-05,Credit Card,Hyderabad
FEB_010118,CUST_04949,Headphones,1,26599,2026-02-13,Credit Card,Chennai
FEB_010119,CUST_01957,Mouse,5,7711,2026-02-11,Credit Card,Pune
FEB_010120,CUST_00093,Mouse,5,21657,2026-02-10,Debit Card,Pune
FEB_010121,CUST_02862,Laptop,2,24470,2026-02-12,Cash on Delivery,Mumbai
FEB_010122,CUST_03234,Laptop,1,18406,2026-02-16,Cash on Delivery,Delhi
FEB_010123,CUST_02464,Mouse,3,24780,2026-02-03,Cash on Delivery,Hyderabad
FEB_010124,CUST_02751,Smartphone,3,44184,2026-02-03,UPI,Bangalore
FEB_010125,CUST_01523,Smartwatch,4,44990,2026-02-19,Debit Card,Mumbai
FEB_010126,CUST_03110,Headphones,3,18165,2026-02-02,Debit Card,Delhi
FEB_010127,CUST_01890,Smartphone,2,4519,2026-02-12,Credit Card,Mumbai
FEB_010128,CUST_03230,Mouse,2,11103,2026-02-19,Cash on Delivery,Hyderabad
FEB_010129,CUST_00695,Headphones,5,6353,2026-02-18,Cash on Delivery,Hyderabad
FEB_010130,CUST_00499,Mouse,3,19585,2026-02-24,Debit Card,Hyderabad
FEB_010131,CUST_01388,Laptop,5,33632,2026-02-23,UPI,Hyderabad
FEB_010132,CUST_02207,Smartwatch,4,47418,2026-02-27,Debit Card,Bangalore
FEB_010133,CUST_04569,Monitor,5,35128,2026-02-19,Debit Card,Mumbai
FEB_010134,CUST_03921,Smartwatch,5,26917,2026-02-01,UPI,Hyderabad
FEB_010135,CUST_03406,Laptop,4,48375,2026-02-20,Cash on Delivery,Pune
FEB_010136,CUST_03474,Keyboard,2,2886,2026-02-14,Cash on Delivery,Chennai
FEB_010137,CUST_04838,Monitor,4,39333,2026-02-11,UPI,Chennai
FEB_010138,CUST_01319,Tablet,3,14938,2026-02-12,Credit Card,Chennai
FEB_010139,CUST_01975,Monitor,3,37965,2026-02-25,UPI,Chennai
FEB_010140,CUST_03193,Smartwatch,5,13320,2026-02-23,Cash on Delivery,Pune
FEB_010141,CUST_00076,Laptop,1,30914,2026-02-03,UPI,Delhi
FEB_010142,CUST_00073,Smartwatch,4,46795,2026-02-11,UPI,Chennai
FEB_010143,CUST_04113,Tablet,3,46985,2026-02-05,Cash on Delivery,Bangalore
FEB_010144,CUST_04516,Keyboard,1,20554,2026-02-10,Debit Card,Delhi
FEB_010145,CUST_03416,Mouse,1,44084,2026-02-20,Debit Card,Mumbai
FEB_010146,CUST_02207,Headphones,3,25804,2026-02-24,Credit Card,Mumbai
FEB_010147,CUST_00399,Keyboard,3,20171,2026-02-19,Credit Card,Pune
FEB_010148,CUST_00676,Tablet,3,44329,2026-02-13,Debit Card,Delhi
FEB_010149,CUST_04117,Headphones,4,26821,2026-02-18,UPI,Delhi
FEB_010150,CUST_03719,Monitor,1,41928,2026-02-03,UPI,Hyderabad
FEB_010151,CUST_00099,Laptop,4,2433,2026-02-24,UPI,Bangalore
FEB_010152,CUST_00398,Headphones,4,40668,2026-02-02,Debit Card,Delhi
FEB_010153,CUST_00731,Keyboard,2,12363,2026-02-08,Debit Card,Bangalore
FEB_010154,CUST_00152,Smartwatch,3,3253,2026-02-15,Debit Card,Pune
FEB_010155,CUST_02516,Monitor,3,32403,2026-02-01,Credit Card,Pune
FEB_010156,CUST_03245,Mouse,3,42190,2026-02-22,Credit Card,Hyderabad
FEB_010157,CUST_00410,Keyboard,2,25815,2026-02-08,UPI,Pune
FEB_010158,CUST_04909,Headphones,3,5392,2026-02-23,UPI,Chennai
FEB_010159,CUST_03270,Mouse,2,42157,2026-02-11,UPI,Chennai
FEB_010160,CUST_02264,Headphones,2,34776,2026-02-05,Credit Card,Bangalore
FEB_010161,CUST_01817,Laptop,5,14840,2026-02-25,Cash on Delivery,Delhi
FEB_010162,CUST_01074,Mouse,4,19860,2026-02-20,Credit Card,Pune
FEB_010163,CUST_04999,Keyboard,3,39501,2026-02-08,Credit Card,Bangalore
FEB_010164,CUST_04403,Tablet,1,7885,2026-02-26,Debit Card,Mumbai
FEB_010165,CUST_01950,Tablet,5,43025,2026-02-15,UPI,Hyderabad
FEB_010166,CUST_03609,Smartphone,2,45729,2026-02-24,UPI,Chennai
FEB_010167,CUST_02206,Tablet,5,5072,2026-02-27,Debit Card,Hyderabad
FEB_010168,CUST_04679,Smartwatch,1,1674,2026-02-13,Cash on Delivery,Mumbai
FEB_010169,CUST_02475,Smartwatch,1,29354,2026-02-19,Credit Card,Delhi
FEB_010170,CUST_03091,Tablet,5,26465,2026-02-27,Cash on Delivery,Pune
FEB_010171,CUST_02121,Smartphone,2,25226,2026-02-22,UPI,Pune
FEB_010172,CUST_02077,Keyboard,2,42461,2026-02-10,Debit Card,Chennai
FEB_010173,CUST_02172,Mouse,4,1267,2026-02-19,Credit Card,Hyderabad
FEB_010174,CUST_03787,Monitor,5,409,2026-02-18,UPI,Mumbai
FEB_010175,CUST_02529,Tablet,4,10981,2026-02-09,Credit Card,Delhi
FEB_010176,CUST_00923,Keyboard,4,39605,2026-02-18,Cash on Delivery,Bangalore
FEB_010177,CUST_04255,Mouse,5,4014,2026-02-01,UPI,Hyderabad
FEB_010178,CUST_02906,Mouse,3,40198,2026-02-17,UPI,Hyderabad
FEB_010179,CUST_01916,Monitor,5,25773,2026-02-21,Credit Card,Delhi
FEB_010180,CUST_02792,Mouse,1,28832,2026-02-18,Cash on Delivery,Hyderabad
FEB_010181,CUST_03199,Keyboard,4,13524,2026-02-05,Debit Card,Delhi
FEB_010182,CUST_01875,Mouse,2,14672,2026-02-15,Debit Card,Chennai
FEB_010183,CUST_01178,Monitor,3,25924,2026-02-21,UPI,Pune
FEB_010184,CUST_00065,Headphones,1,35025,2026-02-08,UPI,Bangalore
FEB_010185,CUST_04307,Laptop,2,34638,2026-02-13,Debit Card,Delhi
FEB_010186,CUST_04020,Smartphone,4,17664,2026-02-09,Debit Card,Bangalore
FEB_010187,CUST_04986,Smartphone,2,45038,2026-02-10,Debit Card,Mumbai
FEB_010188,CUST_00398,Smartwatch,1,34691,2026-02-10,UPI,Bangalore
FEB_010189,CUST_00994,Tablet,5,25802,2026-02-15,UPI,Bangalore
FEB_010190,CUST_01842,Mouse,3,10273,2026-02-13,Debit Card,Pune
FEB_010191,CUST_00203,Smartwatch,1,16954,2026-02-09,Credit Card,Pune
FEB_010192,CUST_03897,Headphones,2,7163,2026-02-25,Cash on Delivery,Pune
FEB_010193,CUST_03883,Headphones,1,39010,2026-02-03,Credit Card,Mumbai
FEB_010194,CUST_04715,Laptop,4,29295,2026-02-12,Debit Card,Hyderabad
FEB_010195,CUST_01156,Monitor,4,28606,2026-02-22,Cash on Delivery,Delhi
FEB_010196,CUST_04737,Laptop,5,46771,2026-02-10,UPI,Mumbai
FEB_010197,CUST_03625,Tablet,5,19224,2026-02-09,UPI,Chennai
FEB_010198,CUST_04851,Smartwatch,4,27213,2026-02-22,Cash on Delivery,Hyderabad
FEB_010199,CUST_03884,Smartwatch,4,16793,2026-02-04,Cash on Delivery,Chennai
FEB_010200,CUST_03595,Tablet,4,33329,2026-02-25,UPI,Pune
FEB_010201,CUST_01565,Smartwatch,4,16058,2026-02-10,Cash on Delivery,Delhi
FEB_010202,CUST_01873,Keyboard,3,5257,2026-02-07,Credit Card,Mumbai
FEB_010203,CUST_00601,Mouse,3,35981,2026-02-20,Cash on Delivery,Bangalore
FEB_010204,CUST_04306,Tablet,1,6338,2026-02-19,Debit Card,Mumbai
FEB_010205,CUST_00186,Headphones,4,20896,2026-02-01,Debit Card,Mumbai
FEB_010206,CUST_04445,Tablet,2,2428,2026-02-25,Debit Card,Bangalore
FEB_010207,CUST_04578,Mouse,4,42666,2026-02-21,Debit Card,Delhi
FEB_010208,CUST_03159,Monitor,1,21729,2026-02-17,Debit Card,Mumbai
FEB_010209,CUST_04670,Monitor,3,4483,2026-02-24,Debit Card,Pune
FEB_010210,CUST_03800,Headphones,1,5464,2026-02-04,Credit Card,Bangalore
FEB_010211,CUST_00392,Laptop,4,6433,2026-02-08,Credit Card,Mumbai
FEB_010212,CUST_00090,Mouse,4,40036,2026-02-08,Credit Card,Chennai
FEB_010213,CUST_03494,Headphones,1,7901,2026-02-20,Credit Card,Mumbai
FEB_010214,CUST_04365,Headphones,3,1937,2026-02-05,UPI,Bangalore
FEB_010215,CUST_00019,Monitor,3,39762,2026-02-22,Cash on Delivery,Hyderabad
FEB_010216,CUST_01691,Tablet,3,49533,2026-02-15,Credit Card,Mumbai
FEB_010217,CUST_03719,Keyboard,3,5650,2026-02-13,Credit Card,Pune
FEB_010218,CUST_03406,Smartphone,2,33270,2026-02-15,Cash on Delivery,Delhi
FEB_010219,CUST_00540,Smartwatch,1,41430,2026-02-11,Debit Card,Pune
FEB_010220,CUST_02916,Monitor,4,33969,2026-02-02,Debit Card,Pune
FEB_010221,CUST_01396,Smartwatch,2,34144,2026-02-23,Credit Card,Bangalore
FEB_010222,CUST_02867,Monitor,3,22080,2026-02-26,Credit Card,Bangalore
FEB_010223,CUST_01630,Smartwatch,5,44698,2026-02-12,Cash on Delivery,Chennai
FEB_010224,CUST_02042,Headphones,4,19626,2026-02-06,UPI,Hyderabad
FEB_010225,CUST_00636,Keyboard,3,42778,2026-02-22,Cash on Delivery,Pune
FEB_010226,CUST_00219,Headphones,3,12985,2026-02-02,Debit Card,Pune
FEB_010227,CUST_04541,Monitor,5,27828,2026-02-14,UPI,Pune
FEB_010228,CUST_04413,Monitor,2,35074,2026-02-21,Cash on Delivery,Chennai
FEB_010229,CUST_01109,Mouse,2,35796,2026-02-06,Debit Card,Mumbai
FEB_010230,CUST_00501,Laptop,1,24975,2026-02-16,Debit Card,Hyderabad
FEB_010231,CUST_03175,Smartphone,3,49487,2026-02-16,UPI,Chennai
FEB_010232,CUST_03052,Tablet,4,19606,2026-02-05,UPI,Bangalore
FEB_010233,CUST_01764,Smartwatch,5,18285,2026-02-23,Cash on Delivery,Mumbai
FEB_010234,CUST_00746,Smartphone,5,6837,2026-02-07,Credit Card,Mumbai
FEB_010235,CUST_00864,Mouse,3,4808,2026-02-20,Debit Card,Pune
FEB_010236,CUST_01748,Laptop,5,4649,2026-02-26,Credit Card,Pune
FEB_010237,CUST_04341,Smartwatch,5,11019,2026-02-27,Cash on Delivery,Chennai
FEB_010238,CUST_00981,Mouse,3,15188,2026-02-28,Debit Card,Hyderabad
FEB_010239,CUST_02952,Monitor,1,18263,2026-02-02,Credit Card,Bangalore
FEB_010240,CUST_03211,Smartphone,4,36553,2026-02-23,Credit Card,Chennai
FEB_010241,CUST_03318,Laptop,2,25682,2026-02-22,Cash on Delivery,Chennai
FEB_010242,CUST_03494,Smartwatch,4,10423,2026-02-08,Credit Card,Chennai
FEB_010243,CUST_03749,Mouse,2,9401,2026-02-09,Cash on Delivery,Delhi
FEB_010244,CUST_04085,Laptop,1,24032,2026-02-13,UPI,Delhi
FEB_010245,CUST_00957,Keyboard,4,22096,2026-02-01,Debit Card,Hyderabad
FEB_010246,CUST_01567,Monitor,5,4611,2026-02-17,Debit Card,Hyderabad
FEB_010247,CUST_03346,Keyboard,1,34676,2026-02-21,Debit Card,Chennai
FEB_010248,CUST_04530,Tablet,1,14109,2026-02-23,Debit Card,Pune
FEB_010249,CUST_00274,Monitor,3,11388,2026-02-21,UPI,Chennai
FEB_010250,CUST_01660,Laptop,1,43540,2026-02-02,Debit Card,Bangalore
FEB_010251,CUST_01738,Laptop,2,45880,2026-02-18,UPI,Pune
FEB_010252,CUST_01159,Keyboard,2,25373,2026-02-11,Credit Card,Bangalore
FEB_010253,CUST_02392,Mouse,2,12782,2026-02-13,Cash on Delivery,Chennai
FEB_010254,CUST_00504,Smartphone,5,22957,2026-02-04,UPI,Bangalore
FEB_010255,CUST_04475,Mouse,5,6116,2026-02-03,Credit Card,Bangalore
FEB_010256,CUST_00646,Headphones,4,21577,2026-02-08,Debit Card,Pune
FEB_010257,CUST_03011,Smartwatch,4,45711,2026-02-15,Credit Card,Chennai
FEB_010258,CUST_03956,Laptop,4,43274,2026-02-23,Cash on Delivery,Chennai
FEB_010259,CUST_01416,Tablet,5,43599,2026-02-04,Cash on Delivery,Pune
FEB_010260,CUST_04648,Mouse,2,14492,2026-02-24,Debit Card,Bangalore
FEB_010261,CUST_04716,Monitor,3,47148,2026-02-12,Cash on Delivery,Hyderabad
FEB_010262,CUST_02801,Smartphone,3,37204,2026-02-14,Debit Card,Pune
FEB_010263,CUST_03573,Laptop,1,902,2026-02-23,Debit Card,Chennai
FEB_010264,CUST_03665,Mouse,3,30843,2026-02-28,Cash on Delivery,Mumbai
FEB_010265,CUST_01020,Keyboard,2,33036,2026-02-20,Credit Card,Mumbai
FEB_010266,CUST_04358,Keyboard,3,34430,2026-02-22,Debit Card,Hyderabad
FEB_010267,CUST_03183,Keyboard,5,37039,2026-02-13,UPI,Bangalore
FEB_010268,CUST_01672,Tablet,5,21962,2026-02-01,Debit Card,Chennai
FEB_010269,CUST_04335,Mouse,3,19397,2026-02-08,Credit Card,Mumbai
FEB_010270,CUST_02984,Smartwatch,4,27120,2026-02-02,Credit Card,Bangalore
FEB_010271,CUST_01205,Headphones,4,17552,2026-02-25,UPI,Pune
FEB_010272,CUST_03274,Headphones,1,35758,2026-02-16,UPI,Hyderabad
FEB_010273,CUST_01335,Laptop,3,32781,2026-02-23,Debit Card,Bangalore
FEB_010274,CUST_01399,Headphones,3,11698,2026-02-05,Debit Card,Mumbai
FEB_010275,CUST_01817,Mouse,5,35207,2026-02-03,Cash on Delivery,Chennai
FEB_010276,CUST_01741,Headphones,2,35725,2026-02-23,Cash on Delivery,Bangalore
FEB_010277,CUST_00328,Mouse,1,16100,2026-02-05,Cash on Delivery,Chennai
FEB_010278,CUST_02726,Laptop,2,42702,2026-02-19,UPI,Bangalore
FEB_010279,CUST_00962,Laptop,3,2693,2026-02-21,Debit Card,Pune
FEB_010280,CUST_03954,Tablet,2,24736,2026-02-19,Debit Card,Pune
FEB_010281,CUST_01175,Headphones,5,15981,2026-02-02,Credit Card,Delhi
FEB_010282,CUST_00307,Mouse,1,18745,2026-02-06,Debit Card,Hyderabad
FEB_010283,CUST_00178,Headphones,4,17458,2026-02-04,Cash on Delivery,Bangalore
FEB_010284,CUST_02531,Keyboard,4,6420,2026-02-05,Cash on Delivery,Hyderabad
FEB_010285,CUST_03557,Headphones,5,40746,2026-02-13,UPI,Chennai
FEB_010286,CUST_03533,Keyboard,1,16200,2026-02-20,UPI,Pune
FEB_010287,CUST_04708,Tablet,5,27379,2026-02-19,Credit Card,Pune
FEB_010288,CUST_04887,Headphones,2,4298,2026-02-15,Credit Card,Mumbai
FEB_010289,CUST_03870,Headphones,2,31131,2026-02-03,Credit Card,Hyderabad
FEB_010290,CUST_01870,Mouse,2,6983,2026-02-09,Credit Card,Mumbai
FEB_010291,CUST_01292,Monitor,3,11697,2026-02-14,UPI,Mumbai
FEB_010292,CUST_04499,Headphones,2,30190,2026-02-25,UPI,Pune
FEB_010293,CUST_04786,Laptop,3,48805,2026-02-02,Debit Card,Pune
FEB_010294,CUST_02324,Smartphone,3,7414,2026-02-09,Credit Card,Pune
FEB_010295,CUST_04609,Keyboard,4,20391,2026-02-16,Credit Card,Chennai
FEB_010296,CUST_00897,Monitor,2,48037,2026-02-20,Credit Card,Bangalore
FEB_010297,CUST_00499,Keyboard,2,17310,2026-02-08,Cash on Delivery,Chennai
FEB_010298,CUST_04452,Tablet,3,26409,2026-02-01,Cash on Delivery,Pune
FEB_010299,CUST_02739,Monitor,4,4503,2026-02-06,UPI,Delhi
FEB_010300,CUST_02649,Keyboard,5,4209,2026-02-04,Debit Card,Bangalore
FEB_010301,CUST_04879,Headphones,4,33252,2026-02-25,Credit Card,Pune
FEB_010302,CUST_04429,Keyboard,1,49872,2026-02-22,Cash on Delivery,Mumbai
FEB_010303,CUST_02356,Mouse,5,32012,2026-02-06,Debit Card,Mumbai
FEB_010304,CUST_00626,Smartphone,4,46635,2026-02-27,Cash on Delivery,Hyderabad
FEB_010305,CUST_03235,Monitor,2,48973,2026-02-23,Debit Card,Delhi
FEB_010306,CUST_01515,Smartwatch,3,17655,2026-02-23,Credit Card,Bangalore
FEB_010307,CUST_03418,Tablet,3,2107,2026-02-26,UPI,Delhi
FEB_010308,CUST_01413,Tablet,2,47346,2026-02-09,Credit Card,Mumbai
FEB_010309,CUST_01401,Smartwatch,1,6666,2026-02-06,Credit Card,Delhi
FEB_010310,CUST_02215,Tablet,4,40366,2026-02-17,UPI,Mumbai
FEB_010311,CUST_03986,Mouse,4,38260,2026-02-08,Credit Card,Delhi
FEB_010312,CUST_01697,Monitor,2,46203,2026-02-09,Credit Card,Pune
FEB_010313,CUST_04451,Smartwatch,2,41831,2026-02-09,Cash on Delivery,Chennai
FEB_010314,CUST_02272,Tablet,3,38924,2026-02-07,Credit Card,Hyderabad
FEB_010315,CUST_00020,Smartwatch,2,28297,2026-02-12,UPI,Chennai
FEB_010316,CUST_04299,Keyboard,5,11093,2026-02-26,UPI,Bangalore
FEB_010317,CUST_01754,Headphones,2,28765,2026-02-28,Debit Card,Pune
FEB_010318,CUST_03987,Smartwatch,1,31136,2026-02-15,Cash on Delivery,Bangalore
FEB_010319,CUST_04356,Tablet,2,13193,2026-02-25,Debit Card,Hyderabad
FEB_010320,CUST_04910,Smartphone,2,33588,2026-02-06,Debit Card,Mumbai
FEB_010321,CUST_04750,Mouse,2,36785,2026-02-19,Cash on Delivery,Mumbai
FEB_010322,CUST_03491,Smartwatch,3,23813,2026-02-06,Cash on Delivery,Mumbai
FEB_010323,CUST_00786,Tablet,3,46180,2026-02-20,UPI,Pune
FEB_010324,CUST_03112,Smartphone,3,42119,2026-02-20,UPI,Bangalore
FEB_010325,CUST_00336,Keyboard,5,29946,2026-02-12,Credit Card,Bangalore
FEB_010326,CUST_02878,Mouse,5,34032,2026-02-15,Credit Card,Pune
FEB_010327,CUST_03154,Smartphone,2,45636,2026-02-01,Debit Card,Delhi
FEB_010328,CUST_02409,Laptop,4,20644,2026-02-05,Credit Card,Chennai
FEB_010329,CUST_02667,Mouse,3,28011,2026-02-03,Debit Card,Chennai
FEB_010330,CUST_03850,Smartphone,4,9810,2026-02-07,Cash on Delivery,Pune
FEB_010331,CUST_04361,Tablet,1,26973,2026-02-15,Cash on Delivery,Mumbai
FEB_010332,CUST_04026,Laptop,2,48988,2026-02-25,Credit Card,Mumbai
FEB_010333,CUST_03512,Headphones,4,17250,2026-02-14,Cash on Delivery,Chennai
FEB_010334,CUST_02876,Tablet,3,5676,2026-02-17,UPI,Pune
FEB_010335,CUST_01308,Laptop,5,25352,2026-02-01,UPI,Delhi
FEB_010336,CUST_04310,Keyboard,2,16266,2026-02-26,Debit Card,Chennai
FEB_010337,CUST_04295,Headphones,3,2410,2026-02-22,Credit Card,Mumbai
FEB_010338,CUST_01901,Tablet,2,24318,2026-02-07,Cash on Delivery,Hyderabad
FEB_010339,CUST_02417,Laptop,5,1295,2026-02-24,Credit Card,Chennai
FEB_010340,CUST_04484,Laptop,1,8159,2026-02-08,UPI,Delhi
FEB_010341,CUST_00453,Laptop,4,38002,2026-02-16,UPI,Hyderabad
FEB_010342,CUST_00180,Laptop,1,19515,2026-02-21,Credit Card,Bangalore
FEB_010343,CUST_02034,Smartphone,4,14772,2026-02-28,Debit Card,Mumbai
FEB_010344,CUST_04648,Smartphone,5,31677,2026-02-18,Debit Card,Bangalore
FEB_010345,CUST_00981,Monitor,4,41307,2026-02-20,Debit Card,Pune
FEB_010346,CUST_04304,Headphones,1,16700,2026-02-10,Cash on Delivery,Bangalore
FEB_010347,CUST_04117,Mouse,1,8750,2026-02-24,Credit Card,Hyderabad
FEB_010348,CUST_02255,Headphones,4,11160,2026-02-01,UPI,Bangalore
FEB_010349,CUST_00628,Mouse,2,9076,2026-02-01,Credit Card,Chennai
FEB_010350,CUST_03086,Keyboard,4,18541,2026-02-04,Credit Card,Bangalore
FEB_010351,CUST_03041,Keyboard,4,43625,2026-02-04,Credit Card,Delhi
FEB_010352,CUST_00823,Monitor,2,42313,2026-02-03,UPI,Pune
FEB_010353,CUST_01455,Tablet,3,33944,2026-02-17,UPI,Mumbai
FEB_010354,CUST_02415,Keyboard,1,39954,2026-02-09,Debit Card,Chennai
FEB_010355,CUST_02401,Monitor,1,38992,2026-02-17,Debit Card,Bangalore
FEB_010356,CUST_02714,Mouse,2,30927,2026-02-05,Debit Card,Hyderabad
FEB_010357,CUST_02151,Smartphone,1,31593,2026-02-04,UPI,Bangalore
FEB_010358,CUST_04787,Keyboard,5,34121,2026-02-19,Cash on Delivery,Bangalore
FEB_010359,CUST_03341,Smartwatch,2,28166,2026-02-27,Cash on Delivery,Delhi
FEB_010360,CUST_01695,Monitor,2,41788,2026-02-26,Debit Card,Mumbai
FEB_010361,CUST_00655,Tablet,2,31766,2026-02-05,Cash on Delivery,Delhi
FEB_010362,CUST_00075,Headphones,2,29412,2026-02-11,UPI,Chennai
FEB_010363,CUST_04532,Headphones,1,29371,2026-02-26,Debit Card,Bangalore
FEB_010364,CUST_01706,Smartphone,3,23565,2026-02-07,Credit Card,Delhi
FEB_010365,CUST_00726,Monitor,5,2862,2026-02-24,UPI,Bangalore
FEB_010366,CUST_01699,Headphones,1,9864,2026-02-18,Cash on Delivery,Hyderabad
FEB_010367,CUST_04116,Mouse,2,27259,2026-02-16,UPI,Hyderabad
FEB_010368,CUST_03222,Headphones,1,6337,2026-02-02,Credit Card,Delhi
FEB_010369,CUST_02933,Tablet,4,21632,2026-02-23,UPI,Pune
FEB_010370,CUST_00748,Smartwatch,3,37924,2026-02-22,Credit Card,Chennai
FEB_010371,CUST_01961,Headphones,4,35984,2026-02-19,Debit Card,Pune
FEB_010372,CUST_01389,Keyboard,3,16559,2026-02-21,UPI,Mumbai
FEB_010373,CUST_03766,Keyboard,1,42998,2026-02-18,Credit Card,Hyderabad
FEB_010374,CUST_03840,Headphones,4,5898,2026-02-02,Cash on Delivery,Hyderabad
FEB_010375,CUST_02026,Monitor,1,10069,2026-02-26,Cash on Delivery,Mumbai
FEB_010376,CUST_04077,Smartphone,3,46500,2026-02-14,Debit Card,Bangalore
FEB_010377,CUST_02673,Monitor,1,45170,2026-02-21,Debit Card,Chennai
FEB_010378,CUST_03875,Laptop,3,44913,2026-02-04,Cash on Delivery,Bangalore
FEB_010379,CUST_03301,Headphones,5,46600,2026-02-01,Cash on Delivery,Chennai
FEB_010380,CUST_00449,Smartwatch,2,27697,2026-02-02,Credit Card,Bangalore
FEB_010381,CUST_00437,Smartphone,2,1160,2026-02-13,Cash on Delivery,Bangalore
FEB_010382,CUST_03693,Tablet,3,9959,2026-02-13,Credit Card,Bangalore
FEB_010383,CUST_02199,Headphones,3,14755,2026-02-06,Debit Card,Hyderabad
FEB_010384,CUST_03461,Tablet,5,5661,2026-02-13,UPI,Hyderabad
FEB_010385,CUST_02885,Laptop,5,7777,2026-02-16,Cash on Delivery,Chennai
FEB_010386,CUST_04873,Monitor,1,12692,2026-02-15,Credit Card,Delhi
FEB_010387,CUST_02672,Keyboard,5,49249,2026-02-09,Debit Card,Delhi
FEB_010388,CUST_01776,Headphones,1,10983,2026-02-28,UPI,Pune
FEB_010389,CUST_04912,Smartphone,2,35633,2026-02-20,Debit Card,Delhi
FEB_010390,CUST_03025,Smartphone,1,28026,2026-02-12,UPI,Chennai
FEB_010391,CUST_03367,Mouse,4,5453,2026-02-25,Cash on Delivery,Delhi
FEB_010392,CUST_01033,Keyboard,4,33067,2026-02-08,Debit Card,Mumbai
FEB_010393,CUST_02732,Smartphone,4,19469,2026-02-24,Credit Card,Mumbai
FEB_010394,CUST_00419,Mouse,5,44582,2026-02-04,UPI,Pune
FEB_010395,CUST_00522,Laptop,3,18033,2026-02-05,Cash on Delivery,Chennai
FEB_010396,CUST_04458,Keyboard,5,22234,2026-02-23,UPI,Bangalore
FEB_010397,CUST_00447,Keyboard,2,49747,2026-02-19,Debit Card,Delhi
FEB_010398,CUST_00595,Laptop,3,3313,2026-02-16,UPI,Hyderabad
FEB_010399,CUST_03587,Smartphone,4,4626,2026-02-20,Credit Card,Pune
FEB_010400,CUST_03388,Headphones,4,21985,2026-02-11,Debit Card,Delhi
FEB_010401,CUST_01678,Smartphone,4,16502,2026-02-09,Credit Card,Bangalore
FEB_010402,CUST_00468,Mouse,2,41419,2026-02-09,Cash on Delivery,Bangalore
FEB_010403,CUST_00796,Headphones,2,33110,2026-02-04,Cash on Delivery,Mumbai
FEB_010404,CUST_02916,Laptop,2,16806,2026-02-03,Credit Card,Bangalore
FEB_010405,CUST_03375,Tablet,4,40769,2026-02-02,UPI,Hyderabad
FEB_010406,CUST_02584,Mouse,2,35799,2026-02-27,UPI,Pune
FEB_010407,CUST_02877,Laptop,4,19203,2026-02-03,Credit Card,Mumbai
FEB_010408,CUST_04808,Smartphone,3,6216,2026-02-24,Cash on Delivery,Bangalore
FEB_010409,CUST_01578,Smartwatch,5,24822,2026-02-05,Credit Card,Mumbai
FEB_010410,CUST_02412,Tablet,4,14656,2026-02-21,Credit Card,Hyderabad
FEB_010411,CUST_02570,Keyboard,3,1569,2026-02-18,Cash on Delivery,Bangalore
FEB_010412,CUST_03170,Smartphone,2,44759,2026-02-13,UPI,Delhi
FEB_010413,CUST_04254,Mouse,2,12311,2026-02-16,Cash on Delivery,Mumbai
FEB_010414,CUST_01742,Mouse,2,37464,2026-02-02,Credit Card,Hyderabad
FEB_010415,CUST_00694,Mouse,5,11101,2026-02-13,UPI,Pune
FEB_010416,CUST_03607,Monitor,2,41070,2026-02-28,Cash on Delivery,Hyderabad
FEB_010417,CUST_00680,Monitor,1,12067,2026-02-13,Cash on Delivery,Mumbai
FEB_010418,CUST_01664,Tablet,2,27839,2026-02-07,Credit Card,Chennai
FEB_010419,CUST_01192,Monitor,5,18735,2026-02-11,Cash on Delivery,Hyderabad
FEB_010420,CUST_00378,Keyboard,2,6714,2026-02-14,Debit Card,Mumbai
FEB_010421,CUST_02221,Mouse,1,15947,2026-02-20,Cash on Delivery,Pune
FEB_010422,CUST_04229,Mouse,1,37278,2026-02-28,Credit Card,Delhi
FEB_010423,CUST_01616,Monitor,4,43452,2026-02-10,Credit Card,Pune
FEB_010424,CUST_00273,Tablet,3,41590,2026-02-19,Credit Card,Bangalore
FEB_010425,CUST_01836,Tablet,4,32472,2026-02-01,Cash on Delivery,Bangalore
FEB_010426,CUST_02664,Laptop,2,16318,2026-02-18,Cash on Delivery,Chennai
FEB_010427,CUST_02583,Keyboard,5,18217,2026-02-13,Debit Card,Delhi
FEB_010428,CUST_03475,Headphones,1,22407,2026-02-21,Debit Card,Delhi
FEB_010429,CUST_02743,Keyboard,1,20385,2026-02-18,UPI,Hyderabad
FEB_010430,CUST_04111,Tablet,1,8120,2026-02-22,Cash on Delivery,Pune
FEB_010431,CUST_01417,Keyboard,2,38826,2026-02-02,Credit Card,Mumbai
FEB_010432,CUST_02844,Keyboard,4,45858,2026-02-18,UPI,Delhi
FEB_010433,CUST_03992,Mouse,2,30750,2026-02-01,Credit Card,Pune
FEB_010434,CUST_01424,Laptop,5,41356,2026-02-27,Cash on Delivery,Pune
FEB_010435,CUST_00366,Tablet,3,37705,2026-02-17,Credit Card,Hyderabad
FEB_010436,CUST_01919,Headphones,4,13814,2026-02-26,Credit Card,Bangalore
FEB_010437,CUST_02023,Smartwatch,5,42676,2026-02-01,Credit Card,Chennai
FEB_010438,CUST_00163,Keyboard,5,33042,2026-02-13,UPI,Delhi
FEB_010439,CUST_04767,Monitor,2,2816,2026-02-10,Debit Card,Chennai
FEB_010440,CUST_03569,Mouse,4,31100,2026-02-07,UPI,Bangalore
FEB_010441,CUST_01133,Tablet,2,11460,2026-02-01,Credit Card,Delhi
FEB_010442,CUST_01916,Laptop,5,19055,2026-02-09,Debit Card,Hyderabad
FEB_010443,CUST_00135,Monitor,5,23450,2026-02-04,Credit Card,Bangalore
FEB_010444,CUST_04623,Mouse,4,33453,2026-02-08,UPI,Hyderabad
FEB_010445,CUST_03718,Mouse,5,38111,2026-02-09,Credit Card,Pune
FEB_010446,CUST_04575,Keyboard,4,28322,2026-02-13,Credit Card,Chennai
FEB_010447,CUST_03055,Laptop,4,26892,2026-02-28,Debit Card,Hyderabad
FEB_010448,CUST_04797,Tablet,2,14515,2026-02-07,UPI,Delhi
FEB_010449,CUST_03921,Laptop,5,45621,2026-02-27,Debit Card,Hyderabad
FEB_010450,CUST_03060,Mouse,3,48009,2026-02-28,Debit Card,Mumbai
FEB_010451,CUST_00885,Smartphone,4,33378,2026-02-09,Cash on Delivery,Chennai
FEB_010452,CUST_01719,Laptop,3,360,2026-02-17,Debit Card,Pune
FEB_010453,CUST_02887,Monitor,5,13531,2026-02-20,UPI,Hyderabad
FEB_010454,CUST_04664,Headphones,4,14118,2026-02-05,UPI,Delhi
FEB_010455,CUST_02275,Monitor,4,36008,2026-02-20,Debit Card,Hyderabad
FEB_010456,CUST_00338,Mouse,2,4360,2026-02-08,Cash on Delivery,Bangalore
FEB_010457,CUST_01597,Smartphone,3,41406,2026-02-19,Credit Card,Hyderabad
FEB_010458,CUST_00155,Laptop,1,41602,2026-02-20,UPI,Mumbai
FEB_010459,CUST_04796,Tablet,4,25539,2026-02-22,Debit Card,Mumbai
FEB_010460,CUST_00928,Tablet,3,28362,2026-02-15,Credit Card,Hyderabad
FEB_010461,CUST_01082,Headphones,1,31268,2026-02-09,Debit Card,Hyderabad
FEB_010462,CUST_01692,Laptop,1,14430,2026-02-02,Debit Card,Pune
FEB_010463,CUST_01214,Mouse,3,48825,2026-02-03,Credit Card,Pune
FEB_010464,CUST_03781,Keyboard,2,27248,2026-02-22,Credit Card,Chennai
FEB_010465,CUST_04044,Keyboard,3,15916,2026-02-28,UPI,Delhi
FEB_010466,CUST_02393,Mouse,3,13488,2026-02-11,Cash on Delivery,Chennai
FEB_010467,CUST_02816,Monitor,3,43738,2026-02-28,Credit Card,Chennai
FEB_010468,CUST_03248,Monitor,3,23214,2026-02-01,Debit Card,Hyderabad
FEB_010469,CUST_00532,Smartphone,3,20185,2026-02-14,Debit Card,Mumbai
FEB_010470,CUST_03227,Laptop,1,48904,2026-02-01,UPI,Delhi
FEB_010471,CUST_03034,Monitor,4,27883,2026-02-05,Debit Card,Chennai
FEB_010472,CUST_01570,Headphones,5,30176,2026-02-01,Cash on Delivery,Mumbai
FEB_010473,CUST_03403,Mouse,3,9254,2026-02-11,Cash on Delivery,Pune
FEB_010474,CUST_04339,Headphones,3,41133,2026-02-15,Debit Card,Pune
FEB_010475,CUST_02425,Smartphone,4,20750,2026-02-08,Credit Card,Hyderabad
FEB_010476,CUST_03773,Tablet,2,20195,2026-02-02,Debit Card,Pune
FEB_010477,CUST_02001,Laptop,2,21607,2026-02-04,Cash on Delivery,Delhi
FEB_010478,CUST_00353,Keyboard,3,41019,2026-02-13,Credit Card,Pune
FEB_010479,CUST_04912,Mouse,3,2694,2026-02-20,Cash on Delivery,Delhi
FEB_010480,CUST_04820,Mouse,4,36329,2026-02-16,Debit Card,Hyderabad
FEB_010481,CUST_02018,Keyboard,1,3363,2026-02-11,Debit Card,Mumbai
FEB_010482,CUST_04504,Headphones,4,7808,2026-02-14,Cash on Delivery,Delhi
FEB_010483,CUST_04975,Keyboard,2,12273,2026-02-12,Cash on Delivery,Chennai
FEB_010484,CUST_04093,Tablet,3,30880,2026-02-24,Cash on Delivery,Pune
FEB_010485,CUST_03165,Laptop,1,34231,2026-02-08,Cash on Delivery,Delhi
FEB_010486,CUST_04304,Smartphone,2,38670,2026-02-23,Cash on Delivery,Mumbai
FEB_010487,CUST_02739,Tablet,5,46599,2026-02-08,Cash on Delivery,Bangalore
FEB_010488,CUST_00235,Smartwatch,2,14969,2026-02-01,Debit Card,Bangalore
FEB_010489,CUST_04491,Monitor,1,15242,2026-02-15,Debit Card,Bangalore
FEB_010490,CUST_04684,Smartphone,2,28421,2026-02-24,UPI,Mumbai
FEB_010491,CUST_03040,Mouse,5,43935,2026-02-05,Debit Card,Chennai
FEB_010492,CUST_02646,Headphones,2,29888,2026-02-26,UPI,Hyderabad
FEB_010493,CUST_00934,Smartwatch,1,38899,2026-02-12,Debit Card,Pune
FEB_010494,CUST_04017,Smartphone,3,7682,2026-02-24,Debit Card,Chennai
FEB_010495,CUST_02113,Monitor,2,19966,2026-02-19,Credit Card,Mumbai
FEB_010496,CUST_01611,Laptop,2,9642,2026-02-05,UPI,Bangalore
FEB_010497,CUST_00938,Tablet,3,7859,2026-02-27,Credit Card,Bangalore
FEB_010498,CUST_01115,Mouse,4,35767,2026-02-19,UPI,Delhi
FEB_010499,CUST_04742,Monitor,2,1760,2026-02-02,Debit Card,Hyderabad
FEB_010500,CUST_00740,Tablet,5,18997,2026-02-22,Credit Card,Hyderabad
