Order_ID,Customer_ID,Product,Quantity,Price,Order_Date,Payment_Method,Location
JAN_000001,CUST_00913,Laptop,3,16249,2026-01-21,Credit Card,Delhi
JAN_000002,CUST_00840,Smartphone,5,27851,2026-01-24,UPI,Mumbai
JAN_000003,CUST_01792,Keyboard,5,39653,2026-01-03,UPI,Hyderabad
JAN_000004,CUST_04465,Smartwatch,2,29639,2026-01-07,Debit Card,Mumbai
JAN_000005,CUST_01308,Smartwatch,3,18410,2026-01-25,Credit Card,Delhi
JAN_000006,CUST_02758,Smartphone,1,25098,2026-01-31,UPI,Bangalore
JAN_000007,CUST_02818,Mouse,1,48023,2026-01-28,Cash on Delivery,Hyderabad
JAN_000008,CUST_03101,Smartphone,5,19413,2026-01-04,Debit Card,Hyderabad
JAN_000009,CUST_00570,Laptop,2,19165,2026-01-07,UPI,Delhi
JAN_000010,CUST_00828,Smartwatch,3,29914,2026-01-28,Debit Card,Delhi
JAN_000011,CUST_02911,Keyboard,3,46194,2026-01-12,UPI,Hyderabad
JAN_000012,CUST_01402,Keyboard,2,30494,2026-01-21,Cash on Delivery,Bangalore
JAN_000013,CUST_04563,Keyboard,3,3865,2026-01-30,Credit Card,Mumbai
JAN_000014,CUST_02585,Smartwatch,3,4537,2026-01-26,Credit Card,Hyderabad
JAN_000015,CUST_02578,Keyboard,4,26128,2026-01-29,Cash on Delivery,Delhi
JAN_000016,CUST_01144,Keyboard,5,35522,2026-01-09,Debit Card,Pune
JAN_000017,CUST_03510,Smartwatch,3,14573,2026-01-19,Credit Card,Hyderabad
JAN_000018,CUST_00745,Laptop,1,10216,2026-01-16,Credit Card,Pune
JAN_000019,CUST_04886,Smartphone,4,25209,2026-01-14,Cash on Delivery,Hyderabad
JAN_000020,CUST_04533,Laptop,1,44876,2026-01-09,Debit Card,Pune
JAN_000021,CUST_00914,Mouse,4,10565,2026-01-11,Cash on Delivery,Mumbai
JAN_000022,CUST_02158,Headphones,5,7173,2026-01-31,Debit Card,Pune
JAN_000023,CUST_04989,Keyboard,2,24704,2026-01-17,Credit Card,Hyderabad
JAN_000024,CUST_04345,Laptop,5,21443,2026-01-31,Cash on Delivery,Mumbai
JAN_000025,CUST_02974,Mouse,2,3996,2026-01-04,Credit Card,Hyderabad
JAN_000026,CUST_00646,Smartphone,4,4735,2026-01-31,Credit Card,Delhi
JAN_000027,CUST_03894,Headphones,3,34781,2026-01-22,Cash on Delivery,Delhi
JAN_000028,CUST_04418,Keyboard,3,26348,2026-01-30,Debit Card,Chennai
JAN_000029,CUST_04240,Tablet,1,16446,2026-01-29,Credit Card,Mumbai
JAN_000030,CUST_00173,Keyboard,5,14632,2026-01-11,UPI,Mumbai
JAN_000031,CUST_00483,Keyboard,1,2258,2026-01-23,Debit Card,Mumbai
JAN_000032,CUST_01950,Mouse,4,14240,2026-01-17,Credit Card,Pune
JAN_000033,CUST_04678,Tablet,2,31196,2026-01-30,Cash on Delivery,Delhi
JAN_000034,CUST_00795,Smartwatch,3,27959,2026-01-04,Cash on Delivery,Chennai
JAN_000035,CUST_00444,Smartphone,1,26586,2026-01-28,Debit Card,Mumbai
JAN_000036,CUST_01570,Keyboard,5,29600,2026-01-08,Credit Card,Chennai
JAN_000037,CUST_02282,Tablet,2,5140,2026-01-06,Cash on Delivery,Hyderabad
JAN_000038,CUST_00415,Laptop,1,49585,2026-01-04,Credit Card,Delhi
JAN_000039,CUST_03979,Tablet,2,26482,2026-01-14,UPI,Delhi
JAN_000040,CUST_00018,Smartwatch,3,30019,2026-01-13,Debit Card,Chennai
JAN_000041,CUST_04553,Tablet,2,12645,2026-01-23,Debit Card,Delhi
JAN_000042,CUST_00480,Laptop,3,3946,2026-01-31,UPI,Hyderabad
JAN_000043,CUST_04120,Headphones,1,33481,2026-01-16,UPI,Delhi
JAN_000044,CUST_04875,Smartphone,2,26661,2026-01-03,UPI,Hyderabad
JAN_000045,CUST_04743,Laptop,5,5572,2026-01-08,Cash on Delivery,Pune
JAN_000046,CUST_04631,Monitor,3,13586,2026-01-19,Debit Card,Delhi
JAN_000047,CUST_03243,Headphones,3,30164,2026-01-09,Debit Card,Mumbai
JAN_000048,CUST_03755,Smartphone,1,35434,2026-01-01,Credit Card,Hyderabad
JAN_000049,CUST_01086,Monitor,1,16209,2026-01-09,Debit Card,Bangalore
JAN_000050,CUST_03590,Mouse,5,43058,2026-01-06,UPI,Pune
JAN_000051,CUST_04544,Mouse,1,9000,2026-01-27,Debit Card,Mumbai
JAN_000052,CUST_00877,Headphones,3,18665,2026-01-29,Credit Card,Pune
JAN_000053,CUST_01668,Mouse,5,32216,2026-01-11,Debit Card,Mumbai
JAN_000054,CUST_03470,Mouse,1,432,2026-01-03,Debit Card,Delhi
JAN_000055,CUST_02146,Headphones,4,36354,2026-01-21,Cash on Delivery,Hyderabad
JAN_000056,CUST_00917,Smartphone,2,35955,2026-01-01,UPI,Bangalore
JAN_000057,CUST_04527,Headphones,4,8552,2026-01-19,UPI,Bangalore
JAN_000058,CUST_00327,Monitor,2,44899,2026-01-12,Credit Card,Pune
JAN_000059,CUST_02898,Smartwatch,5,49317,2026-01-04,Credit Card,Delhi
JAN_000060,CUST_01332,Headphones,4,1824,2026-01-28,Credit Card,Pune
JAN_000061,CUST_02722,Smartwatch,2,17685,2026-01-30,Credit Card,Pune
JAN_000062,CUST_03134,Laptop,4,14777,2026-01-04,Credit Card,Chennai
JAN_000063,CUST_02501,Keyboard,2,1750,2026-01-12,Credit Card,Chennai
JAN_000064,CUST_02283,Smartphone,3,23212,2026-01-11,Cash on Delivery,Pune
JAN_000065,CUST_04393,Monitor,1,7759,2026-01-27,Debit Card,Delhi
JAN_000066,CUST_02175,Laptop,1,39296,2026-01-19,Cash on Delivery,Bangalore
JAN_000067,CUST_02570,Smartwatch,5,33716,2026-01-24,UPI,Chennai
JAN_000068,CUST_04724,Keyboard,3,3108,2026-01-29,Cash on Delivery,Mumbai
JAN_000069,CUST_04411,Keyboard,3,28465,2026-01-17,UPI,Pune
JAN_000070,CUST_02705,Monitor,1,47369,2026-01-30,Debit Card,Hyderabad
JAN_000071,CUST_03346,Monitor,4,45892,2026-01-10,Debit Card,Hyderabad
JAN_000072,CUST_01572,Smartwatch,4,44588,2026-01-05,Credit Card,Hyderabad
JAN_000073,CUST_02466,Smartwatch,5,226,2026-01-19,Debit Card,Bangalore
JAN_000074,CUST_03522,Monitor,4,29152,2026-01-07,Cash on Delivery,Pune
JAN_000075,CUST_04188,Tablet,2,43378,2026-01-07,UPI,Bangalore
JAN_000076,CUST_02746,Smartphone,2,44292,2026-01-17,Debit Card,Delhi
JAN_000077,CUST_01632,Headphones,1,3228,2026-01-26,Credit Card,Chennai
JAN_000078,CUST_00597,Tablet,4,41472,2026-01-20,Credit Card,Pune
JAN_000079,CUST_03146,Tablet,4,16189,2026-01-23,Credit Card,Pune
JAN_000080,CUST_00046,Smartphone,4,14541,2026-01-23,Credit Card,Pune
JAN_000081,CUST_03806,Laptop,5,16531,2026-01-17,UPI,Chennai
JAN_000082,CUST_03807,Monitor,4,40350,2026-01-05,Cash on Delivery,Hyderabad
JAN_000083,CUST_01304,Tablet,4,17186,2026-01-15,Credit Card,Pune
JAN_000084,CUST_04271,Tablet,2,18196,2026-01-09,Cash on Delivery,Mumbai
JAN_000085,CUST_02341,Keyboard,3,22210,2026-01-23,Debit Card,Hyderabad
JAN_000086,CUST_01134,Headphones,2,25302,2026-01-03,Credit Card,Pune
JAN_000087,CUST_00527,Smartwatch,4,21884,2026-01-07,Cash on Delivery,Chennai
JAN_000088,CUST_01695,Smartwatch,4,38478,2026-01-02,UPI,Hyderabad
JAN_000089,CUST_03908,Laptop,3,19769,2026-01-13,Cash on Delivery,Chennai
JAN_000090,CUST_04474,Keyboard,4,14580,2026-01-18,Debit Card,Chennai
JAN_000091,CUST_00238,Smartwatch,3,44035,2026-01-16,Cash on Delivery,Pune
JAN_000092,CUST_03829,Headphones,5,35204,2026-01-06,UPI,Chennai
JAN_000093,CUST_04624,Laptop,1,42323,2026-01-19,Cash on Delivery,Delhi
JAN_000094,CUST_03783,Headphones,1,17249,2026-01-28,Cash on Delivery,Bangalore
JAN_000095,CUST_03725,Monitor,3,25046,2026-01-07,Debit Card,Chennai
JAN_000096,CUST_00671,Tablet,1,49288,2026-01-09,UPI,Bangalore
JAN_000097,CUST_00563,Laptop,1,16405,2026-01-08,Credit Card,Mumbai
JAN_000098,CUST_01249,Keyboard,2,31235,2026-01-20,UPI,Hyderabad
JAN_000099,CUST_01786,Tablet,3,24375,2026-01-31,Credit Card,Hyderabad
JAN_000100,CUST_00939,Headphones,3,7284,2026-01-20,UPI,Bangalore
JAN_000101,CUST_03075,Smartwatch,2,5180,2026-01-19,Credit Card,Mumbai
JAN_000102,CUST_02471,Smartphone,5,2891,2026-01-23,Debit Card,Hyderabad
JAN_000103,CUST_03036,Smartphone,5,42637,2026-01-14,Debit Card,Mumbai
JAN_000104,CUST_03442,Tablet,1,28611,2026-01-28,Debit Card,Pune
JAN_000105,CUST_03767,Headphones,4,11743,2026-01-29,Debit Card,Hyderabad
JAN_000106,CUST_04409,Tablet,4,28745,2026-01-26,Debit Card,Bangalore
JAN_000107,CUST_02012,Smartphone,3,29743,2026-01-28,Credit Card,Chennai
JAN_000108,CUST_05000,Smartwatch,3,2080,2026-01-19,Cash on Delivery,Bangalore
JAN_000109,CUST_03995,Keyboard,3,17131,2026-01-06,Debit Card,Bangalore
JAN_000110,CUST_04884,Mouse,5,865,2026-01-29,Credit Card,Mumbai
JAN_000111,CUST_03330,Tablet,5,49887,2026-01-08,Credit Card,Pune
JAN_000112,CUST_04021,Tablet,1,6298,2026-01-16,Debit Card,Delhi
JAN_000113,CUST_01994,Mouse,5,24384,2026-01-13,Cash on Delivery,Hyderabad
JAN_000114,CUST_02817,Smartwatch,5,21878,2026-01-17,Debit Card,Pune
JAN_000115,CUST_02220,Mouse,3,15308,2026-01-15,UPI,Pune
JAN_000116,CUST_02585,Smartphone,5,45430,2026-01-07,Credit Card,Delhi
JAN_000117,CUST_03967,Mouse,5,34582,2026-01-07,Debit Card,Mumbai
JAN_000118,CUST_01591,Mouse,2,23850,2026-01-27,Credit Card,Bangalore
JAN_000119,CUST_04376,Headphones,3,3182,2026-01-01,UPI,Hyderabad
JAN_000120,CUST_01035,Tablet,1,1003,2026-01-10,Debit Card,Chennai
JAN_000121,CUST_03609,Monitor,2,3567,2026-01-16,Debit Card,Chennai
JAN_000122,CUST_00536,Smartwatch,4,5055,2026-01-04,UPI,Delhi
JAN_000123,CUST_04611,Mouse,1,16465,2026-01-05,UPI,Hyderabad
JAN_000124,CUST_03410,Keyboard,5,25128,2026-01-25,Cash on Delivery,Chennai
JAN_000125,CUST_04822,Smartwatch,3,37465,2026-01-10,UPI,Hyderabad
JAN_000126,CUST_00813,Keyboard,2,17543,2026-01-31,UPI,Delhi
JAN_000127,CUST_01424,Smartphone,2,375,2026-01-08,Cash on Delivery,Chennai
JAN_000128,CUST_04865,Tablet,3,2339,2026-01-23,Credit Card,Bangalore
JAN_000129,CUST_02317,Tablet,1,45248,2026-01-23,Credit Card,Bangalore
JAN_000130,CUST_04832,Keyboard,4,7721,2026-01-26,Credit Card,Pune
JAN_000131,CUST_02177,Headphones,1,4108,2026-01-05,Credit Card,Bangalore
JAN_000132,CUST_04663,Mouse,4,8349,2026-01-20,Cash on Delivery,Pune
JAN_000133,CUST_03298,Mouse,5,35588,2026-01-10,Cash on Delivery,Chennai
JAN_000134,CUST_04900,Laptop,4,48338,2026-01-03,Debit Card,Hyderabad
JAN_000135,CUST_00212,Smartphone,2,44390,2026-01-09,UPI,Pune
JAN_000136,CUST_02208,Laptop,2,31034,2026-01-27,Cash on Delivery,Bangalore
JAN_000137,CUST_04796,Smartwatch,4,6179,2026-01-06,Cash on Delivery,Bangalore
JAN_000138,CUST_02731,Monitor,1,10739,2026-01-14,Debit Card,Chennai
JAN_000139,CUST_04059,Mouse,4,36251,2026-01-23,UPI,Chennai
JAN_000140,CUST_02577,Mouse,3,7797,2026-01-03,Cash on Delivery,Hyderabad
JAN_000141,CUST_00010,Tablet,4,3752,2026-01-27,Credit Card,Hyderabad
JAN_000142,CUST_04084,Tablet,1,13540,2026-01-12,Debit Card,Hyderabad
JAN_000143,CUST_02360,Tablet,4,8157,2026-01-05,UPI,Pune
JAN_000144,CUST_01961,Headphones,3,36299,2026-01-20,UPI,Hyderabad
JAN_000145,CUST_00764,Keyboard,1,30441,2026-01-14,UPI,Pune
JAN_000146,CUST_01262,Tablet,3,33549,2026-01-27,Debit Card,Chennai
JAN_000147,CUST_03953,Tablet,2,30135,2026-01-27,Credit Card,Chennai
JAN_000148,CUST_04911,Headphones,1,18304,2026-01-07,Cash on Delivery,Bangalore
JAN_000149,CUST_04160,Mouse,1,18736,2026-01-30,Debit Card,Hyderabad
JAN_000150,CUST_04012,Headphones,4,35496,2026-01-19,Cash on Delivery,Bangalore
JAN_000151,CUST_04522,Smartwatch,4,21288,2026-01-11,Credit Card,Pune
JAN_000152,CUST_04685,Smartwatch,2,27120,2026-01-08,UPI,Bangalore
JAN_000153,CUST_03875,Smartwatch,4,43695,2026-01-24,Credit Card,Chennai
JAN_000154,CUST_00304,Headphones,5,38878,2026-01-31,Debit Card,Mumbai
JAN_000155,CUST_03607,Smartphone,5,30145,2026-01-28,UPI,Pune
JAN_000156,CUST_03359,Headphones,1,30968,2026-01-05,Debit Card,Bangalore
JAN_000157,CUST_03257,Smartphone,3,44394,2026-01-20,Cash on Delivery,Bangalore
JAN_000158,CUST_03998,Laptop,5,4684,2026-01-21,Credit Card,Pune
JAN_000159,CUST_02355,Keyboard,1,28640,2026-01-22,UPI,Pune
JAN_000160,CUST_00824,Tablet,2,45682,2026-01-23,Debit Card,Mumbai
JAN_000161,CUST_02658,Laptop,3,23692,2026-01-02,Debit Card,Chennai
JAN_000162,CUST_02001,Smartwatch,5,44882,2026-01-05,Credit Card,Delhi
JAN_000163,CUST_00647,Smartwatch,5,44969,2026-01-06,Credit Card,Chennai
JAN_000164,CUST_04778,Headphones,2,30421,2026-01-30,Debit Card,Chennai
JAN_000165,CUST_00077,Tablet,3,44607,2026-01-09,Credit Card,Mumbai
JAN_000166,CUST_02831,Mouse,4,45440,2026-01-15,Debit Card,Chennai
JAN_000167,CUST_02475,Keyboard,4,31867,2026-01-28,UPI,Delhi
JAN_000168,CUST_04686,Monitor,5,19590,2026-01-13,Debit Card,Mumbai
JAN_000169,CUST_03243,Mouse,1,37288,2026-01-27,UPI,Hyderabad
JAN_000170,CUST_04070,Mouse,2,39984,2026-01-24,Debit Card,Delhi
JAN_000171,CUST_01558,Mouse,2,41372,2026-01-21,UPI,Pune
JAN_000172,CUST_00323,Mouse,4,2386,2026-01-21,Debit Card,Pune
JAN_000173,CUST_00739,Mouse,3,49186,2026-01-05,Cash on Delivery,Delhi
JAN_000174,CUST_01083,Monitor,5,33085,2026-01-07,Debit Card,Delhi
JAN_000175,CUST_03948,Mouse,3,7747,2026-01-09,Cash on Delivery,Mumbai
JAN_000176,CUST_01849,Smartwatch,5,24171,2026-01-05,UPI,Chennai
JAN_000177,CUST_02167,Smartphone,4,24355,2026-01-01,Debit Card,Hyderabad
JAN_000178,CUST_03044,Smartphone,2,31098,2026-01-13,UPI,Hyderabad
JAN_000179,CUST_04600,Monitor,5,14707,2026-01-29,UPI,Pune
JAN_000180,CUST_03804,Mouse,4,7846,2026-01-27,Credit Card,Mumbai
JAN_000181,CUST_00305,Mouse,4,7810,2026-01-31,UPI,Delhi
JAN_000182,CUST_04404,Headphones,4,29929,2026-01-29,Debit Card,Pune
JAN_000183,CUST_04426,Smartwatch,5,48845,2026-01-31,Credit Card,Chennai
JAN_000184,CUST_00812,Tablet,5,26946,2026-01-21,Debit Card,Mumbai
JAN_000185,CUST_03036,Keyboard,4,29343,2026-01-23,Credit Card,Bangalore
JAN_000186,CUST_03010,Monitor,1,26292,2026-01-04,Debit Card,Delhi
JAN_000187,CUST_01001,Tablet,1,43635,2026-01-31,Credit Card,Pune
JAN_000188,CUST_04892,Laptop,1,22056,2026-01-21,Credit Card,Delhi
JAN_000189,CUST_04626,Keyboard,1,36520,2026-01-26,Credit Card,Hyderabad
JAN_000190,CUST_01909,Monitor,2,39258,2026-01-07,UPI,Bangalore
JAN_000191,CUST_01186,Headphones,5,16626,2026-01-28,Credit Card,Mumbai
JAN_000192,CUST_00212,Headphones,1,23677,2026-01-22,Credit Card,Hyderabad
JAN_000193,CUST_00130,Headphones,3,3634,2026-01-11,Credit Card,Pune
JAN_000194,CUST_04310,Smartphone,1,31411,2026-01-14,Cash on Delivery,Bangalore
JAN_000195,CUST_04864,Smartphone,4,33219,2026-01-17,Credit Card,Hyderabad
JAN_000196,CUST_04272,Mouse,4,42361,2026-01-02,UPI,Mumbai
JAN_000197,CUST_03291,Smartwatch,1,32330,2026-01-16,Cash on Delivery,Mumbai
JAN_000198,CUST_00662,Monitor,5,9921,2026-01-29,UPI,Delhi
JAN_000199,CUST_04796,Monitor,4,39350,2026-01-09,Debit Card,Chennai
JAN_000200,CUST_04960,Smartwatch,1,46191,2026-01-17,UPI,Pune
JAN_000201,CUST_04517,Keyboard,4,29793,2026-01-21,Credit Card,Chennai
JAN_000202,CUST_03716,Smartwatch,4,48015,2026-01-11,UPI,Bangalore
JAN_000203,CUST_02561,Mouse,3,10203,2026-01-14,Cash on Delivery,Mumbai
JAN_000204,CUST_00700,Smartphone,4,6528,2026-01-03,Debit Card,Delhi
JAN_000205,CUST_00492,Monitor,1,27122,2026-01-18,Debit Card,Pune
JAN_000206,CUST_03465,Laptop,3,39548,2026-01-31,Debit Card,Bangalore
JAN_000207,CUST_04735,Keyboard,2,43239,2026-01-04,Cash on Delivery,Delhi
JAN_000208,CUST_00887,Monitor,5,24288,2026-01-28,UPI,Bangalore
JAN_000209,CUST_01853,Smartwatch,5,40945,2026-01-19,UPI,Hyderabad
JAN_000210,CUST_02191,Laptop,2,18109,2026-01-30,Debit Card,Bangalore
JAN_000211,CUST_00051,Headphones,2,37314,2026-01-12,Cash on Delivery,Mumbai
JAN_000212,CUST_00252,Smartphone,5,14298,2026-01-05,Cash on Delivery,Chennai
JAN_000213,CUST_02793,Headphones,3,20623,2026-01-15,Debit Card,Hyderabad
JAN_000214,CUST_00696,Laptop,2,10516,2026-01-20,UPI,Pune
JAN_000215,CUST_02230,Tablet,4,32028,2026-01-03,Cash on Delivery,Chennai
JAN_000216,CUST_01766,Smartphone,3,28374,2026-01-09,UPI,Bangalore
JAN_000217,CUST_04859,Tablet,5,43921,2026-01-22,Debit Card,Mumbai
JAN_000218,CUST_03238,Laptop,1,13597,2026-01-08,Debit Card,Delhi
JAN_000219,CUST_01125,Mouse,3,21703,2026-01-25,UPI,Mumbai
JAN_000220,CUST_03528,Headphones,2,25117,2026-01-16,Credit Card,Hyderabad
JAN_000221,CUST_02902,Smartphone,4,48830,2026-01-18,UPI,Chennai
JAN_000222,CUST_03767,Smartphone,3,37932,2026-01-01,Cash on Delivery,Hyderabad
JAN_000223,CUST_03422,Mouse,1,26744,2026-01-13,UPI,Bangalore
JAN_000224,CUST_03770,Monitor,1,28820,2026-01-06,UPI,Delhi
JAN_000225,CUST_04825,Smartwatch,5,5354,2026-01-14,Cash on Delivery,Bangalore
JAN_000226,CUST_02782,Keyboard,3,11218,2026-01-24,UPI,Hyderabad
JAN_000227,CUST_00935,Keyboard,3,23209,2026-01-21,Credit Card,Delhi
JAN_000228,CUST_01200,Mouse,2,11570,2026-01-04,Credit Card,Pune
JAN_000229,CUST_01452,Tablet,4,49643,2026-01-03,Cash on Delivery,Pune
JAN_000230,CUST_04625,Monitor,3,10093,2026-01-30,Cash on Delivery,Mumbai
JAN_000231,CUST_03623,Mouse,3,38959,2026-01-16,UPI,Bangalore
JAN_000232,CUST_00608,Mouse,4,29816,2026-01-17,UPI,Mumbai
JAN_000233,CUST_02352,Smartphone,1,40505,2026-01-12,Cash on Delivery,Chennai
JAN_000234,CUST_04541,Laptop,4,37664,2026-01-19,Credit Card,Bangalore
JAN_000235,CUST_03897,Headphones,1,29725,2026-01-20,UPI,Bangalore
JAN_000236,CUST_00691,Headphones,1,16436,2026-01-23,Cash on Delivery,Chennai
JAN_000237,CUST_04283,Headphones,3,24635,2026-01-17,Debit Card,Chennai
JAN_000238,CUST_02772,Laptop,3,4519,2026-01-14,Debit Card,Mumbai
JAN_000239,CUST_03167,Mouse,3,47630,2026-01-18,Credit Card,Bangalore
JAN_000240,CUST_04774,Headphones,3,20531,2026-01-03,Cash on Delivery,Delhi
JAN_000241,CUST_00695,Mouse,5,24886,2026-01-20,Debit Card,Delhi
JAN_000242,CUST_04313,Smartphone,4,33524,2026-01-22,Debit Card,Mumbai
JAN_000243,CUST_02531,Headphones,2,22595,2026-01-12,Cash on Delivery,Delhi
JAN_000244,CUST_01127,Headphones,1,19585,2026-01-08,UPI,Hyderabad
JAN_000245,CUST_04422,Laptop,3,40703,2026-01-25,Credit Card,Hyderabad
JAN_000246,CUST_01264,Headphones,2,45606,2026-01-13,Credit Card,Pune
JAN_000247,CUST_00358,Smartwatch,3,44526,2026-01-15,Credit Card,Chennai
JAN_000248,CUST_02335,Tablet,2,35196,2026-01-20,Credit Card,Bangalore
JAN_000249,CUST_03843,Keyboard,3,44653,2026-01-31,Cash on Delivery,Chennai
JAN_000250,CUST_02309,Smartwatch,5,34767,2026-01-25,Cash on Delivery,Delhi
JAN_000251,CUST_01636,Headphones,3,3619,2026-01-27,Cash on Delivery,Bangalore
JAN_000252,CUST_00841,Smartphone,3,5696,2026-01-18,Credit Card,Bangalore
JAN_000253,CUST_04206,Headphones,4,6210,2026-01-15,Credit Card,Chennai
JAN_000254,CUST_02864,Laptop,4,3690,2026-01-29,Cash on Delivery,Hyderabad
JAN_000255,CUST_01932,Smartwatch,1,24770,2026-01-12,Credit Card,Mumbai
JAN_000256,CUST_00812,Monitor,2,9217,2026-01-11,UPI,Bangalore
JAN_000257,CUST_03871,Headphones,4,29599,2026-01-30,UPI,Mumbai
JAN_000258,CUST_02097,Keyboard,2,36166,2026-01-01,Cash on Delivery,Mumbai
JAN_000259,CUST_02361,Keyboard,3,8185,2026-01-25,UPI,Delhi
JAN_000260,CUST_03745,Smartphone,1,32956,2026-01-14,UPI,Pune
JAN_000261,CUST_04711,Keyboard,2,19288,2026-01-17,Cash on Delivery,Mumbai
JAN_000262,CUST_02891,Keyboard,5,27500,2026-01-20,Credit Card,Pune
JAN_000263,CUST_00702,Monitor,1,34675,2026-01-22,UPI,Chennai
JAN_000264,CUST_03852,Laptop,4,24664,2026-01-28,Debit Card,Pune
JAN_000265,CUST_02926,Smartphone,3,16002,2026-01-01,UPI,Hyderabad
JAN_000266,CUST_02724,Headphones,1,23288,2026-01-24,Debit Card,Pune
JAN_000267,CUST_03807,Tablet,2,9037,2026-01-06,UPI,Pune
JAN_000268,CUST_03750,Laptop,3,13411,2026-01-25,UPI,Delhi
JAN_000269,CUST_00344,Monitor,3,33976,2026-01-29,Cash on Delivery,Hyderabad
JAN_000270,CUST_02076,Laptop,2,18950,2026-01-16,Debit Card,Mumbai
JAN_000271,CUST_02720,Mouse,1,24318,2026-01-28,Cash on Delivery,Chennai
JAN_000272,CUST_03603,Smartwatch,3,12443,2026-01-24,Cash on Delivery,Pune
JAN_000273,CUST_03010,Mouse,1,47850,2026-01-16,Cash on Delivery,Mumbai
JAN_000274,CUST_04936,Headphones,5,19452,2026-01-14,Debit Card,Mumbai
JAN_000275,CUST_02687,Mouse,3,29423,2026-01-03,Cash on Delivery,Delhi
JAN_000276,CUST_03637,Monitor,4,2975,2026-01-23,Debit Card,Hyderabad
JAN_000277,CUST_02250,Laptop,1,44186,2026-01-14,Cash on Delivery,Bangalore
JAN_000278,CUST_01311,Laptop,2,40017,2026-01-17,Cash on Delivery,Mumbai
JAN_000279,CUST_00551,Keyboard,3,23933,2026-01-05,Cash on Delivery,Hyderabad
JAN_000280,CUST_04957,Headphones,4,24511,2026-01-02,Debit Card,Chennai
JAN_000281,CUST_00630,Headphones,5,24248,2026-01-25,Cash on Delivery,Bangalore
JAN_000282,CUST_02284,Keyboard,1,1898,2026-01-21,Credit Card,Chennai
JAN_000283,CUST_03171,Smartphone,3,17258,2026-01-17,Cash on Delivery,Delhi
JAN_000284,CUST_02340,Tablet,2,8237,2026-01-20,Credit Card,Mumbai
JAN_000285,CUST_01415,Tablet,1,44890,2026-01-15,Debit Card,Pune
JAN_000286,CUST_00532,Mouse,3,10522,2026-01-12,Credit Card,Bangalore
JAN_000287,CUST_01837,Smartphone,2,9301,2026-01-17,Credit Card,Chennai
JAN_000288,CUST_02957,Monitor,4,36352,2026-01-01,Credit Card,Hyderabad
JAN_000289,CUST_00707,Smartphone,3,26293,2026-01-29,Cash on Delivery,Hyderabad
JAN_000290,CUST_03355,Smartphone,2,20976,2026-01-14,UPI,Chennai
JAN_000291,CUST_04239,Monitor,2,36330,2026-01-15,Credit Card,Delhi
JAN_000292,CUST_04120,Laptop,1,34154,2026-01-14,Credit Card,Bangalore
JAN_000293,CUST_01327,Monitor,2,22876,2026-01-06,Debit Card,Mumbai
JAN_000294,CUST_01609,Mouse,2,41161,2026-01-09,Debit Card,Hyderabad
JAN_000295,CUST_00766,Headphones,5,38253,2026-01-18,Credit Card,Delhi
JAN_000296,CUST_04958,Monitor,5,2899,2026-01-22,UPI,Mumbai
JAN_000297,CUST_04725,Mouse,2,37695,2026-01-02,Cash on Delivery,Hyderabad
JAN_000298,CUST_00249,Tablet,5,19183,2026-01-21,Debit Card,Chennai
JAN_000299,CUST_03327,Mouse,4,4982,2026-01-08,UPI,Delhi
JAN_000300,CUST_03405,Tablet,4,13570,2026-01-15,Debit Card,Hyderabad
JAN_000301,CUST_02561,Monitor,3,26330,2026-01-05,Credit Card,Bangalore
JAN_000302,CUST_04602,Smartphone,3,16042,2026-01-17,Cash on Delivery,Mumbai
JAN_000303,CUST_03684,Keyboard,2,6544,2026-01-09,UPI,Bangalore
JAN_000304,CUST_03147,Smartwatch,2,10666,2026-01-31,Debit Card,Hyderabad
JAN_000305,CUST_02562,Keyboard,2,32854,2026-01-24,Cash on Delivery,Chennai
JAN_000306,CUST_02528,Tablet,1,6101,2026-01-29,Cash on Delivery,Hyderabad
JAN_000307,CUST_01973,Keyboard,5,23327,2026-01-15,UPI,Mumbai
JAN_000308,CUST_04055,Tablet,3,35372,2026-01-10,UPI,Mumbai
JAN_000309,CUST_01098,Mouse,3,26627,2026-01-14,Debit Card,Mumbai
JAN_000310,CUST_00420,Keyboard,3,36456,2026-01-13,Debit Card,Mumbai
JAN_000311,CUST_04131,Tablet,5,18531,2026-01-13,UPI,Delhi
JAN_000312,CUST_03227,Monitor,3,36758,2026-01-04,Debit Card,Delhi
JAN_000313,CUST_04936,Smartwatch,5,2838,2026-01-07,UPI,Mumbai
JAN_000314,CUST_02729,Tablet,5,30149,2026-01-05,Credit Card,Hyderabad
JAN_000315,CUST_04224,Headphones,3,40378,2026-01-29,Debit Card,Delhi
JAN_000316,CUST_02452,Monitor,5,33604,2026-01-13,Cash on Delivery,Pune
JAN_000317,CUST_02456,Tablet,1,24340,2026-01-19,Debit Card,Pune
JAN_000318,CUST_03413,Mouse,1,39319,2026-01-04,Cash on Delivery,Bangalore
JAN_000319,CUST_04739,Keyboard,1,38441,2026-01-31,Cash on Delivery,Delhi
JAN_000320,CUST_03115,Headphones,2,2269,2026-01-17,UPI,Delhi
JAN_000321,CUST_03613,Monitor,4,10124,2026-01-01,Cash on Delivery,Pune
JAN_000322,CUST_03362,Tablet,1,46453,2026-01-07,Credit Card,Hyderabad
JAN_000323,CUST_04595,Monitor,4,34637,2026-01-07,Cash on Delivery,Bangalore
JAN_000324,CUST_01419,Tablet,5,22634,2026-01-31,Debit Card,Pune
JAN_000325,CUST_02166,Tablet,2,16355,2026-01-25,Debit Card,Hyderabad
JAN_000326,CUST_01843,Mouse,3,46396,2026-01-10,Credit Card,Pune
JAN_000327,CUST_04006,Monitor,4,23059,2026-01-23,Debit Card,Bangalore
JAN_000328,CUST_04698,Smartwatch,4,22818,2026-01-04,Credit Card,Bangalore
JAN_000329,CUST_02357,Smartphone,3,29191,2026-01-02,Debit Card,Pune
JAN_000330,CUST_01753,Keyboard,5,17968,2026-01-16,Debit Card,Delhi
JAN_000331,CUST_04808,Keyboard,2,3526,2026-01-04,Credit Card,Pune
JAN_000332,CUST_00431,Smartphone,4,21846,2026-01-08,Cash on Delivery,Mumbai
JAN_000333,CUST_01127,Laptop,5,10550,2026-01-22,Cash on Delivery,Pune
JAN_000334,CUST_03897,Tablet,2,49739,2026-01-30,Debit Card,Bangalore
JAN_000335,CUST_00485,Smartphone,5,15418,2026-01-10,UPI,Delhi
JAN_000336,CUST_01441,Laptop,4,32665,2026-01-14,Credit Card,Pune
JAN_000337,CUST_02372,Laptop,1,19755,2026-01-31,UPI,Bangalore
JAN_000338,CUST_03723,Tablet,2,33244,2026-01-10,Cash on Delivery,Bangalore
JAN_000339,CUST_00923,Monitor,2,48114,2026-01-07,Cash on Delivery,Pune
JAN_000340,CUST_01526,Laptop,3,19534,2026-01-09,Credit Card,Delhi
JAN_000341,CUST_03322,Smartwatch,5,21691,2026-01-20,UPI,Chennai
JAN_000342,CUST_00782,Headphones,2,31490,2026-01-22,Debit Card,Delhi
JAN_000343,CUST_02137,Smartwatch,2,29477,2026-01-01,Debit Card,Bangalore
JAN_000344,CUST_04772,Laptop,3,43039,2026-01-10,Debit Card,Pune
JAN_000345,CUST_00509,Smartphone,4,20306,2026-01-08,Credit Card,Chennai
JAN_000346,CUST_04117,Mouse,1,42058,2026-01-22,Debit Card,Bangalore
JAN_000347,CUST_01810,Keyboard,2,31538,2026-01-20,Credit Card,Chennai
JAN_000348,CUST_04963,Monitor,4,46202,2026-01-24,Cash on Delivery,Hyderabad
JAN_000349,CUST_01790,Keyboard,5,5565,2026-01-26,Cash on Delivery,Hyderabad
JAN_000350,CUST_02964,Smartphone,5,7553,2026-01-23,UPI,Hyderabad
JAN_000351,CUST_04141,Keyboard,5,35370,2026-01-29,Credit Card,Delhi
JAN_000352,CUST_04263,Tablet,1,44783,2026-01-11,Credit Card,Pune
JAN_000353,CUST_04005,Smartphone,5,29395,2026-01-19,UPI,Chennai
JAN_000354,CUST_04205,Smartwatch,4,37156,2026-01-05,UPI,Hyderabad
JAN_000355,CUST_02525,Laptop,4,16876,2026-01-15,UPI,Pune
JAN_000356,CUST_04738,Smartphone,1,27967,2026-01-07,Debit Card,Pune
JAN_000357,CUST_04434,Laptop,1,31137,2026-01-03,UPI,Bangalore
JAN_000358,CUST_01475,Headphones,4,24740,2026-01-14,Cash on Delivery,Chennai
JAN_000359,CUST_03093,Smartwatch,1,44943,2026-01-28,Credit Card,Pune
JAN_000360,CUST_02849,Smartphone,2,35409,2026-01-28,Cash on Delivery,Hyderabad
JAN_000361,CUST_01825,Laptop,1,19753,2026-01-05,Cash on Delivery,Pune
JAN_000362,CUST_04461,Smartwatch,5,25056,2026-01-24,Credit Card,Delhi
JAN_000363,CUST_02836,Headphones,3,12552,2026-01-15,UPI,Mumbai
JAN_000364,CUST_03435,Laptop,2,13705,2026-01-26,UPI,Mumbai
JAN_000365,CUST_00276,Tablet,5,44241,2026-01-20,UPI,Delhi
JAN_000366,CUST_00363,Smartwatch,4,15557,2026-01-24,Credit Card,Mumbai
JAN_000367,CUST_04128,Mouse,2,48140,2026-01-05,Debit Card,Hyderabad
JAN_000368,CUST_02627,Keyboard,3,9588,2026-01-20,Credit Card,Chennai
JAN_000369,CUST_02255,Laptop,5,38975,2026-01-10,Credit Card,Pune
JAN_000370,CUST_03500,Tablet,1,22771,2026-01-22,Cash on Delivery,Hyderabad
JAN_000371,CUST_03411,Smartwatch,2,19853,2026-01-11,Cash on Delivery,Delhi
JAN_000372,CUST_04407,Tablet,2,14968,2026-01-25,Debit Card,Pune
JAN_000373,CUST_03794,Laptop,5,27245,2026-01-05,Cash on Delivery,Hyderabad
JAN_000374,CUST_01099,Smartwatch,2,16911,2026-01-17,Credit Card,Bangalore
JAN_000375,CUST_00648,Tablet,3,6259,2026-01-21,Credit Card,Mumbai
JAN_000376,CUST_03090,Laptop,1,12531,2026-01-09,Credit Card,Chennai
JAN_000377,CUST_02728,Mouse,1,14081,2026-01-07,Credit Card,Pune
JAN_000378,CUST_03924,Keyboard,5,46322,2026-01-04,Credit Card,Chennai
JAN_000379,CUST_01961,Monitor,3,25147,2026-01-30,Cash on Delivery,Hyderabad
JAN_000380,CUST_02944,Mouse,3,23769,2026-01-21,Cash on Delivery,Chennai
JAN_000381,CUST_03847,Monitor,2,24494,2026-01-04,Debit Card,Chennai
JAN_000382,CUST_04609,Keyboard,2,1262,2026-01-02,Debit Card,Hyderabad
JAN_000383,CUST_04785,Smartwatch,3,10188,2026-01-30,Credit Card,Bangalore
JAN_000384,CUST_03112,Keyboard,4,36286,2026-01-08,Debit Card,Bangalore
JAN_000385,CUST_04003,Tablet,4,11225,2026-01-25,Debit Card,Delhi
JAN_000386,CUST_04478,Tablet,2,35729,2026-01-05,UPI,Hyderabad
JAN_000387,CUST_00609,Laptop,1,27226,2026-01-02,Credit Card,Pune
JAN_000388,CUST_00557,Headphones,1,14534,2026-01-08,Cash on Delivery,Bangalore
JAN_000389,CUST_03959,Tablet,1,633,2026-01-02,Cash on Delivery,Mumbai
JAN_000390,CUST_04337,Mouse,5,18988,2026-01-01,UPI,Hyderabad
JAN_000391,CUST_03528,Headphones,1,6512,2026-01-27,Credit Card,Delhi
JAN_000392,CUST_04313,Mouse,3,17719,2026-01-07,Cash on Delivery,Mumbai
JAN_000393,CUST_03327,Tablet,5,16138,2026-01-12,Credit Card,Bangalore
JAN_000394,CUST_00661,Laptop,1,26760,2026-01-22,Cash on Delivery,Chennai
JAN_000395,CUST_03900,Laptop,1,46261,2026-01-18,Credit Card,Mumbai
JAN_000396,CUST_03555,Monitor,5,6449,2026-01-16,UPI,Delhi
JAN_000397,CUST_04644,Tablet,3,3251,2026-01-07,UPI,Pune
JAN_000398,CUST_02297,Laptop,2,20810,2026-01-30,UPI,Delhi
JAN_000399,CUST_01182,Smartwatch,1,19813,2026-01-19,Credit Card,Hyderabad
JAN_000400,CUST_04643,Smartwatch,5,21940,2026-01-08,Cash on Delivery,Pune
JAN_000401,CUST_00643,Monitor,1,6601,2026-01-05,Cash on Delivery,Delhi
JAN_000402,CUST_00623,Monitor,5,40430,2026-01-27,Cash on Delivery,Bangalore
JAN_000403,CUST_02240,Tablet,4,15151,2026-01-01,Debit Card,Hyderabad
JAN_000404,CUST_03076,Smartwatch,2,44744,2026-01-31,Cash on Delivery,Mumbai
JAN_000405,CUST_02420,Keyboard,1,5576,2026-01-25,Debit Card,Delhi
JAN_000406,CUST_01264,Smartwatch,3,23838,2026-01-13,UPI,Mumbai
JAN_000407,CUST_02526,Tablet,3,17879,2026-01-01,UPI,Delhi
JAN_000408,CUST_01536,Smartwatch,4,36702,2026-01-03,Cash on Delivery,Mumbai
JAN_000409,CUST_00735,Monitor,5,6299,2026-01-01,Debit Card,Chennai
JAN_000410,CUST_02391,Smartwatch,4,5750,2026-01-01,Credit Card,Hyderabad
JAN_000411,CUST_01390,Smartwatch,2,9299,2026-01-17,Debit Card,Bangalore
JAN_000412,CUST_04040,Headphones,1,11158,2026-01-09,Cash on Delivery,Bangalore
JAN_000413,CUST_02456,Tablet,1,23866,2026-01-14,Debit Card,Delhi
JAN_000414,CUST_04062,Keyboard,4,7210,2026-01-24,Credit Card,Bangalore
JAN_000415,CUST_03242,Monitor,5,25096,2026-01-01,Debit Card,Chennai
JAN_000416,CUST_03528,Headphones,3,21215,2026-01-11,Credit Card,Chennai
JAN_000417,CUST_01456,Smartwatch,3,19300,2026-01-11,Cash on Delivery,Hyderabad
JAN_000418,CUST_01986,Monitor,4,18569,2026-01-26,Cash on Delivery,Bangalore
JAN_000419,CUST_04620,Keyboard,5,35958,2026-01-04,Credit Card,Pune
JAN_000420,CUST_04507,Laptop,4,46623,2026-01-25,Credit Card,Chennai
JAN_000421,CUST_02387,Smartphone,4,44304,2026-01-26,Cash on Delivery,Delhi
JAN_000422,CUST_02481,Keyboard,3,43366,2026-01-21,Credit Card,Pune
JAN_000423,CUST_03089,Smartphone,4,39386,2026-01-14,Cash on Delivery,Hyderabad
JAN_000424,CUST_04378,Smartwatch,5,2609,2026-01-13,Debit Card,Pune
JAN_000425,CUST_04399,Smartphone,1,16468,2026-01-29,Debit Card,Delhi
JAN_000426,CUST_00363,Smartwatch,3,28410,2026-01-21,UPI,Mumbai
JAN_000427,CUST_02120,Keyboard,5,49145,2026-01-04,Credit Card,Chennai
JAN_000428,CUST_03205,Tablet,5,45448,2026-01-12,Credit Card,Bangalore
JAN_000429,CUST_03955,Smartphone,3,27461,2026-01-01,UPI,Mumbai
JAN_000430,CUST_01161,Monitor,3,22683,2026-01-27,Cash on Delivery,Delhi
JAN_000431,CUST_03957,Monitor,4,6597,2026-01-17,Cash on Delivery,Pune
JAN_000432,CUST_03707,Monitor,1,19878,2026-01-23,UPI,Pune
JAN_000433,CUST_00186,Monitor,1,44577,2026-01-04,Credit Card,Pune
JAN_000434,CUST_04228,Headphones,5,10694,2026-01-08,Debit Card,Hyderabad
JAN_000435,CUST_03786,Keyboard,4,41471,2026-01-14,Credit Card,Delhi
JAN_000436,CUST_03541,Smartwatch,1,48525,2026-01-21,Credit Card,Chennai
JAN_000437,CUST_03519,Smartwatch,1,46385,2026-01-19,Credit Card,Delhi
JAN_000438,CUST_00513,Smartphone,5,12452,2026-01-09,Debit Card,Bangalore
JAN_000439,CUST_03749,Smartphone,3,44155,2026-01-07,Cash on Delivery,Hyderabad
JAN_000440,CUST_02568,Smartwatch,5,25925,2026-01-31,UPI,Bangalore
JAN_000441,CUST_03751,Headphones,3,40470,2026-01-12,UPI,Pune
JAN_000442,CUST_02566,Smartphone,2,20213,2026-01-05,UPI,Delhi
JAN_000443,CUST_01159,Smartwatch,4,39287,2026-01-12,Credit Card,Hyderabad
JAN_000444,CUST_03466,Headphones,4,41848,2026-01-13,Credit Card,Hyderabad
JAN_000445,CUST_04012,Mouse,2,12461,2026-01-06,Debit Card,Chennai
JAN_000446,CUST_00440,Monitor,1,31959,2026-01-20,Credit Card,Delhi
JAN_000447,CUST_03146,Tablet,4,45072,2026-01-27,Cash on Delivery,Chennai
JAN_000448,CUST_03637,Tablet,2,5617,2026-01-23,UPI,Delhi
JAN_000449,CUST_00268,Mouse,2,35432,2026-01-10,Debit Card,Delhi
JAN_000450,CUST_03747,Tablet,5,33676,2026-01-25,UPI,Hyderabad
JAN_000451,CUST_02195,Monitor,5,49796,2026-01-04,UPI,Pune
JAN_000452,CUST_04476,Keyboard,4,6911,2026-01-15,Credit Card,Bangalore
JAN_000453,CUST_00265,Tablet,3,23044,2026-01-28,UPI,Chennai
JAN_000454,CUST_00962,Keyboard,2,48540,2026-01-28,Debit Card,Pune
JAN_000455,CUST_03508,Headphones,5,9324,2026-01-20,Credit Card,Delhi
JAN_000456,CUST_00487,Monitor,5,18621,2026-01-26,Credit Card,Bangalore
JAN_000457,CUST_02398,Mouse,5,17720,2026-01-23,UPI,Delhi
JAN_000458,CUST_03372,Laptop,3,43184,2026-01-31,Credit Card,Pune
JAN_000459,CUST_01088,Keyboard,2,46821,2026-01-28,Debit Card,Delhi
JAN_000460,CUST_03218,Tablet,2,38042,2026-01-25,Debit Card,Pune
JAN_000461,CUST_03074,Tablet,1,41725,2026-01-14,UPI,Chennai
JAN_000462,CUST_02280,Monitor,4,32184,2026-01-17,Debit Card,Hyderabad
JAN_000463,CUST_00764,Tablet,3,4350,2026-01-01,Cash on Delivery,Delhi
JAN_000464,CUST_03520,Keyboard,4,17798,2026-01-31,Debit Card,Bangalore
JAN_000465,CUST_04484,Headphones,5,32007,2026-01-11,Debit Card,Pune
JAN_000466,CUST_00397,Laptop,1,41237,2026-01-25,Cash on Delivery,Mumbai
JAN_000467,CUST_01295,Tablet,4,244,2026-01-04,Cash on Delivery,Delhi
JAN_000468,CUST_01081,Mouse,2,18158,2026-01-23,UPI,Pune
JAN_000469,CUST_02052,Smartphone,3,43749,2026-01-12,Credit Card,Mumbai
JAN_000470,CUST_02503,Keyboard,4,43157,2026-01-13,UPI,Pune
JAN_000471,CUST_00009,Keyboard,4,5307,2026-01-04,Credit Card,Hyderabad
JAN_000472,CUST_04256,Tablet,1,728,2026-01-08,Debit Card,Mumbai
JAN_000473,CUST_03460,Headphones,4,4841,2026-01-28,Credit Card,Chennai
JAN_000474,CUST_00840,Smartphone,3,24288,2026-01-03,Debit Card,Delhi
JAN_000475,CUST_01091,Headphones,1,34967,2026-01-13,UPI,Hyderabad
JAN_000476,CUST_01345,Tablet,3,47545,2026-01-21,Credit Card,Pune
JAN_000477,CUST_01241,Smartwatch,5,45194,2026-01-24,Cash on Delivery,Delhi
JAN_000478,CUST_00824,Headphones,1,38838,2026-01-03,Cash on Delivery,Bangalore
JAN_000479,CUST_03518,Monitor,2,16438,2026-01-31,Debit Card,Pune
JAN_000480,CUST_02033,Mouse,1,43349,2026-01-03,Debit Card,Delhi
JAN_000481,CUST_04972,Keyboard,4,19568,2026-01-17,UPI,Delhi
JAN_000482,CUST_03162,Smartphone,2,32940,2026-01-16,UPI,Hyderabad
JAN_000483,CUST_00099,Monitor,3,8849,2026-01-29,Cash on Delivery,Hyderabad
JAN_000484,CUST_02994,Headphones,4,4983,2026-01-14,UPI,Hyderabad
JAN_000485,CUST_00113,Mouse,2,2810,2026-01-03,UPI,Chennai
JAN_000486,CUST_02347,Smartwatch,4,46193,2026-01-17,Cash on Delivery,Mumbai
JAN_000487,CUST_04396,Headphones,3,5678,2026-01-21,Debit Card,Mumbai
JAN_000488,CUST_01665,Headphones,5,21613,2026-01-17,Cash on Delivery,Hyderabad
JAN_000489,CUST_00542,Mouse,4,48038,2026-01-21,Credit Card,Mumbai
JAN_000490,CUST_00707,Smartwatch,1,29912,2026-01-08,UPI,Bangalore
JAN_000491,CUST_01439,Smartphone,1,46592,2026-01-22,Credit Card,Pune
JAN_000492,CUST_01343,Tablet,3,34475,2026-01-01,Debit Card,Delhi
JAN_000493,CUST_01040,Mouse,1,2123,2026-01-12,Debit Card,Chennai
JAN_000494,CUST_04292,Smartphone,3,46882,2026-01-09,UPI,Chennai
JAN_000495,CUST_04185,Monitor,1,32942,2026-01-15,Credit Card,Bangalore
JAN_000496,CUST_02090,Smartphone,5,44379,2026-01-06,UPI,Delhi
JAN_000497,CUST_04169,Laptop,1,1005,2026-01-24,Credit Card,Mumbai
JAN_000498,CUST_02982,Smartwatch,2,11928,2026-01-16,UPI,Hyderabad
JAN_000499,CUST_03436,Keyboard,3,16470,2026-01-26,Cash on Delivery,Pune
JAN_000500,CUST_02223,Smartphone,5,24632,2026-01-11,UPI,Hyderabad
JAN_000501,CUST_00432,Headphones,2,34001,2026-01-22,UPI,Chennai
JAN_000502,CUST_03811,Mouse,3,21649,2026-01-03,UPI,Hyderabad
JAN_000503,CUST_00066,Monitor,2,19309,2026-01-15,Debit Card,Pune
JAN_000504,CUST_01988,Tablet,3,38977,2026-01-20,Cash on Delivery,Delhi
JAN_000505,CUST_04478,Keyboard,2,617,2026-01-24,Cash on Delivery,Mumbai
JAN_000506,CUST_04437,Monitor,1,22155,2026-01-08,UPI,Pune
JAN_000507,CUST_02520,Smartphone,2,34921,2026-01-13,Credit Card,Chennai
JAN_000508,CUST_00491,Headphones,3,6296,2026-01-16,UPI,Delhi
JAN_000509,CUST_04258,Smartwatch,3,30245,2026-01-29,UPI,Hyderabad
JAN_000510,CUST_04141,Headphones,4,5104,2026-01-04,UPI,Chennai
JAN_000511,CUST_01071,Keyboard,3,17304,2026-01-22,Debit Card,Chennai
JAN_000512,CUST_02673,Monitor,4,18022,2026-01-23,Credit Card,Mumbai
JAN_000513,CUST_01661,Headphones,5,7341,2026-01-31,Credit Card,Mumbai
JAN_000514,CUST_03683,Tablet,3,26841,2026-01-06,UPI,Hyderabad
JAN_000515,CUST_01701,Tablet,3,30565,2026-01-12,Debit Card,Mumbai
JAN_000516,CUST_01292,Mouse,5,2843,2026-01-03,Credit Card,Bangalore
JAN_000517,CUST_00748,Keyboard,3,26168,2026-01-05,UPI,Pune
JAN_000518,CUST_02132,Headphones,1,26702,2026-01-10,Cash on Delivery,Hyderabad
JAN_000519,CUST_04507,Keyboard,1,30480,2026-01-24,UPI,Delhi
JAN_000520,CUST_00098,Laptop,2,8766,2026-01-04,Credit Card,Chennai
JAN_000521,CUST_00689,Mouse,1,1628,2026-01-12,UPI,Delhi
JAN_000522,CUST_03633,Headphones,1,21928,2026-01-29,UPI,Mumbai
JAN_000523,CUST_03777,Laptop,2,37810,2026-01-31,Cash on Delivery,Pune
JAN_000524,CUST_04065,Laptop,4,44975,2026-01-13,Cash on Delivery,Delhi
JAN_000525,CUST_01759,Headphones,3,18540,2026-01-12,Cash on Delivery,Delhi
JAN_000526,CUST_02014,Mouse,4,27200,2026-01-02,Cash on Delivery,Mumbai
JAN_000527,CUST_02292,Smartwatch,2,27674,2026-01-03,Credit Card,Pune
JAN_000528,CUST_04308,Keyboard,5,1479,2026-01-29,Cash on Delivery,Pune
JAN_000529,CUST_03930,Tablet,3,37270,2026-01-12,Debit Card,Chennai
JAN_000530,CUST_01474,Laptop,3,39332,2026-01-09,Credit Card,Mumbai
JAN_000531,CUST_02302,Laptop,4,34896,2026-01-29,Debit Card,Hyderabad
JAN_000532,CUST_01308,Smartphone,2,43248,2026-01-08,Credit Card,Bangalore
JAN_000533,CUST_00459,Keyboard,5,25655,2026-01-18,Debit Card,Delhi
JAN_000534,CUST_01938,Monitor,3,38968,2026-01-06,UPI,Pune
JAN_000535,CUST_02881,Headphones,5,12536,2026-01-23,Cash on Delivery,Hyderabad
JAN_000536,CUST_01439,Tablet,1,6115,2026-01-10,UPI,Delhi
JAN_000537,CUST_01793,Laptop,5,31525,2026-01-20,UPI,Bangalore
JAN_000538,CUST_01651,Headphones,3,47185,2026-01-30,Credit Card,Bangalore
JAN_000539,CUST_00180,Headphones,5,46382,2026-01-02,Credit Card,Mumbai
JAN_000540,CUST_04312,Monitor,1,24683,2026-01-28,Cash on Delivery,Hyderabad
JAN_000541,CUST_02758,Mouse,3,9142,2026-01-04,Credit Card,Pune
JAN_000542,CUST_03579,Tablet,3,11616,2026-01-31,Debit Card,Delhi
JAN_000543,CUST_04825,Headphones,4,20307,2026-01-22,Debit Card,Delhi
JAN_000544,CUST_00015,Smartwatch,5,2322,2026-01-06,Credit Card,Hyderabad
JAN_000545,CUST_01810,Smartphone,4,9417,2026-01-11,Debit Card,Pune
JAN_000546,CUST_01950,Monitor,3,11202,2026-01-03,UPI,Pune
JAN_000547,CUST_02751,Tablet,1,17580,2026-01-22,Credit Card,Delhi
JAN_000548,CUST_00556,Monitor,3,7280,2026-01-23,UPI,Mumbai
JAN_000549,CUST_03590,Smartwatch,2,27333,2026-01-13,Cash on Delivery,Chennai
JAN_000550,CUST_04474,Smartwatch,1,31623,2026-01-12,Credit Card,Delhi
JAN_000551,CUST_00604,Laptop,3,1515,2026-01-15,Debit Card,Bangalore
JAN_000552,CUST_00858,Smartphone,3,11348,2026-01-31,Cash on Delivery,Delhi
JAN_000553,CUST_00615,Smartphone,3,39130,2026-01-24,Cash on Delivery,Pune
JAN_000554,CUST_03534,Headphones,5,28655,2026-01-01,Credit Card,Mumbai
JAN_000555,CUST_02713,Keyboard,2,27022,2026-01-04,Debit Card,Pune
JAN_000556,CUST_02437,Keyboard,1,3452,2026-01-10,Cash on Delivery,Hyderabad
JAN_000557,CUST_04022,Headphones,1,23847,2026-01-18,UPI,Chennai
JAN_000558,CUST_02413,Tablet,2,6556,2026-01-03,UPI,Delhi
JAN_000559,CUST_02391,Smartphone,4,7769,2026-01-06,Debit Card,Chennai
JAN_000560,CUST_04007,Mouse,1,42265,2026-01-16,Cash on Delivery,Delhi
JAN_000561,CUST_03125,Monitor,2,29414,2026-01-12,UPI,Bangalore
JAN_000562,CUST_03810,Mouse,2,17800,2026-01-15,UPI,Delhi
JAN_000563,CUST_00793,Smartphone,3,35684,2026-01-25,Cash on Delivery,Hyderabad
JAN_000564,CUST_04536,Laptop,4,34447,2026-01-08,Cash on Delivery,Hyderabad
JAN_000565,CUST_03890,Keyboard,4,19785,2026-01-22,UPI,Chennai
JAN_000566,CUST_00285,Headphones,1,49823,2026-01-29,Cash on Delivery,Delhi
JAN_000567,CUST_01370,Keyboard,2,8469,2026-01-31,UPI,Chennai
JAN_000568,CUST_03567,Keyboard,2,39197,2026-01-03,Debit Card,Bangalore
JAN_000569,CUST_00549,Smartphone,4,36661,2026-01-30,Cash on Delivery,Hyderabad
JAN_000570,CUST_02263,Tablet,1,46102,2026-01-11,Cash on Delivery,Mumbai
JAN_000571,CUST_01226,Headphones,5,38730,2026-01-14,UPI,Mumbai
JAN_000572,CUST_00828,Mouse,5,22735,2026-01-19,Cash on Delivery,Bangalore
JAN_000573,CUST_03978,Tablet,1,11485,2026-01-13,Debit Card,Chennai
JAN_000574,CUST_04987,Smartwatch,1,26138,2026-01-05,Debit Card,Pune
JAN_000575,CUST_00404,Tablet,3,24608,2026-01-08,UPI,Bangalore
JAN_000576,CUST_02483,Mouse,3,32418,2026-01-27,UPI,Delhi
JAN_000577,CUST_02462,Tablet,3,17856,2026-01-05,Cash on Delivery,Hyderabad
JAN_000578,CUST_00732,Keyboard,4,14053,2026-01-21,Cash on Delivery,Pune
JAN_000579,CUST_04232,Monitor,1,33968,2026-01-16,Credit Card,Mumbai
JAN_000580,CUST_04152,Smartwatch,2,34559,2026-01-10,UPI,Delhi
JAN_000581,CUST_01645,Laptop,2,2367,2026-01-07,Cash on Delivery,Mumbai
JAN_000582,CUST_02953,Keyboard,3,24340,2026-01-30,Cash on Delivery,Hyderabad
JAN_000583,CUST_01015,Laptop,2,24609,2026-01-13,Cash on Delivery,Hyderabad
JAN_000584,CUST_01455,Tablet,5,36332,2026-01-15,Debit Card,Bangalore
JAN_000585,CUST_02119,Smartphone,3,1998,2026-01-06,Cash on Delivery,Mumbai
JAN_000586,CUST_04688,Keyboard,2,42626,2026-01-06,Credit Card,Pune
JAN_000587,CUST_02205,Smartwatch,5,1514,2026-01-07,UPI,Chennai
JAN_000588,CUST_01084,Headphones,5,754,2026-01-30,Credit Card,Bangalore
JAN_000589,CUST_02503,Mouse,4,24872,2026-01-20,Debit Card,Chennai
JAN_000590,CUST_01788,Tablet,3,44580,2026-01-09,Cash on Delivery,Hyderabad
JAN_000591,CUST_00061,Monitor,5,42624,2026-01-04,Debit Card,Bangalore
JAN_000592,CUST_00886,Tablet,1,22238,2026-01-22,Debit Card,Pune
JAN_000593,CUST_02269,Mouse,3,12544,2026-01-11,Credit Card,Hyderabad
JAN_000594,CUST_01969,Laptop,5,26682,2026-01-25,Debit Card,Pune
JAN_000595,CUST_00209,Tablet,3,17201,2026-01-05,Cash on Delivery,Chennai
JAN_000596,CUST_00290,Keyboard,3,47815,2026-01-13,Credit Card,Pune
JAN_000597,CUST_03898,Monitor,5,19873,2026-01-18,Credit Card,Pune
JAN_000598,CUST_04574,Headphones,3,6596,2026-01-29,Cash on Delivery,Delhi
JAN_000599,CUST_02119,Headphones,3,43089,2026-01-24,UPI,Delhi
JAN_000600,CUST_01830,Mouse,4,21913,2026-01-12,Debit Card,Bangalore
JAN_000601,CUST_02409,Tablet,1,31037,2026-01-19,UPI,Pune
JAN_000602,CUST_04754,Smartphone,4,12949,2026-01-19,UPI,Pune
JAN_000603,CUST_04341,Mouse,4,3743,2026-01-13,Credit Card,Delhi
JAN_000604,CUST_02808,Smartwatch,5,30187,2026-01-07,Credit Card,Bangalore
JAN_000605,CUST_01478,Smartphone,4,21999,2026-01-28,Credit Card,Bangalore
JAN_000606,CUST_00476,Laptop,4,18125,2026-01-21,Credit Card,Delhi
JAN_000607,CUST_01298,Tablet,1,8680,2026-01-19,Cash on Delivery,Pune
JAN_000608,CUST_03305,Smartwatch,4,25321,2026-01-14,UPI,Mumbai
JAN_000609,CUST_01634,Monitor,1,21316,2026-01-18,Credit Card,Mumbai
JAN_000610,CUST_00034,Keyboard,2,45650,2026-01-22,Debit Card,Bangalore
JAN_000611,CUST_00842,Smartwatch,5,38779,2026-01-05,Debit Card,Delhi
JAN_000612,CUST_00375,Mouse,3,30079,2026-01-03,Debit Card,Chennai
JAN_000613,CUST_01097,Monitor,4,23743,2026-01-29,Credit Card,Delhi
JAN_000614,CUST_03305,Laptop,2,14901,2026-01-31,Credit Card,Delhi
JAN_000615,CUST_00180,Headphones,1,24224,2026-01-24,UPI,Chennai
JAN_000616,CUST_02096,Laptop,5,3343,2026-01-29,UPI,Pune
JAN_000617,CUST_00162,Laptop,1,27513,2026-01-27,Cash on Delivery,Chennai
JAN_000618,CUST_04484,Mouse,4,46197,2026-01-04,Credit Card,Delhi
JAN_000619,CUST_00077,Mouse,4,43562,2026-01-23,UPI,Pune
JAN_000620,CUST_02212,Headphones,4,7075,2026-01-17,UPI,Bangalore
JAN_000621,CUST_00871,Tablet,2,40111,2026-01-04,Credit Card,Bangalore
JAN_000622,CUST_04286,Keyboard,3,46300,2026-01-27,Cash on Delivery,Bangalore
JAN_000623,CUST_00323,Tablet,2,45302,2026-01-06,Cash on Delivery,Bangalore
JAN_000624,CUST_00023,Laptop,1,7437,2026-01-08,Cash on Delivery,Delhi
JAN_000625,CUST_00738,Smartphone,1,16970,2026-01-31,Credit Card,Chennai
JAN_000626,CUST_02164,Tablet,1,6741,2026-01-10,Credit Card,Mumbai
JAN_000627,CUST_02381,Monitor,3,28118,2026-01-28,UPI,Mumbai
JAN_000628,CUST_00376,Laptop,2,43673,2026-01-28,Credit Card,Bangalore
JAN_000629,CUST_03586,Mouse,1,24620,2026-01-12,Debit Card,Delhi
JAN_000630,CUST_03284,Smartwatch,4,18014,2026-01-04,Cash on Delivery,Pune
JAN_000631,CUST_03918,Smartwatch,2,7609,2026-01-28,Credit Card,Pune
JAN_000632,CUST_00481,Headphones,1,27464,2026-01-24,Cash on Delivery,Hyderabad
JAN_000633,CUST_03590,Headphones,5,25087,2026-01-22,Debit Card,Hyderabad
JAN_000634,CUST_01071,Tablet,4,7601,2026-01-01,Cash on Delivery,Chennai
JAN_000635,CUST_00519,Mouse,3,1010,2026-01-02,Credit Card,Pune
JAN_000636,CUST_02772,Smartphone,4,43566,2026-01-28,Credit Card,Chennai
JAN_000637,CUST_03153,Headphones,5,40367,2026-01-12,UPI,Mumbai
JAN_000638,CUST_01286,Tablet,4,11039,2026-01-21,UPI,Chennai
JAN_000639,CUST_01974,Monitor,3,3499,2026-01-11,Credit Card,Hyderabad
JAN_000640,CUST_03102,Smartwatch,2,5366,2026-01-21,Cash on Delivery,Chennai
JAN_000641,CUST_04695,Tablet,1,32866,2026-01-26,Cash on Delivery,Bangalore
JAN_000642,CUST_04075,Laptop,1,26639,2026-01-04,Cash on Delivery,Mumbai
JAN_000643,CUST_04499,Laptop,1,39797,2026-01-18,Debit Card,Hyderabad
JAN_000644,CUST_01695,Tablet,3,24012,2026-01-18,UPI,Delhi
JAN_000645,CUST_03723,Monitor,5,40816,2026-01-28,Cash on Delivery,Pune
JAN_000646,CUST_02977,Tablet,1,6585,2026-01-22,Credit Card,Mumbai
JAN_000647,CUST_02910,Mouse,5,34408,2026-01-11,Debit Card,Pune
JAN_000648,CUST_00376,Headphones,4,9404,2026-01-04,Cash on Delivery,Mumbai
JAN_000649,CUST_01605,Keyboard,1,25948,2026-01-09,Credit Card,Chennai
JAN_000650,CUST_01562,Monitor,1,49820,2026-01-27,Cash on Delivery,Mumbai
JAN_000651,CUST_04824,Smartphone,4,30175,2026-01-30,Credit Card,Chennai
JAN_000652,CUST_04345,Laptop,5,28564,2026-01-01,Cash on Delivery,Hyderabad
JAN_000653,CUST_01452,Headphones,2,6986,2026-01-25,Cash on Delivery,Pune
JAN_000654,CUST_04966,Monitor,5,25409,2026-01-20,Cash on Delivery,Hyderabad
JAN_000655,CUST_02034,Mouse,4,22669,2026-01-30,Debit Card,Chennai
JAN_000656,CUST_01093,Headphones,4,39687,2026-01-26,Debit Card,Pune
JAN_000657,CUST_02572,Keyboard,2,13943,2026-01-18,Debit Card,Pune
JAN_000658,CUST_01087,Headphones,5,35752,2026-01-12,Debit Card,Pune
JAN_000659,CUST_02886,Tablet,5,37597,2026-01-04,Cash on Delivery,Pune
JAN_000660,CUST_04374,Mouse,4,1036,2026-01-24,UPI,Mumbai
JAN_000661,CUST_01191,Laptop,1,13300,2026-01-13,Debit Card,Delhi
JAN_000662,CUST_02053,Headphones,1,45458,2026-01-10,Debit Card,Delhi
JAN_000663,CUST_04434,Laptop,3,29861,2026-01-25,UPI,Hyderabad
JAN_000664,CUST_04603,Keyboard,5,25686,2026-01-28,Credit Card,Hyderabad
JAN_000665,CUST_02357,Laptop,4,25598,2026-01-26,Cash on Delivery,Pune
JAN_000666,CUST_04524,Laptop,1,48937,2026-01-11,Debit Card,Delhi
JAN_000667,CUST_03630,Keyboard,3,49686,2026-01-20,Credit Card,Pune
JAN_000668,CUST_01586,Mouse,4,11827,2026-01-31,UPI,Delhi
JAN_000669,CUST_01424,Smartphone,4,2863,2026-01-31,Cash on Delivery,Bangalore
JAN_000670,CUST_02165,Headphones,2,38472,2026-01-18,Debit Card,Mumbai
JAN_000671,CUST_03821,Headphones,1,10273,2026-01-11,Debit Card,Hyderabad
JAN_000672,CUST_02468,Tablet,5,36255,2026-01-02,Debit Card,Mumbai
JAN_000673,CUST_02604,Keyboard,2,34318,2026-01-26,UPI,Hyderabad
JAN_000674,CUST_03408,Smartwatch,1,23098,2026-01-06,Credit Card,Delhi
JAN_000675,CUST_02719,Monitor,3,19439,2026-01-22,Credit Card,Hyderabad
JAN_000676,CUST_03891,Laptop,1,44039,2026-01-17,Debit Card,Chennai
JAN_000677,CUST_01998,Laptop,3,25193,2026-01-08,UPI,Chennai
JAN_000678,CUST_04426,Mouse,1,34073,2026-01-09,Debit Card,Hyderabad
JAN_000679,CUST_04168,Tablet,4,3073,2026-01-26,Debit Card,Pune
JAN_000680,CUST_02625,Smartphone,1,11170,2026-01-07,UPI,Pune
JAN_000681,CUST_01727,Keyboard,4,7010,2026-01-03,Credit Card,Hyderabad
JAN_000682,CUST_03566,Smartphone,2,1756,2026-01-27,Cash on Delivery,Pune
JAN_000683,CUST_00311,Smartphone,1,3756,2026-01-11,Credit Card,Bangalore
JAN_000684,CUST_00578,Keyboard,3,26914,2026-01-18,Cash on Delivery,Chennai
JAN_000685,CUST_03314,Smartwatch,3,1306,2026-01-21,Cash on Delivery,Pune
JAN_000686,CUST_04382,Laptop,5,4344,2026-01-04,UPI,Pune
JAN_000687,CUST_00595,Monitor,5,7155,2026-01-28,Debit Card,Pune
JAN_000688,CUST_04969,Smartphone,3,28883,2026-01-10,Cash on Delivery,Chennai
JAN_000689,CUST_00253,Tablet,2,35161,2026-01-27,Credit Card,Delhi
JAN_000690,CUST_03204,Mouse,2,19733,2026-01-24,Debit Card,Mumbai
JAN_000691,CUST_04548,Headphones,1,2937,2026-01-18,UPI,Hyderabad
JAN_000692,CUST_03229,Smartphone,3,13966,2026-01-20,Debit Card,Delhi
JAN_000693,CUST_04199,Headphones,2,12258,2026-01-14,Credit Card,Hyderabad
JAN_000694,CUST_02071,Keyboard,1,12085,2026-01-27,UPI,Hyderabad
JAN_000695,CUST_04503,Smartphone,3,44219,2026-01-15,UPI,Bangalore
JAN_000696,CUST_01618,Tablet,3,23605,2026-01-04,Credit Card,Pune
JAN_000697,CUST_01922,Smartphone,3,40800,2026-01-21,UPI,Delhi
JAN_000698,CUST_03981,Tablet,3,40592,2026-01-11,Debit Card,Pune
JAN_000699,CUST_01249,Monitor,3,28269,2026-01-19,Credit Card,Mumbai
JAN_000700,CUST_02017,Keyboard,4,18332,2026-01-11,Debit Card,Delhi
JAN_000701,CUST_02717,Tablet,4,29386,2026-01-22,Debit Card,Bangalore
JAN_000702,CUST_04520,Smartphone,2,42506,2026-01-16,UPI,Bangalore
JAN_000703,CUST_01147,Keyboard,3,48273,2026-01-28,UPI,Pune
JAN_000704,CUST_00153,Laptop,5,38138,2026-01-03,Cash on Delivery,Hyderabad
JAN_000705,CUST_00301,Mouse,5,35568,2026-01-07,Cash on Delivery,Pune
JAN_000706,CUST_01218,Monitor,4,14834,2026-01-25,Debit Card,Delhi
JAN_000707,CUST_04106,Smartphone,4,24046,2026-01-15,UPI,Pune
JAN_000708,CUST_01359,Headphones,4,10634,2026-01-08,Credit Card,Hyderabad
JAN_000709,CUST_04636,Headphones,4,23714,2026-01-31,UPI,Delhi
JAN_000710,CUST_03995,Keyboard,1,17524,2026-01-25,Debit Card,Delhi
JAN_000711,CUST_01694,Monitor,4,30980,2026-01-02,Cash on Delivery,Mumbai
JAN_000712,CUST_02655,Smartphone,5,41721,2026-01-02,Debit Card,Pune
JAN_000713,CUST_04741,Headphones,4,43039,2026-01-09,Cash on Delivery,Bangalore
JAN_000714,CUST_00638,Mouse,4,14807,2026-01-19,Cash on Delivery,Bangalore
JAN_000715,CUST_02827,Tablet,4,39797,2026-01-27,UPI,Hyderabad
JAN_000716,CUST_01139,Tablet,2,15272,2026-01-29,UPI,Hyderabad
JAN_000717,CUST_02301,Keyboard,2,12449,2026-01-21,Credit Card,Bangalore
JAN_000718,CUST_00970,Keyboard,4,21841,2026-01-20,UPI,Chennai
JAN_000719,CUST_03923,Tablet,2,38918,2026-01-22,Credit Card,Pune
JAN_000720,CUST_03367,Laptop,2,3027,2026-01-27,Credit Card,Hyderabad
JAN_000721,CUST_01320,Headphones,5,2768,2026-01-19,Credit Card,Mumbai
JAN_000722,CUST_02116,Headphones,5,26771,2026-01-06,UPI,Pune
JAN_000723,CUST_02323,Smartphone,2,29638,2026-01-24,Cash on Delivery,Chennai
JAN_000724,CUST_01798,Smartwatch,5,9552,2026-01-06,Credit Card,Hyderabad
JAN_000725,CUST_04185,Mouse,2,47660,2026-01-22,Debit Card,Chennai
JAN_000726,CUST_04839,Smartphone,2,24986,2026-01-20,Cash on Delivery,Delhi
JAN_000727,CUST_00136,Keyboard,5,33253,2026-01-04,Cash on Delivery,Delhi
JAN_000728,CUST_00789,Headphones,4,40488,2026-01-20,UPI,Hyderabad
JAN_000729,CUST_00963,Smartphone,4,43413,2026-01-17,Credit Card,Hyderabad
JAN_000730,CUST_00010,Smartwatch,5,27769,2026-01-18,Debit Card,Mumbai
JAN_000731,CUST_04341,Smartwatch,2,31796,2026-01-23,Cash on Delivery,Bangalore
JAN_000732,CUST_04720,Smartphone,4,8974,2026-01-19,Debit Card,Chennai
JAN_000733,CUST_01905,Smartphone,3,39409,2026-01-25,Cash on Delivery,Bangalore
JAN_000734,CUST_00045,Laptop,5,34445,2026-01-07,UPI,Hyderabad
JAN_000735,CUST_03073,Keyboard,3,26994,2026-01-01,Debit Card,Mumbai
JAN_000736,CUST_03491,Mouse,3,35334,2026-01-05,Cash on Delivery,Hyderabad
JAN_000737,CUST_02258,Smartwatch,2,27281,2026-01-12,Cash on Delivery,Delhi
JAN_000738,CUST_04581,Tablet,3,20296,2026-01-12,Debit Card,Pune
JAN_000739,CUST_01132,Smartphone,2,29468,2026-01-13,Credit Card,Mumbai
JAN_000740,CUST_04165,Smartwatch,3,36282,2026-01-07,UPI,Delhi
JAN_000741,CUST_00044,Smartphone,2,31111,2026-01-13,Cash on Delivery,Mumbai
JAN_000742,CUST_02156,Keyboard,3,5445,2026-01-03,UPI,Pune
JAN_000743,CUST_03283,Mouse,5,3965,2026-01-13,Credit Card,Pune
JAN_000744,CUST_03597,Laptop,2,43249,2026-01-16,Debit Card,Delhi
JAN_000745,CUST_04912,Keyboard,5,11307,2026-01-02,UPI,Bangalore
JAN_000746,CUST_00003,Headphones,1,18283,2026-01-08,Cash on Delivery,Bangalore
JAN_000747,CUST_03238,Smartwatch,5,13327,2026-01-22,UPI,Pune
JAN_000748,CUST_00563,Smartphone,5,18844,2026-01-23,Debit Card,Bangalore
JAN_000749,CUST_02266,Keyboard,5,12948,2026-01-31,Cash on Delivery,Chennai
JAN_000750,CUST_00039,Mouse,2,26881,2026-01-19,UPI,Hyderabad
JAN_000751,CUST_04122,Mouse,3,7868,2026-01-03,Debit Card,Hyderabad
JAN_000752,CUST_04710,Mouse,4,24912,2026-01-27,Cash on Delivery,Delhi
JAN_000753,CUST_02783,Tablet,4,38658,2026-01-25,UPI,Chennai
JAN_000754,CUST_02113,Smartphone,4,41727,2026-01-04,Credit Card,Pune
JAN_000755,CUST_01884,Monitor,4,23340,2026-01-23,UPI,Pune
JAN_000756,CUST_02158,Keyboard,3,6295,2026-01-27,Cash on Delivery,Pune
JAN_000757,CUST_02802,Smartphone,5,11897,2026-01-24,Cash on Delivery,Bangalore
JAN_000758,CUST_01791,Mouse,2,49100,2026-01-12,Credit Card,Chennai
JAN_000759,CUST_01636,Keyboard,2,17593,2026-01-24,Credit Card,Delhi
JAN_000760,CUST_02046,Monitor,2,7191,2026-01-07,UPI,Mumbai
JAN_000761,CUST_04036,Laptop,5,2969,2026-01-22,Cash on Delivery,Bangalore
JAN_000762,CUST_02584,Tablet,5,18204,2026-01-20,Cash on Delivery,Delhi
JAN_000763,CUST_04188,Mouse,4,14755,2026-01-25,Credit Card,Mumbai
JAN_000764,CUST_03467,Tablet,5,2334,2026-01-17,Debit Card,Chennai
JAN_000765,CUST_01432,Tablet,1,45960,2026-01-28,Cash on Delivery,Bangalore
JAN_000766,CUST_00069,Laptop,2,25066,2026-01-23,UPI,Bangalore
JAN_000767,CUST_02128,Headphones,5,17426,2026-01-12,Credit Card,Bangalore
JAN_000768,CUST_02811,Monitor,2,32887,2026-01-16,Cash on Delivery,Delhi
JAN_000769,CUST_03050,Monitor,4,18525,2026-01-14,Cash on Delivery,Delhi
JAN_000770,CUST_01075,Keyboard,1,47439,2026-01-19,Debit Card,Delhi
JAN_000771,CUST_03541,Smartwatch,2,9758,2026-01-18,Credit Card,Chennai
JAN_000772,CUST_00080,Headphones,4,32941,2026-01-26,Credit Card,Pune
JAN_000773,CUST_04375,Monitor,4,19863,2026-01-17,Debit Card,Hyderabad
JAN_000774,CUST_04652,Laptop,4,6686,2026-01-28,Credit Card,Mumbai
JAN_000775,CUST_02084,Tablet,1,29681,2026-01-07,Debit Card,Bangalore
JAN_000776,CUST_02952,Mouse,3,1499,2026-01-12,Cash on Delivery,Mumbai
JAN_000777,CUST_04961,Keyboard,5,37941,2026-01-12,Credit Card,Bangalore
JAN_000778,CUST_02664,Tablet,4,5338,2026-01-12,Cash on Delivery,Hyderabad
JAN_000779,CUST_03800,Headphones,2,42181,2026-01-10,Debit Card,Chennai
JAN_000780,CUST_04683,Smartwatch,1,5384,2026-01-21,Credit Card,Bangalore
JAN_000781,CUST_02569,Monitor,3,46758,2026-01-08,Debit Card,Hyderabad
JAN_000782,CUST_03240,Mouse,4,24000,2026-01-21,Cash on Delivery,Chennai
JAN_000783,CUST_01507,Laptop,2,47895,2026-01-06,Credit Card,Pune
JAN_000784,CUST_00656,Keyboard,2,26220,2026-01-09,UPI,Mumbai
JAN_000785,CUST_03877,Laptop,1,26218,2026-01-03,UPI,Mumbai
JAN_000786,CUST_01273,Smartphone,4,20474,2026-01-09,Credit Card,Delhi
JAN_000787,CUST_02328,Tablet,2,8803,2026-01-24,Credit Card,Mumbai
JAN_000788,CUST_02924,Monitor,4,30817,2026-01-02,Debit Card,Hyderabad
JAN_000789,CUST_01107,Headphones,5,39363,2026-01-15,Cash on Delivery,Pune
JAN_000790,CUST_04621,Smartwatch,5,42129,2026-01-24,Debit Card,Bangalore
JAN_000791,CUST_04421,Keyboard,1,29157,2026-01-16,Debit Card,Bangalore
JAN_000792,CUST_02129,Headphones,3,891,2026-01-14,UPI,Hyderabad
JAN_000793,CUST_01117,Monitor,3,30949,2026-01-27,UPI,Pune
JAN_000794,CUST_04030,Tablet,3,798,2026-01-30,Cash on Delivery,Bangalore
JAN_000795,CUST_01895,Laptop,5,24687,2026-01-20,Credit Card,Chennai
JAN_000796,CUST_04593,Smartwatch,4,16577,2026-01-29,Credit Card,Pune
JAN_000797,CUST_03193,Smartwatch,2,17434,2026-01-24,UPI,Chennai
JAN_000798,CUST_01963,Mouse,3,42697,2026-01-21,Debit Card,Chennai
JAN_000799,CUST_00561,Headphones,2,19178,2026-01-07,UPI,Pune
JAN_000800,CUST_03710,Mouse,5,32443,2026-01-15,Credit Card,Bangalore
JAN_000801,CUST_01247,Laptop,5,1650,2026-01-01,Credit Card,Mumbai
JAN_000802,CUST_02206,Headphones,4,47851,2026-01-10,UPI,Delhi
JAN_000803,CUST_01235,Laptop,4,14433,2026-01-03,Debit Card,Chennai
JAN_000804,CUST_04083,Monitor,4,45874,2026-01-10,UPI,Bangalore
JAN_000805,CUST_01197,Laptop,3,25917,2026-01-03,UPI,Hyderabad
JAN_000806,CUST_01488,Keyboard,3,25207,2026-01-16,UPI,Mumbai
JAN_000807,CUST_02040,Smartwatch,4,16398,2026-01-25,UPI,Delhi
JAN_000808,CUST_00770,Keyboard,4,25701,2026-01-15,Debit Card,Bangalore
JAN_000809,CUST_00346,Smartphone,3,31737,2026-01-06,Debit Card,Delhi
JAN_000810,CUST_00427,Keyboard,1,15664,2026-01-12,Cash on Delivery,Bangalore
JAN_000811,CUST_01372,Mouse,5,8041,2026-01-01,Cash on Delivery,Delhi
JAN_000812,CUST_00345,Tablet,5,10357,2026-01-01,Debit Card,Mumbai
JAN_000813,CUST_01292,Tablet,1,45154,2026-01-08,Debit Card,Pune
JAN_000814,CUST_00490,Monitor,2,46162,2026-01-02,UPI,Delhi
JAN_000815,CUST_01907,Monitor,5,42447,2026-01-16,Debit Card,Chennai
JAN_000816,CUST_01581,Laptop,4,23672,2026-01-24,Credit Card,Bangalore
JAN_000817,CUST_00324,Tablet,4,36836,2026-01-29,Debit Card,Hyderabad
JAN_000818,CUST_04015,Keyboard,5,12430,2026-01-23,Debit Card,Bangalore
JAN_000819,CUST_03838,Mouse,5,36541,2026-01-24,Credit Card,Mumbai
JAN_000820,CUST_01270,Tablet,3,17458,2026-01-17,Debit Card,Chennai
JAN_000821,CUST_04145,Smartwatch,2,1426,2026-01-01,Debit Card,Hyderabad
JAN_000822,CUST_02628,Smartphone,5,25594,2026-01-08,Credit Card,Hyderabad
JAN_000823,CUST_04076,Headphones,5,18755,2026-01-22,Debit Card,Chennai
JAN_000824,CUST_02639,Smartphone,1,34488,2026-01-21,UPI,Mumbai
JAN_000825,CUST_01064,Headphones,1,13443,2026-01-27,UPI,Chennai
JAN_000826,CUST_00809,Laptop,5,42257,2026-01-07,Cash on Delivery,Pune
JAN_000827,CUST_04308,Mouse,1,24209,2026-01-16,Credit Card,Hyderabad
JAN_000828,CUST_00581,Laptop,2,43175,2026-01-23,Cash on Delivery,Mumbai
JAN_000829,CUST_00498,Monitor,5,48924,2026-01-15,Cash on Delivery,Bangalore
JAN_000830,CUST_00478,Mouse,5,2864,2026-01-26,UPI,Bangalore
JAN_000831,CUST_01769,Smartphone,1,47724,2026-01-03,Credit Card,Hyderabad
JAN_000832,CUST_01553,Keyboard,5,43249,2026-01-13,Credit Card,Hyderabad
JAN_000833,CUST_01466,Smartwatch,1,42052,2026-01-21,Debit Card,Pune
JAN_000834,CUST_03499,Smartphone,2,12022,2026-01-15,Cash on Delivery,Hyderabad
JAN_000835,CUST_01296,Tablet,3,20853,2026-01-11,Debit Card,Bangalore
JAN_000836,CUST_03528,Monitor,5,15975,2026-01-14,Credit Card,Chennai
JAN_000837,CUST_04508,Mouse,3,29848,2026-01-25,Cash on Delivery,Chennai
JAN_000838,CUST_00284,Mouse,5,1268,2026-01-01,Credit Card,Bangalore
JAN_000839,CUST_02461,Keyboard,2,20837,2026-01-01,UPI,Pune
JAN_000840,CUST_02261,Headphones,1,2673,2026-01-27,Cash on Delivery,Bangalore
JAN_000841,CUST_01134,Mouse,3,38352,2026-01-05,Credit Card,Delhi
JAN_000842,CUST_02461,Smartphone,5,26401,2026-01-09,Credit Card,Pune
JAN_000843,CUST_02660,Tablet,2,32199,2026-01-03,UPI,Hyderabad
JAN_000844,CUST_02461,Laptop,5,25205,2026-01-21,UPI,Mumbai
JAN_000845,CUST_02740,Monitor,4,27497,2026-01-30,UPI,Delhi
JAN_000846,CUST_04935,Laptop,4,3747,2026-01-24,Debit Card,Hyderabad
JAN_000847,CUST_02616,Headphones,3,33125,2026-01-02,Credit Card,Delhi
JAN_000848,CUST_03219,Tablet,5,37899,2026-01-02,UPI,Delhi
JAN_000849,CUST_02374,Smartwatch,2,8863,2026-01-14,Debit Card,Mumbai
JAN_000850,CUST_04682,Laptop,5,26361,2026-01-16,Debit Card,Mumbai
JAN_000851,CUST_04111,Smartwatch,2,9038,2026-01-13,Cash on Delivery,Hyderabad
JAN_000852,CUST_03997,Smartwatch,5,13051,2026-01-07,Credit Card,Delhi
JAN_000853,CUST_02182,Smartwatch,3,45074,2026-01-03,UPI,Mumbai
JAN_000854,CUST_03389,Smartwatch,3,23026,2026-01-22,Credit Card,Bangalore
JAN_000855,CUST_04866,Laptop,3,11292,2026-01-12,Debit Card,Hyderabad
JAN_000856,CUST_03623,Headphones,4,3141,2026-01-27,Credit Card,Delhi
JAN_000857,CUST_03063,Headphones,1,7564,2026-01-22,UPI,Delhi
JAN_000858,CUST_01210,Mouse,1,22696,2026-01-31,UPI,Bangalore
JAN_000859,CUST_03860,Laptop,3,13897,2026-01-15,Credit Card,Delhi
JAN_000860,CUST_04287,Mouse,5,31855,2026-01-18,Credit Card,Pune
JAN_000861,CUST_00151,Smartwatch,5,43684,2026-01-23,UPI,Bangalore
JAN_000862,CUST_00493,Mouse,2,45847,2026-01-06,Debit Card,Mumbai
JAN_000863,CUST_00069,Smartphone,4,43478,2026-01-15,Debit Card,Pune
JAN_000864,CUST_02951,Smartphone,1,19368,2026-01-28,Cash on Delivery,Delhi
JAN_000865,CUST_04166,Smartphone,3,31962,2026-01-13,UPI,Delhi
JAN_000866,CUST_04102,Tablet,5,46892,2026-01-07,UPI,Mumbai
JAN_000867,CUST_04337,Mouse,3,32308,2026-01-08,Cash on Delivery,Pune
JAN_000868,CUST_00151,Monitor,3,23490,2026-01-06,Debit Card,Delhi
JAN_000869,CUST_02260,Laptop,3,25573,2026-01-17,UPI,Hyderabad
JAN_000870,CUST_02296,Keyboard,2,22599,2026-01-31,Cash on Delivery,Pune
JAN_000871,CUST_00720,Smartwatch,5,44633,2026-01-05,Credit Card,Chennai
JAN_000872,CUST_04694,Headphones,4,20672,2026-01-08,Debit Card,Chennai
JAN_000873,CUST_01080,Keyboard,2,38278,2026-01-18,Credit Card,Delhi
JAN_000874,CUST_04292,Headphones,4,9712,2026-01-10,Credit Card,Bangalore
JAN_000875,CUST_04566,Smartphone,2,21014,2026-01-03,Credit Card,Pune
JAN_000876,CUST_02611,Smartwatch,4,20080,2026-01-01,Cash on Delivery,Pune
JAN_000877,CUST_02243,Headphones,2,7197,2026-01-30,Credit Card,Delhi
JAN_000878,CUST_02187,Keyboard,5,15416,2026-01-01,Credit Card,Pune
JAN_000879,CUST_02944,Smartphone,4,8987,2026-01-01,Cash on Delivery,Pune
JAN_000880,CUST_03064,Headphones,4,32407,2026-01-21,Cash on Delivery,Delhi
JAN_000881,CUST_01584,Keyboard,1,26977,2026-01-06,UPI,Bangalore
JAN_000882,CUST_03384,Keyboard,2,49861,2026-01-31,Credit Card,Mumbai
JAN_000883,CUST_03599,Tablet,3,30185,2026-01-06,Credit Card,Chennai
JAN_000884,CUST_00343,Smartwatch,3,26031,2026-01-13,UPI,Hyderabad
JAN_000885,CUST_03700,Tablet,1,16303,2026-01-04,Cash on Delivery,Pune
JAN_000886,CUST_04569,Smartwatch,5,41530,2026-01-02,UPI,Delhi
JAN_000887,CUST_03601,Smartwatch,3,18937,2026-01-10,Cash on Delivery,Delhi
JAN_000888,CUST_02412,Laptop,5,9521,2026-01-14,Cash on Delivery,Pune
JAN_000889,CUST_00741,Smartphone,2,38567,2026-01-15,Credit Card,Chennai
JAN_000890,CUST_02650,Tablet,1,11922,2026-01-14,Cash on Delivery,Hyderabad
JAN_000891,CUST_01655,Tablet,1,16589,2026-01-29,Debit Card,Pune
JAN_000892,CUST_01344,Smartphone,1,7681,2026-01-21,Cash on Delivery,Pune
JAN_000893,CUST_00699,Smartwatch,5,40312,2026-01-12,Credit Card,Chennai
JAN_000894,CUST_03118,Laptop,2,22167,2026-01-18,Credit Card,Delhi
JAN_000895,CUST_01185,Headphones,1,27697,2026-01-28,Debit Card,Bangalore
JAN_000896,CUST_03656,Mouse,2,7904,2026-01-24,Credit Card,Delhi
JAN_000897,CUST_02074,Laptop,4,32812,2026-01-01,Cash on Delivery,Hyderabad
JAN_000898,CUST_00048,Tablet,2,14413,2026-01-26,Cash on Delivery,Chennai
JAN_000899,CUST_03620,Smartphone,5,39528,2026-01-14,UPI,Delhi
JAN_000900,CUST_04484,Mouse,5,41398,2026-01-29,Credit Card,Mumbai
JAN_000901,CUST_01215,Laptop,3,2606,2026-01-06,Credit Card,Mumbai
JAN_000902,CUST_04736,Mouse,3,5947,2026-01-22,UPI,Mumbai
JAN_000903,CUST_01461,Headphones,3,40248,2026-01-14,Credit Card,Chennai
JAN_000904,CUST_04743,Monitor,1,6303,2026-01-24,Debit Card,Bangalore
JAN_000905,CUST_03105,Smartphone,4,36275,2026-01-12,UPI,Bangalore
JAN_000906,CUST_01103,Smartphone,3,21775,2026-01-16,Cash on Delivery,Hyderabad
JAN_000907,CUST_01713,Laptop,1,37645,2026-01-07,UPI,Chennai
JAN_000908,CUST_04955,Mouse,4,40101,2026-01-24,Debit Card,Bangalore
JAN_000909,CUST_04712,Monitor,2,40458,2026-01-17,Cash on Delivery,Hyderabad
JAN_000910,CUST_04078,Tablet,2,40138,2026-01-24,Credit Card,Pune
JAN_000911,CUST_01586,Laptop,1,1771,2026-01-10,Cash on Delivery,Pune
JAN_000912,CUST_00967,Keyboard,5,27373,2026-01-26,Cash on Delivery,Mumbai
JAN_000913,CUST_02865,Keyboard,1,42183,2026-01-11,Credit Card,Pune
JAN_000914,CUST_02085,Smartphone,3,19879,2026-01-10,Debit Card,Mumbai
JAN_000915,CUST_02731,Monitor,4,47674,2026-01-04,UPI,Delhi
JAN_000916,CUST_02708,Monitor,4,31296,2026-01-07,UPI,Pune
JAN_000917,CUST_03945,Headphones,4,35390,2026-01-05,Debit Card,Chennai
JAN_000918,CUST_03392,Laptop,5,19817,2026-01-26,Debit Card,Hyderabad
JAN_000919,CUST_00154,Keyboard,5,45124,2026-01-18,Debit Card,Bangalore
JAN_000920,CUST_01224,Mouse,1,22426,2026-01-03,Cash on Delivery,Pune
JAN_000921,CUST_01360,Smartwatch,2,39206,2026-01-18,UPI,Bangalore
JAN_000922,CUST_02577,Laptop,3,27323,2026-01-23,UPI,Chennai
JAN_000923,CUST_01947,Monitor,4,20033,2026-01-29,Credit Card,Hyderabad
JAN_000924,CUST_01434,Smartphone,3,2650,2026-01-10,Credit Card,Mumbai
JAN_000925,CUST_04146,Laptop,4,32971,2026-01-15,Credit Card,Delhi
JAN_000926,CUST_03961,Mouse,3,9590,2026-01-11,UPI,Hyderabad
JAN_000927,CUST_01088,Keyboard,1,30305,2026-01-22,Cash on Delivery,Pune
JAN_000928,CUST_04280,Smartphone,1,20580,2026-01-28,UPI,Pune
JAN_000929,CUST_04869,Smartphone,3,30797,2026-01-28,UPI,Mumbai
JAN_000930,CUST_02560,Laptop,5,49908,2026-01-17,Debit Card,Pune
JAN_000931,CUST_01720,Monitor,2,12818,2026-01-29,Debit Card,Bangalore
JAN_000932,CUST_02615,Tablet,1,18068,2026-01-18,Credit Card,Delhi
JAN_000933,CUST_00938,Laptop,5,36875,2026-01-09,UPI,Delhi
JAN_000934,CUST_02870,Monitor,3,9477,2026-01-18,Debit Card,Hyderabad
JAN_000935,CUST_01404,Smartphone,3,40390,2026-01-08,Debit Card,Hyderabad
JAN_000936,CUST_00416,Headphones,1,31050,2026-01-15,UPI,Mumbai
JAN_000937,CUST_00441,Smartphone,4,25884,2026-01-13,Credit Card,Pune
JAN_000938,CUST_04856,Tablet,5,23506,2026-01-20,Debit Card,Bangalore
JAN_000939,CUST_01624,Smartphone,4,37410,2026-01-27,Credit Card,Mumbai
JAN_000940,CUST_03837,Smartphone,4,20541,2026-01-27,Cash on Delivery,Chennai
JAN_000941,CUST_01834,Headphones,5,17111,2026-01-08,Debit Card,Chennai
JAN_000942,CUST_02707,Monitor,4,32149,2026-01-06,UPI,Mumbai
JAN_000943,CUST_00925,Monitor,4,30427,2026-01-16,Credit Card,Bangalore
JAN_000944,CUST_02856,Headphones,5,6945,2026-01-25,Cash on Delivery,Pune
JAN_000945,CUST_00877,Monitor,5,42762,2026-01-26,UPI,Bangalore
JAN_000946,CUST_03777,Smartwatch,5,27295,2026-01-18,Credit Card,Hyderabad
JAN_000947,CUST_04489,Headphones,4,25353,2026-01-08,UPI,Bangalore
JAN_000948,CUST_04842,Smartwatch,4,37372,2026-01-07,Debit Card,Hyderabad
JAN_000949,CUST_01935,Headphones,1,48655,2026-01-23,Cash on Delivery,Mumbai
JAN_000950,CUST_04884,Tablet,3,36578,2026-01-19,UPI,Chennai
JAN_000951,CUST_02524,Smartwatch,1,39407,2026-01-06,UPI,Pune
JAN_000952,CUST_04886,Smartwatch,3,32594,2026-01-27,UPI,Mumbai
JAN_000953,CUST_01139,Laptop,2,43511,2026-01-07,Credit Card,Chennai
JAN_000954,CUST_02388,Smartwatch,5,38075,2026-01-18,Cash on Delivery,Delhi
JAN_000955,CUST_02594,Mouse,5,44735,2026-01-07,Debit Card,Chennai
JAN_000956,CUST_02821,Smartphone,5,732,2026-01-23,Cash on Delivery,Delhi
JAN_000957,CUST_02410,Laptop,3,36171,2026-01-28,UPI,Mumbai
JAN_000958,CUST_04588,Monitor,1,18694,2026-01-23,UPI,Delhi
JAN_000959,CUST_04835,Smartwatch,3,46846,2026-01-14,Cash on Delivery,Chennai
JAN_000960,CUST_03566,Keyboard,2,31321,2026-01-13,Credit Card,Delhi
JAN_000961,CUST_03151,Monitor,4,10310,2026-01-18,Debit Card,Pune
JAN_000962,CUST_01101,Laptop,1,42692,2026-01-05,UPI,Delhi
JAN_000963,CUST_03988,Smartwatch,2,5748,2026-01-24,Credit Card,Pune
JAN_000964,CUST_03407,Tablet,5,28098,2026-01-26,Credit Card,Chennai
JAN_000965,CUST_03475,Tablet,4,23485,2026-01-17,Credit Card,Delhi
JAN_000966,CUST_04953,Laptop,5,32847,2026-01-14,Credit Card,Pune
JAN_000967,CUST_02206,Smartwatch,5,37971,2026-01-17,Debit Card,Mumbai
JAN_000968,CUST_04655,Tablet,3,7616,2026-01-02,Cash on Delivery,Pune
JAN_000969,CUST_01164,Mouse,4,34078,2026-01-03,UPI,Hyderabad
JAN_000970,CUST_04998,Smartphone,2,31162,2026-01-29,UPI,Pune
JAN_000971,CUST_04418,Mouse,5,3658,2026-01-21,Debit Card,Hyderabad
JAN_000972,CUST_00089,Tablet,4,33797,2026-01-25,Cash on Delivery,Hyderabad
JAN_000973,CUST_02716,Smartwatch,3,19508,2026-01-24,Debit Card,Delhi
JAN_000974,CUST_04896,Mouse,5,17268,2026-01-02,UPI,Pune
JAN_000975,CUST_04737,Headphones,5,3582,2026-01-16,Debit Card,Pune
JAN_000976,CUST_00224,Mouse,4,5607,2026-01-20,Credit Card,Hyderabad
JAN_000977,CUST_02277,Mouse,2,40556,2026-01-03,Debit Card,Bangalore
JAN_000978,CUST_02105,Laptop,1,39772,2026-01-28,Credit Card,Hyderabad
JAN_000979,CUST_01239,Tablet,3,11694,2026-01-24,Debit Card,Pune
JAN_000980,CUST_03973,Headphones,5,2368,2026-01-08,Debit Card,Mumbai
JAN_000981,CUST_01189,Headphones,4,49532,2026-01-31,Cash on Delivery,Chennai
JAN_000982,CUST_03606,Headphones,2,38063,2026-01-08,Debit Card,Mumbai
JAN_000983,CUST_02166,Smartphone,1,11183,2026-01-21,Cash on Delivery,Chennai
JAN_000984,CUST_02469,Tablet,5,15513,2026-01-16,Cash on Delivery,Pune
JAN_000985,CUST_03196,Tablet,3,9712,2026-01-23,Cash on Delivery,Mumbai
JAN_000986,CUST_03677,Smartwatch,3,34950,2026-01-10,UPI,Mumbai
JAN_000987,CUST_04353,Monitor,4,40208,2026-01-30,Debit Card,Bangalore
JAN_000988,CUST_02188,Smartphone,3,43083,2026-01-09,Cash on Delivery,Chennai
JAN_000989,CUST_01981,Keyboard,5,22312,2026-01-25,Credit Card,Bangalore
JAN_000990,CUST_00087,Laptop,1,983,2026-01-18,Cash on Delivery,Mumbai
JAN_000991,CUST_00852,Tablet,3,14579,2026-01-17,Debit Card,Bangalore
JAN_000992,CUST_00279,Laptop,5,6225,2026-01-07,UPI,Hyderabad
JAN_000993,CUST_01777,Smartphone,1,5861,2026-01-22,Credit Card,Chennai
JAN_000994,CUST_04638,Headphones,1,45790,2026-01-22,Credit Card,Bangalore
JAN_000995,CUST_03826,Smartphone,4,18313,2026-01-10,Cash on Delivery,Pune
JAN_000996,CUST_02650,Mouse,2,5049,2026-01-29,Debit Card,Mumbai
JAN_000997,CUST_03184,Monitor,1,17123,2026-01-13,Debit Card,Delhi
JAN_000998,CUST_00569,Tablet,2,40196,2026-01-15,Cash on Delivery,Delhi
JAN_000999,CUST_04031,Smartphone,2,35630,2026-01-21,Cash on Delivery,Delhi
JAN_001000,CUST_00871,Tablet,3,6969,2026-01-20,UPI,Mumbai
JAN_001001,CUST_04681,Mouse,4,1429,2026-01-03,Cash on Delivery,Delhi
JAN_001002,CUST_00008,Laptop,4,17661,2026-01-21,Credit Card,Pune
JAN_001003,CUST_03206,Laptop,5,46573,2026-01-11,Cash on Delivery,Chennai
JAN_001004,CUST_03309,Smartphone,5,15001,2026-01-14,UPI,Chennai
JAN_001005,CUST_03950,Smartphone,5,35281,2026-01-31,Debit Card,Bangalore
JAN_001006,CUST_02481,Smartwatch,1,41636,2026-01-22,UPI,Bangalore
JAN_001007,CUST_02786,Smartphone,4,19202,2026-01-18,Credit Card,Delhi
JAN_001008,CUST_00323,Smartwatch,2,19786,2026-01-18,Cash on Delivery,Mumbai
JAN_001009,CUST_02944,Tablet,1,41670,2026-01-21,Cash on Delivery,Pune
JAN_001010,CUST_01147,Laptop,2,1862,2026-01-07,Credit Card,Chennai
JAN_001011,CUST_00517,Mouse,4,35192,2026-01-13,Cash on Delivery,Mumbai
JAN_001012,CUST_02780,Laptop,3,47452,2026-01-02,UPI,Chennai
JAN_001013,CUST_01735,Tablet,5,9961,2026-01-04,Credit Card,Mumbai
JAN_001014,CUST_01160,Tablet,1,31081,2026-01-02,UPI,Delhi
JAN_001015,CUST_01070,Laptop,2,41662,2026-01-23,UPI,Bangalore
JAN_001016,CUST_00798,Tablet,5,11386,2026-01-27,UPI,Mumbai
JAN_001017,CUST_04073,Keyboard,1,13480,2026-01-04,Cash on Delivery,Bangalore
JAN_001018,CUST_03294,Monitor,1,45032,2026-01-26,Credit Card,Bangalore
JAN_001019,CUST_01747,Laptop,5,11567,2026-01-27,Debit Card,Mumbai
JAN_001020,CUST_02244,Headphones,4,11213,2026-01-04,Debit Card,Hyderabad
JAN_001021,CUST_03594,Keyboard,5,2867,2026-01-06,Credit Card,Mumbai
JAN_001022,CUST_03082,Headphones,1,32113,2026-01-26,UPI,Mumbai
JAN_001023,CUST_01470,Smartphone,5,18794,2026-01-01,Cash on Delivery,Pune
JAN_001024,CUST_03900,Headphones,2,9577,2026-01-26,Debit Card,Hyderabad
JAN_001025,CUST_03376,Keyboard,2,40212,2026-01-15,UPI,Hyderabad
JAN_001026,CUST_04096,Smartphone,3,22996,2026-01-06,Cash on Delivery,Mumbai
JAN_001027,CUST_01931,Keyboard,1,34947,2026-01-18,UPI,Hyderabad
JAN_001028,CUST_04422,Keyboard,4,41255,2026-01-12,Credit Card,Bangalore
JAN_001029,CUST_01587,Smartphone,2,45108,2026-01-02,Cash on Delivery,Chennai
JAN_001030,CUST_01309,Laptop,1,42461,2026-01-06,Debit Card,Bangalore
JAN_001031,CUST_03561,Mouse,3,40623,2026-01-07,Cash on Delivery,Mumbai
JAN_001032,CUST_00430,Headphones,2,2104,2026-01-04,Cash on Delivery,Hyderabad
JAN_001033,CUST_00581,Keyboard,4,39043,2026-01-04,Debit Card,Chennai
JAN_001034,CUST_02669,Keyboard,1,21573,2026-01-07,Credit Card,Mumbai
JAN_001035,CUST_03380,Keyboard,4,14661,2026-01-08,UPI,Chennai
JAN_001036,CUST_03969,Laptop,4,9698,2026-01-19,Credit Card,Hyderabad
JAN_001037,CUST_01459,Smartwatch,3,9139,2026-01-15,Cash on Delivery,Pune
JAN_001038,CUST_02938,Mouse,2,22212,2026-01-07,Credit Card,Mumbai
JAN_001039,CUST_04659,Laptop,3,9145,2026-01-23,UPI,Chennai
JAN_001040,CUST_03427,Headphones,3,14608,2026-01-15,Debit Card,Hyderabad
JAN_001041,CUST_01393,Keyboard,1,27180,2026-01-06,Cash on Delivery,Delhi
JAN_001042,CUST_03879,Tablet,3,1150,2026-01-19,Cash on Delivery,Pune
JAN_001043,CUST_02021,Keyboard,3,28658,2026-01-28,Credit Card,Hyderabad
JAN_001044,CUST_01221,Laptop,4,3098,2026-01-31,UPI,Chennai
JAN_001045,CUST_04131,Laptop,4,35007,2026-01-24,Cash on Delivery,Chennai
JAN_001046,CUST_00803,Tablet,4,15962,2026-01-26,UPI,Hyderabad
JAN_001047,CUST_00102,Smartwatch,2,8897,2026-01-25,Debit Card,Bangalore
JAN_001048,CUST_00744,Laptop,4,44045,2026-01-08,Debit Card,Delhi
JAN_001049,CUST_03763,Laptop,4,30593,2026-01-23,Credit Card,Pune
JAN_001050,CUST_01516,Monitor,4,46330,2026-01-13,UPI,Pune
JAN_001051,CUST_03153,Monitor,5,2343,2026-01-03,Debit Card,Chennai
JAN_001052,CUST_02211,Keyboard,1,40862,2026-01-25,Debit Card,Pune
JAN_001053,CUST_00450,Monitor,1,7472,2026-01-30,Cash on Delivery,Bangalore
JAN_001054,CUST_00335,Monitor,3,11686,2026-01-15,UPI,Hyderabad
JAN_001055,CUST_01678,Headphones,3,15839,2026-01-23,UPI,Pune
JAN_001056,CUST_04753,Keyboard,2,21201,2026-01-16,Debit Card,Bangalore
JAN_001057,CUST_03465,Mouse,1,4352,2026-01-17,Debit Card,Bangalore
JAN_001058,CUST_03984,Smartphone,4,46719,2026-01-15,Debit Card,Chennai
JAN_001059,CUST_03016,Smartphone,2,30207,2026-01-20,UPI,Mumbai
JAN_001060,CUST_01465,Mouse,1,7367,2026-01-13,Credit Card,Bangalore
JAN_001061,CUST_01213,Tablet,2,13586,2026-01-04,UPI,Bangalore
JAN_001062,CUST_04436,Headphones,4,22921,2026-01-14,Cash on Delivery,Chennai
JAN_001063,CUST_00176,Mouse,2,4325,2026-01-24,UPI,Delhi
JAN_001064,CUST_04257,Monitor,4,38125,2026-01-27,Debit Card,Pune
JAN_001065,CUST_02674,Tablet,5,43837,2026-01-21,Cash on Delivery,Chennai
JAN_001066,CUST_04647,Headphones,3,11454,2026-01-10,Debit Card,Delhi
JAN_001067,CUST_03047,Mouse,1,9921,2026-01-16,Debit Card,Bangalore
JAN_001068,CUST_01363,Headphones,5,18893,2026-01-15,Credit Card,Delhi
JAN_001069,CUST_01258,Headphones,2,7862,2026-01-27,UPI,Bangalore
JAN_001070,CUST_01037,Tablet,3,24426,2026-01-19,Credit Card,Delhi
JAN_001071,CUST_00285,Monitor,3,9895,2026-01-18,Debit Card,Chennai
JAN_001072,CUST_01332,Mouse,1,1833,2026-01-18,Cash on Delivery,Chennai
JAN_001073,CUST_01191,Tablet,3,10427,2026-01-25,UPI,Pune
JAN_001074,CUST_04157,Monitor,3,31258,2026-01-18,Debit Card,Hyderabad
JAN_001075,CUST_01205,Tablet,3,45363,2026-01-22,UPI,Pune
JAN_001076,CUST_00329,Headphones,5,7859,2026-01-16,Debit Card,Mumbai
JAN_001077,CUST_01806,Tablet,3,6260,2026-01-13,Debit Card,Mumbai
JAN_001078,CUST_01599,Keyboard,3,13026,2026-01-20,UPI,Mumbai
JAN_001079,CUST_03650,Smartphone,5,26048,2026-01-18,Credit Card,Chennai
JAN_001080,CUST_04942,Laptop,3,26254,2026-01-11,Credit Card,Pune
JAN_001081,CUST_03504,Monitor,4,24633,2026-01-28,UPI,Bangalore
JAN_001082,CUST_02879,Mouse,4,36967,2026-01-12,UPI,Delhi
JAN_001083,CUST_03640,Smartwatch,4,19115,2026-01-24,Credit Card,Pune
JAN_001084,CUST_03473,Smartwatch,2,38681,2026-01-29,UPI,Delhi
JAN_001085,CUST_02485,Tablet,5,22181,2026-01-07,UPI,Hyderabad
JAN_001086,CUST_03079,Smartphone,1,27034,2026-01-25,Debit Card,Chennai
JAN_001087,CUST_04554,Tablet,5,49695,2026-01-06,Credit Card,Delhi
JAN_001088,CUST_03128,Mouse,5,32351,2026-01-06,UPI,Bangalore
JAN_001089,CUST_04795,Mouse,4,36853,2026-01-27,Cash on Delivery,Delhi
JAN_001090,CUST_00021,Headphones,3,19871,2026-01-01,Cash on Delivery,Mumbai
JAN_001091,CUST_02357,Smartwatch,2,32436,2026-01-21,Credit Card,Mumbai
JAN_001092,CUST_02271,Tablet,1,39448,2026-01-04,Debit Card,Hyderabad
JAN_001093,CUST_04634,Smartwatch,3,41356,2026-01-16,Cash on Delivery,Pune
JAN_001094,CUST_00980,Monitor,5,48235,2026-01-27,UPI,Bangalore
JAN_001095,CUST_04765,Laptop,2,21150,2026-01-06,Cash on Delivery,Pune
JAN_001096,CUST_02928,Headphones,1,18069,2026-01-05,Debit Card,Chennai
JAN_001097,CUST_02917,Laptop,3,19314,2026-01-21,UPI,Hyderabad
JAN_001098,CUST_01502,Smartphone,5,49524,2026-01-07,Credit Card,Hyderabad
JAN_001099,CUST_02591,Mouse,3,45121,2026-01-11,Debit Card,Mumbai
JAN_001100,CUST_04752,Monitor,2,1045,2026-01-18,Credit Card,Hyderabad
JAN_001101,CUST_03056,Tablet,4,22502,2026-01-10,Credit Card,Mumbai
JAN_001102,CUST_01267,Keyboard,2,36812,2026-01-07,UPI,Chennai
JAN_001103,CUST_00626,Smartphone,2,1338,2026-01-15,Cash on Delivery,Bangalore
JAN_001104,CUST_02971,Headphones,4,39367,2026-01-10,Debit Card,Delhi
JAN_001105,CUST_02496,Laptop,1,14772,2026-01-23,Credit Card,Pune
JAN_001106,CUST_01857,Mouse,2,13952,2026-01-05,Credit Card,Mumbai
JAN_001107,CUST_00916,Smartphone,1,31936,2026-01-14,Cash on Delivery,Mumbai
JAN_001108,CUST_00884,Laptop,5,39074,2026-01-07,UPI,Chennai
JAN_001109,CUST_02073,Laptop,1,19968,2026-01-04,UPI,Mumbai
JAN_001110,CUST_01015,Keyboard,5,13308,2026-01-26,Credit Card,Pune
JAN_001111,CUST_00240,Smartphone,2,49102,2026-01-12,Debit Card,Hyderabad
JAN_001112,CUST_02886,Headphones,5,47946,2026-01-12,Credit Card,Hyderabad
JAN_001113,CUST_00560,Smartphone,5,1116,2026-01-19,Credit Card,Pune
JAN_001114,CUST_02309,Headphones,5,483,2026-01-07,UPI,Delhi
JAN_001115,CUST_04131,Tablet,3,45952,2026-01-30,Credit Card,Chennai
JAN_001116,CUST_00880,Headphones,3,25078,2026-01-22,Cash on Delivery,Delhi
JAN_001117,CUST_01865,Smartwatch,1,20796,2026-01-17,UPI,Chennai
JAN_001118,CUST_04258,Headphones,4,23874,2026-01-04,Debit Card,Hyderabad
JAN_001119,CUST_00333,Smartphone,3,32555,2026-01-24,UPI,Chennai
JAN_001120,CUST_03744,Mouse,4,15002,2026-01-10,Cash on Delivery,Bangalore
JAN_001121,CUST_03506,Keyboard,1,31373,2026-01-28,Debit Card,Delhi
JAN_001122,CUST_04028,Smartphone,4,28908,2026-01-01,UPI,Mumbai
JAN_001123,CUST_03235,Smartwatch,5,6866,2026-01-05,Credit Card,Mumbai
JAN_001124,CUST_01631,Monitor,2,39191,2026-01-12,Cash on Delivery,Mumbai
JAN_001125,CUST_03480,Tablet,3,46959,2026-01-08,Debit Card,Pune
JAN_001126,CUST_03279,Monitor,4,43891,2026-01-31,Cash on Delivery,Chennai
JAN_001127,CUST_02285,Headphones,4,7280,2026-01-17,UPI,Bangalore
JAN_001128,CUST_04074,Keyboard,2,2147,2026-01-16,UPI,Pune
JAN_001129,CUST_00559,Tablet,1,11937,2026-01-02,Cash on Delivery,Hyderabad
JAN_001130,CUST_02679,Headphones,3,40961,2026-01-22,UPI,Mumbai
JAN_001131,CUST_04260,Tablet,4,13433,2026-01-22,Debit Card,Pune
JAN_001132,CUST_04017,Mouse,5,22719,2026-01-16,UPI,Mumbai
JAN_001133,CUST_00976,Smartwatch,4,20814,2026-01-14,Cash on Delivery,Chennai
JAN_001134,CUST_00295,Laptop,2,36681,2026-01-15,Debit Card,Pune
JAN_001135,CUST_04027,Smartwatch,2,20677,2026-01-06,Cash on Delivery,Chennai
JAN_001136,CUST_00897,Tablet,5,45116,2026-01-25,Cash on Delivery,Chennai
JAN_001137,CUST_01281,Laptop,4,17461,2026-01-18,Cash on Delivery,Hyderabad
JAN_001138,CUST_02890,Mouse,3,4225,2026-01-13,UPI,Hyderabad
JAN_001139,CUST_01051,Monitor,3,48831,2026-01-02,UPI,Pune
JAN_001140,CUST_03118,Smartphone,4,22819,2026-01-11,Debit Card,Chennai
JAN_001141,CUST_00463,Keyboard,2,15576,2026-01-12,Debit Card,Hyderabad
JAN_001142,CUST_00537,Mouse,1,22324,2026-01-03,Credit Card,Mumbai
JAN_001143,CUST_02672,Laptop,4,43307,2026-01-18,Cash on Delivery,Hyderabad
JAN_001144,CUST_03451,Mouse,1,45810,2026-01-17,Cash on Delivery,Hyderabad
JAN_001145,CUST_02593,Smartwatch,5,25778,2026-01-01,Debit Card,Hyderabad
JAN_001146,CUST_04001,Smartphone,2,22217,2026-01-04,Cash on Delivery,Hyderabad
JAN_001147,CUST_02782,Headphones,5,19829,2026-01-26,Debit Card,Chennai
JAN_001148,CUST_04072,Smartphone,5,14229,2026-01-07,Debit Card,Bangalore
JAN_001149,CUST_02436,Smartwatch,2,41131,2026-01-02,UPI,Pune
JAN_001150,CUST_04737,Smartphone,5,22275,2026-01-28,Debit Card,Mumbai
JAN_001151,CUST_04351,Tablet,4,13945,2026-01-19,Debit Card,Mumbai
JAN_001152,CUST_02473,Mouse,4,43680,2026-01-21,Debit Card,Delhi
JAN_001153,CUST_03296,Mouse,5,33975,2026-01-14,Cash on Delivery,Pune
JAN_001154,CUST_04486,Headphones,1,41346,2026-01-25,Credit Card,Hyderabad
JAN_001155,CUST_01745,Tablet,3,42007,2026-01-16,Cash on Delivery,Hyderabad
JAN_001156,CUST_00491,Keyboard,3,30509,2026-01-24,Credit Card,Delhi
JAN_001157,CUST_02460,Smartwatch,4,21083,2026-01-05,UPI,Pune
JAN_001158,CUST_03379,Mouse,3,42539,2026-01-07,Credit Card,Bangalore
JAN_001159,CUST_04926,Keyboard,4,15829,2026-01-22,UPI,Delhi
JAN_001160,CUST_00227,Keyboard,3,30619,2026-01-07,Cash on Delivery,Hyderabad
JAN_001161,CUST_03458,Laptop,2,10643,2026-01-14,Debit Card,Delhi
JAN_001162,CUST_02117,Mouse,5,11733,2026-01-01,UPI,Pune
JAN_001163,CUST_00164,Laptop,1,20772,2026-01-16,Debit Card,Mumbai
JAN_001164,CUST_03335,Monitor,1,26210,2026-01-29,Credit Card,Delhi
JAN_001165,CUST_04678,Smartphone,5,43730,2026-01-04,Debit Card,Chennai
JAN_001166,CUST_00740,Keyboard,5,8213,2026-01-29,Debit Card,Bangalore
JAN_001167,CUST_04787,Smartwatch,2,27913,2026-01-27,Credit Card,Delhi
JAN_001168,CUST_01435,Keyboard,3,29001,2026-01-04,Cash on Delivery,Bangalore
JAN_001169,CUST_04830,Laptop,4,35161,2026-01-28,Debit Card,Pune
JAN_001170,CUST_00926,Monitor,5,27972,2026-01-31,Cash on Delivery,Pune
JAN_001171,CUST_02276,Headphones,3,31344,2026-01-08,Debit Card,Bangalore
JAN_001172,CUST_04963,Laptop,1,45464,2026-01-01,Credit Card,Bangalore
JAN_001173,CUST_03152,Mouse,3,45108,2026-01-18,UPI,Hyderabad
JAN_001174,CUST_01937,Tablet,4,715,2026-01-28,Cash on Delivery,Bangalore
JAN_001175,CUST_00740,Keyboard,3,13987,2026-01-10,Credit Card,Chennai
JAN_001176,CUST_02599,Smartwatch,1,18159,2026-01-21,UPI,Chennai
JAN_001177,CUST_03383,Monitor,4,6779,2026-01-16,Credit Card,Pune
JAN_001178,CUST_04148,Smartphone,3,27782,2026-01-09,Debit Card,Chennai
JAN_001179,CUST_00225,Laptop,2,41497,2026-01-23,Cash on Delivery,Pune
JAN_001180,CUST_00026,Smartwatch,2,41376,2026-01-05,Debit Card,Bangalore
JAN_001181,CUST_00674,Smartphone,2,16558,2026-01-19,Credit Card,Hyderabad
JAN_001182,CUST_03362,Monitor,4,31550,2026-01-22,Credit Card,Bangalore
JAN_001183,CUST_04859,Monitor,3,13219,2026-01-06,UPI,Chennai
JAN_001184,CUST_01491,Smartwatch,4,37581,2026-01-12,Credit Card,Mumbai
JAN_001185,CUST_00189,Keyboard,1,30505,2026-01-31,Credit Card,Bangalore
JAN_001186,CUST_01383,Laptop,4,40701,2026-01-23,Cash on Delivery,Hyderabad
JAN_001187,CUST_01223,Smartphone,3,11349,2026-01-09,UPI,Mumbai
JAN_001188,CUST_04308,Smartwatch,4,44345,2026-01-23,Cash on Delivery,Mumbai
JAN_001189,CUST_01665,Keyboard,3,19071,2026-01-08,Cash on Delivery,Chennai
JAN_001190,CUST_03534,Keyboard,5,14327,2026-01-05,Debit Card,Pune
JAN_001191,CUST_01552,Smartwatch,2,26973,2026-01-22,Credit Card,Mumbai
JAN_001192,CUST_02145,Keyboard,5,29755,2026-01-10,Credit Card,Bangalore
JAN_001193,CUST_03754,Smartphone,1,30928,2026-01-19,Credit Card,Bangalore
JAN_001194,CUST_03257,Keyboard,4,46629,2026-01-23,Cash on Delivery,Pune
JAN_001195,CUST_02100,Smartphone,1,36703,2026-01-20,UPI,Mumbai
JAN_001196,CUST_01924,Tablet,3,39939,2026-01-11,UPI,Mumbai
JAN_001197,CUST_04134,Smartwatch,3,26066,2026-01-09,Debit Card,Delhi
JAN_001198,CUST_04584,Laptop,5,11955,2026-01-31,Debit Card,Delhi
JAN_001199,CUST_04038,Monitor,4,8845,2026-01-17,UPI,Bangalore
JAN_001200,CUST_04346,Smartwatch,2,17265,2026-01-23,UPI,Bangalore
JAN_001201,CUST_01048,Tablet,3,49209,2026-01-02,Debit Card,Chennai
JAN_001202,CUST_02157,Mouse,5,20713,2026-01-10,Cash on Delivery,Delhi
JAN_001203,CUST_04025,Headphones,5,43284,2026-01-11,Cash on Delivery,Mumbai
JAN_001204,CUST_01218,Laptop,2,12202,2026-01-07,UPI,Chennai
JAN_001205,CUST_01340,Tablet,4,7803,2026-01-09,Cash on Delivery,Mumbai
JAN_001206,CUST_02921,Tablet,4,32508,2026-01-15,UPI,Pune
JAN_001207,CUST_01213,Smartphone,3,6332,2026-01-28,Credit Card,Bangalore
JAN_001208,CUST_01379,Mouse,5,43659,2026-01-06,Credit Card,Hyderabad
JAN_001209,CUST_04310,Headphones,4,5235,2026-01-01,Credit Card,Chennai
JAN_001210,CUST_00773,Monitor,1,18830,2026-01-22,UPI,Chennai
JAN_001211,CUST_04837,Smartphone,3,10277,2026-01-12,UPI,Mumbai
JAN_001212,CUST_03931,Tablet,3,39141,2026-01-15,UPI,Bangalore
JAN_001213,CUST_03712,Monitor,5,8675,2026-01-02,Credit Card,Mumbai
JAN_001214,CUST_02318,Monitor,1,48945,2026-01-26,UPI,Hyderabad
JAN_001215,CUST_04934,Smartwatch,1,26339,2026-01-31,Debit Card,Delhi
JAN_001216,CUST_03268,Smartphone,1,13846,2026-01-08,Credit Card,Chennai
JAN_001217,CUST_03297,Mouse,2,8103,2026-01-25,Debit Card,Chennai
JAN_001218,CUST_03542,Mouse,5,8804,2026-01-26,Debit Card,Pune
JAN_001219,CUST_03011,Keyboard,4,29392,2026-01-04,Cash on Delivery,Chennai
JAN_001220,CUST_04613,Smartwatch,1,49777,2026-01-09,Cash on Delivery,Bangalore
JAN_001221,CUST_01527,Smartwatch,4,6291,2026-01-20,UPI,Hyderabad
JAN_001222,CUST_03798,Keyboard,2,32661,2026-01-11,UPI,Bangalore
JAN_001223,CUST_03583,Smartphone,4,19886,2026-01-15,Credit Card,Delhi
JAN_001224,CUST_02461,Keyboard,5,28231,2026-01-22,Debit Card,Hyderabad
JAN_001225,CUST_04514,Smartphone,1,33847,2026-01-02,UPI,Hyderabad
JAN_001226,CUST_03384,Smartphone,4,43509,2026-01-14,Debit Card,Bangalore
JAN_001227,CUST_04797,Smartphone,5,1266,2026-01-09,UPI,Pune
JAN_001228,CUST_03792,Headphones,2,25952,2026-01-22,UPI,Mumbai
JAN_001229,CUST_02439,Monitor,5,47654,2026-01-14,Cash on Delivery,Pune
JAN_001230,CUST_02172,Monitor,2,14032,2026-01-15,Credit Card,Mumbai
JAN_001231,CUST_04949,Mouse,1,28629,2026-01-24,UPI,Mumbai
JAN_001232,CUST_00956,Laptop,2,43178,2026-01-13,Cash on Delivery,Chennai
JAN_001233,CUST_03319,Tablet,3,40733,2026-01-23,Debit Card,Pune
JAN_001234,CUST_03236,Mouse,1,8397,2026-01-22,Credit Card,Mumbai
JAN_001235,CUST_00917,Laptop,2,1957,2026-01-07,Credit Card,Chennai
JAN_001236,CUST_01190,Keyboard,4,41229,2026-01-21,Credit Card,Mumbai
JAN_001237,CUST_03797,Headphones,4,27848,2026-01-10,UPI,Mumbai
JAN_001238,CUST_01249,Tablet,4,31099,2026-01-06,UPI,Chennai
JAN_001239,CUST_01988,Keyboard,3,37518,2026-01-19,Cash on Delivery,Mumbai
JAN_001240,CUST_00065,Smartphone,4,27442,2026-01-11,Cash on Delivery,Pune
JAN_001241,CUST_04882,Mouse,1,32148,2026-01-19,Cash on Delivery,Chennai
JAN_001242,CUST_04842,Tablet,2,47011,2026-01-17,UPI,Hyderabad
JAN_001243,CUST_03458,Monitor,5,4362,2026-01-01,Debit Card,Pune
JAN_001244,CUST_03878,Smartphone,4,41009,2026-01-14,Debit Card,Chennai
JAN_001245,CUST_03574,Laptop,2,19075,2026-01-23,Credit Card,Chennai
JAN_001246,CUST_03590,Keyboard,5,14598,2026-01-12,Debit Card,Hyderabad
JAN_001247,CUST_03838,Headphones,3,47582,2026-01-28,Cash on Delivery,Chennai
JAN_001248,CUST_02952,Tablet,2,40953,2026-01-27,Credit Card,Bangalore
JAN_001249,CUST_00707,Tablet,2,11556,2026-01-23,Credit Card,Delhi
JAN_001250,CUST_04032,Smartphone,4,32556,2026-01-20,Debit Card,Delhi
JAN_001251,CUST_04562,Laptop,1,23713,2026-01-07,Debit Card,Bangalore
JAN_001252,CUST_01300,Headphones,5,2295,2026-01-22,UPI,Bangalore
JAN_001253,CUST_00934,Keyboard,1,37030,2026-01-14,Credit Card,Chennai
JAN_001254,CUST_02788,Monitor,1,36705,2026-01-09,Debit Card,Delhi
JAN_001255,CUST_04223,Smartphone,1,28893,2026-01-28,Cash on Delivery,Mumbai
JAN_001256,CUST_04995,Smartphone,5,2950,2026-01-04,UPI,Delhi
JAN_001257,CUST_00968,Keyboard,3,10491,2026-01-21,Debit Card,Pune
JAN_001258,CUST_04145,Tablet,1,10311,2026-01-15,Debit Card,Bangalore
JAN_001259,CUST_01129,Smartphone,2,28977,2026-01-27,Cash on Delivery,Mumbai
JAN_001260,CUST_03881,Monitor,3,33297,2026-01-08,Credit Card,Mumbai
JAN_001261,CUST_03051,Smartwatch,3,41451,2026-01-09,Credit Card,Delhi
JAN_001262,CUST_04339,Smartwatch,2,9243,2026-01-25,Cash on Delivery,Chennai
JAN_001263,CUST_03354,Tablet,5,44908,2026-01-30,Debit Card,Mumbai
JAN_001264,CUST_01193,Laptop,5,4760,2026-01-15,UPI,Bangalore
JAN_001265,CUST_03291,Headphones,4,4228,2026-01-11,Cash on Delivery,Mumbai
JAN_001266,CUST_01237,Laptop,5,19580,2026-01-22,Cash on Delivery,Chennai
JAN_001267,CUST_04536,Mouse,3,22754,2026-01-29,UPI,Bangalore
JAN_001268,CUST_04324,Headphones,4,29441,2026-01-29,Credit Card,Hyderabad
JAN_001269,CUST_03623,Monitor,4,13129,2026-01-20,Debit Card,Mumbai
JAN_001270,CUST_04403,Monitor,4,47720,2026-01-02,Credit Card,Hyderabad
JAN_001271,CUST_02326,Keyboard,1,33732,2026-01-18,Debit Card,Hyderabad
JAN_001272,CUST_01311,Laptop,1,35585,2026-01-11,Debit Card,Delhi
JAN_001273,CUST_02490,Smartwatch,5,7437,2026-01-27,UPI,Bangalore
JAN_001274,CUST_04158,Monitor,1,3328,2026-01-09,UPI,Chennai
JAN_001275,CUST_04690,Laptop,4,22415,2026-01-10,Credit Card,Pune
JAN_001276,CUST_04634,Keyboard,3,19808,2026-01-19,Debit Card,Pune
JAN_001277,CUST_04693,Headphones,4,34256,2026-01-26,Credit Card,Mumbai
JAN_001278,CUST_04231,Keyboard,3,29973,2026-01-11,UPI,Delhi
JAN_001279,CUST_03488,Smartwatch,1,6245,2026-01-23,UPI,Chennai
JAN_001280,CUST_01066,Tablet,2,29439,2026-01-29,UPI,Bangalore
JAN_001281,CUST_04312,Smartwatch,5,36832,2026-01-22,Cash on Delivery,Bangalore
JAN_001282,CUST_04087,Smartwatch,4,45355,2026-01-19,Cash on Delivery,Pune
JAN_001283,CUST_01335,Headphones,5,8531,2026-01-14,Cash on Delivery,Pune
JAN_001284,CUST_01060,Smartphone,2,30047,2026-01-15,Cash on Delivery,Mumbai
JAN_001285,CUST_01285,Monitor,1,39626,2026-01-24,Cash on Delivery,Mumbai
JAN_001286,CUST_03028,Mouse,1,34460,2026-01-04,Credit Card,Mumbai
JAN_001287,CUST_02498,Monitor,3,19466,2026-01-12,Cash on Delivery,Mumbai
JAN_001288,CUST_01171,Headphones,5,27840,2026-01-26,UPI,Bangalore
JAN_001289,CUST_02323,Keyboard,2,48674,2026-01-29,Cash on Delivery,Mumbai
JAN_001290,CUST_04486,Monitor,1,3128,2026-01-04,Cash on Delivery,Chennai
JAN_001291,CUST_02538,Tablet,3,24927,2026-01-19,Cash on Delivery,Pune
JAN_001292,CUST_04962,Headphones,2,33280,2026-01-27,Cash on Delivery,Chennai
JAN_001293,CUST_03679,Headphones,3,6053,2026-01-22,Cash on Delivery,Chennai
JAN_001294,CUST_03240,Monitor,5,3202,2026-01-08,Cash on Delivery,Pune
JAN_001295,CUST_00726,Headphones,1,37686,2026-01-09,Debit Card,Hyderabad
JAN_001296,CUST_01015,Smartphone,2,40747,2026-01-21,UPI,Hyderabad
JAN_001297,CUST_01552,Tablet,5,1423,2026-01-17,UPI,Pune
JAN_001298,CUST_04357,Headphones,1,18219,2026-01-30,Credit Card,Delhi
JAN_001299,CUST_04748,Tablet,1,35166,2026-01-27,Debit Card,Chennai
JAN_001300,CUST_00369,Tablet,1,22479,2026-01-19,Cash on Delivery,Delhi
JAN_001301,CUST_00198,Monitor,4,17054,2026-01-14,UPI,Mumbai
JAN_001302,CUST_04439,Headphones,3,9639,2026-01-04,Credit Card,Bangalore
JAN_001303,CUST_00735,Headphones,3,26891,2026-01-25,Credit Card,Mumbai
JAN_001304,CUST_02665,Headphones,1,46946,2026-01-20,UPI,Bangalore
JAN_001305,CUST_00809,Monitor,2,27254,2026-01-13,Debit Card,Bangalore
JAN_001306,CUST_00991,Laptop,2,15903,2026-01-13,Credit Card,Chennai
JAN_001307,CUST_04133,Smartwatch,1,17848,2026-01-17,UPI,Bangalore
JAN_001308,CUST_04532,Smartwatch,1,31930,2026-01-15,UPI,Chennai
JAN_001309,CUST_01915,Laptop,3,36511,2026-01-21,UPI,Delhi
JAN_001310,CUST_04545,Headphones,3,37440,2026-01-25,Cash on Delivery,Chennai
JAN_001311,CUST_04100,Keyboard,2,24664,2026-01-03,Credit Card,Delhi
JAN_001312,CUST_03472,Tablet,1,265,2026-01-18,Cash on Delivery,Hyderabad
JAN_001313,CUST_01372,Laptop,1,31800,2026-01-10,Debit Card,Hyderabad
JAN_001314,CUST_03115,Monitor,2,38548,2026-01-09,Debit Card,Mumbai
JAN_001315,CUST_04376,Smartphone,3,6079,2026-01-06,Cash on Delivery,Pune
JAN_001316,CUST_01145,Mouse,4,14018,2026-01-04,Debit Card,Pune
JAN_001317,CUST_02807,Mouse,4,18092,2026-01-31,Credit Card,Pune
JAN_001318,CUST_02799,Keyboard,4,39489,2026-01-11,Debit Card,Mumbai
JAN_001319,CUST_01096,Laptop,5,31429,2026-01-30,UPI,Mumbai
JAN_001320,CUST_01422,Smartwatch,5,45845,2026-01-22,Cash on Delivery,Chennai
JAN_001321,CUST_00665,Smartphone,5,2228,2026-01-18,Cash on Delivery,Pune
JAN_001322,CUST_02892,Smartwatch,5,23659,2026-01-04,Cash on Delivery,Delhi
JAN_001323,CUST_00070,Smartphone,4,24479,2026-01-27,Credit Card,Chennai
JAN_001324,CUST_01815,Laptop,3,44800,2026-01-01,Debit Card,Delhi
JAN_001325,CUST_02484,Keyboard,2,32562,2026-01-03,Debit Card,Mumbai
JAN_001326,CUST_04038,Keyboard,1,13050,2026-01-09,Cash on Delivery,Mumbai
JAN_001327,CUST_02273,Tablet,2,36361,2026-01-28,Credit Card,Pune
JAN_001328,CUST_04635,Headphones,1,38745,2026-01-24,Credit Card,Pune
JAN_001329,CUST_01044,Mouse,5,15139,2026-01-03,Debit Card,Delhi
JAN_001330,CUST_00190,Mouse,5,29948,2026-01-28,UPI,Chennai
JAN_001331,CUST_00425,Monitor,4,26865,2026-01-21,Debit Card,Mumbai
JAN_001332,CUST_04246,Tablet,4,23889,2026-01-22,UPI,Pune
JAN_001333,CUST_00385,Mouse,4,35092,2026-01-08,Cash on Delivery,Bangalore
JAN_001334,CUST_03211,Keyboard,3,5561,2026-01-01,UPI,Pune
JAN_001335,CUST_03472,Smartphone,2,13102,2026-01-08,Credit Card,Bangalore
JAN_001336,CUST_00515,Smartphone,1,31655,2026-01-10,Cash on Delivery,Mumbai
JAN_001337,CUST_02739,Mouse,2,7267,2026-01-19,Cash on Delivery,Delhi
JAN_001338,CUST_02792,Laptop,3,34257,2026-01-31,Credit Card,Mumbai
JAN_001339,CUST_04915,Tablet,1,41182,2026-01-25,Cash on Delivery,Hyderabad
JAN_001340,CUST_00701,Laptop,1,24932,2026-01-04,Debit Card,Pune
JAN_001341,CUST_01045,Laptop,4,3790,2026-01-03,Debit Card,Hyderabad
JAN_001342,CUST_03538,Smartphone,1,44604,2026-01-21,UPI,Hyderabad
JAN_001343,CUST_02416,Smartwatch,4,6480,2026-01-02,Cash on Delivery,Delhi
JAN_001344,CUST_04912,Laptop,4,25360,2026-01-28,Cash on Delivery,Chennai
JAN_001345,CUST_00830,Monitor,1,29958,2026-01-29,Debit Card,Hyderabad
JAN_001346,CUST_00885,Smartphone,1,39205,2026-01-07,UPI,Hyderabad
JAN_001347,CUST_01587,Headphones,5,16995,2026-01-26,Debit Card,Chennai
JAN_001348,CUST_03643,Headphones,2,9222,2026-01-16,UPI,Mumbai
JAN_001349,CUST_02554,Smartwatch,5,42910,2026-01-05,Debit Card,Bangalore
JAN_001350,CUST_04434,Headphones,2,30970,2026-01-19,Debit Card,Hyderabad
JAN_001351,CUST_02385,Monitor,1,34126,2026-01-11,Credit Card,Mumbai
JAN_001352,CUST_04155,Laptop,4,22732,2026-01-08,Credit Card,Delhi
JAN_001353,CUST_01649,Smartphone,3,12609,2026-01-21,Cash on Delivery,Pune
JAN_001354,CUST_03829,Monitor,5,37299,2026-01-23,Debit Card,Hyderabad
JAN_001355,CUST_03430,Monitor,2,7071,2026-01-10,Cash on Delivery,Mumbai
JAN_001356,CUST_01798,Laptop,2,45630,2026-01-16,Credit Card,Chennai
JAN_001357,CUST_01747,Keyboard,4,48341,2026-01-20,Debit Card,Pune
JAN_001358,CUST_01682,Smartwatch,2,640,2026-01-13,Debit Card,Mumbai
JAN_001359,CUST_02932,Laptop,5,7749,2026-01-03,Credit Card,Bangalore
JAN_001360,CUST_01593,Monitor,1,2145,2026-01-15,Credit Card,Delhi
JAN_001361,CUST_01427,Keyboard,3,47309,2026-01-10,Credit Card,Bangalore
JAN_001362,CUST_04543,Keyboard,2,13044,2026-01-28,UPI,Delhi
JAN_001363,CUST_02145,Smartphone,1,44597,2026-01-27,Credit Card,Chennai
JAN_001364,CUST_00910,Monitor,2,20193,2026-01-21,Cash on Delivery,Delhi
JAN_001365,CUST_03051,Headphones,5,41042,2026-01-12,Cash on Delivery,Pune
JAN_001366,CUST_00971,Headphones,2,12628,2026-01-03,Credit Card,Hyderabad
JAN_001367,CUST_03066,Monitor,5,28350,2026-01-13,Credit Card,Mumbai
JAN_001368,CUST_04812,Keyboard,5,19479,2026-01-25,Credit Card,Bangalore
JAN_001369,CUST_00437,Mouse,2,33509,2026-01-08,Cash on Delivery,Delhi
JAN_001370,CUST_00667,Tablet,5,4451,2026-01-24,Credit Card,Hyderabad
JAN_001371,CUST_04172,Monitor,4,34206,2026-01-13,Cash on Delivery,Delhi
JAN_001372,CUST_03063,Tablet,4,31248,2026-01-11,Debit Card,Hyderabad
JAN_001373,CUST_04784,Laptop,2,14586,2026-01-13,Credit Card,Chennai
JAN_001374,CUST_01921,Smartwatch,2,20253,2026-01-28,Cash on Delivery,Chennai
JAN_001375,CUST_01288,Monitor,3,36280,2026-01-19,UPI,Delhi
JAN_001376,CUST_00689,Mouse,4,34201,2026-01-25,Debit Card,Delhi
JAN_001377,CUST_00338,Tablet,5,40906,2026-01-19,Debit Card,Chennai
JAN_001378,CUST_03831,Smartwatch,4,24285,2026-01-15,Cash on Delivery,Bangalore
JAN_001379,CUST_03133,Laptop,2,29146,2026-01-09,Credit Card,Bangalore
JAN_001380,CUST_00622,Monitor,1,19501,2026-01-21,UPI,Bangalore
JAN_001381,CUST_01866,Smartphone,1,4875,2026-01-30,Debit Card,Mumbai
JAN_001382,CUST_01641,Monitor,2,44443,2026-01-18,Debit Card,Bangalore
JAN_001383,CUST_02249,Keyboard,5,9235,2026-01-10,Debit Card,Mumbai
JAN_001384,CUST_02454,Mouse,3,26664,2026-01-25,Cash on Delivery,Hyderabad
JAN_001385,CUST_00098,Tablet,5,9983,2026-01-25,Cash on Delivery,Delhi
JAN_001386,CUST_01720,Tablet,2,34005,2026-01-08,Cash on Delivery,Pune
JAN_001387,CUST_03780,Monitor,1,20717,2026-01-27,Credit Card,Chennai
JAN_001388,CUST_03422,Keyboard,4,29689,2026-01-25,UPI,Bangalore
JAN_001389,CUST_04731,Headphones,3,48552,2026-01-05,UPI,Chennai
JAN_001390,CUST_02906,Monitor,2,27669,2026-01-26,Cash on Delivery,Pune
JAN_001391,CUST_03305,Mouse,3,38666,2026-01-25,UPI,Hyderabad
JAN_001392,CUST_00264,Headphones,2,21843,2026-01-26,Cash on Delivery,Chennai
JAN_001393,CUST_03201,Smartphone,5,25525,2026-01-07,Credit Card,Chennai
JAN_001394,CUST_02694,Tablet,3,6310,2026-01-04,Credit Card,Mumbai
JAN_001395,CUST_04530,Headphones,1,45355,2026-01-22,Cash on Delivery,Mumbai
JAN_001396,CUST_01631,Smartphone,4,18800,2026-01-06,Credit Card,Delhi
JAN_001397,CUST_04296,Smartphone,4,3965,2026-01-10,Debit Card,Hyderabad
JAN_001398,CUST_01408,Monitor,4,25831,2026-01-01,Credit Card,Mumbai
JAN_001399,CUST_04395,Smartwatch,4,48902,2026-01-05,UPI,Chennai
JAN_001400,CUST_01692,Headphones,2,20500,2026-01-31,Cash on Delivery,Pune
JAN_001401,CUST_03890,Headphones,5,37889,2026-01-22,Debit Card,Hyderabad
JAN_001402,CUST_04117,Tablet,3,13418,2026-01-07,UPI,Delhi
JAN_001403,CUST_00525,Smartwatch,5,16376,2026-01-15,Debit Card,Hyderabad
JAN_001404,CUST_04022,Tablet,4,37957,2026-01-29,UPI,Pune
JAN_001405,CUST_02359,Tablet,3,46095,2026-01-03,Debit Card,Chennai
JAN_001406,CUST_01435,Smartwatch,2,11968,2026-01-20,Cash on Delivery,Chennai
JAN_001407,CUST_01503,Smartphone,4,45986,2026-01-13,UPI,Delhi
JAN_001408,CUST_01294,Mouse,5,19329,2026-01-29,UPI,Pune
JAN_001409,CUST_01780,Tablet,4,36429,2026-01-24,UPI,Bangalore
JAN_001410,CUST_00862,Monitor,4,29752,2026-01-03,Credit Card,Bangalore
JAN_001411,CUST_04146,Laptop,4,1950,2026-01-07,UPI,Pune
JAN_001412,CUST_03784,Smartwatch,3,49087,2026-01-23,Cash on Delivery,Delhi
JAN_001413,CUST_00310,Laptop,3,7715,2026-01-13,Credit Card,Bangalore
JAN_001414,CUST_03804,Tablet,4,4671,2026-01-22,UPI,Hyderabad
JAN_001415,CUST_01985,Tablet,2,31053,2026-01-22,Debit Card,Delhi
JAN_001416,CUST_00148,Smartphone,2,19477,2026-01-06,UPI,Hyderabad
JAN_001417,CUST_03202,Headphones,1,44200,2026-01-24,UPI,Pune
JAN_001418,CUST_01258,Tablet,3,11861,2026-01-09,Credit Card,Pune
JAN_001419,CUST_04361,Keyboard,4,45861,2026-01-02,UPI,Pune
JAN_001420,CUST_04284,Smartphone,4,45442,2026-01-26,Debit Card,Chennai
JAN_001421,CUST_04901,Laptop,1,24932,2026-01-02,Credit Card,Delhi
JAN_001422,CUST_01955,Keyboard,1,1251,2026-01-12,Cash on Delivery,Mumbai
JAN_001423,CUST_02762,Keyboard,1,14655,2026-01-01,UPI,Pune
JAN_001424,CUST_01369,Laptop,4,33787,2026-01-06,UPI,Bangalore
JAN_001425,CUST_04605,Keyboard,5,13773,2026-01-11,Cash on Delivery,Chennai
JAN_001426,CUST_01904,Keyboard,1,23568,2026-01-04,Debit Card,Delhi
JAN_001427,CUST_03295,Monitor,1,25705,2026-01-01,Credit Card,Chennai
JAN_001428,CUST_00541,Mouse,5,24381,2026-01-08,UPI,Mumbai
JAN_001429,CUST_01791,Smartwatch,3,39447,2026-01-29,Cash on Delivery,Mumbai
JAN_001430,CUST_04393,Headphones,3,6409,2026-01-23,Debit Card,Pune
JAN_001431,CUST_03184,Headphones,3,11690,2026-01-23,Debit Card,Pune
JAN_001432,CUST_00554,Monitor,1,40080,2026-01-16,Cash on Delivery,Chennai
JAN_001433,CUST_01905,Laptop,2,1590,2026-01-17,UPI,Bangalore
JAN_001434,CUST_03511,Keyboard,5,5402,2026-01-08,UPI,Delhi
JAN_001435,CUST_04086,Mouse,2,10139,2026-01-12,Cash on Delivery,Delhi
JAN_001436,CUST_00311,Keyboard,5,29280,2026-01-21,Debit Card,Delhi
JAN_001437,CUST_02602,Laptop,5,27390,2026-01-09,Debit Card,Mumbai
JAN_001438,CUST_02714,Monitor,2,13688,2026-01-08,UPI,Pune
JAN_001439,CUST_01823,Smartwatch,5,21278,2026-01-08,Credit Card,Chennai
JAN_001440,CUST_00050,Smartphone,4,4786,2026-01-21,Credit Card,Mumbai
JAN_001441,CUST_01160,Keyboard,2,6213,2026-01-21,Credit Card,Hyderabad
JAN_001442,CUST_01675,Keyboard,5,5322,2026-01-18,Cash on Delivery,Pune
JAN_001443,CUST_02552,Headphones,2,16251,2026-01-15,Cash on Delivery,Delhi
JAN_001444,CUST_02040,Mouse,3,37976,2026-01-20,Cash on Delivery,Pune
JAN_001445,CUST_02228,Tablet,1,23765,2026-01-07,Cash on Delivery,Chennai
JAN_001446,CUST_03857,Tablet,4,33314,2026-01-06,Cash on Delivery,Delhi
JAN_001447,CUST_03949,Laptop,4,28209,2026-01-27,UPI,Bangalore
JAN_001448,CUST_04401,Headphones,5,47821,2026-01-20,Credit Card,Bangalore
JAN_001449,CUST_03799,Mouse,4,18761,2026-01-13,Cash on Delivery,Hyderabad
JAN_001450,CUST_03940,Smartphone,3,9155,2026-01-20,Cash on Delivery,Delhi
JAN_001451,CUST_01554,Laptop,1,33013,2026-01-05,Debit Card,Chennai
JAN_001452,CUST_03407,Smartwatch,3,25368,2026-01-13,Cash on Delivery,Bangalore
JAN_001453,CUST_04820,Smartphone,4,2744,2026-01-21,UPI,Chennai
JAN_001454,CUST_04634,Headphones,2,28793,2026-01-30,Debit Card,Pune
JAN_001455,CUST_04175,Tablet,3,45842,2026-01-12,UPI,Pune
JAN_001456,CUST_03474,Keyboard,2,31508,2026-01-13,UPI,Bangalore
JAN_001457,CUST_00232,Headphones,3,39877,2026-01-21,Cash on Delivery,Pune
JAN_001458,CUST_02084,Keyboard,5,38102,2026-01-05,Credit Card,Mumbai
JAN_001459,CUST_00757,Smartwatch,4,46472,2026-01-04,UPI,Hyderabad
JAN_001460,CUST_01547,Smartwatch,2,28175,2026-01-30,Debit Card,Pune
JAN_001461,CUST_04102,Smartwatch,5,20383,2026-01-10,Cash on Delivery,Pune
JAN_001462,CUST_00729,Smartphone,5,22770,2026-01-28,Credit Card,Bangalore
JAN_001463,CUST_01717,Smartwatch,3,620,2026-01-24,Credit Card,Chennai
JAN_001464,CUST_00794,Smartphone,4,34603,2026-01-01,Cash on Delivery,Pune
JAN_001465,CUST_03531,Headphones,2,24753,2026-01-10,Credit Card,Pune
JAN_001466,CUST_01623,Tablet,2,33139,2026-01-05,UPI,Chennai
JAN_001467,CUST_01742,Headphones,2,4065,2026-01-19,Credit Card,Delhi
JAN_001468,CUST_03349,Tablet,5,7356,2026-01-09,Credit Card,Mumbai
JAN_001469,CUST_00703,Smartwatch,1,18337,2026-01-10,UPI,Bangalore
JAN_001470,CUST_04798,Keyboard,4,31997,2026-01-01,UPI,Mumbai
JAN_001471,CUST_02180,Laptop,5,2943,2026-01-02,UPI,Delhi
JAN_001472,CUST_00060,Smartwatch,5,34283,2026-01-17,Debit Card,Chennai
JAN_001473,CUST_02761,Smartwatch,3,24499,2026-01-16,Debit Card,Bangalore
JAN_001474,CUST_01963,Monitor,4,25001,2026-01-27,UPI,Bangalore
JAN_001475,CUST_02706,Smartphone,1,30144,2026-01-28,Cash on Delivery,Pune
JAN_001476,CUST_01138,Laptop,5,8254,2026-01-27,Debit Card,Pune
JAN_001477,CUST_02037,Monitor,4,40724,2026-01-25,Cash on Delivery,Hyderabad
JAN_001478,CUST_01540,Laptop,3,1289,2026-01-14,Debit Card,Mumbai
JAN_001479,CUST_02667,Tablet,2,39964,2026-01-26,Cash on Delivery,Chennai
JAN_001480,CUST_00667,Monitor,4,31403,2026-01-24,UPI,Pune
JAN_001481,CUST_02408,Keyboard,2,34282,2026-01-13,UPI,Delhi
JAN_001482,CUST_00714,Mouse,5,30792,2026-01-16,Credit Card,Chennai
JAN_001483,CUST_00948,Tablet,5,15987,2026-01-31,Credit Card,Delhi
JAN_001484,CUST_00733,Smartphone,4,47108,2026-01-06,UPI,Delhi
JAN_001485,CUST_02675,Smartwatch,3,14642,2026-01-30,Debit Card,Pune
JAN_001486,CUST_01009,Headphones,5,41720,2026-01-16,Cash on Delivery,Mumbai
JAN_001487,CUST_02727,Keyboard,5,39566,2026-01-26,UPI,Pune
JAN_001488,CUST_03089,Smartwatch,5,28836,2026-01-11,Credit Card,Delhi
JAN_001489,CUST_00948,Mouse,1,7499,2026-01-09,UPI,Bangalore
JAN_001490,CUST_04852,Keyboard,1,37741,2026-01-24,Debit Card,Delhi
JAN_001491,CUST_02568,Smartwatch,5,48494,2026-01-28,UPI,Bangalore
JAN_001492,CUST_04834,Keyboard,4,27967,2026-01-02,Debit Card,Bangalore
JAN_001493,CUST_01035,Keyboard,1,26107,2026-01-26,UPI,Hyderabad
JAN_001494,CUST_03774,Monitor,2,19652,2026-01-28,Credit Card,Chennai
JAN_001495,CUST_03734,Headphones,5,18772,2026-01-22,Credit Card,Pune
JAN_001496,CUST_00282,Monitor,3,33123,2026-01-22,UPI,Bangalore
JAN_001497,CUST_04702,Tablet,2,32641,2026-01-28,Debit Card,Pune
JAN_001498,CUST_03086,Laptop,3,10207,2026-01-31,Credit Card,Pune
JAN_001499,CUST_01844,Laptop,2,32149,2026-01-30,Cash on Delivery,Bangalore
JAN_001500,CUST_01305,Laptop,5,25908,2026-01-27,Debit Card,Chennai
JAN_001501,CUST_03879,Monitor,4,25828,2026-01-22,UPI,Hyderabad
JAN_001502,CUST_02319,Mouse,2,46147,2026-01-24,Cash on Delivery,Mumbai
JAN_001503,CUST_02650,Laptop,3,30184,2026-01-05,Credit Card,Hyderabad
JAN_001504,CUST_03620,Tablet,3,9691,2026-01-05,Credit Card,Delhi
JAN_001505,CUST_01603,Laptop,3,47776,2026-01-26,UPI,Pune
JAN_001506,CUST_01210,Smartwatch,4,44728,2026-01-26,Credit Card,Mumbai
JAN_001507,CUST_02913,Tablet,2,3638,2026-01-04,UPI,Hyderabad
JAN_001508,CUST_02773,Smartwatch,2,41289,2026-01-21,Cash on Delivery,Delhi
JAN_001509,CUST_00974,Keyboard,4,32222,2026-01-02,Debit Card,Pune
JAN_001510,CUST_01414,Smartwatch,1,30587,2026-01-20,Cash on Delivery,Bangalore
JAN_001511,CUST_03647,Monitor,1,8064,2026-01-21,UPI,Mumbai
JAN_001512,CUST_04008,Keyboard,1,38659,2026-01-04,Cash on Delivery,Bangalore
JAN_001513,CUST_00775,Headphones,4,31931,2026-01-23,Cash on Delivery,Bangalore
JAN_001514,CUST_01026,Smartphone,3,4361,2026-01-19,Credit Card,Chennai
JAN_001515,CUST_00162,Smartwatch,5,35354,2026-01-27,Cash on Delivery,Mumbai
JAN_001516,CUST_04791,Smartphone,2,43360,2026-01-17,UPI,Delhi
JAN_001517,CUST_04908,Headphones,1,36554,2026-01-28,Cash on Delivery,Bangalore
JAN_001518,CUST_00321,Headphones,5,13715,2026-01-04,Credit Card,Mumbai
JAN_001519,CUST_02104,Laptop,1,8373,2026-01-18,Debit Card,Bangalore
JAN_001520,CUST_04460,Headphones,4,43333,2026-01-31,UPI,Delhi
JAN_001521,CUST_00379,Mouse,5,29358,2026-01-10,Credit Card,Hyderabad
JAN_001522,CUST_02564,Monitor,5,35472,2026-01-16,Credit Card,Pune
JAN_001523,CUST_00367,Keyboard,1,12525,2026-01-04,Credit Card,Bangalore
JAN_001524,CUST_01764,Headphones,5,36380,2026-01-28,Credit Card,Hyderabad
JAN_001525,CUST_02273,Headphones,5,27857,2026-01-12,UPI,Hyderabad
JAN_001526,CUST_02136,Smartwatch,2,26418,2026-01-09,Cash on Delivery,Mumbai
JAN_001527,CUST_02083,Smartwatch,2,35321,2026-01-31,Credit Card,Mumbai
JAN_001528,CUST_02207,Keyboard,3,37138,2026-01-21,Credit Card,Chennai
JAN_001529,CUST_01258,Monitor,4,25034,2026-01-27,UPI,Hyderabad
JAN_001530,CUST_00636,Mouse,1,35030,2026-01-08,UPI,Pune
JAN_001531,CUST_03333,Smartphone,3,42154,2026-01-18,UPI,Bangalore
JAN_001532,CUST_02733,Mouse,2,14995,2026-01-30,Debit Card,Mumbai
JAN_001533,CUST_03090,Keyboard,4,7081,2026-01-04,UPI,Delhi
JAN_001534,CUST_02512,Tablet,1,34865,2026-01-17,Debit Card,Pune
JAN_001535,CUST_02311,Mouse,5,6692,2026-01-19,UPI,Delhi
JAN_001536,CUST_03192,Headphones,3,48781,2026-01-11,Cash on Delivery,Chennai
JAN_001537,CUST_01046,Mouse,1,45200,2026-01-19,Credit Card,Pune
JAN_001538,CUST_01169,Smartwatch,5,48396,2026-01-05,Debit Card,Mumbai
JAN_001539,CUST_03033,Keyboard,5,27610,2026-01-30,Cash on Delivery,Delhi
JAN_001540,CUST_02900,Tablet,5,18997,2026-01-15,Debit Card,Chennai
JAN_001541,CUST_01875,Mouse,1,20231,2026-01-17,Cash on Delivery,Bangalore
JAN_001542,CUST_00739,Smartphone,1,48038,2026-01-28,Credit Card,Mumbai
JAN_001543,CUST_04713,Laptop,1,48920,2026-01-06,Debit Card,Hyderabad
JAN_001544,CUST_04038,Laptop,4,44570,2026-01-30,Credit Card,Chennai
JAN_001545,CUST_04219,Smartphone,4,1110,2026-01-16,Credit Card,Pune
JAN_001546,CUST_03482,Monitor,2,48629,2026-01-01,UPI,Hyderabad
JAN_001547,CUST_01381,Keyboard,2,5123,2026-01-15,Debit Card,Delhi
JAN_001548,CUST_02895,Laptop,4,32673,2026-01-17,Cash on Delivery,Delhi
JAN_001549,CUST_00928,Monitor,2,35531,2026-01-12,UPI,Bangalore
JAN_001550,CUST_03958,Mouse,3,14163,2026-01-10,UPI,Pune
JAN_001551,CUST_04660,Smartwatch,2,20176,2026-01-21,UPI,Chennai
JAN_001552,CUST_04000,Laptop,3,586,2026-01-29,Cash on Delivery,Bangalore
JAN_001553,CUST_02900,Smartphone,1,23119,2026-01-10,Credit Card,Chennai
JAN_001554,CUST_00073,Smartphone,4,32446,2026-01-12,Credit Card,Mumbai
JAN_001555,CUST_04214,Headphones,4,8316,2026-01-17,Cash on Delivery,Mumbai
JAN_001556,CUST_02050,Keyboard,4,26110,2026-01-05,Debit Card,Bangalore
JAN_001557,CUST_03509,Headphones,5,17860,2026-01-12,UPI,Chennai
JAN_001558,CUST_03600,Headphones,2,23382,2026-01-22,Cash on Delivery,Mumbai
JAN_001559,CUST_01626,Smartphone,2,18871,2026-01-12,UPI,Delhi
JAN_001560,CUST_03450,Monitor,1,10706,2026-01-13,Credit Card,Chennai
JAN_001561,CUST_02178,Smartphone,4,32251,2026-01-31,Cash on Delivery,Pune
JAN_001562,CUST_01044,Monitor,4,33089,2026-01-23,Cash on Delivery,Delhi
JAN_001563,CUST_00884,Laptop,2,10393,2026-01-04,Debit Card,Hyderabad
JAN_001564,CUST_01938,Laptop,3,28358,2026-01-01,UPI,Chennai
JAN_001565,CUST_02372,Mouse,4,5614,2026-01-16,Cash on Delivery,Delhi
JAN_001566,CUST_01250,Headphones,2,18624,2026-01-20,UPI,Bangalore
JAN_001567,CUST_02027,Smartwatch,2,31257,2026-01-23,UPI,Pune
JAN_001568,CUST_04116,Headphones,2,38944,2026-01-24,Credit Card,Delhi
JAN_001569,CUST_01084,Smartwatch,1,18147,2026-01-04,Credit Card,Delhi
JAN_001570,CUST_00145,Keyboard,1,3539,2026-01-14,Cash on Delivery,Chennai
JAN_001571,CUST_02511,Keyboard,2,22231,2026-01-17,Cash on Delivery,Chennai
JAN_001572,CUST_04177,Smartwatch,1,20141,2026-01-02,UPI,Bangalore
JAN_001573,CUST_02299,Monitor,4,16385,2026-01-12,Debit Card,Mumbai
JAN_001574,CUST_00335,Laptop,1,43481,2026-01-06,Debit Card,Delhi
JAN_001575,CUST_03868,Mouse,5,6803,2026-01-10,Cash on Delivery,Delhi
JAN_001576,CUST_04025,Monitor,3,20146,2026-01-09,UPI,Mumbai
JAN_001577,CUST_00112,Headphones,3,23830,2026-01-22,Debit Card,Pune
JAN_001578,CUST_04825,Monitor,2,42814,2026-01-25,Debit Card,Delhi
JAN_001579,CUST_03147,Smartphone,1,8751,2026-01-19,UPI,Mumbai
JAN_001580,CUST_01561,Keyboard,4,6664,2026-01-19,UPI,Hyderabad
JAN_001581,CUST_02810,Mouse,4,13438,2026-01-20,Credit Card,Mumbai
JAN_001582,CUST_01571,Smartwatch,5,46835,2026-01-05,Debit Card,Hyderabad
JAN_001583,CUST_02999,Tablet,1,28781,2026-01-12,UPI,Chennai
JAN_001584,CUST_04291,Laptop,2,39466,2026-01-14,Debit Card,Pune
JAN_001585,CUST_01057,Mouse,1,37304,2026-01-31,UPI,Pune
JAN_001586,CUST_03257,Tablet,5,33851,2026-01-07,UPI,Delhi
JAN_001587,CUST_04173,Smartwatch,5,25775,2026-01-15,Cash on Delivery,Hyderabad
JAN_001588,CUST_01696,Headphones,1,10685,2026-01-09,Credit Card,Hyderabad
JAN_001589,CUST_00073,Tablet,5,46583,2026-01-23,Debit Card,Bangalore
JAN_001590,CUST_01805,Mouse,3,36385,2026-01-28,UPI,Delhi
JAN_001591,CUST_00374,Keyboard,3,2761,2026-01-08,Credit Card,Bangalore
JAN_001592,CUST_01090,Mouse,1,42301,2026-01-30,Credit Card,Delhi
JAN_001593,CUST_00952,Laptop,3,41663,2026-01-18,Debit Card,Bangalore
JAN_001594,CUST_04500,Mouse,2,26961,2026-01-03,Debit Card,Bangalore
JAN_001595,CUST_00086,Monitor,2,48072,2026-01-02,Debit Card,Delhi
JAN_001596,CUST_00129,Smartphone,4,43049,2026-01-09,Debit Card,Pune
JAN_001597,CUST_04951,Keyboard,4,14659,2026-01-21,Debit Card,Bangalore
JAN_001598,CUST_04765,Smartwatch,2,29432,2026-01-07,Credit Card,Pune
JAN_001599,CUST_03555,Monitor,2,31592,2026-01-24,UPI,Chennai
JAN_001600,CUST_03764,Headphones,2,12577,2026-01-06,Cash on Delivery,Pune
JAN_001601,CUST_02311,Laptop,3,10877,2026-01-06,Credit Card,Chennai
JAN_001602,CUST_04980,Keyboard,1,9605,2026-01-22,UPI,Chennai
JAN_001603,CUST_03728,Smartwatch,1,47668,2026-01-08,Credit Card,Pune
JAN_001604,CUST_00097,Smartphone,4,25365,2026-01-25,UPI,Mumbai
JAN_001605,CUST_00112,Laptop,2,16475,2026-01-27,UPI,Bangalore
JAN_001606,CUST_04913,Laptop,1,7169,2026-01-05,Debit Card,Pune
JAN_001607,CUST_01658,Headphones,4,49985,2026-01-03,Cash on Delivery,Delhi
JAN_001608,CUST_02718,Tablet,2,16178,2026-01-10,UPI,Hyderabad
JAN_001609,CUST_02192,Smartphone,1,3118,2026-01-23,UPI,Hyderabad
JAN_001610,CUST_00841,Smartwatch,2,279,2026-01-10,Credit Card,Mumbai
JAN_001611,CUST_03500,Smartwatch,2,23354,2026-01-08,Debit Card,Delhi
JAN_001612,CUST_03152,Smartphone,4,11312,2026-01-30,UPI,Delhi
JAN_001613,CUST_02309,Monitor,1,40550,2026-01-04,Debit Card,Mumbai
JAN_001614,CUST_00695,Laptop,5,10102,2026-01-12,Credit Card,Chennai
JAN_001615,CUST_02744,Headphones,4,10044,2026-01-17,Debit Card,Hyderabad
JAN_001616,CUST_02352,Monitor,1,17966,2026-01-27,Cash on Delivery,Pune
JAN_001617,CUST_02175,Smartphone,1,9941,2026-01-12,Credit Card,Bangalore
JAN_001618,CUST_03200,Tablet,4,4611,2026-01-05,UPI,Hyderabad
JAN_001619,CUST_02282,Headphones,1,21371,2026-01-14,Credit Card,Delhi
JAN_001620,CUST_03155,Monitor,3,32588,2026-01-25,Cash on Delivery,Chennai
JAN_001621,CUST_03392,Monitor,2,43057,2026-01-23,Credit Card,Chennai
JAN_001622,CUST_04501,Tablet,5,35181,2026-01-14,Cash on Delivery,Hyderabad
JAN_001623,CUST_01886,Smartwatch,1,38274,2026-01-18,Cash on Delivery,Hyderabad
JAN_001624,CUST_01797,Smartphone,2,23904,2026-01-19,UPI,Delhi
JAN_001625,CUST_00141,Monitor,5,31259,2026-01-28,Credit Card,Mumbai
JAN_001626,CUST_02862,Monitor,2,19513,2026-01-02,Cash on Delivery,Delhi
JAN_001627,CUST_04518,Smartwatch,2,14010,2026-01-27,Credit Card,Mumbai
JAN_001628,CUST_01129,Smartphone,2,24937,2026-01-24,UPI,Pune
JAN_001629,CUST_03480,Monitor,1,46167,2026-01-31,UPI,Pune
JAN_001630,CUST_00605,Tablet,5,10566,2026-01-19,UPI,Delhi
JAN_001631,CUST_01158,Smartphone,2,5250,2026-01-12,UPI,Hyderabad
JAN_001632,CUST_03412,Headphones,2,30986,2026-01-27,Credit Card,Pune
JAN_001633,CUST_02454,Tablet,4,47553,2026-01-17,Debit Card,Chennai
JAN_001634,CUST_00109,Mouse,1,10416,2026-01-26,UPI,Pune
JAN_001635,CUST_04950,Headphones,5,10708,2026-01-02,UPI,Chennai
JAN_001636,CUST_03471,Tablet,5,46822,2026-01-27,Debit Card,Hyderabad
JAN_001637,CUST_02508,Keyboard,4,10476,2026-01-17,Debit Card,Mumbai
JAN_001638,CUST_03093,Headphones,2,26440,2026-01-17,UPI,Delhi
JAN_001639,CUST_01505,Smartphone,4,31487,2026-01-13,Debit Card,Pune
JAN_001640,CUST_03319,Smartwatch,2,3782,2026-01-21,Debit Card,Pune
JAN_001641,CUST_01596,Mouse,1,7041,2026-01-14,UPI,Bangalore
JAN_001642,CUST_02749,Laptop,2,18694,2026-01-20,Credit Card,Hyderabad
JAN_001643,CUST_00536,Keyboard,5,919,2026-01-04,Debit Card,Delhi
JAN_001644,CUST_01653,Laptop,2,17840,2026-01-18,UPI,Hyderabad
JAN_001645,CUST_00368,Tablet,1,3348,2026-01-19,Debit Card,Mumbai
JAN_001646,CUST_02529,Laptop,3,49462,2026-01-31,Debit Card,Chennai
JAN_001647,CUST_01597,Monitor,4,47758,2026-01-17,Debit Card,Delhi
JAN_001648,CUST_00798,Monitor,4,48791,2026-01-23,UPI,Hyderabad
JAN_001649,CUST_01231,Laptop,5,25242,2026-01-26,Cash on Delivery,Hyderabad
JAN_001650,CUST_00307,Mouse,2,10131,2026-01-28,Cash on Delivery,Mumbai
JAN_001651,CUST_00765,Keyboard,2,44860,2026-01-29,Credit Card,Pune
JAN_001652,CUST_04110,Monitor,4,8798,2026-01-06,Debit Card,Bangalore
JAN_001653,CUST_03530,Laptop,4,15870,2026-01-12,Credit Card,Hyderabad
JAN_001654,CUST_00615,Headphones,5,41342,2026-01-20,Cash on Delivery,Mumbai
JAN_001655,CUST_00123,Headphones,3,36057,2026-01-26,UPI,Chennai
JAN_001656,CUST_03726,Monitor,2,19572,2026-01-04,Credit Card,Mumbai
JAN_001657,CUST_04723,Monitor,3,6047,2026-01-09,UPI,Delhi
JAN_001658,CUST_03775,Mouse,4,16978,2026-01-23,Cash on Delivery,Pune
JAN_001659,CUST_01151,Smartphone,5,32198,2026-01-30,UPI,Bangalore
JAN_001660,CUST_02349,Smartwatch,4,40811,2026-01-28,Credit Card,Chennai
JAN_001661,CUST_04199,Monitor,3,5671,2026-01-12,Cash on Delivery,Hyderabad
JAN_001662,CUST_02154,Laptop,5,42396,2026-01-15,UPI,Pune
JAN_001663,CUST_02006,Laptop,2,7100,2026-01-26,Debit Card,Chennai
JAN_001664,CUST_04671,Smartwatch,1,14817,2026-01-06,Cash on Delivery,Chennai
JAN_001665,CUST_00766,Monitor,4,30902,2026-01-22,Cash on Delivery,Mumbai
JAN_001666,CUST_01477,Smartphone,4,28584,2026-01-03,Credit Card,Chennai
JAN_001667,CUST_00529,Monitor,3,39807,2026-01-11,Cash on Delivery,Delhi
JAN_001668,CUST_03902,Smartphone,3,29991,2026-01-23,UPI,Hyderabad
JAN_001669,CUST_03850,Headphones,2,21183,2026-01-05,UPI,Hyderabad
JAN_001670,CUST_03116,Laptop,3,28387,2026-01-25,Cash on Delivery,Delhi
JAN_001671,CUST_01733,Laptop,4,17884,2026-01-02,Debit Card,Pune
JAN_001672,CUST_00685,Headphones,1,18150,2026-01-06,Cash on Delivery,Mumbai
JAN_001673,CUST_03699,Smartwatch,5,14231,2026-01-10,Debit Card,Delhi
JAN_001674,CUST_00441,Smartphone,4,22614,2026-01-27,Debit Card,Delhi
JAN_001675,CUST_02862,Smartwatch,4,31362,2026-01-07,Credit Card,Pune
JAN_001676,CUST_02906,Smartwatch,1,36959,2026-01-14,Credit Card,Mumbai
JAN_001677,CUST_04739,Headphones,3,43720,2026-01-24,Debit Card,Mumbai
JAN_001678,CUST_03758,Headphones,4,20936,2026-01-05,UPI,Pune
JAN_001679,CUST_02153,Laptop,4,8439,2026-01-14,Cash on Delivery,Pune
JAN_001680,CUST_00799,Laptop,2,49070,2026-01-19,Credit Card,Chennai
JAN_001681,CUST_04474,Headphones,5,24943,2026-01-23,Credit Card,Bangalore
JAN_001682,CUST_01566,Laptop,3,24041,2026-01-07,UPI,Bangalore
JAN_001683,CUST_02515,Smartphone,4,42727,2026-01-29,Cash on Delivery,Chennai
JAN_001684,CUST_02882,Monitor,5,28108,2026-01-14,Debit Card,Mumbai
JAN_001685,CUST_01441,Tablet,4,24652,2026-01-30,Credit Card,Hyderabad
JAN_001686,CUST_01333,Smartwatch,4,18879,2026-01-20,Cash on Delivery,Pune
JAN_001687,CUST_00813,Smartphone,1,6074,2026-01-10,UPI,Hyderabad
JAN_001688,CUST_03370,Smartphone,4,49348,2026-01-30,UPI,Pune
JAN_001689,CUST_04124,Laptop,3,27767,2026-01-15,Credit Card,Delhi
JAN_001690,CUST_03725,Smartwatch,1,13016,2026-01-25,Cash on Delivery,Mumbai
JAN_001691,CUST_03801,Smartwatch,4,698,2026-01-12,Debit Card,Delhi
JAN_001692,CUST_02324,Mouse,3,20345,2026-01-17,Cash on Delivery,Pune
JAN_001693,CUST_00035,Smartwatch,1,1217,2026-01-08,UPI,Delhi
JAN_001694,CUST_03068,Monitor,3,11368,2026-01-26,Cash on Delivery,Delhi
JAN_001695,CUST_03207,Keyboard,5,42433,2026-01-18,Cash on Delivery,Mumbai
JAN_001696,CUST_04734,Smartwatch,2,41898,2026-01-26,Cash on Delivery,Pune
JAN_001697,CUST_03303,Monitor,5,10583,2026-01-06,Cash on Delivery,Delhi
JAN_001698,CUST_01035,Smartphone,5,25890,2026-01-04,Debit Card,Hyderabad
JAN_001699,CUST_02642,Keyboard,1,6312,2026-01-06,UPI,Chennai
JAN_001700,CUST_04861,Headphones,1,40707,2026-01-01,UPI,Hyderabad
JAN_001701,CUST_00208,Headphones,4,41780,2026-01-13,Debit Card,Delhi
JAN_001702,CUST_01817,Mouse,2,35289,2026-01-08,Credit Card,Pune
JAN_001703,CUST_03098,Mouse,1,18220,2026-01-25,UPI,Delhi
JAN_001704,CUST_00190,Smartphone,1,30289,2026-01-21,UPI,Mumbai
JAN_001705,CUST_02314,Mouse,2,6280,2026-01-05,UPI,Chennai
JAN_001706,CUST_02961,Keyboard,4,6797,2026-01-28,Cash on Delivery,Mumbai
JAN_001707,CUST_00603,Tablet,1,13981,2026-01-14,Cash on Delivery,Chennai
JAN_001708,CUST_02569,Tablet,2,11983,2026-01-29,Debit Card,Mumbai
JAN_001709,CUST_01464,Laptop,1,22666,2026-01-29,Debit Card,Chennai
JAN_001710,CUST_04916,Laptop,2,34393,2026-01-20,Debit Card,Mumbai
JAN_001711,CUST_04966,Laptop,5,1709,2026-01-07,Credit Card,Delhi
JAN_001712,CUST_02990,Smartphone,2,2133,2026-01-28,Debit Card,Delhi
JAN_001713,CUST_00684,Headphones,3,18135,2026-01-08,Cash on Delivery,Delhi
JAN_001714,CUST_00754,Monitor,5,42924,2026-01-31,Debit Card,Chennai
JAN_001715,CUST_04062,Smartwatch,5,26410,2026-01-24,Credit Card,Bangalore
JAN_001716,CUST_01622,Mouse,4,6943,2026-01-06,Debit Card,Delhi
JAN_001717,CUST_01687,Tablet,4,29439,2026-01-26,Cash on Delivery,Hyderabad
JAN_001718,CUST_02226,Monitor,5,7248,2026-01-24,Cash on Delivery,Chennai
JAN_001719,CUST_04647,Monitor,3,41664,2026-01-07,UPI,Chennai
JAN_001720,CUST_00277,Mouse,5,27057,2026-01-06,Debit Card,Hyderabad
JAN_001721,CUST_04346,Monitor,4,2162,2026-01-27,UPI,Delhi
JAN_001722,CUST_02644,Smartwatch,2,23645,2026-01-26,Credit Card,Mumbai
JAN_001723,CUST_03045,Monitor,2,20807,2026-01-07,UPI,Mumbai
JAN_001724,CUST_00090,Monitor,2,30698,2026-01-11,Debit Card,Delhi
JAN_001725,CUST_00543,Smartwatch,3,39639,2026-01-18,Credit Card,Hyderabad
JAN_001726,CUST_00844,Mouse,5,44197,2026-01-07,UPI,Hyderabad
JAN_001727,CUST_03455,Smartwatch,3,21179,2026-01-29,Credit Card,Delhi
JAN_001728,CUST_04047,Tablet,1,18184,2026-01-02,Cash on Delivery,Mumbai
JAN_001729,CUST_03710,Headphones,5,21622,2026-01-04,Cash on Delivery,Delhi
JAN_001730,CUST_00175,Mouse,1,42383,2026-01-19,UPI,Chennai
JAN_001731,CUST_01074,Smartwatch,1,35161,2026-01-10,UPI,Bangalore
JAN_001732,CUST_00134,Smartphone,4,6433,2026-01-21,Cash on Delivery,Pune
JAN_001733,CUST_02251,Monitor,3,26436,2026-01-10,UPI,Hyderabad
JAN_001734,CUST_02566,Tablet,5,3284,2026-01-25,Cash on Delivery,Bangalore
JAN_001735,CUST_03724,Tablet,1,24704,2026-01-23,UPI,Mumbai
JAN_001736,CUST_00392,Laptop,2,7090,2026-01-08,Debit Card,Pune
JAN_001737,CUST_03570,Keyboard,2,5968,2026-01-24,Credit Card,Pune
JAN_001738,CUST_03022,Laptop,1,17218,2026-01-29,UPI,Mumbai
JAN_001739,CUST_02493,Smartphone,3,21782,2026-01-02,Cash on Delivery,Bangalore
JAN_001740,CUST_01396,Headphones,5,30392,2026-01-23,UPI,Delhi
JAN_001741,CUST_01213,Smartwatch,4,43993,2026-01-11,UPI,Hyderabad
JAN_001742,CUST_01971,Tablet,4,18585,2026-01-17,Debit Card,Pune
JAN_001743,CUST_01851,Smartphone,3,19614,2026-01-16,UPI,Bangalore
JAN_001744,CUST_01986,Keyboard,1,5124,2026-01-18,Cash on Delivery,Mumbai
JAN_001745,CUST_00108,Keyboard,4,25435,2026-01-07,Credit Card,Chennai
JAN_001746,CUST_02789,Keyboard,5,34779,2026-01-04,Debit Card,Bangalore
JAN_001747,CUST_03720,Headphones,5,7124,2026-01-23,Credit Card,Delhi
JAN_001748,CUST_02979,Smartwatch,4,40863,2026-01-30,Credit Card,Chennai
JAN_001749,CUST_00563,Mouse,4,10960,2026-01-07,Debit Card,Hyderabad
JAN_001750,CUST_00837,Headphones,4,7223,2026-01-21,UPI,Delhi
JAN_001751,CUST_03776,Headphones,3,2073,2026-01-01,Cash on Delivery,Pune
JAN_001752,CUST_03709,Monitor,3,7954,2026-01-17,UPI,Bangalore
JAN_001753,CUST_01738,Headphones,4,33111,2026-01-14,Cash on Delivery,Hyderabad
JAN_001754,CUST_00436,Tablet,3,24433,2026-01-11,UPI,Mumbai
JAN_001755,CUST_03134,Smartwatch,2,19467,2026-01-21,Credit Card,Chennai
JAN_001756,CUST_04867,Mouse,5,40009,2026-01-06,Cash on Delivery,Hyderabad
JAN_001757,CUST_00895,Laptop,2,7479,2026-01-14,Credit Card,Mumbai
JAN_001758,CUST_00293,Mouse,2,4515,2026-01-02,UPI,Bangalore
JAN_001759,CUST_03315,Smartwatch,4,6839,2026-01-08,Credit Card,Pune
JAN_001760,CUST_02198,Tablet,2,11408,2026-01-27,Credit Card,Bangalore
JAN_001761,CUST_02360,Mouse,1,6376,2026-01-21,Credit Card,Hyderabad
JAN_001762,CUST_03906,Mouse,2,11356,2026-01-30,Debit Card,Pune
JAN_001763,CUST_01366,Headphones,3,30033,2026-01-03,Credit Card,Mumbai
JAN_001764,CUST_03888,Smartwatch,3,1564,2026-01-22,Credit Card,Bangalore
JAN_001765,CUST_00631,Headphones,1,39128,2026-01-29,Debit Card,Chennai
JAN_001766,CUST_00009,Tablet,2,31170,2026-01-19,UPI,Mumbai
JAN_001767,CUST_00143,Mouse,2,34624,2026-01-27,Credit Card,Delhi
JAN_001768,CUST_00770,Smartphone,3,48446,2026-01-25,Debit Card,Chennai
JAN_001769,CUST_02874,Mouse,4,16815,2026-01-16,Debit Card,Chennai
JAN_001770,CUST_02889,Mouse,3,34136,2026-01-01,Cash on Delivery,Mumbai
JAN_001771,CUST_04255,Laptop,2,27090,2026-01-09,Credit Card,Pune
JAN_001772,CUST_02927,Tablet,1,16214,2026-01-05,Cash on Delivery,Bangalore
JAN_001773,CUST_00732,Keyboard,4,42060,2026-01-07,UPI,Bangalore
JAN_001774,CUST_04464,Tablet,5,11665,2026-01-29,Debit Card,Pune
JAN_001775,CUST_02714,Smartwatch,5,27547,2026-01-12,Debit Card,Bangalore
JAN_001776,CUST_00337,Monitor,5,8258,2026-01-07,Cash on Delivery,Chennai
JAN_001777,CUST_02843,Mouse,1,746,2026-01-19,Cash on Delivery,Pune
JAN_001778,CUST_03821,Headphones,5,19191,2026-01-05,Credit Card,Bangalore
JAN_001779,CUST_02362,Smartphone,3,1221,2026-01-16,Cash on Delivery,Mumbai
JAN_001780,CUST_02319,Smartphone,1,32205,2026-01-07,Debit Card,Mumbai
JAN_001781,CUST_02886,Laptop,1,16677,2026-01-14,Credit Card,Bangalore
JAN_001782,CUST_02321,Headphones,1,46940,2026-01-29,Debit Card,Delhi
JAN_001783,CUST_01612,Smartwatch,5,5489,2026-01-24,Debit Card,Delhi
JAN_001784,CUST_03877,Monitor,2,44666,2026-01-02,Cash on Delivery,Chennai
JAN_001785,CUST_00804,Mouse,3,39327,2026-01-13,Debit Card,Delhi
JAN_001786,CUST_03571,Monitor,5,9321,2026-01-19,Credit Card,Bangalore
JAN_001787,CUST_03411,Keyboard,3,20188,2026-01-05,UPI,Bangalore
JAN_001788,CUST_03778,Headphones,4,28832,2026-01-19,UPI,Delhi
JAN_001789,CUST_03621,Monitor,5,45102,2026-01-17,Debit Card,Chennai
JAN_001790,CUST_03504,Tablet,4,27086,2026-01-12,Cash on Delivery,Mumbai
JAN_001791,CUST_04579,Laptop,4,5995,2026-01-30,Credit Card,Hyderabad
JAN_001792,CUST_02478,Keyboard,5,33767,2026-01-30,Debit Card,Delhi
JAN_001793,CUST_04451,Mouse,1,49701,2026-01-20,Cash on Delivery,Delhi
JAN_001794,CUST_00049,Tablet,5,30361,2026-01-13,UPI,Mumbai
JAN_001795,CUST_02214,Smartphone,3,39150,2026-01-02,UPI,Bangalore
JAN_001796,CUST_03945,Monitor,1,8158,2026-01-19,UPI,Pune
JAN_001797,CUST_04230,Headphones,5,48724,2026-01-07,Cash on Delivery,Delhi
JAN_001798,CUST_01268,Mouse,3,47329,2026-01-08,UPI,Chennai
JAN_001799,CUST_01645,Smartphone,1,202,2026-01-20,Credit Card,Hyderabad
JAN_001800,CUST_00992,Smartphone,2,13588,2026-01-29,UPI,Chennai
JAN_001801,CUST_04144,Tablet,4,3847,2026-01-01,UPI,Bangalore
JAN_001802,CUST_03963,Headphones,2,36029,2026-01-13,Debit Card,Hyderabad
JAN_001803,CUST_03598,Smartphone,4,9784,2026-01-22,UPI,Delhi
JAN_001804,CUST_01972,Headphones,5,48805,2026-01-05,Credit Card,Chennai
JAN_001805,CUST_02376,Mouse,1,38785,2026-01-16,Cash on Delivery,Bangalore
JAN_001806,CUST_02255,Smartwatch,4,45921,2026-01-22,UPI,Chennai
JAN_001807,CUST_03481,Headphones,1,18774,2026-01-14,Cash on Delivery,Mumbai
JAN_001808,CUST_03191,Laptop,5,20041,2026-01-19,UPI,Pune
JAN_001809,CUST_03642,Laptop,3,9329,2026-01-21,Cash on Delivery,Pune
JAN_001810,CUST_02269,Laptop,2,23645,2026-01-15,Credit Card,Bangalore
JAN_001811,CUST_04302,Smartwatch,5,4313,2026-01-29,Credit Card,Pune
JAN_001812,CUST_02883,Monitor,4,47070,2026-01-05,Credit Card,Bangalore
JAN_001813,CUST_02482,Smartwatch,1,42479,2026-01-26,Cash on Delivery,Chennai
JAN_001814,CUST_03865,Headphones,5,46632,2026-01-31,Debit Card,Delhi
JAN_001815,CUST_02655,Monitor,5,40666,2026-01-23,Cash on Delivery,Mumbai
JAN_001816,CUST_00242,Headphones,2,6526,2026-01-02,UPI,Chennai
JAN_001817,CUST_03903,Monitor,2,48214,2026-01-30,Credit Card,Mumbai
JAN_001818,CUST_01426,Smartwatch,4,4418,2026-01-29,UPI,Hyderabad
JAN_001819,CUST_00938,Laptop,1,29136,2026-01-09,Debit Card,Hyderabad
JAN_001820,CUST_00242,Headphones,3,7255,2026-01-21,Cash on Delivery,Chennai
JAN_001821,CUST_04701,Keyboard,2,16747,2026-01-05,Cash on Delivery,Chennai
JAN_001822,CUST_02344,Keyboard,2,48837,2026-01-22,Credit Card,Chennai
JAN_001823,CUST_04330,Keyboard,1,38349,2026-01-27,UPI,Pune
JAN_001824,CUST_00789,Keyboard,1,9411,2026-01-31,UPI,Bangalore
JAN_001825,CUST_03343,Smartphone,3,12344,2026-01-25,Cash on Delivery,Delhi
JAN_001826,CUST_01700,Tablet,5,23275,2026-01-27,Debit Card,Hyderabad
JAN_001827,CUST_04577,Headphones,1,28962,2026-01-29,Cash on Delivery,Pune
JAN_001828,CUST_00581,Smartphone,2,34098,2026-01-13,Debit Card,Mumbai
JAN_001829,CUST_04086,Keyboard,1,39619,2026-01-04,Debit Card,Mumbai
JAN_001830,CUST_02375,Mouse,4,46289,2026-01-08,Debit Card,Mumbai
JAN_001831,CUST_01294,Mouse,1,35223,2026-01-28,Credit Card,Hyderabad
JAN_001832,CUST_04097,Mouse,4,40743,2026-01-30,UPI,Hyderabad
JAN_001833,CUST_00909,Tablet,3,43010,2026-01-23,UPI,Mumbai
JAN_001834,CUST_03453,Mouse,2,22124,2026-01-11,UPI,Delhi
JAN_001835,CUST_04482,Monitor,1,15641,2026-01-07,Cash on Delivery,Mumbai
JAN_001836,CUST_04620,Laptop,3,4837,2026-01-26,Cash on Delivery,Hyderabad
JAN_001837,CUST_00661,Tablet,2,17928,2026-01-24,UPI,Mumbai
JAN_001838,CUST_04069,Keyboard,3,28479,2026-01-02,Cash on Delivery,Bangalore
JAN_001839,CUST_01866,Laptop,1,1927,2026-01-26,Credit Card,Hyderabad
JAN_001840,CUST_03108,Laptop,5,31799,2026-01-20,UPI,Chennai
JAN_001841,CUST_03091,Headphones,4,46162,2026-01-25,Cash on Delivery,Hyderabad
JAN_001842,CUST_00947,Tablet,1,40547,2026-01-05,Debit Card,Bangalore
JAN_001843,CUST_02811,Smartwatch,1,15808,2026-01-07,Credit Card,Mumbai
JAN_001844,CUST_00083,Keyboard,4,49186,2026-01-19,UPI,Mumbai
JAN_001845,CUST_02048,Laptop,1,3912,2026-01-28,Credit Card,Chennai
JAN_001846,CUST_02316,Laptop,3,23115,2026-01-06,Credit Card,Bangalore
JAN_001847,CUST_04966,Smartwatch,4,43295,2026-01-05,UPI,Pune
JAN_001848,CUST_00626,Mouse,5,13691,2026-01-03,Cash on Delivery,Pune
JAN_001849,CUST_02925,Keyboard,4,46935,2026-01-24,Debit Card,Bangalore
JAN_001850,CUST_04518,Mouse,2,34727,2026-01-25,Debit Card,Bangalore
JAN_001851,CUST_04436,Smartphone,1,22917,2026-01-23,Cash on Delivery,Pune
JAN_001852,CUST_03984,Mouse,1,13540,2026-01-31,Credit Card,Hyderabad
JAN_001853,CUST_02499,Keyboard,1,24604,2026-01-08,Credit Card,Mumbai
JAN_001854,CUST_03607,Tablet,1,1595,2026-01-08,Cash on Delivery,Mumbai
JAN_001855,CUST_02278,Smartwatch,3,5737,2026-01-09,UPI,Bangalore
JAN_001856,CUST_04996,Smartwatch,4,1435,2026-01-28,Cash on Delivery,Chennai
JAN_001857,CUST_00364,Keyboard,2,25059,2026-01-15,Credit Card,Pune
JAN_001858,CUST_04363,Laptop,3,2251,2026-01-14,Debit Card,Mumbai
JAN_001859,CUST_04987,Monitor,3,49569,2026-01-30,Credit Card,Mumbai
JAN_001860,CUST_03556,Smartwatch,1,7357,2026-01-11,Cash on Delivery,Pune
JAN_001861,CUST_02355,Tablet,4,37726,2026-01-30,Debit Card,Delhi
JAN_001862,CUST_03124,Tablet,2,8842,2026-01-31,UPI,Bangalore
JAN_001863,CUST_02248,Smartphone,2,35773,2026-01-26,Debit Card,Bangalore
JAN_001864,CUST_03233,Laptop,5,18174,2026-01-19,Debit Card,Bangalore
JAN_001865,CUST_02053,Laptop,1,20312,2026-01-22,Debit Card,Bangalore
JAN_001866,CUST_01465,Tablet,4,1331,2026-01-28,Cash on Delivery,Mumbai
JAN_001867,CUST_00304,Monitor,4,41995,2026-01-15,Credit Card,Chennai
JAN_001868,CUST_04748,Smartphone,3,40198,2026-01-02,Debit Card,Mumbai
JAN_001869,CUST_01473,Mouse,3,17209,2026-01-15,Cash on Delivery,Delhi
JAN_001870,CUST_01430,Headphones,5,43190,2026-01-08,UPI,Delhi
JAN_001871,CUST_00316,Headphones,5,29056,2026-01-04,Debit Card,Mumbai
JAN_001872,CUST_01868,Laptop,3,17071,2026-01-18,UPI,Pune
JAN_001873,CUST_02895,Laptop,5,15581,2026-01-28,Debit Card,Mumbai
JAN_001874,CUST_04153,Tablet,1,33691,2026-01-03,UPI,Delhi
JAN_001875,CUST_02669,Monitor,4,4878,2026-01-07,Cash on Delivery,Bangalore
JAN_001876,CUST_00203,Monitor,5,23811,2026-01-05,Debit Card,Chennai
JAN_001877,CUST_03070,Tablet,3,40957,2026-01-29,UPI,Delhi
JAN_001878,CUST_00366,Mouse,2,38946,2026-01-12,UPI,Mumbai
JAN_001879,CUST_01733,Monitor,5,47108,2026-01-20,Debit Card,Delhi
JAN_001880,CUST_04774,Laptop,2,25175,2026-01-13,UPI,Mumbai
JAN_001881,CUST_01840,Smartwatch,5,48240,2026-01-31,UPI,Hyderabad
JAN_001882,CUST_00422,Tablet,5,34300,2026-01-26,Cash on Delivery,Bangalore
JAN_001883,CUST_01598,Mouse,2,21740,2026-01-09,Credit Card,Bangalore
JAN_001884,CUST_03735,Monitor,1,45621,2026-01-08,Credit Card,Chennai
JAN_001885,CUST_03359,Monitor,1,23267,2026-01-24,UPI,Bangalore
JAN_001886,CUST_03967,Keyboard,4,27649,2026-01-21,Credit Card,Hyderabad
JAN_001887,CUST_01027,Keyboard,4,44378,2026-01-27,Credit Card,Hyderabad
JAN_001888,CUST_02351,Monitor,3,7930,2026-01-09,UPI,Chennai
JAN_001889,CUST_04138,Headphones,5,32587,2026-01-14,Credit Card,Delhi
JAN_001890,CUST_03720,Laptop,2,8116,2026-01-29,Cash on Delivery,Bangalore
JAN_001891,CUST_04544,Tablet,1,8483,2026-01-25,UPI,Chennai
JAN_001892,CUST_01368,Smartphone,2,33944,2026-01-01,Cash on Delivery,Chennai
JAN_001893,CUST_01045,Smartwatch,5,16022,2026-01-12,Debit Card,Mumbai
JAN_001894,CUST_02758,Smartphone,1,5033,2026-01-11,Debit Card,Chennai
JAN_001895,CUST_03350,Tablet,4,19158,2026-01-30,Cash on Delivery,Pune
JAN_001896,CUST_01503,Smartphone,2,710,2026-01-05,Debit Card,Pune
JAN_001897,CUST_03716,Smartwatch,3,28943,2026-01-21,Credit Card,Hyderabad
JAN_001898,CUST_04818,Mouse,1,15421,2026-01-24,Debit Card,Chennai
JAN_001899,CUST_00396,Smartwatch,3,21355,2026-01-11,Cash on Delivery,Bangalore
JAN_001900,CUST_01462,Headphones,1,48344,2026-01-25,Credit Card,Chennai
JAN_001901,CUST_02280,Monitor,1,22963,2026-01-17,Debit Card,Delhi
JAN_001902,CUST_02359,Mouse,4,28964,2026-01-04,Credit Card,Delhi
JAN_001903,CUST_02126,Smartphone,2,43875,2026-01-10,Debit Card,Delhi
JAN_001904,CUST_01695,Headphones,1,39416,2026-01-04,UPI,Hyderabad
JAN_001905,CUST_01599,Laptop,4,1889,2026-01-18,Debit Card,Delhi
JAN_001906,CUST_04679,Smartwatch,4,34337,2026-01-10,Credit Card,Chennai
JAN_001907,CUST_00898,Smartphone,4,28528,2026-01-10,Cash on Delivery,Bangalore
JAN_001908,CUST_01121,Mouse,1,23381,2026-01-03,UPI,Pune
JAN_001909,CUST_01823,Smartphone,3,10471,2026-01-26,Debit Card,Bangalore
JAN_001910,CUST_04202,Smartphone,3,2713,2026-01-15,Cash on Delivery,Mumbai
JAN_001911,CUST_04271,Monitor,2,36780,2026-01-30,UPI,Pune
JAN_001912,CUST_00066,Keyboard,2,38626,2026-01-21,Cash on Delivery,Delhi
JAN_001913,CUST_01603,Mouse,4,10124,2026-01-22,Cash on Delivery,Delhi
JAN_001914,CUST_04070,Mouse,2,13213,2026-01-24,UPI,Hyderabad
JAN_001915,CUST_01755,Laptop,4,4608,2026-01-28,Cash on Delivery,Hyderabad
JAN_001916,CUST_01709,Headphones,1,27604,2026-01-20,Debit Card,Hyderabad
JAN_001917,CUST_04784,Keyboard,3,31934,2026-01-13,Credit Card,Bangalore
JAN_001918,CUST_01900,Mouse,4,32327,2026-01-27,Cash on Delivery,Hyderabad
JAN_001919,CUST_04452,Tablet,3,6526,2026-01-12,Credit Card,Mumbai
JAN_001920,CUST_02354,Smartwatch,4,21525,2026-01-31,Credit Card,Pune
JAN_001921,CUST_00949,Headphones,4,21099,2026-01-14,UPI,Bangalore
JAN_001922,CUST_03262,Headphones,4,32258,2026-01-23,Cash on Delivery,Pune
JAN_001923,CUST_00238,Mouse,3,33458,2026-01-08,Credit Card,Chennai
JAN_001924,CUST_04607,Monitor,3,44436,2026-01-02,Debit Card,Chennai
JAN_001925,CUST_03621,Smartwatch,4,17285,2026-01-13,UPI,Bangalore
JAN_001926,CUST_01794,Monitor,1,20418,2026-01-16,Cash on Delivery,Chennai
JAN_001927,CUST_04690,Headphones,5,13713,2026-01-08,UPI,Hyderabad
JAN_001928,CUST_02701,Headphones,5,35574,2026-01-20,UPI,Pune
JAN_001929,CUST_03107,Smartphone,3,23314,2026-01-01,UPI,Pune
JAN_001930,CUST_04249,Keyboard,3,35292,2026-01-02,Credit Card,Delhi
JAN_001931,CUST_04389,Smartwatch,2,19217,2026-01-27,Credit Card,Bangalore
JAN_001932,CUST_03387,Keyboard,5,48259,2026-01-11,Credit Card,Mumbai
JAN_001933,CUST_00165,Smartphone,5,26279,2026-01-02,Cash on Delivery,Mumbai
JAN_001934,CUST_02320,Mouse,1,15273,2026-01-06,Credit Card,Mumbai
JAN_001935,CUST_01013,Smartwatch,4,8797,2026-01-09,Debit Card,Mumbai
JAN_001936,CUST_00606,Smartwatch,1,1166,2026-01-03,Credit Card,Mumbai
JAN_001937,CUST_04819,Smartwatch,2,39894,2026-01-24,Debit Card,Bangalore
JAN_001938,CUST_04198,Laptop,3,18160,2026-01-14,Cash on Delivery,Delhi
JAN_001939,CUST_02165,Tablet,4,19286,2026-01-04,Cash on Delivery,Mumbai
JAN_001940,CUST_03329,Mouse,4,18839,2026-01-08,Credit Card,Chennai
JAN_001941,CUST_04072,Smartwatch,3,36020,2026-01-01,UPI,Chennai
JAN_001942,CUST_04734,Laptop,4,15411,2026-01-08,Cash on Delivery,Bangalore
JAN_001943,CUST_04614,Smartphone,3,21986,2026-01-16,Credit Card,Pune
JAN_001944,CUST_00782,Headphones,2,32300,2026-01-03,Credit Card,Mumbai
JAN_001945,CUST_03303,Tablet,5,47584,2026-01-05,Credit Card,Mumbai
JAN_001946,CUST_04043,Mouse,4,20611,2026-01-25,Debit Card,Delhi
JAN_001947,CUST_02634,Smartwatch,1,17773,2026-01-02,Credit Card,Hyderabad
JAN_001948,CUST_04004,Tablet,3,42930,2026-01-26,Credit Card,Bangalore
JAN_001949,CUST_03957,Smartphone,1,28098,2026-01-15,UPI,Chennai
JAN_001950,CUST_00112,Headphones,5,49230,2026-01-05,UPI,Delhi
JAN_001951,CUST_03585,Smartphone,1,27999,2026-01-07,Cash on Delivery,Delhi
JAN_001952,CUST_04298,Tablet,2,49286,2026-01-21,Cash on Delivery,Chennai
JAN_001953,CUST_02431,Smartphone,4,19482,2026-01-01,Debit Card,Hyderabad
JAN_001954,CUST_03045,Headphones,2,19218,2026-01-11,Credit Card,Hyderabad
JAN_001955,CUST_03042,Mouse,4,30535,2026-01-31,Credit Card,Bangalore
JAN_001956,CUST_01109,Headphones,5,47063,2026-01-30,Cash on Delivery,Mumbai
JAN_001957,CUST_03411,Headphones,2,31034,2026-01-11,UPI,Mumbai
JAN_001958,CUST_01538,Keyboard,1,35440,2026-01-10,Cash on Delivery,Bangalore
JAN_001959,CUST_00501,Tablet,5,10453,2026-01-04,UPI,Bangalore
JAN_001960,CUST_04581,Keyboard,3,41410,2026-01-21,UPI,Delhi
JAN_001961,CUST_02329,Smartwatch,5,47996,2026-01-09,Debit Card,Bangalore
JAN_001962,CUST_03304,Mouse,5,35656,2026-01-20,Credit Card,Mumbai
JAN_001963,CUST_01249,Smartphone,2,18549,2026-01-19,Credit Card,Bangalore
JAN_001964,CUST_00839,Headphones,5,38690,2026-01-19,Cash on Delivery,Bangalore
JAN_001965,CUST_04852,Mouse,5,44010,2026-01-19,Cash on Delivery,Delhi
JAN_001966,CUST_00022,Keyboard,2,6185,2026-01-06,Credit Card,Delhi
JAN_001967,CUST_03896,Laptop,3,5297,2026-01-06,UPI,Delhi
JAN_001968,CUST_03602,Smartwatch,4,21636,2026-01-17,Debit Card,Hyderabad
JAN_001969,CUST_00961,Keyboard,5,25971,2026-01-25,Cash on Delivery,Chennai
JAN_001970,CUST_03887,Monitor,3,34408,2026-01-23,Debit Card,Hyderabad
JAN_001971,CUST_04960,Keyboard,2,41734,2026-01-03,Debit Card,Pune
JAN_001972,CUST_03582,Tablet,4,45754,2026-01-05,Debit Card,Pune
JAN_001973,CUST_04571,Smartwatch,3,11866,2026-01-04,UPI,Bangalore
JAN_001974,CUST_03819,Monitor,4,14210,2026-01-28,Credit Card,Chennai
JAN_001975,CUST_01467,Laptop,2,29172,2026-01-12,Debit Card,Hyderabad
JAN_001976,CUST_00046,Mouse,3,6367,2026-01-07,Debit Card,Bangalore
JAN_001977,CUST_00107,Mouse,1,42616,2026-01-17,Debit Card,Pune
JAN_001978,CUST_03263,Laptop,3,18168,2026-01-16,UPI,Hyderabad
JAN_001979,CUST_00250,Tablet,5,41634,2026-01-27,Cash on Delivery,Chennai
JAN_001980,CUST_03879,Smartphone,1,24417,2026-01-06,UPI,Hyderabad
JAN_001981,CUST_01255,Headphones,2,5627,2026-01-29,Cash on Delivery,Mumbai
JAN_001982,CUST_03633,Laptop,3,6588,2026-01-02,Debit Card,Delhi
JAN_001983,CUST_00137,Monitor,3,46685,2026-01-21,Credit Card,Hyderabad
JAN_001984,CUST_03001,Laptop,4,27487,2026-01-24,UPI,Mumbai
JAN_001985,CUST_04109,Headphones,3,5702,2026-01-07,Credit Card,Chennai
JAN_001986,CUST_02258,Keyboard,5,27020,2026-01-02,Credit Card,Pune
JAN_001987,CUST_00027,Mouse,3,36936,2026-01-24,Debit Card,Mumbai
JAN_001988,CUST_03820,Smartphone,5,30543,2026-01-11,UPI,Mumbai
JAN_001989,CUST_00742,Headphones,1,12367,2026-01-30,Debit Card,Hyderabad
JAN_001990,CUST_00165,Headphones,1,14455,2026-01-21,Debit Card,Chennai
JAN_001991,CUST_02022,Mouse,2,49182,2026-01-03,Credit Card,Bangalore
JAN_001992,CUST_03108,Mouse,2,18482,2026-01-02,Credit Card,Hyderabad
JAN_001993,CUST_03392,Keyboard,2,18078,2026-01-11,Credit Card,Delhi
JAN_001994,CUST_02125,Tablet,3,6256,2026-01-10,Cash on Delivery,Bangalore
JAN_001995,CUST_02979,Monitor,5,29669,2026-01-19,Credit Card,Mumbai
JAN_001996,CUST_04795,Smartwatch,2,35455,2026-01-31,Credit Card,Pune
JAN_001997,CUST_02842,Mouse,2,22625,2026-01-14,Debit Card,Mumbai
JAN_001998,CUST_01727,Mouse,2,30850,2026-01-17,Debit Card,Mumbai
JAN_001999,CUST_00945,Headphones,4,9362,2026-01-30,Cash on Delivery,Hyderabad
JAN_002000,CUST_03050,Smartwatch,5,2418,2026-01-11,Debit Card,Pune
JAN_002001,CUST_02940,Laptop,2,27817,2026-01-04,Cash on Delivery,Bangalore
JAN_002002,CUST_00821,Headphones,3,20272,2026-01-11,Credit Card,Chennai
JAN_002003,CUST_01526,Laptop,4,40610,2026-01-18,Cash on Delivery,Hyderabad
JAN_002004,CUST_03564,Smartwatch,4,16163,2026-01-19,Debit Card,Pune
JAN_002005,CUST_04923,Monitor,4,44669,2026-01-12,Cash on Delivery,Bangalore
JAN_002006,CUST_01920,Smartphone,4,28111,2026-01-02,Debit Card,Hyderabad
JAN_002007,CUST_04859,Laptop,2,33767,2026-01-13,Credit Card,Bangalore
JAN_002008,CUST_04890,Keyboard,5,49473,2026-01-29,Credit Card,Delhi
JAN_002009,CUST_02730,Laptop,1,20468,2026-01-22,Credit Card,Bangalore
JAN_002010,CUST_03244,Headphones,4,255,2026-01-15,Credit Card,Delhi
JAN_002011,CUST_01410,Mouse,3,5467,2026-01-29,Credit Card,Delhi
JAN_002012,CUST_01666,Smartwatch,1,47656,2026-01-28,Credit Card,Delhi
JAN_002013,CUST_04550,Monitor,1,31483,2026-01-22,Credit Card,Bangalore
JAN_002014,CUST_03857,Smartwatch,2,31153,2026-01-04,Cash on Delivery,Chennai
JAN_002015,CUST_01989,Smartphone,4,8621,2026-01-23,Debit Card,Delhi
JAN_002016,CUST_02680,Mouse,4,39320,2026-01-13,Cash on Delivery,Hyderabad
JAN_002017,CUST_02842,Tablet,5,1962,2026-01-03,Credit Card,Hyderabad
JAN_002018,CUST_01927,Monitor,3,22472,2026-01-06,UPI,Hyderabad
JAN_002019,CUST_03262,Smartphone,2,9249,2026-01-20,Cash on Delivery,Delhi
JAN_002020,CUST_01731,Mouse,4,6285,2026-01-02,Debit Card,Chennai
JAN_002021,CUST_01474,Smartwatch,2,18875,2026-01-21,Debit Card,Chennai
JAN_002022,CUST_03938,Laptop,3,27838,2026-01-22,Credit Card,Delhi
JAN_002023,CUST_04239,Smartphone,4,5615,2026-01-13,Debit Card,Pune
JAN_002024,CUST_00831,Smartwatch,1,10743,2026-01-24,Debit Card,Delhi
JAN_002025,CUST_04154,Smartwatch,4,959,2026-01-19,Cash on Delivery,Pune
JAN_002026,CUST_03291,Smartwatch,1,20054,2026-01-31,Cash on Delivery,Bangalore
JAN_002027,CUST_00950,Tablet,5,24633,2026-01-24,Cash on Delivery,Pune
JAN_002028,CUST_04383,Monitor,1,11920,2026-01-11,Cash on Delivery,Hyderabad
JAN_002029,CUST_03142,Smartphone,2,655,2026-01-25,Debit Card,Pune
JAN_002030,CUST_02113,Keyboard,5,40473,2026-01-19,Cash on Delivery,Chennai
JAN_002031,CUST_03808,Mouse,1,8165,2026-01-02,Cash on Delivery,Chennai
JAN_002032,CUST_00411,Monitor,3,28098,2026-01-12,Debit Card,Pune
JAN_002033,CUST_00193,Mouse,2,19417,2026-01-10,Debit Card,Chennai
JAN_002034,CUST_03660,Monitor,3,41879,2026-01-01,UPI,Hyderabad
JAN_002035,CUST_02927,Laptop,5,48610,2026-01-04,Cash on Delivery,Delhi
JAN_002036,CUST_00689,Smartphone,2,47830,2026-01-06,Credit Card,Pune
JAN_002037,CUST_03532,Mouse,3,30217,2026-01-16,Credit Card,Pune
JAN_002038,CUST_04289,Tablet,1,5215,2026-01-27,Debit Card,Bangalore
JAN_002039,CUST_01203,Smartphone,4,33795,2026-01-02,UPI,Bangalore
JAN_002040,CUST_02474,Smartwatch,4,1666,2026-01-30,Credit Card,Pune
JAN_002041,CUST_00650,Smartwatch,1,12759,2026-01-09,Debit Card,Bangalore
JAN_002042,CUST_04212,Keyboard,1,24725,2026-01-20,Cash on Delivery,Delhi
JAN_002043,CUST_03580,Mouse,2,18343,2026-01-25,UPI,Hyderabad
JAN_002044,CUST_01485,Mouse,3,531,2026-01-13,Cash on Delivery,Delhi
JAN_002045,CUST_03395,Headphones,3,17701,2026-01-01,Cash on Delivery,Hyderabad
JAN_002046,CUST_02607,Smartphone,2,14934,2026-01-26,UPI,Pune
JAN_002047,CUST_01811,Smartphone,5,19063,2026-01-11,Cash on Delivery,Hyderabad
JAN_002048,CUST_04877,Monitor,5,25696,2026-01-14,Cash on Delivery,Hyderabad
JAN_002049,CUST_02810,Monitor,3,22899,2026-01-01,Cash on Delivery,Delhi
JAN_002050,CUST_04088,Keyboard,5,45926,2026-01-15,Credit Card,Pune
JAN_002051,CUST_02095,Smartwatch,1,43499,2026-01-13,UPI,Pune
JAN_002052,CUST_04599,Monitor,1,13802,2026-01-16,Debit Card,Bangalore
JAN_002053,CUST_02584,Tablet,4,2137,2026-01-10,Credit Card,Hyderabad
JAN_002054,CUST_01366,Monitor,5,28480,2026-01-19,Cash on Delivery,Mumbai
JAN_002055,CUST_02326,Tablet,2,24794,2026-01-25,Credit Card,Chennai
JAN_002056,CUST_01012,Smartphone,4,14506,2026-01-20,Credit Card,Mumbai
JAN_002057,CUST_02371,Headphones,2,48333,2026-01-19,Cash on Delivery,Hyderabad
JAN_002058,CUST_02884,Keyboard,4,39472,2026-01-14,Debit Card,Bangalore
JAN_002059,CUST_02976,Smartphone,3,33119,2026-01-25,Cash on Delivery,Delhi
JAN_002060,CUST_03310,Tablet,4,18961,2026-01-28,Cash on Delivery,Delhi
JAN_002061,CUST_01456,Smartwatch,3,418,2026-01-30,Debit Card,Chennai
JAN_002062,CUST_01412,Smartphone,4,38221,2026-01-21,Cash on Delivery,Chennai
JAN_002063,CUST_01548,Laptop,5,14892,2026-01-14,Credit Card,Hyderabad
JAN_002064,CUST_04124,Smartphone,5,37593,2026-01-20,Cash on Delivery,Mumbai
JAN_002065,CUST_04996,Keyboard,2,37510,2026-01-11,Cash on Delivery,Pune
JAN_002066,CUST_03034,Laptop,5,43068,2026-01-03,Cash on Delivery,Hyderabad
JAN_002067,CUST_01582,Headphones,4,24386,2026-01-17,Credit Card,Delhi
JAN_002068,CUST_01637,Monitor,2,19400,2026-01-16,UPI,Mumbai
JAN_002069,CUST_04732,Tablet,4,16259,2026-01-07,Cash on Delivery,Delhi
JAN_002070,CUST_01449,Tablet,5,42233,2026-01-26,UPI,Hyderabad
JAN_002071,CUST_02714,Headphones,2,30491,2026-01-27,UPI,Mumbai
JAN_002072,CUST_00265,Smartwatch,5,31015,2026-01-24,Cash on Delivery,Mumbai
JAN_002073,CUST_03417,Mouse,5,8128,2026-01-26,UPI,Chennai
JAN_002074,CUST_00490,Mouse,4,47723,2026-01-16,UPI,Bangalore
JAN_002075,CUST_04191,Tablet,4,8330,2026-01-13,UPI,Delhi
JAN_002076,CUST_02151,Smartphone,2,24216,2026-01-28,Cash on Delivery,Pune
JAN_002077,CUST_01163,Keyboard,4,13968,2026-01-11,Debit Card,Mumbai
JAN_002078,CUST_00607,Tablet,4,49516,2026-01-11,Credit Card,Bangalore
JAN_002079,CUST_02420,Tablet,3,29715,2026-01-11,Debit Card,Hyderabad
JAN_002080,CUST_04870,Laptop,2,9900,2026-01-09,Debit Card,Mumbai
JAN_002081,CUST_03039,Monitor,3,20297,2026-01-08,Credit Card,Hyderabad
JAN_002082,CUST_02497,Tablet,4,44323,2026-01-21,Debit Card,Delhi
JAN_002083,CUST_01054,Headphones,5,19358,2026-01-24,Cash on Delivery,Bangalore
JAN_002084,CUST_01868,Laptop,2,38422,2026-01-21,Debit Card,Delhi
JAN_002085,CUST_00099,Mouse,3,47460,2026-01-19,Cash on Delivery,Chennai
JAN_002086,CUST_01396,Monitor,2,38678,2026-01-20,Debit Card,Hyderabad
JAN_002087,CUST_03097,Tablet,2,34621,2026-01-12,Cash on Delivery,Delhi
JAN_002088,CUST_03112,Laptop,1,22637,2026-01-16,Credit Card,Bangalore
JAN_002089,CUST_01838,Headphones,3,40087,2026-01-07,UPI,Pune
JAN_002090,CUST_02921,Tablet,4,37516,2026-01-07,UPI,Pune
JAN_002091,CUST_04294,Keyboard,2,24026,2026-01-28,UPI,Chennai
JAN_002092,CUST_00810,Monitor,5,4603,2026-01-21,Debit Card,Hyderabad
JAN_002093,CUST_04381,Smartphone,1,29470,2026-01-31,Credit Card,Delhi
JAN_002094,CUST_01497,Keyboard,2,45396,2026-01-09,Cash on Delivery,Delhi
JAN_002095,CUST_04991,Mouse,5,18384,2026-01-02,UPI,Pune
JAN_002096,CUST_00522,Headphones,5,20041,2026-01-07,UPI,Delhi
JAN_002097,CUST_01999,Tablet,4,6640,2026-01-08,UPI,Bangalore
JAN_002098,CUST_00599,Keyboard,4,7828,2026-01-26,Cash on Delivery,Mumbai
JAN_002099,CUST_01618,Smartphone,5,38825,2026-01-16,Credit Card,Hyderabad
JAN_002100,CUST_02458,Laptop,5,28364,2026-01-16,UPI,Pune
JAN_002101,CUST_03627,Keyboard,5,41810,2026-01-29,Cash on Delivery,Mumbai
JAN_002102,CUST_03336,Mouse,4,41561,2026-01-09,Credit Card,Bangalore
JAN_002103,CUST_03960,Mouse,3,17514,2026-01-17,Credit Card,Bangalore
JAN_002104,CUST_04598,Mouse,4,7505,2026-01-09,Credit Card,Chennai
JAN_002105,CUST_02615,Tablet,4,10890,2026-01-01,Credit Card,Mumbai
JAN_002106,CUST_03540,Mouse,1,29245,2026-01-25,Debit Card,Pune
JAN_002107,CUST_04413,Headphones,2,7324,2026-01-22,Credit Card,Delhi
JAN_002108,CUST_04111,Mouse,3,34960,2026-01-10,Cash on Delivery,Mumbai
JAN_002109,CUST_02459,Keyboard,5,44232,2026-01-22,Credit Card,Bangalore
JAN_002110,CUST_01573,Smartwatch,2,10550,2026-01-06,Credit Card,Bangalore
JAN_002111,CUST_04231,Tablet,5,27522,2026-01-31,Debit Card,Delhi
JAN_002112,CUST_02154,Tablet,3,24500,2026-01-30,Credit Card,Bangalore
JAN_002113,CUST_02900,Monitor,4,20386,2026-01-11,Cash on Delivery,Hyderabad
JAN_002114,CUST_03418,Laptop,4,3824,2026-01-13,Cash on Delivery,Bangalore
JAN_002115,CUST_01147,Tablet,3,1476,2026-01-21,Credit Card,Delhi
JAN_002116,CUST_02097,Mouse,3,1751,2026-01-22,Debit Card,Chennai
JAN_002117,CUST_03133,Monitor,5,36898,2026-01-26,Credit Card,Delhi
JAN_002118,CUST_04121,Tablet,3,7201,2026-01-20,UPI,Delhi
JAN_002119,CUST_02667,Tablet,5,30993,2026-01-06,UPI,Pune
JAN_002120,CUST_03990,Keyboard,3,39961,2026-01-13,Cash on Delivery,Mumbai
JAN_002121,CUST_00460,Monitor,3,35451,2026-01-04,Debit Card,Chennai
JAN_002122,CUST_02329,Smartphone,4,9000,2026-01-30,UPI,Bangalore
JAN_002123,CUST_03390,Headphones,2,38853,2026-01-25,Debit Card,Hyderabad
JAN_002124,CUST_04603,Smartphone,4,16271,2026-01-07,Debit Card,Hyderabad
JAN_002125,CUST_02136,Mouse,1,9405,2026-01-18,UPI,Pune
JAN_002126,CUST_02572,Monitor,4,49173,2026-01-23,Credit Card,Delhi
JAN_002127,CUST_03837,Keyboard,4,23937,2026-01-11,Debit Card,Delhi
JAN_002128,CUST_02122,Mouse,5,49198,2026-01-22,UPI,Delhi
JAN_002129,CUST_03366,Smartwatch,4,32073,2026-01-04,UPI,Hyderabad
JAN_002130,CUST_04197,Monitor,1,37274,2026-01-02,Cash on Delivery,Mumbai
JAN_002131,CUST_04131,Monitor,5,32444,2026-01-31,Debit Card,Hyderabad
JAN_002132,CUST_00550,Smartphone,5,6238,2026-01-11,UPI,Hyderabad
JAN_002133,CUST_04207,Smartphone,5,30900,2026-01-06,Credit Card,Mumbai
JAN_002134,CUST_03531,Mouse,4,29775,2026-01-25,Credit Card,Pune
JAN_002135,CUST_00599,Headphones,5,22469,2026-01-11,Cash on Delivery,Hyderabad
JAN_002136,CUST_03543,Laptop,4,37866,2026-01-25,Debit Card,Mumbai
JAN_002137,CUST_03195,Laptop,1,14960,2026-01-20,Debit Card,Chennai
JAN_002138,CUST_02121,Keyboard,5,44406,2026-01-05,Debit Card,Hyderabad
JAN_002139,CUST_01642,Monitor,5,10201,2026-01-15,Credit Card,Delhi
JAN_002140,CUST_02528,Headphones,1,1918,2026-01-07,UPI,Delhi
JAN_002141,CUST_02856,Smartphone,3,20865,2026-01-18,Credit Card,Pune
JAN_002142,CUST_01653,Mouse,2,28005,2026-01-07,Debit Card,Delhi
JAN_002143,CUST_01780,Monitor,1,9198,2026-01-30,Cash on Delivery,Mumbai
JAN_002144,CUST_03073,Laptop,4,48955,2026-01-27,Credit Card,Chennai
JAN_002145,CUST_03661,Tablet,4,13217,2026-01-02,Credit Card,Chennai
JAN_002146,CUST_01022,Smartphone,2,33407,2026-01-19,UPI,Delhi
JAN_002147,CUST_01718,Smartphone,4,48738,2026-01-25,Debit Card,Pune
JAN_002148,CUST_03401,Keyboard,2,6150,2026-01-11,Debit Card,Chennai
JAN_002149,CUST_04168,Smartphone,4,1258,2026-01-09,UPI,Chennai
JAN_002150,CUST_03441,Smartwatch,1,23444,2026-01-26,Debit Card,Bangalore
JAN_002151,CUST_00535,Smartwatch,3,15231,2026-01-27,UPI,Pune
JAN_002152,CUST_03193,Tablet,1,18203,2026-01-21,Debit Card,Mumbai
JAN_002153,CUST_02040,Headphones,5,807,2026-01-05,Credit Card,Hyderabad
JAN_002154,CUST_01149,Tablet,1,4209,2026-01-05,Credit Card,Pune
JAN_002155,CUST_02401,Monitor,5,27389,2026-01-22,Credit Card,Chennai
JAN_002156,CUST_01431,Headphones,2,24125,2026-01-06,UPI,Delhi
JAN_002157,CUST_04076,Keyboard,3,26653,2026-01-01,Debit Card,Bangalore
JAN_002158,CUST_02631,Laptop,1,21930,2026-01-20,UPI,Chennai
JAN_002159,CUST_01183,Smartwatch,1,35555,2026-01-02,Cash on Delivery,Hyderabad
JAN_002160,CUST_04303,Headphones,2,6761,2026-01-24,UPI,Bangalore
JAN_002161,CUST_01825,Smartphone,4,4546,2026-01-29,UPI,Chennai
JAN_002162,CUST_03401,Tablet,2,39735,2026-01-15,UPI,Bangalore
JAN_002163,CUST_03847,Mouse,2,21360,2026-01-16,Debit Card,Hyderabad
JAN_002164,CUST_00790,Tablet,4,49268,2026-01-22,Credit Card,Delhi
JAN_002165,CUST_04217,Headphones,2,14981,2026-01-08,UPI,Pune
JAN_002166,CUST_03309,Mouse,5,7096,2026-01-04,Credit Card,Delhi
JAN_002167,CUST_01513,Mouse,3,46760,2026-01-09,Cash on Delivery,Pune
JAN_002168,CUST_04260,Mouse,2,21692,2026-01-19,Cash on Delivery,Bangalore
JAN_002169,CUST_01190,Laptop,4,41610,2026-01-22,UPI,Delhi
JAN_002170,CUST_00118,Headphones,1,15786,2026-01-06,Credit Card,Chennai
JAN_002171,CUST_00096,Tablet,4,22737,2026-01-11,Credit Card,Pune
JAN_002172,CUST_04729,Smartwatch,4,14279,2026-01-28,Cash on Delivery,Hyderabad
JAN_002173,CUST_04472,Tablet,1,49021,2026-01-09,Debit Card,Pune
JAN_002174,CUST_04215,Monitor,3,12410,2026-01-25,Debit Card,Bangalore
JAN_002175,CUST_03993,Tablet,1,43978,2026-01-26,Debit Card,Hyderabad
JAN_002176,CUST_00518,Monitor,4,42293,2026-01-09,UPI,Hyderabad
JAN_002177,CUST_00775,Keyboard,4,7483,2026-01-05,UPI,Hyderabad
JAN_002178,CUST_02423,Headphones,3,20321,2026-01-23,Cash on Delivery,Chennai
JAN_002179,CUST_00680,Headphones,4,33682,2026-01-18,Credit Card,Delhi
JAN_002180,CUST_01818,Laptop,2,48264,2026-01-27,Debit Card,Hyderabad
JAN_002181,CUST_01244,Laptop,5,23967,2026-01-20,Credit Card,Pune
JAN_002182,CUST_04349,Headphones,3,10603,2026-01-31,UPI,Pune
JAN_002183,CUST_01854,Headphones,5,40155,2026-01-06,Cash on Delivery,Delhi
JAN_002184,CUST_00401,Smartwatch,3,25744,2026-01-09,Cash on Delivery,Chennai
JAN_002185,CUST_02638,Headphones,3,223,2026-01-15,UPI,Bangalore
JAN_002186,CUST_04553,Mouse,2,48268,2026-01-23,UPI,Mumbai
JAN_002187,CUST_03362,Headphones,2,31718,2026-01-25,Credit Card,Delhi
JAN_002188,CUST_01307,Smartwatch,4,38959,2026-01-13,Credit Card,Delhi
JAN_002189,CUST_02871,Smartphone,2,18302,2026-01-27,Credit Card,Chennai
JAN_002190,CUST_04800,Headphones,2,29257,2026-01-04,Credit Card,Pune
JAN_002191,CUST_02683,Laptop,1,34319,2026-01-09,Debit Card,Hyderabad
JAN_002192,CUST_04903,Tablet,2,43481,2026-01-04,Cash on Delivery,Bangalore
JAN_002193,CUST_01023,Tablet,2,4813,2026-01-27,Debit Card,Bangalore
JAN_002194,CUST_00336,Smartwatch,3,7594,2026-01-31,Cash on Delivery,Chennai
JAN_002195,CUST_01380,Tablet,3,14921,2026-01-19,UPI,Mumbai
JAN_002196,CUST_04943,Monitor,2,43775,2026-01-24,Cash on Delivery,Pune
JAN_002197,CUST_03543,Smartwatch,1,42015,2026-01-31,UPI,Bangalore
JAN_002198,CUST_02260,Mouse,5,21750,2026-01-27,Cash on Delivery,Pune
JAN_002199,CUST_02059,Monitor,1,1047,2026-01-27,UPI,Pune
JAN_002200,CUST_03978,Keyboard,5,32638,2026-01-26,Credit Card,Hyderabad
JAN_002201,CUST_02178,Smartphone,4,36944,2026-01-14,Cash on Delivery,Hyderabad
JAN_002202,CUST_03135,Laptop,5,7264,2026-01-17,UPI,Hyderabad
JAN_002203,CUST_00963,Keyboard,3,38218,2026-01-04,Cash on Delivery,Chennai
JAN_002204,CUST_00327,Monitor,4,30395,2026-01-23,UPI,Chennai
JAN_002205,CUST_03538,Laptop,2,37354,2026-01-27,Credit Card,Mumbai
JAN_002206,CUST_02695,Smartphone,3,27210,2026-01-21,UPI,Pune
JAN_002207,CUST_02077,Monitor,3,23293,2026-01-15,Credit Card,Bangalore
JAN_002208,CUST_00392,Monitor,4,46016,2026-01-15,Debit Card,Delhi
JAN_002209,CUST_04576,Monitor,4,49569,2026-01-07,Debit Card,Delhi
JAN_002210,CUST_04095,Smartphone,3,23255,2026-01-28,Credit Card,Bangalore
JAN_002211,CUST_02506,Smartphone,1,42107,2026-01-27,Cash on Delivery,Bangalore
JAN_002212,CUST_04074,Headphones,4,13448,2026-01-20,Debit Card,Pune
JAN_002213,CUST_02873,Monitor,4,23888,2026-01-16,Credit Card,Delhi
JAN_002214,CUST_00131,Smartphone,2,38331,2026-01-11,Debit Card,Hyderabad
JAN_002215,CUST_04592,Mouse,5,35475,2026-01-23,Credit Card,Chennai
JAN_002216,CUST_00623,Keyboard,1,6133,2026-01-20,Cash on Delivery,Bangalore
JAN_002217,CUST_02787,Monitor,4,8918,2026-01-05,Cash on Delivery,Mumbai
JAN_002218,CUST_02408,Smartphone,3,14934,2026-01-28,Cash on Delivery,Mumbai
JAN_002219,CUST_04490,Headphones,3,1927,2026-01-08,Cash on Delivery,Delhi
JAN_002220,CUST_01794,Keyboard,2,29059,2026-01-27,Credit Card,Delhi
JAN_002221,CUST_02432,Keyboard,1,40322,2026-01-01,Cash on Delivery,Chennai
JAN_002222,CUST_04558,Keyboard,4,12393,2026-01-14,Cash on Delivery,Pune
JAN_002223,CUST_03172,Mouse,3,17472,2026-01-19,Cash on Delivery,Bangalore
JAN_002224,CUST_01923,Monitor,5,23601,2026-01-12,UPI,Pune
JAN_002225,CUST_02636,Keyboard,5,38142,2026-01-05,Credit Card,Mumbai
JAN_002226,CUST_04158,Tablet,5,20744,2026-01-30,UPI,Hyderabad
JAN_002227,CUST_02854,Keyboard,4,17837,2026-01-08,UPI,Chennai
JAN_002228,CUST_03588,Tablet,5,28785,2026-01-20,UPI,Delhi
JAN_002229,CUST_04588,Tablet,5,42816,2026-01-01,UPI,Bangalore
JAN_002230,CUST_01212,Smartphone,3,4486,2026-01-16,Debit Card,Hyderabad
JAN_002231,CUST_00226,Tablet,4,46351,2026-01-09,Credit Card,Chennai
JAN_002232,CUST_03704,Mouse,5,45892,2026-01-07,Debit Card,Bangalore
JAN_002233,CUST_04669,Smartwatch,2,35564,2026-01-08,Debit Card,Mumbai
JAN_002234,CUST_00434,Monitor,5,8043,2026-01-20,UPI,Hyderabad
JAN_002235,CUST_04340,Smartwatch,2,48208,2026-01-03,Credit Card,Delhi
JAN_002236,CUST_01470,Headphones,1,42759,2026-01-20,Cash on Delivery,Pune
JAN_002237,CUST_02719,Smartphone,1,26647,2026-01-04,Cash on Delivery,Chennai
JAN_002238,CUST_03887,Headphones,3,12192,2026-01-13,UPI,Bangalore
JAN_002239,CUST_01454,Smartwatch,3,32947,2026-01-12,UPI,Delhi
JAN_002240,CUST_03289,Keyboard,2,23216,2026-01-09,UPI,Bangalore
JAN_002241,CUST_00771,Mouse,1,39925,2026-01-15,UPI,Hyderabad
JAN_002242,CUST_03057,Smartphone,2,313,2026-01-02,UPI,Mumbai
JAN_002243,CUST_03152,Mouse,1,37429,2026-01-11,Debit Card,Mumbai
JAN_002244,CUST_01413,Keyboard,5,32850,2026-01-31,Credit Card,Hyderabad
JAN_002245,CUST_02829,Smartphone,2,39503,2026-01-07,Debit Card,Hyderabad
JAN_002246,CUST_03611,Headphones,5,9955,2026-01-06,Cash on Delivery,Mumbai
JAN_002247,CUST_00318,Smartphone,3,19299,2026-01-20,UPI,Bangalore
JAN_002248,CUST_01478,Headphones,1,32814,2026-01-22,Credit Card,Hyderabad
JAN_002249,CUST_02764,Tablet,5,25683,2026-01-05,Cash on Delivery,Mumbai
JAN_002250,CUST_04543,Smartphone,3,16336,2026-01-22,Debit Card,Delhi
JAN_002251,CUST_04021,Keyboard,4,2925,2026-01-08,Debit Card,Mumbai
JAN_002252,CUST_03936,Smartphone,5,6160,2026-01-30,Debit Card,Hyderabad
JAN_002253,CUST_04712,Smartwatch,5,42352,2026-01-19,Credit Card,Bangalore
JAN_002254,CUST_01110,Tablet,2,19399,2026-01-11,Cash on Delivery,Chennai
JAN_002255,CUST_03089,Smartphone,4,1761,2026-01-14,Cash on Delivery,Mumbai
JAN_002256,CUST_04598,Tablet,5,25680,2026-01-11,Debit Card,Chennai
JAN_002257,CUST_02353,Laptop,5,2928,2026-01-26,Credit Card,Mumbai
JAN_002258,CUST_04813,Headphones,3,48647,2026-01-10,UPI,Hyderabad
JAN_002259,CUST_00387,Mouse,4,12536,2026-01-01,Debit Card,Hyderabad
JAN_002260,CUST_03554,Headphones,5,24502,2026-01-02,UPI,Delhi
JAN_002261,CUST_03746,Headphones,2,46888,2026-01-04,Debit Card,Mumbai
JAN_002262,CUST_01668,Tablet,2,37630,2026-01-23,UPI,Mumbai
JAN_002263,CUST_03126,Keyboard,1,19234,2026-01-30,UPI,Delhi
JAN_002264,CUST_02710,Headphones,4,15166,2026-01-22,Debit Card,Chennai
JAN_002265,CUST_01278,Headphones,5,16333,2026-01-02,Debit Card,Chennai
JAN_002266,CUST_04674,Mouse,2,43017,2026-01-22,Debit Card,Chennai
JAN_002267,CUST_00084,Smartwatch,4,24915,2026-01-23,Debit Card,Delhi
JAN_002268,CUST_04000,Mouse,5,883,2026-01-27,Cash on Delivery,Mumbai
JAN_002269,CUST_03680,Headphones,2,4821,2026-01-23,UPI,Mumbai
JAN_002270,CUST_04003,Smartphone,2,35388,2026-01-06,Debit Card,Delhi
JAN_002271,CUST_02102,Smartwatch,3,35344,2026-01-31,Debit Card,Bangalore
JAN_002272,CUST_04671,Mouse,1,8025,2026-01-28,Cash on Delivery,Delhi
JAN_002273,CUST_00709,Tablet,2,8530,2026-01-31,UPI,Chennai
JAN_002274,CUST_00896,Smartphone,2,2692,2026-01-16,Cash on Delivery,Delhi
JAN_002275,CUST_00553,Keyboard,4,40525,2026-01-03,Debit Card,Chennai
JAN_002276,CUST_01170,Tablet,5,2890,2026-01-24,Credit Card,Delhi
JAN_002277,CUST_02605,Laptop,5,1131,2026-01-24,Credit Card,Bangalore
JAN_002278,CUST_02055,Headphones,3,30479,2026-01-28,Credit Card,Pune
JAN_002279,CUST_03206,Smartwatch,2,19323,2026-01-02,UPI,Delhi
JAN_002280,CUST_01593,Monitor,4,1858,2026-01-06,Cash on Delivery,Mumbai
JAN_002281,CUST_02014,Mouse,5,10757,2026-01-27,Credit Card,Hyderabad
JAN_002282,CUST_02602,Laptop,1,45076,2026-01-31,UPI,Chennai
JAN_002283,CUST_04377,Laptop,5,47417,2026-01-17,Credit Card,Pune
JAN_002284,CUST_02636,Monitor,1,9603,2026-01-30,UPI,Pune
JAN_002285,CUST_00049,Smartwatch,1,37077,2026-01-08,UPI,Chennai
JAN_002286,CUST_04645,Smartphone,2,41375,2026-01-25,UPI,Hyderabad
JAN_002287,CUST_00606,Laptop,4,37653,2026-01-18,Cash on Delivery,Bangalore
JAN_002288,CUST_03169,Tablet,2,44953,2026-01-22,Cash on Delivery,Hyderabad
JAN_002289,CUST_02828,Tablet,4,10236,2026-01-09,Cash on Delivery,Hyderabad
JAN_002290,CUST_02951,Keyboard,2,18999,2026-01-29,Credit Card,Chennai
JAN_002291,CUST_01314,Monitor,1,28494,2026-01-09,Debit Card,Delhi
JAN_002292,CUST_03768,Smartwatch,5,15075,2026-01-02,Cash on Delivery,Delhi
JAN_002293,CUST_02892,Keyboard,4,27799,2026-01-27,Cash on Delivery,Chennai
JAN_002294,CUST_03706,Tablet,4,30577,2026-01-24,Debit Card,Bangalore
JAN_002295,CUST_03268,Headphones,5,13694,2026-01-11,Credit Card,Delhi
JAN_002296,CUST_01565,Keyboard,5,24016,2026-01-23,Cash on Delivery,Hyderabad
JAN_002297,CUST_03345,Monitor,3,14192,2026-01-28,Cash on Delivery,Delhi
JAN_002298,CUST_00891,Tablet,3,41067,2026-01-16,Cash on Delivery,Mumbai
JAN_002299,CUST_01780,Monitor,5,10470,2026-01-07,Cash on Delivery,Hyderabad
JAN_002300,CUST_01478,Tablet,1,45679,2026-01-14,Credit Card,Chennai
JAN_002301,CUST_01412,Mouse,5,10414,2026-01-19,Cash on Delivery,Hyderabad
JAN_002302,CUST_01621,Headphones,4,20941,2026-01-26,Cash on Delivery,Delhi
JAN_002303,CUST_01070,Tablet,3,40200,2026-01-28,UPI,Pune
JAN_002304,CUST_00536,Smartphone,1,768,2026-01-04,UPI,Bangalore
JAN_002305,CUST_00737,Monitor,3,13504,2026-01-28,Credit Card,Delhi
JAN_002306,CUST_00541,Monitor,5,20876,2026-01-10,Cash on Delivery,Chennai
JAN_002307,CUST_01436,Mouse,3,6851,2026-01-11,Credit Card,Delhi
JAN_002308,CUST_03402,Smartphone,5,40720,2026-01-06,Cash on Delivery,Delhi
JAN_002309,CUST_04525,Tablet,3,45417,2026-01-18,Credit Card,Mumbai
JAN_002310,CUST_01202,Tablet,1,49723,2026-01-22,UPI,Delhi
JAN_002311,CUST_03121,Tablet,4,31452,2026-01-29,Credit Card,Mumbai
JAN_002312,CUST_02969,Tablet,5,37680,2026-01-19,Credit Card,Chennai
JAN_002313,CUST_00163,Tablet,5,22733,2026-01-29,Debit Card,Mumbai
JAN_002314,CUST_03031,Smartphone,2,9043,2026-01-29,Debit Card,Pune
JAN_002315,CUST_01225,Smartphone,2,41764,2026-01-13,Debit Card,Bangalore
JAN_002316,CUST_00681,Monitor,5,32623,2026-01-23,UPI,Hyderabad
JAN_002317,CUST_04836,Smartwatch,2,24134,2026-01-29,Debit Card,Delhi
JAN_002318,CUST_02296,Laptop,4,21077,2026-01-17,Credit Card,Mumbai
JAN_002319,CUST_01957,Mouse,3,29621,2026-01-21,Cash on Delivery,Bangalore
JAN_002320,CUST_02236,Tablet,1,22018,2026-01-02,UPI,Delhi
JAN_002321,CUST_00088,Laptop,3,25147,2026-01-28,Credit Card,Chennai
JAN_002322,CUST_03182,Laptop,3,45869,2026-01-13,Cash on Delivery,Bangalore
JAN_002323,CUST_04200,Smartwatch,4,46552,2026-01-12,Debit Card,Delhi
JAN_002324,CUST_02837,Mouse,5,12842,2026-01-31,Cash on Delivery,Bangalore
JAN_002325,CUST_00683,Tablet,1,43861,2026-01-09,Debit Card,Hyderabad
JAN_002326,CUST_00930,Laptop,2,7215,2026-01-29,Credit Card,Mumbai
JAN_002327,CUST_03059,Smartphone,2,37680,2026-01-06,Credit Card,Mumbai
JAN_002328,CUST_00618,Laptop,1,48467,2026-01-28,Debit Card,Hyderabad
JAN_002329,CUST_01280,Tablet,3,43777,2026-01-03,UPI,Hyderabad
JAN_002330,CUST_00461,Headphones,2,49094,2026-01-04,UPI,Delhi
JAN_002331,CUST_00751,Laptop,4,45131,2026-01-03,Credit Card,Delhi
JAN_002332,CUST_00651,Smartwatch,3,41189,2026-01-02,Credit Card,Chennai
JAN_002333,CUST_01617,Tablet,5,46486,2026-01-27,Credit Card,Chennai
JAN_002334,CUST_04849,Laptop,4,12319,2026-01-10,UPI,Mumbai
JAN_002335,CUST_01620,Mouse,2,35720,2026-01-06,Credit Card,Pune
JAN_002336,CUST_00621,Keyboard,2,21263,2026-01-04,Credit Card,Delhi
JAN_002337,CUST_04853,Mouse,5,27219,2026-01-13,Debit Card,Delhi
JAN_002338,CUST_02056,Monitor,2,34970,2026-01-14,UPI,Pune
JAN_002339,CUST_02062,Mouse,2,4437,2026-01-29,UPI,Mumbai
JAN_002340,CUST_02820,Laptop,5,49722,2026-01-16,Cash on Delivery,Mumbai
JAN_002341,CUST_03654,Laptop,1,21066,2026-01-22,Debit Card,Pune
JAN_002342,CUST_04961,Smartphone,5,17399,2026-01-22,Debit Card,Chennai
JAN_002343,CUST_03936,Monitor,4,19876,2026-01-12,Cash on Delivery,Bangalore
JAN_002344,CUST_01559,Keyboard,5,11377,2026-01-18,UPI,Pune
JAN_002345,CUST_03357,Tablet,4,21457,2026-01-12,Cash on Delivery,Chennai
JAN_002346,CUST_03805,Tablet,2,9511,2026-01-28,Cash on Delivery,Chennai
JAN_002347,CUST_00201,Headphones,3,25199,2026-01-31,Credit Card,Chennai
JAN_002348,CUST_00115,Smartwatch,2,10098,2026-01-12,Credit Card,Delhi
JAN_002349,CUST_00135,Smartwatch,4,10023,2026-01-04,Debit Card,Bangalore
JAN_002350,CUST_00178,Tablet,4,10575,2026-01-07,Debit Card,Hyderabad
JAN_002351,CUST_01866,Keyboard,4,39968,2026-01-09,Cash on Delivery,Chennai
JAN_002352,CUST_01310,Tablet,1,23358,2026-01-14,UPI,Mumbai
JAN_002353,CUST_02649,Tablet,5,19160,2026-01-31,Credit Card,Delhi
JAN_002354,CUST_04049,Keyboard,4,32345,2026-01-17,UPI,Bangalore
JAN_002355,CUST_01300,Monitor,3,45030,2026-01-21,Cash on Delivery,Hyderabad
JAN_002356,CUST_04908,Headphones,5,18674,2026-01-04,Debit Card,Pune
JAN_002357,CUST_01050,Monitor,5,31232,2026-01-12,UPI,Mumbai
JAN_002358,CUST_03032,Smartwatch,2,13926,2026-01-15,Debit Card,Pune
JAN_002359,CUST_02561,Tablet,3,36572,2026-01-08,Debit Card,Hyderabad
JAN_002360,CUST_02713,Keyboard,2,21291,2026-01-26,Credit Card,Pune
JAN_002361,CUST_04993,Keyboard,2,32220,2026-01-19,Cash on Delivery,Mumbai
JAN_002362,CUST_04186,Smartphone,4,49364,2026-01-11,Credit Card,Hyderabad
JAN_002363,CUST_00667,Tablet,4,39691,2026-01-11,Debit Card,Mumbai
JAN_002364,CUST_03192,Keyboard,3,46855,2026-01-15,Credit Card,Bangalore
JAN_002365,CUST_00484,Tablet,2,14836,2026-01-28,UPI,Bangalore
JAN_002366,CUST_03954,Headphones,3,21173,2026-01-12,Cash on Delivery,Bangalore
JAN_002367,CUST_04394,Keyboard,2,39363,2026-01-20,UPI,Bangalore
JAN_002368,CUST_00497,Keyboard,5,33238,2026-01-24,Debit Card,Delhi
JAN_002369,CUST_03081,Smartwatch,1,19741,2026-01-26,Debit Card,Delhi
JAN_002370,CUST_02426,Laptop,1,42905,2026-01-05,Cash on Delivery,Mumbai
JAN_002371,CUST_03809,Headphones,4,41218,2026-01-12,Cash on Delivery,Hyderabad
JAN_002372,CUST_04865,Tablet,3,7261,2026-01-06,Debit Card,Chennai
JAN_002373,CUST_01621,Tablet,3,10875,2026-01-09,Credit Card,Bangalore
JAN_002374,CUST_00139,Smartphone,1,21599,2026-01-31,Cash on Delivery,Bangalore
JAN_002375,CUST_02583,Smartwatch,5,1868,2026-01-05,Cash on Delivery,Pune
JAN_002376,CUST_03241,Headphones,3,40378,2026-01-11,UPI,Pune
JAN_002377,CUST_02655,Laptop,5,3860,2026-01-10,Credit Card,Chennai
JAN_002378,CUST_00557,Headphones,2,6901,2026-01-03,Credit Card,Pune
JAN_002379,CUST_00753,Monitor,3,22361,2026-01-08,UPI,Chennai
JAN_002380,CUST_00570,Tablet,4,35924,2026-01-11,UPI,Hyderabad
JAN_002381,CUST_03244,Headphones,5,6063,2026-01-14,Credit Card,Chennai
JAN_002382,CUST_00945,Mouse,2,15880,2026-01-06,UPI,Pune
JAN_002383,CUST_04569,Laptop,1,42333,2026-01-22,Credit Card,Chennai
JAN_002384,CUST_00346,Keyboard,2,10202,2026-01-02,Credit Card,Hyderabad
JAN_002385,CUST_02646,Smartwatch,4,1461,2026-01-11,Debit Card,Chennai
JAN_002386,CUST_03400,Smartphone,1,13315,2026-01-01,UPI,Delhi
JAN_002387,CUST_04774,Tablet,1,23097,2026-01-08,UPI,Hyderabad
JAN_002388,CUST_03016,Headphones,4,14144,2026-01-29,Credit Card,Hyderabad
JAN_002389,CUST_02306,Mouse,5,24730,2026-01-01,Cash on Delivery,Delhi
JAN_002390,CUST_01652,Mouse,3,13030,2026-01-27,Debit Card,Bangalore
JAN_002391,CUST_00977,Mouse,4,2088,2026-01-13,Cash on Delivery,Hyderabad
JAN_002392,CUST_04193,Smartwatch,2,12313,2026-01-31,UPI,Mumbai
JAN_002393,CUST_00875,Keyboard,2,49991,2026-01-13,Debit Card,Pune
JAN_002394,CUST_01756,Mouse,3,30594,2026-01-22,UPI,Pune
JAN_002395,CUST_01883,Mouse,2,33695,2026-01-21,UPI,Bangalore
JAN_002396,CUST_01773,Headphones,3,13723,2026-01-01,Cash on Delivery,Pune
JAN_002397,CUST_02682,Tablet,4,39640,2026-01-13,Credit Card,Chennai
JAN_002398,CUST_04595,Mouse,2,5290,2026-01-16,UPI,Mumbai
JAN_002399,CUST_00256,Laptop,1,18172,2026-01-28,UPI,Bangalore
JAN_002400,CUST_03125,Headphones,1,3708,2026-01-15,Debit Card,Delhi
JAN_002401,CUST_01563,Smartwatch,3,5187,2026-01-21,Debit Card,Chennai
JAN_002402,CUST_00184,Mouse,1,8069,2026-01-21,Debit Card,Delhi
JAN_002403,CUST_03744,Keyboard,1,41927,2026-01-09,UPI,Chennai
JAN_002404,CUST_00118,Smartphone,1,47701,2026-01-06,Credit Card,Chennai
JAN_002405,CUST_04750,Mouse,3,1678,2026-01-28,Cash on Delivery,Mumbai
JAN_002406,CUST_01256,Keyboard,1,26253,2026-01-24,Cash on Delivery,Mumbai
JAN_002407,CUST_04075,Smartwatch,4,27228,2026-01-02,Credit Card,Mumbai
JAN_002408,CUST_00361,Smartphone,3,46724,2026-01-19,Debit Card,Pune
JAN_002409,CUST_01661,Mouse,1,44190,2026-01-16,Debit Card,Delhi
JAN_002410,CUST_03670,Laptop,1,37110,2026-01-08,Cash on Delivery,Hyderabad
JAN_002411,CUST_04003,Keyboard,1,18977,2026-01-31,Debit Card,Mumbai
JAN_002412,CUST_03009,Tablet,4,35890,2026-01-20,Credit Card,Bangalore
JAN_002413,CUST_03042,Headphones,3,48381,2026-01-22,Debit Card,Chennai
JAN_002414,CUST_04754,Smartwatch,3,30837,2026-01-06,Debit Card,Bangalore
JAN_002415,CUST_04052,Smartwatch,3,28492,2026-01-05,UPI,Hyderabad
JAN_002416,CUST_01128,Monitor,3,42501,2026-01-09,Cash on Delivery,Chennai
JAN_002417,CUST_04418,Headphones,1,22708,2026-01-25,Credit Card,Hyderabad
JAN_002418,CUST_04426,Headphones,5,9343,2026-01-11,Credit Card,Pune
JAN_002419,CUST_00670,Smartwatch,1,33058,2026-01-13,UPI,Hyderabad
JAN_002420,CUST_04715,Laptop,3,36274,2026-01-04,Credit Card,Pune
JAN_002421,CUST_02744,Tablet,1,21531,2026-01-08,Debit Card,Hyderabad
JAN_002422,CUST_03236,Smartwatch,2,38015,2026-01-30,Debit Card,Pune
JAN_002423,CUST_00872,Keyboard,4,10404,2026-01-14,Credit Card,Pune
JAN_002424,CUST_04133,Smartphone,4,9660,2026-01-01,UPI,Pune
JAN_002425,CUST_02512,Keyboard,4,20048,2026-01-31,Credit Card,Hyderabad
JAN_002426,CUST_00792,Keyboard,1,1262,2026-01-21,UPI,Bangalore
JAN_002427,CUST_01697,Headphones,1,4592,2026-01-04,Debit Card,Chennai
JAN_002428,CUST_00975,Smartwatch,3,43557,2026-01-31,Cash on Delivery,Mumbai
JAN_002429,CUST_04896,Mouse,3,25611,2026-01-23,Debit Card,Delhi
JAN_002430,CUST_03511,Tablet,5,39084,2026-01-10,UPI,Pune
JAN_002431,CUST_00259,Tablet,3,23235,2026-01-16,UPI,Bangalore
JAN_002432,CUST_03880,Smartwatch,5,6622,2026-01-23,Cash on Delivery,Pune
JAN_002433,CUST_02876,Tablet,1,25101,2026-01-19,UPI,Chennai
JAN_002434,CUST_00712,Tablet,3,35834,2026-01-25,UPI,Mumbai
JAN_002435,CUST_00771,Tablet,4,49289,2026-01-08,Debit Card,Delhi
JAN_002436,CUST_03845,Laptop,3,20503,2026-01-20,Cash on Delivery,Delhi
JAN_002437,CUST_03364,Smartphone,1,45015,2026-01-20,Credit Card,Hyderabad
JAN_002438,CUST_00232,Tablet,1,33103,2026-01-28,Credit Card,Chennai
JAN_002439,CUST_04629,Smartwatch,5,43041,2026-01-09,UPI,Bangalore
JAN_002440,CUST_00964,Tablet,2,29804,2026-01-19,Debit Card,Delhi
JAN_002441,CUST_02379,Monitor,4,7387,2026-01-02,Credit Card,Mumbai
JAN_002442,CUST_03950,Tablet,2,573,2026-01-07,Cash on Delivery,Pune
JAN_002443,CUST_01447,Smartwatch,1,20010,2026-01-26,Credit Card,Delhi
JAN_002444,CUST_04781,Tablet,2,46981,2026-01-11,Cash on Delivery,Pune
JAN_002445,CUST_00952,Smartphone,2,9322,2026-01-31,Credit Card,Pune
JAN_002446,CUST_04958,Laptop,4,32715,2026-01-31,Debit Card,Pune
JAN_002447,CUST_00169,Monitor,5,7168,2026-01-14,Cash on Delivery,Chennai
JAN_002448,CUST_02285,Smartwatch,5,46209,2026-01-02,Cash on Delivery,Mumbai
JAN_002449,CUST_00715,Mouse,3,31305,2026-01-03,Cash on Delivery,Hyderabad
JAN_002450,CUST_01993,Headphones,1,1780,2026-01-30,Credit Card,Mumbai
JAN_002451,CUST_01531,Keyboard,4,43444,2026-01-19,Debit Card,Hyderabad
JAN_002452,CUST_03915,Smartphone,2,38349,2026-01-09,Cash on Delivery,Mumbai
JAN_002453,CUST_00326,Keyboard,2,9859,2026-01-18,Debit Card,Delhi
JAN_002454,CUST_03201,Laptop,3,4131,2026-01-24,UPI,Mumbai
JAN_002455,CUST_02179,Laptop,3,9182,2026-01-17,Debit Card,Delhi
JAN_002456,CUST_03936,Keyboard,2,43718,2026-01-28,Cash on Delivery,Chennai
JAN_002457,CUST_01755,Smartphone,2,25618,2026-01-16,UPI,Delhi
JAN_002458,CUST_01041,Headphones,1,31505,2026-01-22,UPI,Hyderabad
JAN_002459,CUST_02024,Smartwatch,3,14968,2026-01-06,Debit Card,Chennai
JAN_002460,CUST_03538,Laptop,3,26062,2026-01-02,UPI,Delhi
JAN_002461,CUST_03062,Smartwatch,4,39943,2026-01-22,Credit Card,Pune
JAN_002462,CUST_01044,Tablet,5,33593,2026-01-30,Cash on Delivery,Pune
JAN_002463,CUST_01289,Keyboard,5,34361,2026-01-28,Debit Card,Chennai
JAN_002464,CUST_00615,Smartwatch,5,2225,2026-01-25,Cash on Delivery,Mumbai
JAN_002465,CUST_00696,Headphones,1,24416,2026-01-18,Debit Card,Chennai
JAN_002466,CUST_03806,Monitor,3,35280,2026-01-09,Debit Card,Bangalore
JAN_002467,CUST_03850,Tablet,4,49838,2026-01-28,Credit Card,Chennai
JAN_002468,CUST_00746,Tablet,3,35113,2026-01-11,UPI,Bangalore
JAN_002469,CUST_02198,Mouse,3,39156,2026-01-21,Credit Card,Bangalore
JAN_002470,CUST_02656,Keyboard,5,12734,2026-01-30,Debit Card,Bangalore
JAN_002471,CUST_02745,Smartwatch,3,17495,2026-01-07,Cash on Delivery,Pune
JAN_002472,CUST_01543,Headphones,3,12649,2026-01-22,Debit Card,Pune
JAN_002473,CUST_04530,Monitor,2,30522,2026-01-18,Credit Card,Mumbai
JAN_002474,CUST_02388,Keyboard,2,39399,2026-01-24,Debit Card,Delhi
JAN_002475,CUST_04072,Monitor,2,25865,2026-01-29,Cash on Delivery,Pune
JAN_002476,CUST_04655,Tablet,5,22573,2026-01-09,Credit Card,Bangalore
JAN_002477,CUST_00591,Mouse,1,24878,2026-01-20,Cash on Delivery,Mumbai
JAN_002478,CUST_01548,Mouse,4,30003,2026-01-03,Debit Card,Hyderabad
JAN_002479,CUST_03445,Keyboard,3,3541,2026-01-19,Cash on Delivery,Pune
JAN_002480,CUST_04877,Smartphone,4,28850,2026-01-16,Cash on Delivery,Bangalore
JAN_002481,CUST_01145,Headphones,1,23880,2026-01-04,UPI,Mumbai
JAN_002482,CUST_00576,Mouse,1,36145,2026-01-28,Debit Card,Delhi
JAN_002483,CUST_00786,Smartwatch,2,2817,2026-01-26,UPI,Mumbai
JAN_002484,CUST_02766,Mouse,3,28367,2026-01-04,Credit Card,Delhi
JAN_002485,CUST_04946,Mouse,5,23370,2026-01-08,Credit Card,Delhi
JAN_002486,CUST_04536,Monitor,2,11461,2026-01-01,Cash on Delivery,Delhi
JAN_002487,CUST_00143,Headphones,1,37636,2026-01-18,Debit Card,Chennai
JAN_002488,CUST_00784,Keyboard,4,14681,2026-01-04,Credit Card,Chennai
JAN_002489,CUST_01357,Headphones,2,18515,2026-01-20,UPI,Mumbai
JAN_002490,CUST_02528,Smartwatch,5,39503,2026-01-08,Cash on Delivery,Chennai
JAN_002491,CUST_01903,Smartphone,1,26973,2026-01-07,Cash on Delivery,Chennai
JAN_002492,CUST_03150,Smartwatch,1,35672,2026-01-05,Debit Card,Delhi
JAN_002493,CUST_04027,Smartwatch,5,22632,2026-01-29,Debit Card,Mumbai
JAN_002494,CUST_04158,Smartwatch,4,39951,2026-01-16,Credit Card,Bangalore
JAN_002495,CUST_00634,Smartwatch,2,26676,2026-01-05,Credit Card,Delhi
JAN_002496,CUST_02894,Smartwatch,3,16503,2026-01-11,Debit Card,Delhi
JAN_002497,CUST_04919,Tablet,1,45189,2026-01-13,Credit Card,Pune
JAN_002498,CUST_00530,Tablet,1,25684,2026-01-23,Debit Card,Bangalore
JAN_002499,CUST_00168,Tablet,4,47659,2026-01-13,Cash on Delivery,Chennai
JAN_002500,CUST_03583,Mouse,3,15178,2026-01-03,Debit Card,Bangalore
JAN_002501,CUST_02129,Tablet,2,11245,2026-01-30,Credit Card,Hyderabad
JAN_002502,CUST_04237,Keyboard,1,25198,2026-01-21,Debit Card,Mumbai
JAN_002503,CUST_01873,Smartphone,2,6254,2026-01-25,UPI,Bangalore
JAN_002504,CUST_04303,Mouse,4,9966,2026-01-03,Debit Card,Delhi
JAN_002505,CUST_03571,Mouse,2,15213,2026-01-28,Cash on Delivery,Bangalore
JAN_002506,CUST_04265,Smartphone,2,6247,2026-01-06,UPI,Hyderabad
JAN_002507,CUST_01442,Mouse,5,31018,2026-01-21,Cash on Delivery,Delhi
JAN_002508,CUST_00141,Keyboard,5,46896,2026-01-08,UPI,Mumbai
JAN_002509,CUST_00832,Mouse,2,35193,2026-01-25,UPI,Chennai
JAN_002510,CUST_03023,Headphones,2,35173,2026-01-18,Credit Card,Delhi
JAN_002511,CUST_00072,Monitor,2,18047,2026-01-26,UPI,Hyderabad
JAN_002512,CUST_00466,Smartwatch,2,11144,2026-01-17,UPI,Chennai
JAN_002513,CUST_01084,Keyboard,5,24264,2026-01-05,Debit Card,Chennai
JAN_002514,CUST_03727,Headphones,1,46955,2026-01-08,Credit Card,Delhi
JAN_002515,CUST_04965,Laptop,1,24934,2026-01-21,Credit Card,Mumbai
JAN_002516,CUST_03775,Tablet,4,36265,2026-01-10,Cash on Delivery,Hyderabad
JAN_002517,CUST_04258,Monitor,5,38045,2026-01-15,Cash on Delivery,Bangalore
JAN_002518,CUST_03340,Headphones,5,32950,2026-01-17,Credit Card,Mumbai
JAN_002519,CUST_00602,Monitor,3,7771,2026-01-07,Cash on Delivery,Chennai
JAN_002520,CUST_02454,Monitor,1,20814,2026-01-13,Cash on Delivery,Delhi
JAN_002521,CUST_00132,Keyboard,4,42041,2026-01-25,Credit Card,Chennai
JAN_002522,CUST_04837,Headphones,3,26175,2026-01-28,Credit Card,Delhi
JAN_002523,CUST_01861,Tablet,3,32101,2026-01-01,Cash on Delivery,Chennai
JAN_002524,CUST_03811,Monitor,2,30562,2026-01-23,Credit Card,Chennai
JAN_002525,CUST_00421,Keyboard,2,42144,2026-01-31,UPI,Bangalore
JAN_002526,CUST_00436,Monitor,4,25533,2026-01-12,Cash on Delivery,Mumbai
JAN_002527,CUST_02409,Monitor,5,36350,2026-01-20,Cash on Delivery,Mumbai
JAN_002528,CUST_03928,Smartphone,3,21922,2026-01-30,Credit Card,Bangalore
JAN_002529,CUST_04152,Headphones,1,6838,2026-01-30,Credit Card,Pune
JAN_002530,CUST_04601,Mouse,1,1817,2026-01-23,Credit Card,Pune
JAN_002531,CUST_03042,Laptop,4,26638,2026-01-17,Debit Card,Hyderabad
JAN_002532,CUST_02843,Monitor,3,24315,2026-01-15,UPI,Hyderabad
JAN_002533,CUST_01011,Tablet,4,28603,2026-01-19,UPI,Pune
JAN_002534,CUST_04490,Smartphone,2,24967,2026-01-25,Debit Card,Pune
JAN_002535,CUST_03604,Mouse,2,9519,2026-01-23,Credit Card,Mumbai
JAN_002536,CUST_03145,Mouse,4,14633,2026-01-20,UPI,Mumbai
JAN_002537,CUST_00100,Headphones,2,27618,2026-01-10,Credit Card,Chennai
JAN_002538,CUST_01243,Smartwatch,5,37436,2026-01-26,Debit Card,Delhi
JAN_002539,CUST_00543,Headphones,1,17600,2026-01-01,Cash on Delivery,Mumbai
JAN_002540,CUST_03837,Headphones,4,7686,2026-01-08,UPI,Pune
JAN_002541,CUST_02808,Monitor,4,17113,2026-01-15,Debit Card,Pune
JAN_002542,CUST_02675,Headphones,5,34281,2026-01-22,Debit Card,Hyderabad
JAN_002543,CUST_02010,Keyboard,1,28634,2026-01-25,Cash on Delivery,Bangalore
JAN_002544,CUST_04169,Mouse,4,47666,2026-01-11,Cash on Delivery,Mumbai
JAN_002545,CUST_04848,Mouse,3,7179,2026-01-31,Credit Card,Hyderabad
JAN_002546,CUST_01794,Keyboard,4,10243,2026-01-08,UPI,Pune
JAN_002547,CUST_04144,Monitor,4,48862,2026-01-18,Cash on Delivery,Chennai
JAN_002548,CUST_02714,Mouse,1,16092,2026-01-19,Credit Card,Hyderabad
JAN_002549,CUST_00544,Monitor,1,28749,2026-01-16,Cash on Delivery,Chennai
JAN_002550,CUST_03394,Tablet,1,22074,2026-01-05,Debit Card,Mumbai
JAN_002551,CUST_01931,Tablet,4,26174,2026-01-10,Credit Card,Chennai
JAN_002552,CUST_01927,Mouse,2,40214,2026-01-14,Credit Card,Bangalore
JAN_002553,CUST_04899,Monitor,5,24897,2026-01-06,UPI,Mumbai
JAN_002554,CUST_00675,Laptop,2,35613,2026-01-03,Cash on Delivery,Chennai
JAN_002555,CUST_00757,Headphones,1,336,2026-01-29,Cash on Delivery,Delhi
JAN_002556,CUST_01094,Mouse,3,44681,2026-01-02,Debit Card,Pune
JAN_002557,CUST_00717,Laptop,2,20500,2026-01-19,Debit Card,Mumbai
JAN_002558,CUST_04775,Smartphone,1,40462,2026-01-02,UPI,Delhi
JAN_002559,CUST_01393,Smartwatch,4,7247,2026-01-26,Debit Card,Hyderabad
JAN_002560,CUST_04310,Smartphone,5,18841,2026-01-10,Credit Card,Mumbai
JAN_002561,CUST_04966,Mouse,2,42370,2026-01-15,UPI,Chennai
JAN_002562,CUST_01834,Mouse,1,25981,2026-01-20,Debit Card,Pune
JAN_002563,CUST_03873,Tablet,3,33549,2026-01-06,Debit Card,Bangalore
JAN_002564,CUST_03286,Smartwatch,2,20471,2026-01-21,Debit Card,Delhi
JAN_002565,CUST_03779,Headphones,2,2611,2026-01-08,UPI,Mumbai
JAN_002566,CUST_00965,Headphones,1,29620,2026-01-19,Credit Card,Delhi
JAN_002567,CUST_00602,Mouse,3,45270,2026-01-24,Debit Card,Hyderabad
JAN_002568,CUST_03946,Smartwatch,4,8235,2026-01-08,Debit Card,Pune
JAN_002569,CUST_03877,Laptop,3,10458,2026-01-07,Cash on Delivery,Delhi
JAN_002570,CUST_00542,Laptop,1,16726,2026-01-12,Cash on Delivery,Delhi
JAN_002571,CUST_04077,Tablet,4,46674,2026-01-27,Debit Card,Chennai
JAN_002572,CUST_02679,Smartwatch,3,49451,2026-01-05,Credit Card,Mumbai
JAN_002573,CUST_01345,Mouse,4,6309,2026-01-28,Cash on Delivery,Bangalore
JAN_002574,CUST_00345,Headphones,2,33805,2026-01-05,Cash on Delivery,Bangalore
JAN_002575,CUST_01657,Headphones,4,2719,2026-01-30,UPI,Pune
JAN_002576,CUST_02810,Monitor,3,379,2026-01-12,UPI,Chennai
JAN_002577,CUST_04105,Keyboard,2,9886,2026-01-25,Debit Card,Pune
JAN_002578,CUST_04137,Mouse,5,25804,2026-01-22,Credit Card,Chennai
JAN_002579,CUST_00323,Tablet,5,36056,2026-01-25,Debit Card,Hyderabad
JAN_002580,CUST_03740,Laptop,3,21997,2026-01-25,UPI,Chennai
JAN_002581,CUST_00515,Tablet,4,30578,2026-01-19,Credit Card,Bangalore
JAN_002582,CUST_04841,Keyboard,4,17547,2026-01-27,Debit Card,Pune
JAN_002583,CUST_00318,Keyboard,5,16855,2026-01-28,Cash on Delivery,Bangalore
JAN_002584,CUST_04348,Keyboard,1,14735,2026-01-01,Cash on Delivery,Delhi
JAN_002585,CUST_00019,Smartwatch,1,5187,2026-01-13,Debit Card,Hyderabad
JAN_002586,CUST_04478,Smartwatch,1,33082,2026-01-27,Debit Card,Hyderabad
JAN_002587,CUST_00420,Tablet,5,14186,2026-01-22,Debit Card,Mumbai
JAN_002588,CUST_01924,Smartwatch,5,47760,2026-01-28,Debit Card,Delhi
JAN_002589,CUST_01641,Laptop,4,5421,2026-01-18,Debit Card,Pune
JAN_002590,CUST_03932,Laptop,1,8711,2026-01-08,Debit Card,Delhi
JAN_002591,CUST_02395,Mouse,4,10807,2026-01-22,Cash on Delivery,Delhi
JAN_002592,CUST_01343,Monitor,1,19125,2026-01-24,Debit Card,Hyderabad
JAN_002593,CUST_04495,Smartphone,1,10395,2026-01-23,UPI,Mumbai
JAN_002594,CUST_01963,Smartphone,3,11929,2026-01-31,UPI,Chennai
JAN_002595,CUST_00995,Tablet,5,8201,2026-01-11,Cash on Delivery,Pune
JAN_002596,CUST_02280,Smartphone,3,6231,2026-01-20,Debit Card,Delhi
JAN_002597,CUST_01551,Mouse,1,40854,2026-01-13,UPI,Mumbai
JAN_002598,CUST_01195,Monitor,2,34415,2026-01-06,Credit Card,Chennai
JAN_002599,CUST_02879,Laptop,3,25711,2026-01-30,Cash on Delivery,Mumbai
JAN_002600,CUST_04198,Smartwatch,2,11178,2026-01-26,Credit Card,Hyderabad
JAN_002601,CUST_03961,Smartphone,2,43258,2026-01-21,Cash on Delivery,Hyderabad
JAN_002602,CUST_03751,Smartwatch,3,42308,2026-01-25,Debit Card,Delhi
JAN_002603,CUST_00344,Laptop,4,12526,2026-01-29,UPI,Hyderabad
JAN_002604,CUST_00141,Monitor,3,27432,2026-01-12,UPI,Bangalore
JAN_002605,CUST_03797,Smartphone,2,6489,2026-01-28,UPI,Hyderabad
JAN_002606,CUST_03879,Tablet,5,36349,2026-01-05,Debit Card,Mumbai
JAN_002607,CUST_00267,Monitor,2,20651,2026-01-20,Cash on Delivery,Bangalore
JAN_002608,CUST_00874,Laptop,3,43769,2026-01-02,Credit Card,Pune
JAN_002609,CUST_03110,Headphones,3,22478,2026-01-09,Cash on Delivery,Mumbai
JAN_002610,CUST_02981,Smartphone,4,20410,2026-01-17,Debit Card,Chennai
JAN_002611,CUST_00215,Mouse,3,12309,2026-01-01,UPI,Delhi
JAN_002612,CUST_04301,Smartphone,3,7630,2026-01-30,UPI,Bangalore
JAN_002613,CUST_02735,Monitor,1,12168,2026-01-25,Credit Card,Hyderabad
JAN_002614,CUST_00646,Keyboard,1,18321,2026-01-26,Debit Card,Hyderabad
JAN_002615,CUST_04435,Smartphone,5,38037,2026-01-25,Debit Card,Hyderabad
JAN_002616,CUST_02438,Smartphone,4,49502,2026-01-22,UPI,Bangalore
JAN_002617,CUST_03443,Smartphone,3,17832,2026-01-30,UPI,Delhi
JAN_002618,CUST_00773,Laptop,1,31459,2026-01-03,UPI,Chennai
JAN_002619,CUST_02959,Smartwatch,5,7205,2026-01-26,Debit Card,Delhi
JAN_002620,CUST_04598,Keyboard,1,22093,2026-01-19,Credit Card,Delhi
JAN_002621,CUST_04662,Smartphone,1,31022,2026-01-21,Credit Card,Pune
JAN_002622,CUST_01038,Headphones,5,15836,2026-01-23,Cash on Delivery,Mumbai
JAN_002623,CUST_04285,Mouse,5,48031,2026-01-22,Credit Card,Chennai
JAN_002624,CUST_01949,Laptop,4,14028,2026-01-18,Cash on Delivery,Delhi
JAN_002625,CUST_04324,Mouse,3,9126,2026-01-27,Cash on Delivery,Hyderabad
JAN_002626,CUST_04738,Mouse,3,16520,2026-01-14,UPI,Pune
JAN_002627,CUST_02089,Tablet,1,7711,2026-01-14,Cash on Delivery,Hyderabad
JAN_002628,CUST_02073,Headphones,5,12282,2026-01-07,UPI,Pune
JAN_002629,CUST_01086,Laptop,2,16583,2026-01-08,UPI,Pune
JAN_002630,CUST_03234,Headphones,2,18323,2026-01-03,UPI,Hyderabad
JAN_002631,CUST_01722,Smartphone,1,27289,2026-01-01,UPI,Bangalore
JAN_002632,CUST_03663,Headphones,2,47668,2026-01-07,UPI,Bangalore
JAN_002633,CUST_03368,Smartwatch,5,44785,2026-01-11,Debit Card,Chennai
JAN_002634,CUST_01652,Headphones,2,25707,2026-01-22,Debit Card,Delhi
JAN_002635,CUST_01989,Tablet,4,18150,2026-01-28,Cash on Delivery,Mumbai
JAN_002636,CUST_00026,Smartwatch,4,10594,2026-01-09,UPI,Mumbai
JAN_002637,CUST_03759,Mouse,2,27292,2026-01-24,UPI,Bangalore
JAN_002638,CUST_02322,Mouse,2,28128,2026-01-05,UPI,Chennai
JAN_002639,CUST_04339,Smartphone,5,29981,2026-01-26,Debit Card,Bangalore
JAN_002640,CUST_01838,Tablet,2,45317,2026-01-21,Debit Card,Chennai
JAN_002641,CUST_03200,Mouse,2,31680,2026-01-31,Credit Card,Chennai
JAN_002642,CUST_01094,Laptop,2,42485,2026-01-29,Cash on Delivery,Chennai
JAN_002643,CUST_04520,Headphones,1,17742,2026-01-08,Debit Card,Hyderabad
JAN_002644,CUST_00810,Mouse,5,20530,2026-01-09,Cash on Delivery,Mumbai
JAN_002645,CUST_04647,Smartphone,2,18734,2026-01-03,Debit Card,Delhi
JAN_002646,CUST_04555,Headphones,4,34824,2026-01-25,UPI,Delhi
JAN_002647,CUST_00161,Monitor,5,27707,2026-01-31,Debit Card,Mumbai
JAN_002648,CUST_01585,Headphones,1,48212,2026-01-16,Debit Card,Pune
JAN_002649,CUST_03481,Mouse,3,38616,2026-01-25,Credit Card,Pune
JAN_002650,CUST_04929,Monitor,1,25098,2026-01-13,Cash on Delivery,Hyderabad
JAN_002651,CUST_02007,Monitor,1,22229,2026-01-07,Debit Card,Chennai
JAN_002652,CUST_01976,Monitor,4,15114,2026-01-25,Cash on Delivery,Hyderabad
JAN_002653,CUST_00625,Smartphone,5,9178,2026-01-01,Credit Card,Chennai
JAN_002654,CUST_00360,Keyboard,4,27224,2026-01-28,UPI,Mumbai
JAN_002655,CUST_04494,Tablet,2,14665,2026-01-22,Credit Card,Delhi
JAN_002656,CUST_00794,Laptop,3,966,2026-01-12,Cash on Delivery,Mumbai
JAN_002657,CUST_04823,Tablet,2,6326,2026-01-09,Debit Card,Delhi
JAN_002658,CUST_00974,Smartphone,3,39411,2026-01-20,Credit Card,Mumbai
JAN_002659,CUST_02270,Headphones,1,32283,2026-01-16,Credit Card,Chennai
JAN_002660,CUST_02710,Smartphone,1,33210,2026-01-29,Credit Card,Hyderabad
JAN_002661,CUST_00001,Smartwatch,3,23589,2026-01-09,Cash on Delivery,Hyderabad
JAN_002662,CUST_01346,Laptop,1,41304,2026-01-23,UPI,Pune
JAN_002663,CUST_01578,Headphones,2,15549,2026-01-09,UPI,Pune
JAN_002664,CUST_01605,Keyboard,2,8891,2026-01-06,Debit Card,Chennai
JAN_002665,CUST_03683,Keyboard,5,9015,2026-01-02,UPI,Mumbai
JAN_002666,CUST_01673,Monitor,3,45207,2026-01-24,Cash on Delivery,Delhi
JAN_002667,CUST_00519,Headphones,4,24978,2026-01-23,UPI,Delhi
JAN_002668,CUST_00288,Headphones,4,7312,2026-01-12,UPI,Delhi
JAN_002669,CUST_00600,Headphones,4,7306,2026-01-07,Cash on Delivery,Delhi
JAN_002670,CUST_01362,Mouse,5,46974,2026-01-23,Debit Card,Chennai
JAN_002671,CUST_04869,Keyboard,4,28045,2026-01-06,Credit Card,Hyderabad
JAN_002672,CUST_03647,Mouse,3,17254,2026-01-27,Credit Card,Pune
JAN_002673,CUST_00165,Keyboard,4,19568,2026-01-26,Cash on Delivery,Hyderabad
JAN_002674,CUST_00746,Smartphone,2,3725,2026-01-15,Credit Card,Pune
JAN_002675,CUST_04371,Smartphone,5,31612,2026-01-23,Cash on Delivery,Pune
JAN_002676,CUST_01108,Laptop,5,11982,2026-01-19,Credit Card,Delhi
JAN_002677,CUST_00416,Smartphone,2,35524,2026-01-08,UPI,Bangalore
JAN_002678,CUST_04404,Smartphone,3,17314,2026-01-17,Debit Card,Hyderabad
JAN_002679,CUST_01461,Laptop,4,32345,2026-01-05,Credit Card,Delhi
JAN_002680,CUST_01807,Smartphone,5,9887,2026-01-26,Cash on Delivery,Mumbai
JAN_002681,CUST_04479,Smartphone,3,30405,2026-01-14,Credit Card,Pune
JAN_002682,CUST_02767,Laptop,1,955,2026-01-09,UPI,Pune
JAN_002683,CUST_00199,Laptop,1,21335,2026-01-23,Credit Card,Pune
JAN_002684,CUST_04800,Smartphone,1,45285,2026-01-26,Credit Card,Chennai
JAN_002685,CUST_00805,Tablet,5,42637,2026-01-31,Debit Card,Mumbai
JAN_002686,CUST_04956,Laptop,2,23356,2026-01-26,Debit Card,Chennai
JAN_002687,CUST_00944,Mouse,3,17292,2026-01-22,Credit Card,Mumbai
JAN_002688,CUST_01212,Tablet,3,32387,2026-01-18,UPI,Delhi
JAN_002689,CUST_02368,Laptop,3,25067,2026-01-06,Cash on Delivery,Mumbai
JAN_002690,CUST_03561,Tablet,1,3093,2026-01-17,UPI,Mumbai
JAN_002691,CUST_02141,Keyboard,4,22832,2026-01-22,Debit Card,Mumbai
JAN_002692,CUST_04227,Mouse,5,10027,2026-01-12,Cash on Delivery,Chennai
JAN_002693,CUST_01008,Keyboard,4,9982,2026-01-19,Debit Card,Hyderabad
JAN_002694,CUST_02635,Monitor,1,24199,2026-01-08,Debit Card,Delhi
JAN_002695,CUST_04726,Smartwatch,1,36411,2026-01-26,UPI,Pune
JAN_002696,CUST_00435,Smartwatch,2,15954,2026-01-16,Cash on Delivery,Hyderabad
JAN_002697,CUST_04574,Tablet,5,23470,2026-01-28,UPI,Hyderabad
JAN_002698,CUST_04308,Headphones,2,4428,2026-01-25,UPI,Bangalore
JAN_002699,CUST_00385,Smartphone,4,16768,2026-01-26,UPI,Hyderabad
JAN_002700,CUST_04336,Laptop,3,41197,2026-01-30,Debit Card,Pune
JAN_002701,CUST_04485,Tablet,4,16519,2026-01-06,Credit Card,Chennai
JAN_002702,CUST_01538,Smartphone,4,17750,2026-01-23,Credit Card,Delhi
JAN_002703,CUST_00537,Headphones,4,40771,2026-01-22,Debit Card,Pune
JAN_002704,CUST_04274,Mouse,4,19702,2026-01-06,Credit Card,Mumbai
JAN_002705,CUST_03439,Headphones,3,47533,2026-01-08,Cash on Delivery,Delhi
JAN_002706,CUST_02537,Mouse,1,30475,2026-01-04,UPI,Chennai
JAN_002707,CUST_03194,Headphones,3,49371,2026-01-10,Debit Card,Bangalore
JAN_002708,CUST_00347,Headphones,4,15212,2026-01-28,Debit Card,Bangalore
JAN_002709,CUST_01532,Mouse,2,47991,2026-01-18,UPI,Pune
JAN_002710,CUST_03849,Smartwatch,3,27147,2026-01-03,Debit Card,Bangalore
JAN_002711,CUST_04717,Laptop,2,48092,2026-01-17,UPI,Bangalore
JAN_002712,CUST_04556,Headphones,3,21928,2026-01-08,Credit Card,Chennai
JAN_002713,CUST_00505,Monitor,1,19185,2026-01-20,UPI,Bangalore
JAN_002714,CUST_01677,Keyboard,2,23469,2026-01-08,Credit Card,Hyderabad
JAN_002715,CUST_04810,Monitor,1,26068,2026-01-09,Credit Card,Delhi
JAN_002716,CUST_00838,Smartphone,1,46816,2026-01-26,Cash on Delivery,Hyderabad
JAN_002717,CUST_01014,Laptop,5,13216,2026-01-15,Credit Card,Hyderabad
JAN_002718,CUST_01622,Tablet,2,9028,2026-01-03,Cash on Delivery,Pune
JAN_002719,CUST_01850,Laptop,4,2477,2026-01-11,UPI,Mumbai
JAN_002720,CUST_04137,Tablet,3,25715,2026-01-30,UPI,Chennai
JAN_002721,CUST_04102,Smartwatch,5,47404,2026-01-31,UPI,Mumbai
JAN_002722,CUST_01515,Keyboard,1,2126,2026-01-30,UPI,Bangalore
JAN_002723,CUST_03400,Smartphone,5,8582,2026-01-25,UPI,Delhi
JAN_002724,CUST_03091,Monitor,4,41935,2026-01-23,Cash on Delivery,Bangalore
JAN_002725,CUST_02324,Smartphone,4,401,2026-01-24,Credit Card,Chennai
JAN_002726,CUST_04996,Monitor,2,3997,2026-01-12,UPI,Bangalore
JAN_002727,CUST_00581,Smartphone,5,42096,2026-01-20,Debit Card,Mumbai
JAN_002728,CUST_02395,Keyboard,2,26217,2026-01-18,Cash on Delivery,Bangalore
JAN_002729,CUST_00217,Headphones,4,12960,2026-01-27,Credit Card,Pune
JAN_002730,CUST_01767,Headphones,1,15937,2026-01-06,Cash on Delivery,Bangalore
JAN_002731,CUST_02767,Smartwatch,1,6244,2026-01-11,Debit Card,Mumbai
JAN_002732,CUST_02409,Headphones,5,35334,2026-01-23,Cash on Delivery,Pune
JAN_002733,CUST_03006,Laptop,3,15774,2026-01-02,Cash on Delivery,Chennai
JAN_002734,CUST_03567,Laptop,5,45661,2026-01-14,UPI,Mumbai
JAN_002735,CUST_01056,Smartwatch,1,2962,2026-01-24,Credit Card,Mumbai
JAN_002736,CUST_01665,Monitor,4,26272,2026-01-17,UPI,Mumbai
JAN_002737,CUST_01262,Tablet,1,21196,2026-01-13,Credit Card,Mumbai
JAN_002738,CUST_01438,Keyboard,3,22517,2026-01-31,Debit Card,Mumbai
JAN_002739,CUST_03521,Headphones,4,37689,2026-01-27,UPI,Chennai
JAN_002740,CUST_03976,Smartwatch,5,42415,2026-01-21,Credit Card,Hyderabad
JAN_002741,CUST_04297,Mouse,3,49329,2026-01-07,UPI,Mumbai
JAN_002742,CUST_02491,Laptop,5,29522,2026-01-08,Credit Card,Bangalore
JAN_002743,CUST_01945,Tablet,5,48477,2026-01-10,Credit Card,Chennai
JAN_002744,CUST_01737,Keyboard,3,40472,2026-01-02,UPI,Mumbai
JAN_002745,CUST_03036,Tablet,1,39893,2026-01-04,UPI,Hyderabad
JAN_002746,CUST_04625,Smartphone,3,18927,2026-01-12,Credit Card,Mumbai
JAN_002747,CUST_03712,Mouse,5,11052,2026-01-23,Cash on Delivery,Hyderabad
JAN_002748,CUST_04693,Smartwatch,5,37733,2026-01-23,Cash on Delivery,Pune
JAN_002749,CUST_04528,Tablet,1,34423,2026-01-10,Debit Card,Delhi
JAN_002750,CUST_03000,Smartwatch,5,16466,2026-01-18,Credit Card,Bangalore
JAN_002751,CUST_00844,Mouse,1,32996,2026-01-19,Debit Card,Hyderabad
JAN_002752,CUST_01593,Headphones,2,7301,2026-01-20,Credit Card,Delhi
JAN_002753,CUST_01158,Smartwatch,4,37156,2026-01-10,UPI,Chennai
JAN_002754,CUST_00189,Tablet,2,26282,2026-01-20,UPI,Chennai
JAN_002755,CUST_03422,Laptop,4,11597,2026-01-25,Credit Card,Bangalore
JAN_002756,CUST_01869,Keyboard,3,44118,2026-01-18,Debit Card,Pune
JAN_002757,CUST_04262,Headphones,5,49811,2026-01-08,UPI,Bangalore
JAN_002758,CUST_00026,Monitor,4,43688,2026-01-27,UPI,Delhi
JAN_002759,CUST_04639,Smartwatch,3,2162,2026-01-29,Credit Card,Chennai
JAN_002760,CUST_02939,Headphones,4,43513,2026-01-19,Debit Card,Mumbai
JAN_002761,CUST_04511,Smartwatch,5,24992,2026-01-26,Debit Card,Chennai
JAN_002762,CUST_00597,Keyboard,1,37017,2026-01-21,Cash on Delivery,Chennai
JAN_002763,CUST_01194,Keyboard,5,20758,2026-01-04,Debit Card,Mumbai
JAN_002764,CUST_01574,Mouse,4,35685,2026-01-09,Credit Card,Delhi
JAN_002765,CUST_02546,Mouse,1,2130,2026-01-19,Credit Card,Chennai
JAN_002766,CUST_01833,Laptop,1,43959,2026-01-25,Cash on Delivery,Hyderabad
JAN_002767,CUST_03190,Smartphone,1,7853,2026-01-13,Cash on Delivery,Hyderabad
JAN_002768,CUST_00615,Smartphone,2,40300,2026-01-07,Debit Card,Mumbai
JAN_002769,CUST_00543,Smartwatch,5,3869,2026-01-02,Debit Card,Mumbai
JAN_002770,CUST_04969,Smartphone,3,3760,2026-01-10,Cash on Delivery,Chennai
JAN_002771,CUST_01452,Keyboard,5,29253,2026-01-25,Cash on Delivery,Pune
JAN_002772,CUST_00413,Monitor,2,41979,2026-01-05,Debit Card,Bangalore
JAN_002773,CUST_04058,Tablet,4,39445,2026-01-01,Debit Card,Chennai
JAN_002774,CUST_00477,Tablet,2,47780,2026-01-06,Cash on Delivery,Chennai
JAN_002775,CUST_01066,Headphones,3,1475,2026-01-22,UPI,Pune
JAN_002776,CUST_04032,Tablet,4,3325,2026-01-28,Credit Card,Hyderabad
JAN_002777,CUST_04930,Smartphone,3,1689,2026-01-23,Cash on Delivery,Hyderabad
JAN_002778,CUST_04371,Mouse,1,12997,2026-01-22,Credit Card,Delhi
JAN_002779,CUST_01902,Smartphone,2,20791,2026-01-15,Debit Card,Pune
JAN_002780,CUST_01403,Keyboard,3,26500,2026-01-30,UPI,Chennai
JAN_002781,CUST_00649,Tablet,1,13629,2026-01-18,Credit Card,Pune
JAN_002782,CUST_00644,Headphones,1,25092,2026-01-04,UPI,Delhi
JAN_002783,CUST_03457,Keyboard,5,44085,2026-01-25,Debit Card,Delhi
JAN_002784,CUST_04062,Monitor,4,8147,2026-01-15,Credit Card,Delhi
JAN_002785,CUST_00609,Mouse,3,17540,2026-01-15,UPI,Pune
JAN_002786,CUST_01382,Monitor,1,9430,2026-01-31,Cash on Delivery,Bangalore
JAN_002787,CUST_00353,Smartphone,4,18248,2026-01-17,Debit Card,Mumbai
JAN_002788,CUST_03701,Keyboard,3,6859,2026-01-08,Cash on Delivery,Chennai
JAN_002789,CUST_00888,Headphones,4,48756,2026-01-18,Cash on Delivery,Pune
JAN_002790,CUST_01396,Headphones,1,1118,2026-01-17,Credit Card,Pune
JAN_002791,CUST_04027,Headphones,1,41374,2026-01-03,Credit Card,Bangalore
JAN_002792,CUST_03440,Headphones,5,35990,2026-01-17,Debit Card,Pune
JAN_002793,CUST_04025,Tablet,2,49868,2026-01-27,Cash on Delivery,Delhi
JAN_002794,CUST_04419,Keyboard,1,33970,2026-01-28,Credit Card,Hyderabad
JAN_002795,CUST_02609,Smartwatch,1,22382,2026-01-22,Credit Card,Hyderabad
JAN_002796,CUST_03684,Laptop,4,46259,2026-01-25,Cash on Delivery,Chennai
JAN_002797,CUST_00975,Tablet,4,46082,2026-01-22,UPI,Chennai
JAN_002798,CUST_04068,Keyboard,4,34165,2026-01-28,Credit Card,Mumbai
JAN_002799,CUST_00019,Smartwatch,5,9612,2026-01-12,UPI,Pune
JAN_002800,CUST_01401,Headphones,2,41433,2026-01-27,Debit Card,Bangalore
JAN_002801,CUST_01305,Smartphone,4,44682,2026-01-22,Debit Card,Mumbai
JAN_002802,CUST_02745,Tablet,1,45206,2026-01-25,Debit Card,Chennai
JAN_002803,CUST_01232,Smartphone,5,42883,2026-01-19,Credit Card,Mumbai
JAN_002804,CUST_01137,Monitor,5,26278,2026-01-19,Cash on Delivery,Hyderabad
JAN_002805,CUST_00324,Mouse,2,28377,2026-01-31,Debit Card,Hyderabad
JAN_002806,CUST_00133,Headphones,2,2676,2026-01-28,Debit Card,Mumbai
JAN_002807,CUST_04958,Keyboard,5,28586,2026-01-31,Debit Card,Hyderabad
JAN_002808,CUST_01065,Mouse,5,22332,2026-01-10,UPI,Pune
JAN_002809,CUST_02323,Monitor,4,41229,2026-01-03,Cash on Delivery,Mumbai
JAN_002810,CUST_03616,Smartphone,3,11933,2026-01-23,Credit Card,Hyderabad
JAN_002811,CUST_03667,Smartwatch,4,13044,2026-01-13,Credit Card,Mumbai
JAN_002812,CUST_03703,Mouse,4,5311,2026-01-30,UPI,Pune
JAN_002813,CUST_03780,Tablet,5,35078,2026-01-21,Cash on Delivery,Chennai
JAN_002814,CUST_01229,Smartwatch,5,32786,2026-01-18,Credit Card,Delhi
JAN_002815,CUST_04229,Keyboard,4,49336,2026-01-11,UPI,Pune
JAN_002816,CUST_02608,Laptop,4,42375,2026-01-18,Credit Card,Pune
JAN_002817,CUST_01946,Monitor,1,45780,2026-01-21,Debit Card,Mumbai
JAN_002818,CUST_02953,Smartwatch,4,47889,2026-01-22,Debit Card,Pune
JAN_002819,CUST_04663,Laptop,1,44306,2026-01-15,UPI,Delhi
JAN_002820,CUST_04439,Headphones,3,24745,2026-01-09,Debit Card,Bangalore
JAN_002821,CUST_04290,Smartwatch,4,39101,2026-01-06,Cash on Delivery,Delhi
JAN_002822,CUST_02892,Mouse,2,42031,2026-01-05,Credit Card,Pune
JAN_002823,CUST_01091,Mouse,4,14761,2026-01-31,Credit Card,Hyderabad
JAN_002824,CUST_04691,Smartphone,3,26735,2026-01-31,Credit Card,Bangalore
JAN_002825,CUST_02686,Headphones,5,22343,2026-01-03,Cash on Delivery,Delhi
JAN_002826,CUST_02813,Smartwatch,2,37912,2026-01-30,Credit Card,Chennai
JAN_002827,CUST_04827,Keyboard,2,22700,2026-01-31,Debit Card,Mumbai
JAN_002828,CUST_04133,Smartphone,5,46770,2026-01-08,Cash on Delivery,Bangalore
JAN_002829,CUST_00211,Tablet,5,17426,2026-01-12,Cash on Delivery,Hyderabad
JAN_002830,CUST_00129,Monitor,4,44771,2026-01-11,Debit Card,Bangalore
JAN_002831,CUST_00063,Keyboard,3,41364,2026-01-08,UPI,Pune
JAN_002832,CUST_04197,Smartphone,1,31737,2026-01-29,Cash on Delivery,Delhi
JAN_002833,CUST_01632,Monitor,5,15667,2026-01-02,Debit Card,Mumbai
JAN_002834,CUST_02984,Keyboard,4,20357,2026-01-03,UPI,Bangalore
JAN_002835,CUST_03717,Smartphone,3,21680,2026-01-10,Credit Card,Mumbai
JAN_002836,CUST_01422,Monitor,5,14255,2026-01-07,Cash on Delivery,Chennai
JAN_002837,CUST_04297,Smartphone,2,28134,2026-01-24,Cash on Delivery,Bangalore
JAN_002838,CUST_00132,Mouse,2,45886,2026-01-02,UPI,Bangalore
JAN_002839,CUST_00714,Laptop,3,11821,2026-01-31,Cash on Delivery,Chennai
JAN_002840,CUST_04336,Smartphone,5,34522,2026-01-20,Cash on Delivery,Hyderabad
JAN_002841,CUST_04957,Headphones,4,640,2026-01-02,Debit Card,Bangalore
JAN_002842,CUST_01926,Monitor,4,10868,2026-01-05,Credit Card,Bangalore
JAN_002843,CUST_03508,Smartwatch,1,21463,2026-01-18,Cash on Delivery,Chennai
JAN_002844,CUST_03623,Mouse,3,11183,2026-01-18,Credit Card,Chennai
JAN_002845,CUST_02768,Monitor,3,35677,2026-01-23,Debit Card,Pune
JAN_002846,CUST_03457,Monitor,3,46905,2026-01-19,Debit Card,Delhi
JAN_002847,CUST_01056,Mouse,5,7976,2026-01-17,UPI,Pune
JAN_002848,CUST_02723,Laptop,2,610,2026-01-14,UPI,Mumbai
JAN_002849,CUST_02514,Monitor,2,38625,2026-01-05,Credit Card,Mumbai
JAN_002850,CUST_01937,Headphones,1,21563,2026-01-31,Debit Card,Mumbai
JAN_002851,CUST_00046,Monitor,3,31691,2026-01-07,UPI,Hyderabad
JAN_002852,CUST_03488,Headphones,1,18806,2026-01-07,Debit Card,Bangalore
JAN_002853,CUST_04259,Smartwatch,4,38632,2026-01-28,Cash on Delivery,Delhi
JAN_002854,CUST_01820,Smartwatch,4,41967,2026-01-16,Cash on Delivery,Pune
JAN_002855,CUST_02398,Smartwatch,2,49148,2026-01-31,UPI,Delhi
JAN_002856,CUST_04222,Headphones,3,19068,2026-01-12,Credit Card,Mumbai
JAN_002857,CUST_01790,Headphones,5,7137,2026-01-17,Credit Card,Delhi
JAN_002858,CUST_00516,Headphones,2,39952,2026-01-27,Credit Card,Pune
JAN_002859,CUST_02498,Smartphone,1,24917,2026-01-01,UPI,Mumbai
JAN_002860,CUST_02005,Smartwatch,3,32282,2026-01-17,Credit Card,Delhi
JAN_002861,CUST_04529,Tablet,3,1787,2026-01-23,Credit Card,Chennai
JAN_002862,CUST_04250,Smartphone,4,11796,2026-01-13,Credit Card,Bangalore
JAN_002863,CUST_03804,Monitor,3,49144,2026-01-16,Debit Card,Hyderabad
JAN_002864,CUST_02177,Tablet,2,25032,2026-01-21,Credit Card,Hyderabad
JAN_002865,CUST_00268,Monitor,2,40741,2026-01-31,UPI,Hyderabad
JAN_002866,CUST_03716,Smartwatch,5,16000,2026-01-27,UPI,Chennai
JAN_002867,CUST_04501,Headphones,4,8125,2026-01-02,Cash on Delivery,Delhi
JAN_002868,CUST_03746,Keyboard,2,29225,2026-01-03,Credit Card,Hyderabad
JAN_002869,CUST_04773,Headphones,1,21553,2026-01-21,Credit Card,Delhi
JAN_002870,CUST_04724,Keyboard,4,11419,2026-01-05,UPI,Pune
JAN_002871,CUST_02679,Smartphone,3,15684,2026-01-14,Credit Card,Delhi
JAN_002872,CUST_01365,Monitor,3,46237,2026-01-29,Credit Card,Hyderabad
JAN_002873,CUST_04426,Keyboard,3,36634,2026-01-28,Debit Card,Bangalore
JAN_002874,CUST_01001,Tablet,4,48507,2026-01-14,Cash on Delivery,Delhi
JAN_002875,CUST_03221,Mouse,2,1481,2026-01-06,Debit Card,Bangalore
JAN_002876,CUST_02080,Tablet,5,47090,2026-01-28,UPI,Delhi
JAN_002877,CUST_03661,Tablet,1,12441,2026-01-29,Credit Card,Chennai
JAN_002878,CUST_01328,Laptop,3,16353,2026-01-03,Cash on Delivery,Hyderabad
JAN_002879,CUST_04078,Smartphone,2,32334,2026-01-30,Debit Card,Delhi
JAN_002880,CUST_04574,Keyboard,2,9980,2026-01-19,UPI,Pune
JAN_002881,CUST_00808,Headphones,3,26226,2026-01-25,UPI,Hyderabad
JAN_002882,CUST_01420,Laptop,1,17587,2026-01-07,Cash on Delivery,Hyderabad
JAN_002883,CUST_03815,Tablet,3,45000,2026-01-26,Credit Card,Pune
JAN_002884,CUST_03050,Monitor,2,15718,2026-01-24,Cash on Delivery,Mumbai
JAN_002885,CUST_00332,Keyboard,1,18427,2026-01-26,Debit Card,Delhi
JAN_002886,CUST_03178,Smartphone,5,37807,2026-01-30,Debit Card,Mumbai
JAN_002887,CUST_00545,Monitor,2,13965,2026-01-15,UPI,Mumbai
JAN_002888,CUST_01223,Headphones,5,49304,2026-01-25,Debit Card,Pune
JAN_002889,CUST_00758,Mouse,2,31524,2026-01-01,Debit Card,Pune
JAN_002890,CUST_04190,Keyboard,1,40313,2026-01-28,Credit Card,Mumbai
JAN_002891,CUST_03405,Tablet,1,13989,2026-01-19,Cash on Delivery,Mumbai
JAN_002892,CUST_00944,Headphones,4,3373,2026-01-20,Credit Card,Pune
JAN_002893,CUST_00947,Keyboard,2,7938,2026-01-05,Cash on Delivery,Chennai
JAN_002894,CUST_01144,Laptop,1,39904,2026-01-15,UPI,Mumbai
JAN_002895,CUST_03135,Smartwatch,1,8687,2026-01-04,Credit Card,Mumbai
JAN_002896,CUST_00262,Tablet,2,47582,2026-01-04,Debit Card,Pune
JAN_002897,CUST_04335,Tablet,2,13172,2026-01-24,Credit Card,Mumbai
JAN_002898,CUST_04685,Keyboard,4,25122,2026-01-10,Debit Card,Delhi
JAN_002899,CUST_00110,Headphones,4,42839,2026-01-18,Debit Card,Hyderabad
JAN_002900,CUST_01226,Mouse,2,6783,2026-01-04,UPI,Bangalore
JAN_002901,CUST_04575,Smartwatch,5,9415,2026-01-01,Debit Card,Mumbai
JAN_002902,CUST_02676,Headphones,2,39280,2026-01-19,Debit Card,Chennai
JAN_002903,CUST_00141,Keyboard,3,23135,2026-01-05,Cash on Delivery,Mumbai
JAN_002904,CUST_00011,Keyboard,5,39272,2026-01-26,Debit Card,Delhi
JAN_002905,CUST_04780,Tablet,1,6568,2026-01-25,Credit Card,Chennai
JAN_002906,CUST_01163,Mouse,2,27978,2026-01-04,Debit Card,Hyderabad
JAN_002907,CUST_04421,Monitor,4,20315,2026-01-11,Credit Card,Delhi
JAN_002908,CUST_00222,Mouse,1,48870,2026-01-28,Credit Card,Mumbai
JAN_002909,CUST_03948,Laptop,4,8268,2026-01-05,Debit Card,Hyderabad
JAN_002910,CUST_03927,Keyboard,5,32630,2026-01-06,Debit Card,Mumbai
JAN_002911,CUST_04908,Laptop,4,47309,2026-01-06,UPI,Chennai
JAN_002912,CUST_04840,Laptop,4,15155,2026-01-14,Credit Card,Delhi
JAN_002913,CUST_02306,Smartphone,3,21134,2026-01-28,Debit Card,Delhi
JAN_002914,CUST_00063,Keyboard,3,2322,2026-01-27,Credit Card,Mumbai
JAN_002915,CUST_00139,Monitor,4,32731,2026-01-04,Cash on Delivery,Bangalore
JAN_002916,CUST_02526,Smartphone,3,29220,2026-01-14,Debit Card,Bangalore
JAN_002917,CUST_03483,Headphones,2,16667,2026-01-10,Cash on Delivery,Mumbai
JAN_002918,CUST_02058,Tablet,4,379,2026-01-05,UPI,Mumbai
JAN_002919,CUST_00487,Smartphone,5,8237,2026-01-18,UPI,Delhi
JAN_002920,CUST_03380,Keyboard,1,29647,2026-01-01,Cash on Delivery,Bangalore
JAN_002921,CUST_00738,Tablet,2,27974,2026-01-25,UPI,Hyderabad
JAN_002922,CUST_04235,Smartphone,3,29544,2026-01-01,UPI,Delhi
JAN_002923,CUST_00250,Smartphone,3,46357,2026-01-19,UPI,Chennai
JAN_002924,CUST_01602,Laptop,4,29885,2026-01-03,UPI,Delhi
JAN_002925,CUST_03785,Keyboard,3,5423,2026-01-02,UPI,Bangalore
JAN_002926,CUST_04348,Mouse,4,19876,2026-01-12,Credit Card,Chennai
JAN_002927,CUST_00936,Keyboard,1,1342,2026-01-06,Cash on Delivery,Delhi
JAN_002928,CUST_04356,Monitor,4,28112,2026-01-12,Cash on Delivery,Hyderabad
JAN_002929,CUST_04065,Laptop,2,8096,2026-01-09,UPI,Bangalore
JAN_002930,CUST_01642,Smartwatch,2,29001,2026-01-07,Debit Card,Chennai
JAN_002931,CUST_03225,Smartwatch,2,5372,2026-01-29,Debit Card,Hyderabad
JAN_002932,CUST_04298,Keyboard,2,46040,2026-01-03,Cash on Delivery,Mumbai
JAN_002933,CUST_00472,Mouse,4,27384,2026-01-02,Cash on Delivery,Mumbai
JAN_002934,CUST_02707,Laptop,1,7833,2026-01-10,UPI,Chennai
JAN_002935,CUST_03979,Tablet,1,16735,2026-01-19,UPI,Mumbai
JAN_002936,CUST_02152,Keyboard,5,36378,2026-01-24,UPI,Pune
JAN_002937,CUST_02209,Laptop,3,16537,2026-01-19,UPI,Bangalore
JAN_002938,CUST_01411,Laptop,3,40213,2026-01-26,UPI,Hyderabad
JAN_002939,CUST_04899,Tablet,4,39921,2026-01-10,Cash on Delivery,Pune
JAN_002940,CUST_00534,Keyboard,4,38887,2026-01-08,Cash on Delivery,Pune
JAN_002941,CUST_03397,Smartwatch,5,36673,2026-01-04,Debit Card,Mumbai
JAN_002942,CUST_03130,Smartphone,2,14374,2026-01-14,Cash on Delivery,Bangalore
JAN_002943,CUST_00403,Tablet,4,37622,2026-01-31,Debit Card,Delhi
JAN_002944,CUST_01428,Monitor,4,12194,2026-01-08,Credit Card,Pune
JAN_002945,CUST_04223,Mouse,5,37454,2026-01-23,UPI,Hyderabad
JAN_002946,CUST_00121,Smartphone,3,11022,2026-01-15,Cash on Delivery,Pune
JAN_002947,CUST_00216,Keyboard,4,3541,2026-01-05,Cash on Delivery,Hyderabad
JAN_002948,CUST_01406,Smartphone,1,27118,2026-01-28,UPI,Delhi
JAN_002949,CUST_00225,Mouse,1,35966,2026-01-22,UPI,Delhi
JAN_002950,CUST_04683,Tablet,2,7537,2026-01-12,UPI,Chennai
JAN_002951,CUST_00184,Mouse,5,2201,2026-01-31,UPI,Hyderabad
JAN_002952,CUST_03269,Mouse,3,35268,2026-01-30,Credit Card,Delhi
JAN_002953,CUST_00986,Tablet,3,34406,2026-01-25,Credit Card,Hyderabad
JAN_002954,CUST_04153,Monitor,4,955,2026-01-15,Credit Card,Mumbai
JAN_002955,CUST_00211,Mouse,5,3268,2026-01-26,Cash on Delivery,Chennai
JAN_002956,CUST_03878,Smartphone,2,12580,2026-01-11,Cash on Delivery,Hyderabad
JAN_002957,CUST_02454,Smartwatch,1,42664,2026-01-03,UPI,Delhi
JAN_002958,CUST_04094,Mouse,2,39515,2026-01-17,Cash on Delivery,Hyderabad
JAN_002959,CUST_04135,Headphones,4,47792,2026-01-29,Cash on Delivery,Hyderabad
JAN_002960,CUST_03909,Laptop,3,3026,2026-01-31,Debit Card,Delhi
JAN_002961,CUST_00966,Mouse,1,38274,2026-01-23,Cash on Delivery,Mumbai
JAN_002962,CUST_03500,Laptop,4,36365,2026-01-12,Credit Card,Delhi
JAN_002963,CUST_02328,Keyboard,3,47573,2026-01-16,Cash on Delivery,Bangalore
JAN_002964,CUST_03771,Smartwatch,2,19392,2026-01-04,UPI,Hyderabad
JAN_002965,CUST_03455,Mouse,5,24862,2026-01-30,Cash on Delivery,Hyderabad
JAN_002966,CUST_02170,Smartwatch,1,17609,2026-01-08,Cash on Delivery,Hyderabad
JAN_002967,CUST_01243,Smartphone,4,961,2026-01-10,Credit Card,Hyderabad
JAN_002968,CUST_00838,Smartwatch,2,10673,2026-01-11,Debit Card,Hyderabad
JAN_002969,CUST_01992,Smartwatch,3,35761,2026-01-25,Credit Card,Mumbai
JAN_002970,CUST_04702,Keyboard,3,35236,2026-01-17,Cash on Delivery,Hyderabad
JAN_002971,CUST_04111,Keyboard,5,2892,2026-01-23,Cash on Delivery,Delhi
JAN_002972,CUST_03238,Tablet,2,49541,2026-01-09,Cash on Delivery,Hyderabad
JAN_002973,CUST_00559,Smartwatch,1,41044,2026-01-19,UPI,Mumbai
JAN_002974,CUST_00606,Keyboard,1,38636,2026-01-10,Credit Card,Bangalore
JAN_002975,CUST_04913,Headphones,2,47040,2026-01-22,Cash on Delivery,Mumbai
JAN_002976,CUST_01748,Tablet,4,227,2026-01-08,Debit Card,Delhi
JAN_002977,CUST_00359,Mouse,3,36657,2026-01-08,UPI,Chennai
JAN_002978,CUST_00180,Headphones,3,18446,2026-01-11,Debit Card,Chennai
JAN_002979,CUST_02148,Smartphone,5,6580,2026-01-05,Cash on Delivery,Bangalore
JAN_002980,CUST_00259,Keyboard,3,18130,2026-01-21,UPI,Hyderabad
JAN_002981,CUST_03294,Smartphone,4,49719,2026-01-14,Cash on Delivery,Pune
JAN_002982,CUST_04226,Headphones,3,39164,2026-01-03,UPI,Hyderabad
JAN_002983,CUST_00024,Smartwatch,4,36320,2026-01-18,Credit Card,Mumbai
JAN_002984,CUST_00653,Tablet,3,27312,2026-01-09,UPI,Delhi
JAN_002985,CUST_02675,Headphones,4,41264,2026-01-27,Cash on Delivery,Bangalore
JAN_002986,CUST_03459,Keyboard,5,26140,2026-01-18,Cash on Delivery,Bangalore
JAN_002987,CUST_04152,Smartwatch,5,20670,2026-01-30,UPI,Bangalore
JAN_002988,CUST_04820,Mouse,3,43447,2026-01-11,UPI,Mumbai
JAN_002989,CUST_01105,Headphones,1,45252,2026-01-04,Cash on Delivery,Bangalore
JAN_002990,CUST_03126,Laptop,3,7631,2026-01-08,UPI,Chennai
JAN_002991,CUST_03461,Laptop,2,39259,2026-01-03,Cash on Delivery,Delhi
JAN_002992,CUST_02576,Keyboard,4,46688,2026-01-14,Credit Card,Mumbai
JAN_002993,CUST_04746,Mouse,3,24604,2026-01-17,UPI,Chennai
JAN_002994,CUST_00063,Laptop,1,39136,2026-01-16,Debit Card,Delhi
JAN_002995,CUST_04345,Mouse,2,3277,2026-01-10,Debit Card,Chennai
JAN_002996,CUST_02245,Smartwatch,4,32804,2026-01-13,Cash on Delivery,Mumbai
JAN_002997,CUST_03571,Mouse,2,1140,2026-01-11,Debit Card,Bangalore
JAN_002998,CUST_02984,Tablet,4,22476,2026-01-14,UPI,Hyderabad
JAN_002999,CUST_02528,Monitor,2,12801,2026-01-15,UPI,Chennai
JAN_003000,CUST_01987,Monitor,3,26705,2026-01-05,Cash on Delivery,Delhi
JAN_003001,CUST_01510,Smartwatch,3,46114,2026-01-28,Debit Card,Mumbai
JAN_003002,CUST_03249,Monitor,5,40061,2026-01-04,Debit Card,Delhi
JAN_003003,CUST_00440,Laptop,4,10703,2026-01-30,Credit Card,Mumbai
JAN_003004,CUST_01247,Mouse,2,29817,2026-01-06,Cash on Delivery,Chennai
JAN_003005,CUST_03883,Mouse,4,9003,2026-01-23,Debit Card,Hyderabad
JAN_003006,CUST_03197,Laptop,1,5381,2026-01-03,Credit Card,Bangalore
JAN_003007,CUST_00819,Smartphone,3,33188,2026-01-23,Debit Card,Hyderabad
JAN_003008,CUST_04236,Smartwatch,1,601,2026-01-26,UPI,Mumbai
JAN_003009,CUST_04824,Smartwatch,4,46793,2026-01-16,Cash on Delivery,Hyderabad
JAN_003010,CUST_01605,Smartphone,2,38069,2026-01-05,Debit Card,Chennai
JAN_003011,CUST_00112,Mouse,4,9041,2026-01-30,Cash on Delivery,Bangalore
JAN_003012,CUST_01345,Smartwatch,1,9851,2026-01-28,UPI,Delhi
JAN_003013,CUST_01671,Mouse,2,48396,2026-01-02,Cash on Delivery,Bangalore
JAN_003014,CUST_03524,Monitor,5,48008,2026-01-08,Cash on Delivery,Hyderabad
JAN_003015,CUST_03779,Monitor,2,24349,2026-01-02,Debit Card,Hyderabad
JAN_003016,CUST_02538,Headphones,1,44223,2026-01-06,Credit Card,Hyderabad
JAN_003017,CUST_02075,Monitor,3,3289,2026-01-11,UPI,Pune
JAN_003018,CUST_03517,Mouse,3,42983,2026-01-31,Debit Card,Bangalore
JAN_003019,CUST_03828,Monitor,2,13098,2026-01-21,UPI,Mumbai
JAN_003020,CUST_01586,Headphones,4,18908,2026-01-05,Cash on Delivery,Pune
JAN_003021,CUST_00696,Tablet,4,26292,2026-01-31,Credit Card,Delhi
JAN_003022,CUST_02405,Headphones,4,11322,2026-01-22,UPI,Delhi
JAN_003023,CUST_04548,Smartwatch,2,4969,2026-01-28,Cash on Delivery,Bangalore
JAN_003024,CUST_00104,Laptop,1,39963,2026-01-23,Cash on Delivery,Delhi
JAN_003025,CUST_00342,Mouse,3,47042,2026-01-27,Credit Card,Mumbai
JAN_003026,CUST_04988,Keyboard,3,47332,2026-01-13,Credit Card,Bangalore
JAN_003027,CUST_01880,Monitor,2,20226,2026-01-20,UPI,Mumbai
JAN_003028,CUST_00851,Smartphone,4,29071,2026-01-28,Cash on Delivery,Hyderabad
JAN_003029,CUST_04213,Smartphone,4,22832,2026-01-10,Credit Card,Bangalore
JAN_003030,CUST_02084,Monitor,3,17363,2026-01-09,Cash on Delivery,Mumbai
JAN_003031,CUST_04356,Keyboard,5,23899,2026-01-27,UPI,Chennai
JAN_003032,CUST_01782,Tablet,5,7222,2026-01-20,UPI,Pune
JAN_003033,CUST_02626,Keyboard,5,8282,2026-01-22,Credit Card,Hyderabad
JAN_003034,CUST_04116,Mouse,5,48391,2026-01-15,Cash on Delivery,Hyderabad
JAN_003035,CUST_04746,Smartwatch,5,34782,2026-01-19,Credit Card,Pune
JAN_003036,CUST_00500,Mouse,3,31738,2026-01-20,Credit Card,Chennai
JAN_003037,CUST_02247,Tablet,2,16832,2026-01-04,Cash on Delivery,Delhi
JAN_003038,CUST_00734,Smartwatch,3,11670,2026-01-02,Debit Card,Delhi
JAN_003039,CUST_01669,Keyboard,5,29660,2026-01-29,Credit Card,Hyderabad
JAN_003040,CUST_01952,Smartphone,2,7587,2026-01-08,Cash on Delivery,Mumbai
JAN_003041,CUST_01288,Keyboard,2,34087,2026-01-13,UPI,Pune
JAN_003042,CUST_04564,Keyboard,2,9748,2026-01-19,UPI,Mumbai
JAN_003043,CUST_00959,Laptop,2,15274,2026-01-27,Credit Card,Mumbai
JAN_003044,CUST_00517,Smartwatch,4,28640,2026-01-01,Cash on Delivery,Mumbai
JAN_003045,CUST_00245,Tablet,4,8175,2026-01-02,UPI,Hyderabad
JAN_003046,CUST_02421,Keyboard,3,25347,2026-01-03,UPI,Bangalore
JAN_003047,CUST_01928,Mouse,3,42790,2026-01-02,Credit Card,Pune
JAN_003048,CUST_00697,Laptop,4,18311,2026-01-31,Cash on Delivery,Hyderabad
JAN_003049,CUST_01133,Keyboard,3,20472,2026-01-21,Cash on Delivery,Hyderabad
JAN_003050,CUST_00801,Laptop,1,13212,2026-01-11,UPI,Chennai
JAN_003051,CUST_03312,Headphones,1,24452,2026-01-27,Debit Card,Bangalore
JAN_003052,CUST_04820,Smartwatch,4,5084,2026-01-31,Debit Card,Mumbai
JAN_003053,CUST_00378,Smartwatch,4,44007,2026-01-29,Cash on Delivery,Chennai
JAN_003054,CUST_00754,Smartphone,1,42621,2026-01-09,Cash on Delivery,Bangalore
JAN_003055,CUST_00709,Smartphone,2,18693,2026-01-10,UPI,Chennai
JAN_003056,CUST_02654,Smartphone,4,40446,2026-01-18,Debit Card,Hyderabad
JAN_003057,CUST_00344,Laptop,3,37011,2026-01-16,Credit Card,Chennai
JAN_003058,CUST_04492,Keyboard,3,36504,2026-01-14,Credit Card,Chennai
JAN_003059,CUST_04649,Smartwatch,2,25655,2026-01-18,Cash on Delivery,Mumbai
JAN_003060,CUST_01918,Smartwatch,5,36600,2026-01-17,UPI,Chennai
JAN_003061,CUST_03976,Smartphone,3,2207,2026-01-17,Debit Card,Hyderabad
JAN_003062,CUST_01480,Monitor,4,5281,2026-01-14,Cash on Delivery,Chennai
JAN_003063,CUST_04872,Keyboard,2,1659,2026-01-01,UPI,Delhi
JAN_003064,CUST_02937,Tablet,5,38034,2026-01-14,Credit Card,Chennai
JAN_003065,CUST_02480,Smartphone,5,583,2026-01-01,Debit Card,Delhi
JAN_003066,CUST_00597,Tablet,3,22194,2026-01-31,Debit Card,Mumbai
JAN_003067,CUST_03987,Tablet,3,46472,2026-01-15,UPI,Pune
JAN_003068,CUST_01131,Tablet,3,25437,2026-01-24,Credit Card,Mumbai
JAN_003069,CUST_04439,Headphones,3,6222,2026-01-04,Cash on Delivery,Delhi
JAN_003070,CUST_02182,Headphones,2,9434,2026-01-14,Cash on Delivery,Bangalore
JAN_003071,CUST_04814,Smartphone,4,3699,2026-01-17,Debit Card,Pune
JAN_003072,CUST_03002,Mouse,2,7096,2026-01-24,Debit Card,Pune
JAN_003073,CUST_03055,Tablet,1,21103,2026-01-10,Cash on Delivery,Hyderabad
JAN_003074,CUST_00024,Headphones,2,24262,2026-01-05,Cash on Delivery,Mumbai
JAN_003075,CUST_04707,Laptop,1,4352,2026-01-23,Cash on Delivery,Delhi
JAN_003076,CUST_02804,Smartwatch,3,3662,2026-01-30,Cash on Delivery,Delhi
JAN_003077,CUST_01115,Mouse,4,11840,2026-01-07,Credit Card,Hyderabad
JAN_003078,CUST_02688,Mouse,1,4028,2026-01-20,UPI,Chennai
JAN_003079,CUST_04233,Headphones,2,45344,2026-01-17,Debit Card,Pune
JAN_003080,CUST_01970,Smartphone,2,27704,2026-01-15,UPI,Chennai
JAN_003081,CUST_04443,Monitor,1,31753,2026-01-31,UPI,Mumbai
JAN_003082,CUST_02879,Laptop,1,7813,2026-01-26,Debit Card,Mumbai
JAN_003083,CUST_01459,Tablet,1,43253,2026-01-20,UPI,Bangalore
JAN_003084,CUST_03502,Smartphone,1,48950,2026-01-06,Debit Card,Delhi
JAN_003085,CUST_03610,Laptop,5,9123,2026-01-31,Credit Card,Mumbai
JAN_003086,CUST_03788,Smartphone,4,39105,2026-01-02,Debit Card,Pune
JAN_003087,CUST_00038,Tablet,3,46118,2026-01-01,UPI,Hyderabad
JAN_003088,CUST_02559,Monitor,3,15076,2026-01-19,Credit Card,Hyderabad
JAN_003089,CUST_03837,Smartwatch,5,36594,2026-01-17,Credit Card,Chennai
JAN_003090,CUST_01078,Mouse,3,31147,2026-01-12,UPI,Chennai
JAN_003091,CUST_00722,Headphones,4,13450,2026-01-27,Debit Card,Hyderabad
JAN_003092,CUST_01747,Smartphone,1,17096,2026-01-03,Debit Card,Mumbai
JAN_003093,CUST_02882,Smartwatch,2,45066,2026-01-05,Credit Card,Mumbai
JAN_003094,CUST_02432,Keyboard,3,28894,2026-01-15,Debit Card,Hyderabad
JAN_003095,CUST_01983,Monitor,2,27769,2026-01-25,UPI,Chennai
JAN_003096,CUST_02237,Smartwatch,1,49046,2026-01-28,Cash on Delivery,Chennai
JAN_003097,CUST_04820,Keyboard,3,19832,2026-01-07,Credit Card,Hyderabad
JAN_003098,CUST_01449,Monitor,2,25275,2026-01-10,Debit Card,Chennai
JAN_003099,CUST_01130,Laptop,3,22088,2026-01-30,UPI,Chennai
JAN_003100,CUST_03640,Mouse,1,25986,2026-01-27,Debit Card,Chennai
JAN_003101,CUST_02749,Monitor,1,24069,2026-01-20,Cash on Delivery,Delhi
JAN_003102,CUST_04625,Headphones,1,39132,2026-01-07,UPI,Hyderabad
JAN_003103,CUST_02731,Monitor,1,2985,2026-01-30,Cash on Delivery,Pune
JAN_003104,CUST_02536,Laptop,5,6866,2026-01-23,Credit Card,Mumbai
JAN_003105,CUST_00683,Smartphone,4,33460,2026-01-31,Cash on Delivery,Mumbai
JAN_003106,CUST_00157,Headphones,3,19528,2026-01-20,Cash on Delivery,Pune
JAN_003107,CUST_00443,Headphones,2,41739,2026-01-13,UPI,Chennai
JAN_003108,CUST_03039,Keyboard,3,17766,2026-01-23,UPI,Pune
JAN_003109,CUST_00006,Smartphone,2,12143,2026-01-06,Cash on Delivery,Bangalore
JAN_003110,CUST_04636,Monitor,1,893,2026-01-26,Credit Card,Chennai
JAN_003111,CUST_00416,Smartphone,3,7474,2026-01-25,Debit Card,Delhi
JAN_003112,CUST_01500,Monitor,5,17215,2026-01-28,Cash on Delivery,Pune
JAN_003113,CUST_02784,Laptop,4,18715,2026-01-29,UPI,Chennai
JAN_003114,CUST_03629,Keyboard,2,30588,2026-01-04,UPI,Bangalore
JAN_003115,CUST_04833,Monitor,1,15312,2026-01-23,UPI,Mumbai
JAN_003116,CUST_03217,Mouse,5,14370,2026-01-01,Debit Card,Pune
JAN_003117,CUST_01666,Smartphone,1,18381,2026-01-01,Debit Card,Delhi
JAN_003118,CUST_00258,Keyboard,4,3188,2026-01-31,Debit Card,Mumbai
JAN_003119,CUST_04447,Mouse,5,6346,2026-01-03,Credit Card,Pune
JAN_003120,CUST_01428,Monitor,3,49354,2026-01-11,Credit Card,Bangalore
JAN_003121,CUST_04646,Monitor,2,3195,2026-01-22,Debit Card,Chennai
JAN_003122,CUST_00273,Laptop,4,32109,2026-01-03,UPI,Pune
JAN_003123,CUST_03259,Smartwatch,5,4052,2026-01-01,UPI,Hyderabad
JAN_003124,CUST_03599,Tablet,3,3089,2026-01-13,Credit Card,Chennai
JAN_003125,CUST_02188,Headphones,2,43598,2026-01-17,Credit Card,Hyderabad
JAN_003126,CUST_02368,Mouse,5,46002,2026-01-28,Debit Card,Delhi
JAN_003127,CUST_00023,Smartwatch,4,30246,2026-01-01,Cash on Delivery,Delhi
JAN_003128,CUST_02688,Laptop,2,10730,2026-01-11,Debit Card,Mumbai
JAN_003129,CUST_04041,Keyboard,4,20719,2026-01-03,Debit Card,Delhi
JAN_003130,CUST_03205,Headphones,3,7131,2026-01-29,Cash on Delivery,Hyderabad
JAN_003131,CUST_01506,Laptop,2,43551,2026-01-09,Credit Card,Delhi
JAN_003132,CUST_01814,Mouse,3,6442,2026-01-26,UPI,Mumbai
JAN_003133,CUST_00262,Laptop,4,44552,2026-01-24,UPI,Bangalore
JAN_003134,CUST_00047,Smartwatch,5,16798,2026-01-08,Credit Card,Mumbai
JAN_003135,CUST_00956,Smartphone,4,25928,2026-01-05,Cash on Delivery,Delhi
JAN_003136,CUST_01115,Laptop,3,44655,2026-01-26,Debit Card,Chennai
JAN_003137,CUST_04609,Tablet,3,37266,2026-01-11,Credit Card,Mumbai
JAN_003138,CUST_04862,Smartwatch,3,11176,2026-01-06,Cash on Delivery,Mumbai
JAN_003139,CUST_01969,Smartwatch,2,755,2026-01-08,Credit Card,Chennai
JAN_003140,CUST_02898,Headphones,1,16966,2026-01-12,Cash on Delivery,Chennai
JAN_003141,CUST_00203,Headphones,1,29358,2026-01-29,UPI,Mumbai
JAN_003142,CUST_02821,Headphones,2,46972,2026-01-26,UPI,Delhi
JAN_003143,CUST_03535,Headphones,1,42604,2026-01-07,Credit Card,Mumbai
JAN_003144,CUST_04297,Smartphone,5,37742,2026-01-12,Cash on Delivery,Pune
JAN_003145,CUST_02999,Smartphone,4,7174,2026-01-01,UPI,Hyderabad
JAN_003146,CUST_01733,Monitor,3,36260,2026-01-14,UPI,Pune
JAN_003147,CUST_02564,Tablet,4,11175,2026-01-19,UPI,Chennai
JAN_003148,CUST_04234,Laptop,1,49379,2026-01-18,Debit Card,Delhi
JAN_003149,CUST_04383,Keyboard,1,36080,2026-01-16,Cash on Delivery,Hyderabad
JAN_003150,CUST_01267,Tablet,2,33562,2026-01-31,Debit Card,Bangalore
JAN_003151,CUST_02548,Laptop,1,33879,2026-01-31,Credit Card,Delhi
JAN_003152,CUST_03906,Headphones,1,3737,2026-01-24,Credit Card,Hyderabad
JAN_003153,CUST_02413,Headphones,2,9065,2026-01-07,Credit Card,Mumbai
JAN_003154,CUST_00727,Mouse,3,32134,2026-01-09,Debit Card,Pune
JAN_003155,CUST_01079,Smartphone,1,27820,2026-01-07,Debit Card,Hyderabad
JAN_003156,CUST_01608,Laptop,2,48416,2026-01-20,UPI,Delhi
JAN_003157,CUST_01703,Laptop,3,47018,2026-01-02,Credit Card,Delhi
JAN_003158,CUST_01075,Headphones,4,32838,2026-01-28,Debit Card,Delhi
JAN_003159,CUST_00846,Keyboard,3,47245,2026-01-23,Credit Card,Mumbai
JAN_003160,CUST_01071,Smartphone,4,22185,2026-01-29,UPI,Chennai
JAN_003161,CUST_03243,Keyboard,1,44907,2026-01-09,UPI,Bangalore
JAN_003162,CUST_04874,Keyboard,4,30144,2026-01-23,Cash on Delivery,Bangalore
JAN_003163,CUST_04789,Smartphone,5,35410,2026-01-13,Credit Card,Delhi
JAN_003164,CUST_00582,Laptop,2,39404,2026-01-25,UPI,Chennai
JAN_003165,CUST_00607,Tablet,3,24980,2026-01-22,UPI,Delhi
JAN_003166,CUST_04350,Keyboard,1,2111,2026-01-19,Debit Card,Delhi
JAN_003167,CUST_04434,Mouse,1,40838,2026-01-27,Cash on Delivery,Chennai
JAN_003168,CUST_01236,Smartphone,2,7967,2026-01-06,Cash on Delivery,Chennai
JAN_003169,CUST_04105,Laptop,3,26798,2026-01-01,Debit Card,Chennai
JAN_003170,CUST_03222,Tablet,1,25311,2026-01-27,Credit Card,Pune
JAN_003171,CUST_01254,Smartphone,5,33763,2026-01-13,Cash on Delivery,Bangalore
JAN_003172,CUST_00496,Mouse,5,19004,2026-01-12,Debit Card,Bangalore
JAN_003173,CUST_00297,Tablet,4,25858,2026-01-21,Credit Card,Pune
JAN_003174,CUST_04954,Keyboard,2,37395,2026-01-10,Cash on Delivery,Bangalore
JAN_003175,CUST_02477,Smartwatch,2,29928,2026-01-01,Credit Card,Delhi
JAN_003176,CUST_01384,Smartwatch,2,28632,2026-01-28,UPI,Mumbai
JAN_003177,CUST_01204,Mouse,2,27131,2026-01-10,Credit Card,Pune
JAN_003178,CUST_04545,Monitor,3,44338,2026-01-11,Credit Card,Mumbai
JAN_003179,CUST_04217,Laptop,5,48365,2026-01-22,Cash on Delivery,Hyderabad
JAN_003180,CUST_00804,Smartwatch,2,42108,2026-01-31,Credit Card,Pune
JAN_003181,CUST_00694,Smartwatch,3,14657,2026-01-10,Credit Card,Hyderabad
JAN_003182,CUST_01962,Headphones,3,30407,2026-01-11,Credit Card,Bangalore
JAN_003183,CUST_00472,Monitor,5,15656,2026-01-22,Credit Card,Delhi
JAN_003184,CUST_01658,Laptop,2,5282,2026-01-09,UPI,Pune
JAN_003185,CUST_02997,Tablet,4,2034,2026-01-27,Debit Card,Pune
JAN_003186,CUST_03030,Tablet,4,45408,2026-01-09,Debit Card,Chennai
JAN_003187,CUST_03716,Smartwatch,5,46868,2026-01-11,Debit Card,Pune
JAN_003188,CUST_02749,Keyboard,3,15923,2026-01-25,Cash on Delivery,Bangalore
JAN_003189,CUST_03869,Mouse,4,25540,2026-01-19,Cash on Delivery,Mumbai
JAN_003190,CUST_01710,Mouse,2,5382,2026-01-14,Credit Card,Bangalore
JAN_003191,CUST_03031,Laptop,5,45927,2026-01-10,UPI,Hyderabad
JAN_003192,CUST_02510,Smartphone,3,12348,2026-01-11,Cash on Delivery,Hyderabad
JAN_003193,CUST_02647,Monitor,5,25188,2026-01-05,Cash on Delivery,Bangalore
JAN_003194,CUST_03660,Headphones,1,15897,2026-01-28,UPI,Chennai
JAN_003195,CUST_02263,Headphones,2,24313,2026-01-28,UPI,Bangalore
JAN_003196,CUST_03153,Smartphone,3,3649,2026-01-06,Debit Card,Pune
JAN_003197,CUST_04781,Keyboard,2,10516,2026-01-18,Cash on Delivery,Mumbai
JAN_003198,CUST_02595,Mouse,2,47280,2026-01-10,UPI,Chennai
JAN_003199,CUST_03381,Keyboard,4,15011,2026-01-19,UPI,Pune
JAN_003200,CUST_00149,Laptop,5,42511,2026-01-29,UPI,Chennai
JAN_003201,CUST_04349,Monitor,2,9511,2026-01-31,UPI,Mumbai
JAN_003202,CUST_04498,Tablet,1,36702,2026-01-12,Debit Card,Bangalore
JAN_003203,CUST_01714,Monitor,3,48639,2026-01-06,Credit Card,Chennai
JAN_003204,CUST_04141,Tablet,3,17701,2026-01-29,Cash on Delivery,Mumbai
JAN_003205,CUST_04074,Keyboard,2,42674,2026-01-04,UPI,Pune
JAN_003206,CUST_03367,Monitor,2,14785,2026-01-17,Cash on Delivery,Chennai
JAN_003207,CUST_01082,Smartwatch,4,44893,2026-01-15,Debit Card,Chennai
JAN_003208,CUST_01598,Tablet,1,7505,2026-01-07,Debit Card,Mumbai
JAN_003209,CUST_00383,Monitor,2,28991,2026-01-21,UPI,Mumbai
JAN_003210,CUST_03011,Monitor,5,43341,2026-01-30,UPI,Mumbai
JAN_003211,CUST_01246,Tablet,2,48007,2026-01-01,Credit Card,Mumbai
JAN_003212,CUST_01527,Monitor,4,43622,2026-01-10,Credit Card,Mumbai
JAN_003213,CUST_00217,Mouse,2,37795,2026-01-14,UPI,Delhi
JAN_003214,CUST_03261,Smartphone,4,10979,2026-01-25,UPI,Delhi
JAN_003215,CUST_01623,Smartwatch,5,22866,2026-01-04,Debit Card,Pune
JAN_003216,CUST_04245,Smartwatch,2,47441,2026-01-05,UPI,Hyderabad
JAN_003217,CUST_01528,Tablet,2,22742,2026-01-21,Credit Card,Pune
JAN_003218,CUST_02886,Keyboard,2,9922,2026-01-12,Credit Card,Delhi
JAN_003219,CUST_03627,Keyboard,5,12658,2026-01-21,Credit Card,Mumbai
JAN_003220,CUST_02979,Tablet,2,23402,2026-01-10,Credit Card,Delhi
JAN_003221,CUST_03468,Smartwatch,1,33444,2026-01-08,Debit Card,Mumbai
JAN_003222,CUST_03254,Smartphone,1,36325,2026-01-16,Cash on Delivery,Mumbai
JAN_003223,CUST_01536,Smartwatch,5,32826,2026-01-17,UPI,Hyderabad
JAN_003224,CUST_01298,Keyboard,4,2728,2026-01-26,UPI,Mumbai
JAN_003225,CUST_01022,Headphones,4,6738,2026-01-16,Debit Card,Pune
JAN_003226,CUST_04536,Keyboard,5,44618,2026-01-28,Credit Card,Pune
JAN_003227,CUST_04039,Smartwatch,3,35204,2026-01-03,Debit Card,Chennai
JAN_003228,CUST_01641,Monitor,4,49597,2026-01-16,Debit Card,Delhi
JAN_003229,CUST_01719,Keyboard,2,9482,2026-01-05,Credit Card,Pune
JAN_003230,CUST_00139,Smartphone,5,19338,2026-01-17,Debit Card,Delhi
JAN_003231,CUST_04590,Headphones,2,11907,2026-01-12,Debit Card,Chennai
JAN_003232,CUST_03089,Headphones,5,22320,2026-01-02,Credit Card,Bangalore
JAN_003233,CUST_00404,Smartwatch,2,41843,2026-01-21,Cash on Delivery,Delhi
JAN_003234,CUST_00940,Laptop,3,26205,2026-01-03,Cash on Delivery,Bangalore
JAN_003235,CUST_01936,Laptop,4,44043,2026-01-04,Debit Card,Delhi
JAN_003236,CUST_04579,Mouse,1,43008,2026-01-28,Debit Card,Delhi
JAN_003237,CUST_00588,Keyboard,4,11637,2026-01-01,Cash on Delivery,Pune
JAN_003238,CUST_04168,Mouse,4,15223,2026-01-02,Cash on Delivery,Pune
JAN_003239,CUST_03164,Smartphone,3,48073,2026-01-12,Debit Card,Chennai
JAN_003240,CUST_02962,Monitor,3,37468,2026-01-02,UPI,Delhi
JAN_003241,CUST_00552,Monitor,1,28257,2026-01-30,Debit Card,Mumbai
JAN_003242,CUST_04639,Monitor,3,28266,2026-01-03,Debit Card,Mumbai
JAN_003243,CUST_00749,Smartwatch,5,14062,2026-01-19,Debit Card,Chennai
JAN_003244,CUST_04069,Monitor,2,4145,2026-01-18,Cash on Delivery,Mumbai
JAN_003245,CUST_01124,Laptop,3,11257,2026-01-26,Cash on Delivery,Delhi
JAN_003246,CUST_00123,Smartphone,5,42931,2026-01-22,Cash on Delivery,Mumbai
JAN_003247,CUST_00736,Headphones,3,5003,2026-01-05,Credit Card,Hyderabad
JAN_003248,CUST_03523,Smartwatch,4,35063,2026-01-08,Cash on Delivery,Chennai
JAN_003249,CUST_04640,Tablet,2,5062,2026-01-02,Credit Card,Chennai
JAN_003250,CUST_03964,Keyboard,1,39648,2026-01-16,Credit Card,Delhi
JAN_003251,CUST_03190,Laptop,4,22424,2026-01-15,Cash on Delivery,Pune
JAN_003252,CUST_03444,Monitor,2,41972,2026-01-18,Credit Card,Pune
JAN_003253,CUST_04684,Mouse,2,7755,2026-01-22,UPI,Pune
JAN_003254,CUST_03132,Monitor,3,12545,2026-01-25,UPI,Hyderabad
JAN_003255,CUST_04737,Monitor,2,15481,2026-01-22,UPI,Delhi
JAN_003256,CUST_01299,Smartphone,5,4738,2026-01-02,Debit Card,Mumbai
JAN_003257,CUST_02860,Tablet,4,18044,2026-01-25,Debit Card,Hyderabad
JAN_003258,CUST_03737,Mouse,4,651,2026-01-21,UPI,Mumbai
JAN_003259,CUST_03448,Tablet,4,20265,2026-01-05,Debit Card,Hyderabad
JAN_003260,CUST_03566,Tablet,4,19712,2026-01-22,Cash on Delivery,Hyderabad
JAN_003261,CUST_02536,Smartphone,4,13392,2026-01-15,Cash on Delivery,Bangalore
JAN_003262,CUST_00277,Mouse,3,2364,2026-01-14,UPI,Chennai
JAN_003263,CUST_02892,Monitor,2,31018,2026-01-08,Credit Card,Mumbai
JAN_003264,CUST_03164,Mouse,5,28159,2026-01-19,Credit Card,Chennai
JAN_003265,CUST_00648,Smartphone,5,42803,2026-01-15,Debit Card,Delhi
JAN_003266,CUST_03115,Keyboard,3,13693,2026-01-19,UPI,Pune
JAN_003267,CUST_04863,Tablet,1,11947,2026-01-12,Debit Card,Bangalore
JAN_003268,CUST_01324,Headphones,4,27300,2026-01-04,Credit Card,Chennai
JAN_003269,CUST_01924,Smartphone,3,40444,2026-01-10,Debit Card,Hyderabad
JAN_003270,CUST_04585,Monitor,5,25986,2026-01-20,Debit Card,Bangalore
JAN_003271,CUST_03561,Keyboard,3,21853,2026-01-14,Debit Card,Bangalore
JAN_003272,CUST_01814,Mouse,3,4983,2026-01-24,Debit Card,Hyderabad
JAN_003273,CUST_03241,Keyboard,5,16089,2026-01-04,Debit Card,Bangalore
JAN_003274,CUST_03694,Mouse,2,37877,2026-01-19,Debit Card,Chennai
JAN_003275,CUST_00141,Headphones,2,14914,2026-01-09,UPI,Hyderabad
JAN_003276,CUST_04101,Smartwatch,2,39878,2026-01-11,Cash on Delivery,Pune
JAN_003277,CUST_01791,Mouse,1,16530,2026-01-30,Credit Card,Mumbai
JAN_003278,CUST_00066,Tablet,2,4211,2026-01-31,Credit Card,Mumbai
JAN_003279,CUST_03922,Laptop,4,21618,2026-01-28,Debit Card,Hyderabad
JAN_003280,CUST_01579,Mouse,4,24483,2026-01-12,Debit Card,Chennai
JAN_003281,CUST_04798,Headphones,2,2643,2026-01-26,Credit Card,Mumbai
JAN_003282,CUST_02473,Mouse,5,28566,2026-01-02,Debit Card,Chennai
JAN_003283,CUST_00526,Headphones,5,14843,2026-01-30,UPI,Mumbai
JAN_003284,CUST_02915,Smartphone,2,7723,2026-01-05,Credit Card,Pune
JAN_003285,CUST_03781,Monitor,4,23546,2026-01-28,Cash on Delivery,Delhi
JAN_003286,CUST_04771,Monitor,4,351,2026-01-11,Cash on Delivery,Mumbai
JAN_003287,CUST_04700,Keyboard,1,17310,2026-01-30,Debit Card,Hyderabad
JAN_003288,CUST_01550,Mouse,3,26188,2026-01-10,Cash on Delivery,Delhi
JAN_003289,CUST_00594,Keyboard,5,36292,2026-01-03,Debit Card,Mumbai
JAN_003290,CUST_01677,Mouse,2,12684,2026-01-29,Cash on Delivery,Delhi
JAN_003291,CUST_01112,Laptop,2,12973,2026-01-30,Debit Card,Chennai
JAN_003292,CUST_01501,Mouse,4,13825,2026-01-10,UPI,Mumbai
JAN_003293,CUST_01901,Tablet,5,27442,2026-01-10,Cash on Delivery,Hyderabad
JAN_003294,CUST_00230,Laptop,5,42872,2026-01-27,Debit Card,Pune
JAN_003295,CUST_01154,Mouse,4,49565,2026-01-23,UPI,Delhi
JAN_003296,CUST_00735,Tablet,4,18946,2026-01-29,UPI,Chennai
JAN_003297,CUST_01543,Laptop,3,13820,2026-01-09,Debit Card,Mumbai
JAN_003298,CUST_01871,Monitor,1,10906,2026-01-05,Credit Card,Hyderabad
JAN_003299,CUST_02297,Smartwatch,4,22373,2026-01-20,Credit Card,Chennai
JAN_003300,CUST_02759,Headphones,2,13375,2026-01-25,Credit Card,Hyderabad
JAN_003301,CUST_01916,Laptop,2,1264,2026-01-05,Credit Card,Bangalore
JAN_003302,CUST_04700,Smartphone,2,13596,2026-01-13,UPI,Delhi
JAN_003303,CUST_01798,Keyboard,3,26957,2026-01-01,Cash on Delivery,Chennai
JAN_003304,CUST_01007,Smartwatch,4,24133,2026-01-03,UPI,Chennai
JAN_003305,CUST_03497,Headphones,4,40155,2026-01-28,Debit Card,Bangalore
JAN_003306,CUST_00465,Headphones,3,42258,2026-01-08,Debit Card,Delhi
JAN_003307,CUST_00641,Headphones,2,48350,2026-01-02,Debit Card,Chennai
JAN_003308,CUST_01926,Laptop,2,17950,2026-01-06,Credit Card,Mumbai
JAN_003309,CUST_04426,Mouse,4,4663,2026-01-05,UPI,Mumbai
JAN_003310,CUST_01336,Headphones,2,19380,2026-01-15,UPI,Bangalore
JAN_003311,CUST_03600,Smartwatch,3,43490,2026-01-02,Cash on Delivery,Pune
JAN_003312,CUST_00833,Tablet,4,21244,2026-01-25,Debit Card,Chennai
JAN_003313,CUST_04922,Headphones,3,3479,2026-01-04,Cash on Delivery,Bangalore
JAN_003314,CUST_04437,Keyboard,5,29082,2026-01-21,Credit Card,Pune
JAN_003315,CUST_01216,Monitor,5,4400,2026-01-16,Credit Card,Delhi
JAN_003316,CUST_04906,Laptop,5,45294,2026-01-11,Debit Card,Chennai
JAN_003317,CUST_04373,Mouse,3,33435,2026-01-13,Credit Card,Delhi
JAN_003318,CUST_02041,Keyboard,4,37778,2026-01-16,UPI,Delhi
JAN_003319,CUST_01065,Smartphone,1,3289,2026-01-04,UPI,Hyderabad
JAN_003320,CUST_04207,Laptop,2,45871,2026-01-15,Debit Card,Pune
JAN_003321,CUST_03408,Laptop,1,29980,2026-01-18,UPI,Chennai
JAN_003322,CUST_00296,Keyboard,5,10099,2026-01-10,Debit Card,Mumbai
JAN_003323,CUST_02063,Monitor,2,39402,2026-01-19,Debit Card,Pune
JAN_003324,CUST_00897,Tablet,1,11515,2026-01-29,Credit Card,Delhi
JAN_003325,CUST_04033,Smartwatch,3,16569,2026-01-29,Credit Card,Hyderabad
JAN_003326,CUST_01490,Headphones,1,23839,2026-01-15,Debit Card,Delhi
JAN_003327,CUST_00926,Smartwatch,2,24899,2026-01-05,Debit Card,Pune
JAN_003328,CUST_02136,Smartwatch,2,12999,2026-01-26,UPI,Pune
JAN_003329,CUST_01602,Keyboard,3,19495,2026-01-18,Debit Card,Chennai
JAN_003330,CUST_00152,Mouse,5,34184,2026-01-29,Cash on Delivery,Hyderabad
JAN_003331,CUST_04753,Monitor,1,17957,2026-01-20,Cash on Delivery,Mumbai
JAN_003332,CUST_01362,Laptop,3,40429,2026-01-26,Cash on Delivery,Hyderabad
JAN_003333,CUST_02862,Smartphone,5,20727,2026-01-22,Credit Card,Pune
JAN_003334,CUST_04071,Mouse,5,46205,2026-01-15,Credit Card,Chennai
JAN_003335,CUST_01714,Headphones,5,48767,2026-01-14,Debit Card,Chennai
JAN_003336,CUST_02196,Headphones,4,32837,2026-01-08,Cash on Delivery,Bangalore
JAN_003337,CUST_01397,Headphones,3,37374,2026-01-26,Credit Card,Mumbai
JAN_003338,CUST_00660,Smartwatch,3,35768,2026-01-14,UPI,Delhi
JAN_003339,CUST_04953,Headphones,1,43068,2026-01-26,Debit Card,Hyderabad
JAN_003340,CUST_01292,Headphones,5,18932,2026-01-24,UPI,Mumbai
JAN_003341,CUST_03363,Keyboard,1,10137,2026-01-11,Debit Card,Bangalore
JAN_003342,CUST_04765,Smartwatch,2,28766,2026-01-25,Credit Card,Chennai
JAN_003343,CUST_01263,Smartwatch,2,40991,2026-01-22,Debit Card,Pune
JAN_003344,CUST_01474,Laptop,4,24905,2026-01-25,UPI,Bangalore
JAN_003345,CUST_02124,Laptop,5,22458,2026-01-22,UPI,Delhi
JAN_003346,CUST_00877,Keyboard,5,2850,2026-01-07,UPI,Bangalore
JAN_003347,CUST_04379,Keyboard,2,4409,2026-01-19,UPI,Delhi
JAN_003348,CUST_01244,Smartphone,2,5198,2026-01-28,Debit Card,Pune
JAN_003349,CUST_04190,Smartphone,3,35479,2026-01-10,Credit Card,Chennai
JAN_003350,CUST_03418,Tablet,4,19726,2026-01-18,UPI,Mumbai
JAN_003351,CUST_04775,Smartphone,5,21611,2026-01-25,Debit Card,Hyderabad
JAN_003352,CUST_00480,Smartwatch,3,20227,2026-01-18,Credit Card,Pune
JAN_003353,CUST_00349,Smartwatch,2,37556,2026-01-01,Cash on Delivery,Chennai
JAN_003354,CUST_04297,Tablet,2,20757,2026-01-21,Debit Card,Pune
JAN_003355,CUST_03177,Smartwatch,3,26368,2026-01-31,Debit Card,Pune
JAN_003356,CUST_04881,Smartwatch,2,14467,2026-01-04,Debit Card,Pune
JAN_003357,CUST_00916,Headphones,4,9691,2026-01-06,Credit Card,Mumbai
JAN_003358,CUST_01500,Laptop,3,45431,2026-01-07,UPI,Mumbai
JAN_003359,CUST_01337,Mouse,5,14418,2026-01-10,UPI,Bangalore
JAN_003360,CUST_03979,Smartphone,1,31071,2026-01-24,Cash on Delivery,Delhi
JAN_003361,CUST_03329,Mouse,5,45462,2026-01-27,UPI,Pune
JAN_003362,CUST_04209,Keyboard,1,48392,2026-01-06,UPI,Mumbai
JAN_003363,CUST_03539,Smartwatch,4,1572,2026-01-08,Credit Card,Pune
JAN_003364,CUST_00512,Laptop,3,13091,2026-01-01,Credit Card,Hyderabad
JAN_003365,CUST_01585,Smartwatch,2,6515,2026-01-11,UPI,Bangalore
JAN_003366,CUST_00381,Monitor,2,17904,2026-01-21,Credit Card,Hyderabad
JAN_003367,CUST_01925,Laptop,3,36451,2026-01-29,Credit Card,Chennai
JAN_003368,CUST_01401,Laptop,1,29763,2026-01-27,Cash on Delivery,Hyderabad
JAN_003369,CUST_03541,Headphones,4,49763,2026-01-23,Cash on Delivery,Delhi
JAN_003370,CUST_01861,Headphones,5,13753,2026-01-28,Cash on Delivery,Pune
JAN_003371,CUST_01670,Keyboard,4,26906,2026-01-26,UPI,Hyderabad
JAN_003372,CUST_00935,Smartwatch,2,26260,2026-01-11,Cash on Delivery,Mumbai
JAN_003373,CUST_03556,Mouse,1,253,2026-01-08,UPI,Delhi
JAN_003374,CUST_04144,Headphones,2,14985,2026-01-05,Credit Card,Mumbai
JAN_003375,CUST_04429,Keyboard,3,12444,2026-01-22,Cash on Delivery,Pune
JAN_003376,CUST_00519,Tablet,3,46615,2026-01-20,UPI,Chennai
JAN_003377,CUST_03951,Tablet,4,6424,2026-01-31,UPI,Chennai
JAN_003378,CUST_03033,Headphones,1,41802,2026-01-25,UPI,Pune
JAN_003379,CUST_02183,Keyboard,1,40908,2026-01-27,Credit Card,Chennai
JAN_003380,CUST_03643,Smartwatch,1,30388,2026-01-20,UPI,Bangalore
JAN_003381,CUST_03433,Keyboard,5,45601,2026-01-19,Debit Card,Bangalore
JAN_003382,CUST_04076,Headphones,1,47136,2026-01-22,Credit Card,Pune
JAN_003383,CUST_03088,Monitor,4,35187,2026-01-13,Cash on Delivery,Delhi
JAN_003384,CUST_02900,Smartphone,2,21412,2026-01-20,Cash on Delivery,Delhi
JAN_003385,CUST_04156,Headphones,3,21574,2026-01-10,Credit Card,Hyderabad
JAN_003386,CUST_03565,Laptop,4,48576,2026-01-09,Debit Card,Delhi
JAN_003387,CUST_04980,Laptop,4,17771,2026-01-19,Cash on Delivery,Delhi
JAN_003388,CUST_03376,Smartwatch,5,20156,2026-01-25,UPI,Chennai
JAN_003389,CUST_03247,Tablet,1,37059,2026-01-19,UPI,Hyderabad
JAN_003390,CUST_04877,Tablet,3,45157,2026-01-26,Cash on Delivery,Bangalore
JAN_003391,CUST_02884,Mouse,4,18274,2026-01-18,UPI,Hyderabad
JAN_003392,CUST_04983,Mouse,1,27132,2026-01-07,Cash on Delivery,Delhi
JAN_003393,CUST_03755,Monitor,2,26327,2026-01-10,UPI,Chennai
JAN_003394,CUST_04787,Laptop,3,19206,2026-01-10,Debit Card,Mumbai
JAN_003395,CUST_04956,Headphones,5,26053,2026-01-26,UPI,Bangalore
JAN_003396,CUST_01401,Smartphone,1,10949,2026-01-31,Cash on Delivery,Delhi
JAN_003397,CUST_03758,Laptop,4,26428,2026-01-31,Debit Card,Hyderabad
JAN_003398,CUST_00502,Laptop,5,11940,2026-01-20,Debit Card,Hyderabad
JAN_003399,CUST_02070,Monitor,5,7040,2026-01-27,Credit Card,Mumbai
JAN_003400,CUST_04421,Keyboard,1,21819,2026-01-18,Cash on Delivery,Bangalore
JAN_003401,CUST_04431,Keyboard,5,39194,2026-01-22,Cash on Delivery,Bangalore
JAN_003402,CUST_00869,Monitor,4,15703,2026-01-27,UPI,Delhi
JAN_003403,CUST_03663,Monitor,1,3296,2026-01-30,UPI,Delhi
JAN_003404,CUST_02826,Smartwatch,4,6873,2026-01-02,Debit Card,Pune
JAN_003405,CUST_00142,Monitor,4,19387,2026-01-07,UPI,Hyderabad
JAN_003406,CUST_04632,Keyboard,4,35678,2026-01-09,Debit Card,Chennai
JAN_003407,CUST_04666,Laptop,5,31647,2026-01-15,UPI,Pune
JAN_003408,CUST_04349,Tablet,2,27361,2026-01-04,UPI,Mumbai
JAN_003409,CUST_01672,Smartwatch,3,45284,2026-01-04,UPI,Mumbai
JAN_003410,CUST_02224,Mouse,3,16719,2026-01-08,Credit Card,Hyderabad
JAN_003411,CUST_00355,Smartwatch,4,18173,2026-01-20,Debit Card,Chennai
JAN_003412,CUST_03284,Monitor,2,19918,2026-01-18,UPI,Chennai
JAN_003413,CUST_01033,Smartphone,3,22757,2026-01-05,Cash on Delivery,Chennai
JAN_003414,CUST_02584,Smartwatch,2,12274,2026-01-05,Credit Card,Mumbai
JAN_003415,CUST_00065,Monitor,2,14320,2026-01-20,Debit Card,Chennai
JAN_003416,CUST_00241,Mouse,4,20339,2026-01-26,Cash on Delivery,Chennai
JAN_003417,CUST_04434,Mouse,3,24603,2026-01-10,Credit Card,Hyderabad
JAN_003418,CUST_02673,Headphones,1,15388,2026-01-14,Credit Card,Bangalore
JAN_003419,CUST_04007,Smartphone,2,19039,2026-01-01,Debit Card,Pune
JAN_003420,CUST_01788,Smartphone,2,46174,2026-01-12,UPI,Mumbai
JAN_003421,CUST_02041,Smartwatch,2,43349,2026-01-24,Credit Card,Mumbai
JAN_003422,CUST_00557,Tablet,2,42149,2026-01-30,Credit Card,Pune
JAN_003423,CUST_04053,Headphones,4,17940,2026-01-15,Credit Card,Hyderabad
JAN_003424,CUST_04553,Monitor,3,36516,2026-01-12,Debit Card,Delhi
JAN_003425,CUST_04788,Mouse,2,44847,2026-01-06,Debit Card,Delhi
JAN_003426,CUST_02562,Smartphone,4,7779,2026-01-23,Debit Card,Chennai
JAN_003427,CUST_00689,Tablet,1,3787,2026-01-12,Debit Card,Mumbai
JAN_003428,CUST_00387,Monitor,3,39474,2026-01-17,UPI,Bangalore
JAN_003429,CUST_03721,Mouse,3,31107,2026-01-15,Credit Card,Bangalore
JAN_003430,CUST_01760,Monitor,2,19701,2026-01-21,Cash on Delivery,Hyderabad
JAN_003431,CUST_02424,Smartphone,4,8004,2026-01-24,Debit Card,Hyderabad
JAN_003432,CUST_04679,Tablet,2,17236,2026-01-10,Debit Card,Hyderabad
JAN_003433,CUST_00301,Monitor,2,32203,2026-01-07,UPI,Delhi
JAN_003434,CUST_01023,Keyboard,4,5649,2026-01-07,UPI,Pune
JAN_003435,CUST_01964,Headphones,4,2653,2026-01-07,Cash on Delivery,Hyderabad
JAN_003436,CUST_01435,Smartphone,3,11609,2026-01-18,Cash on Delivery,Hyderabad
JAN_003437,CUST_01609,Laptop,3,36562,2026-01-16,Cash on Delivery,Delhi
JAN_003438,CUST_00513,Monitor,2,8210,2026-01-11,Cash on Delivery,Pune
JAN_003439,CUST_03348,Monitor,2,21658,2026-01-10,Credit Card,Chennai
JAN_003440,CUST_04194,Laptop,1,33746,2026-01-26,UPI,Bangalore
JAN_003441,CUST_03919,Keyboard,3,18498,2026-01-14,Cash on Delivery,Chennai
JAN_003442,CUST_03926,Tablet,4,10855,2026-01-03,Cash on Delivery,Hyderabad
JAN_003443,CUST_00535,Mouse,2,13956,2026-01-30,Cash on Delivery,Delhi
JAN_003444,CUST_04953,Mouse,4,41429,2026-01-19,Cash on Delivery,Bangalore
JAN_003445,CUST_02798,Laptop,5,38705,2026-01-29,UPI,Pune
JAN_003446,CUST_00919,Laptop,5,39231,2026-01-02,Debit Card,Chennai
JAN_003447,CUST_04731,Laptop,5,15532,2026-01-08,Debit Card,Delhi
JAN_003448,CUST_00697,Smartwatch,5,19238,2026-01-04,Debit Card,Delhi
JAN_003449,CUST_02416,Smartwatch,3,48442,2026-01-21,Debit Card,Hyderabad
JAN_003450,CUST_03751,Monitor,4,11386,2026-01-25,Debit Card,Chennai
JAN_003451,CUST_04678,Monitor,5,8484,2026-01-11,UPI,Hyderabad
JAN_003452,CUST_01468,Headphones,1,29108,2026-01-02,Cash on Delivery,Pune
JAN_003453,CUST_04991,Smartphone,2,19810,2026-01-18,Credit Card,Pune
JAN_003454,CUST_03702,Smartphone,4,1142,2026-01-20,Debit Card,Hyderabad
JAN_003455,CUST_02452,Mouse,3,6680,2026-01-17,Debit Card,Delhi
JAN_003456,CUST_04067,Headphones,5,25838,2026-01-14,UPI,Mumbai
JAN_003457,CUST_01783,Laptop,2,34813,2026-01-06,Debit Card,Chennai
JAN_003458,CUST_04394,Smartphone,1,38087,2026-01-28,Credit Card,Hyderabad
JAN_003459,CUST_04414,Smartphone,3,22256,2026-01-16,UPI,Mumbai
JAN_003460,CUST_04693,Headphones,1,29382,2026-01-24,Cash on Delivery,Hyderabad
JAN_003461,CUST_03035,Monitor,2,36918,2026-01-02,Cash on Delivery,Chennai
JAN_003462,CUST_01702,Keyboard,3,6060,2026-01-19,Debit Card,Pune
JAN_003463,CUST_04412,Laptop,4,49286,2026-01-17,UPI,Pune
JAN_003464,CUST_01599,Headphones,4,1509,2026-01-11,UPI,Mumbai
JAN_003465,CUST_01976,Smartphone,1,16493,2026-01-19,Credit Card,Hyderabad
JAN_003466,CUST_02519,Headphones,3,23108,2026-01-16,UPI,Delhi
JAN_003467,CUST_03495,Laptop,5,4071,2026-01-24,Debit Card,Hyderabad
JAN_003468,CUST_00828,Smartphone,1,18773,2026-01-26,Debit Card,Mumbai
JAN_003469,CUST_01112,Mouse,2,47034,2026-01-29,Cash on Delivery,Delhi
JAN_003470,CUST_00571,Monitor,5,32718,2026-01-13,Credit Card,Chennai
JAN_003471,CUST_03294,Headphones,4,5368,2026-01-25,Credit Card,Pune
JAN_003472,CUST_04176,Smartwatch,5,16278,2026-01-12,Credit Card,Bangalore
JAN_003473,CUST_00495,Laptop,3,35887,2026-01-08,Debit Card,Chennai
JAN_003474,CUST_03005,Mouse,4,43824,2026-01-03,Credit Card,Mumbai
JAN_003475,CUST_02739,Smartwatch,4,15889,2026-01-21,Cash on Delivery,Hyderabad
JAN_003476,CUST_02926,Monitor,1,6836,2026-01-06,Cash on Delivery,Bangalore
JAN_003477,CUST_03219,Laptop,2,33496,2026-01-08,Credit Card,Chennai
JAN_003478,CUST_01489,Tablet,1,10581,2026-01-16,Cash on Delivery,Pune
JAN_003479,CUST_03358,Laptop,3,16542,2026-01-13,Debit Card,Delhi
JAN_003480,CUST_00674,Smartwatch,3,17005,2026-01-17,UPI,Pune
JAN_003481,CUST_03377,Smartphone,1,7070,2026-01-22,Cash on Delivery,Bangalore
JAN_003482,CUST_01678,Monitor,5,41803,2026-01-21,Debit Card,Chennai
JAN_003483,CUST_02176,Laptop,3,8355,2026-01-27,UPI,Delhi
JAN_003484,CUST_04590,Laptop,2,32339,2026-01-22,Credit Card,Mumbai
JAN_003485,CUST_01170,Tablet,4,13866,2026-01-09,Cash on Delivery,Delhi
JAN_003486,CUST_04171,Smartphone,3,41734,2026-01-30,Debit Card,Pune
JAN_003487,CUST_03714,Smartphone,5,49678,2026-01-09,Credit Card,Hyderabad
JAN_003488,CUST_01732,Laptop,5,27185,2026-01-11,UPI,Chennai
JAN_003489,CUST_03295,Mouse,5,41271,2026-01-16,UPI,Hyderabad
JAN_003490,CUST_01419,Mouse,5,33567,2026-01-06,Cash on Delivery,Bangalore
JAN_003491,CUST_02621,Monitor,1,46528,2026-01-28,Credit Card,Bangalore
JAN_003492,CUST_03717,Headphones,4,8279,2026-01-18,Cash on Delivery,Bangalore
JAN_003493,CUST_01611,Laptop,4,36428,2026-01-29,UPI,Mumbai
JAN_003494,CUST_03144,Mouse,1,13510,2026-01-25,Debit Card,Delhi
JAN_003495,CUST_04128,Smartphone,5,32536,2026-01-19,Credit Card,Hyderabad
JAN_003496,CUST_03631,Monitor,5,14778,2026-01-16,Credit Card,Delhi
JAN_003497,CUST_02327,Tablet,4,1112,2026-01-13,Debit Card,Mumbai
JAN_003498,CUST_00070,Laptop,5,7587,2026-01-08,Debit Card,Delhi
JAN_003499,CUST_03434,Laptop,2,35913,2026-01-17,Credit Card,Chennai
JAN_003500,CUST_02857,Mouse,2,2789,2026-01-05,Debit Card,Mumbai
JAN_003501,CUST_01396,Keyboard,1,40256,2026-01-21,UPI,Pune
JAN_003502,CUST_02918,Tablet,4,8978,2026-01-21,UPI,Bangalore
JAN_003503,CUST_02290,Smartphone,1,3909,2026-01-25,Cash on Delivery,Pune
JAN_003504,CUST_02230,Smartphone,5,14296,2026-01-19,Credit Card,Bangalore
JAN_003505,CUST_01968,Smartphone,1,40923,2026-01-12,Cash on Delivery,Pune
JAN_003506,CUST_02536,Smartphone,2,9650,2026-01-20,Debit Card,Hyderabad
JAN_003507,CUST_03815,Laptop,5,48053,2026-01-31,Cash on Delivery,Delhi
JAN_003508,CUST_03194,Mouse,5,26864,2026-01-24,Credit Card,Delhi
JAN_003509,CUST_03058,Smartphone,4,19765,2026-01-06,Credit Card,Delhi
JAN_003510,CUST_00115,Mouse,2,11497,2026-01-10,Cash on Delivery,Mumbai
JAN_003511,CUST_04372,Laptop,1,12810,2026-01-04,Debit Card,Chennai
JAN_003512,CUST_03536,Smartphone,4,14297,2026-01-17,UPI,Chennai
JAN_003513,CUST_01224,Smartwatch,4,45712,2026-01-01,Credit Card,Mumbai
JAN_003514,CUST_01241,Laptop,1,39164,2026-01-30,Debit Card,Delhi
JAN_003515,CUST_03393,Headphones,1,37636,2026-01-13,Debit Card,Delhi
JAN_003516,CUST_04455,Laptop,1,22414,2026-01-14,Cash on Delivery,Chennai
JAN_003517,CUST_02565,Laptop,1,6477,2026-01-20,Cash on Delivery,Delhi
JAN_003518,CUST_02733,Laptop,1,30437,2026-01-05,Credit Card,Hyderabad
JAN_003519,CUST_00733,Keyboard,1,43083,2026-01-15,Cash on Delivery,Delhi
JAN_003520,CUST_00767,Smartphone,2,35624,2026-01-06,Cash on Delivery,Hyderabad
JAN_003521,CUST_04173,Tablet,1,43131,2026-01-02,Cash on Delivery,Chennai
JAN_003522,CUST_01521,Smartphone,1,16838,2026-01-05,Debit Card,Pune
JAN_003523,CUST_02289,Smartwatch,1,32704,2026-01-25,UPI,Hyderabad
JAN_003524,CUST_04483,Smartphone,4,612,2026-01-06,Cash on Delivery,Bangalore
JAN_003525,CUST_02007,Smartwatch,1,9683,2026-01-10,Credit Card,Bangalore
JAN_003526,CUST_01080,Headphones,3,9651,2026-01-10,UPI,Pune
JAN_003527,CUST_00127,Headphones,3,12067,2026-01-13,Credit Card,Hyderabad
JAN_003528,CUST_00675,Headphones,1,38429,2026-01-09,Debit Card,Bangalore
JAN_003529,CUST_03655,Tablet,2,24830,2026-01-24,UPI,Delhi
JAN_003530,CUST_01497,Smartwatch,3,20896,2026-01-22,UPI,Delhi
JAN_003531,CUST_01070,Tablet,4,5370,2026-01-30,Cash on Delivery,Hyderabad
JAN_003532,CUST_02459,Laptop,2,17917,2026-01-27,Debit Card,Pune
JAN_003533,CUST_04787,Monitor,1,25252,2026-01-12,UPI,Delhi
JAN_003534,CUST_00871,Smartphone,3,35394,2026-01-04,UPI,Delhi
JAN_003535,CUST_03522,Smartwatch,3,48205,2026-01-26,Cash on Delivery,Bangalore
JAN_003536,CUST_04555,Smartwatch,5,44401,2026-01-16,Cash on Delivery,Delhi
JAN_003537,CUST_03798,Smartwatch,1,833,2026-01-07,Debit Card,Bangalore
JAN_003538,CUST_02121,Laptop,5,49299,2026-01-15,Credit Card,Chennai
JAN_003539,CUST_04567,Smartphone,5,7378,2026-01-27,UPI,Chennai
JAN_003540,CUST_04647,Headphones,1,28851,2026-01-10,Debit Card,Mumbai
JAN_003541,CUST_03307,Keyboard,4,40041,2026-01-02,Credit Card,Delhi
JAN_003542,CUST_02671,Keyboard,3,35611,2026-01-26,Debit Card,Hyderabad
JAN_003543,CUST_02216,Tablet,1,33241,2026-01-14,Credit Card,Mumbai
JAN_003544,CUST_04703,Smartwatch,3,18177,2026-01-08,Cash on Delivery,Delhi
JAN_003545,CUST_00080,Headphones,1,11111,2026-01-05,Credit Card,Pune
JAN_003546,CUST_04028,Headphones,1,23745,2026-01-24,Debit Card,Mumbai
JAN_003547,CUST_01706,Keyboard,1,4195,2026-01-29,UPI,Mumbai
JAN_003548,CUST_04252,Smartwatch,2,19316,2026-01-18,Cash on Delivery,Chennai
JAN_003549,CUST_04864,Smartphone,5,516,2026-01-08,UPI,Hyderabad
JAN_003550,CUST_04684,Smartphone,1,16723,2026-01-17,UPI,Chennai
JAN_003551,CUST_00022,Laptop,5,6251,2026-01-26,Cash on Delivery,Hyderabad
JAN_003552,CUST_01248,Keyboard,2,45125,2026-01-25,Cash on Delivery,Delhi
JAN_003553,CUST_03742,Tablet,5,3131,2026-01-30,Cash on Delivery,Mumbai
JAN_003554,CUST_02760,Mouse,5,5587,2026-01-18,Cash on Delivery,Chennai
JAN_003555,CUST_03183,Keyboard,1,3520,2026-01-09,UPI,Hyderabad
JAN_003556,CUST_04830,Mouse,2,16521,2026-01-27,Cash on Delivery,Mumbai
JAN_003557,CUST_00793,Keyboard,4,5605,2026-01-29,UPI,Hyderabad
JAN_003558,CUST_00698,Monitor,1,43594,2026-01-29,Debit Card,Pune
JAN_003559,CUST_02702,Headphones,5,20453,2026-01-09,Credit Card,Mumbai
JAN_003560,CUST_02129,Laptop,1,23990,2026-01-07,Credit Card,Bangalore
JAN_003561,CUST_01960,Mouse,4,27142,2026-01-25,UPI,Chennai
JAN_003562,CUST_03073,Mouse,3,38342,2026-01-11,Debit Card,Chennai
JAN_003563,CUST_03618,Headphones,1,6458,2026-01-14,UPI,Hyderabad
JAN_003564,CUST_02188,Laptop,2,46490,2026-01-05,UPI,Pune
JAN_003565,CUST_01247,Headphones,2,33842,2026-01-17,Cash on Delivery,Hyderabad
JAN_003566,CUST_02368,Laptop,2,25829,2026-01-30,Credit Card,Mumbai
JAN_003567,CUST_02840,Smartphone,4,17375,2026-01-17,Debit Card,Delhi
JAN_003568,CUST_01863,Monitor,2,27173,2026-01-15,Debit Card,Delhi
JAN_003569,CUST_01821,Monitor,4,1340,2026-01-31,UPI,Bangalore
JAN_003570,CUST_01307,Smartphone,5,9341,2026-01-03,Debit Card,Mumbai
JAN_003571,CUST_00952,Smartwatch,1,41379,2026-01-18,Credit Card,Pune
JAN_003572,CUST_02835,Laptop,3,43818,2026-01-11,Cash on Delivery,Mumbai
JAN_003573,CUST_00260,Laptop,4,39627,2026-01-29,Credit Card,Delhi
JAN_003574,CUST_02167,Smartwatch,4,1742,2026-01-02,UPI,Mumbai
JAN_003575,CUST_04601,Keyboard,5,9592,2026-01-05,Cash on Delivery,Mumbai
JAN_003576,CUST_00736,Headphones,2,8533,2026-01-01,Cash on Delivery,Mumbai
JAN_003577,CUST_00734,Headphones,1,43117,2026-01-12,Debit Card,Hyderabad
JAN_003578,CUST_03066,Laptop,4,48397,2026-01-23,Cash on Delivery,Chennai
JAN_003579,CUST_02664,Keyboard,3,20650,2026-01-25,Cash on Delivery,Pune
JAN_003580,CUST_02503,Headphones,2,29023,2026-01-02,Cash on Delivery,Delhi
JAN_003581,CUST_02457,Smartwatch,1,7217,2026-01-28,UPI,Bangalore
JAN_003582,CUST_00057,Monitor,4,47332,2026-01-08,Credit Card,Pune
JAN_003583,CUST_04029,Headphones,3,15592,2026-01-10,Debit Card,Hyderabad
JAN_003584,CUST_03456,Smartphone,4,27058,2026-01-31,Credit Card,Delhi
JAN_003585,CUST_02604,Smartphone,2,30271,2026-01-31,Credit Card,Chennai
JAN_003586,CUST_00032,Smartwatch,4,46310,2026-01-15,Cash on Delivery,Bangalore
JAN_003587,CUST_03279,Headphones,2,18291,2026-01-30,UPI,Hyderabad
JAN_003588,CUST_03621,Smartwatch,5,29166,2026-01-29,Debit Card,Hyderabad
JAN_003589,CUST_03878,Tablet,1,43610,2026-01-10,Credit Card,Hyderabad
JAN_003590,CUST_01702,Monitor,1,2592,2026-01-02,Cash on Delivery,Mumbai
JAN_003591,CUST_04181,Mouse,5,37268,2026-01-26,Cash on Delivery,Bangalore
JAN_003592,CUST_01029,Keyboard,3,18017,2026-01-05,Credit Card,Bangalore
JAN_003593,CUST_02517,Smartwatch,4,36093,2026-01-02,Credit Card,Mumbai
JAN_003594,CUST_00712,Monitor,4,16766,2026-01-05,Debit Card,Delhi
JAN_003595,CUST_02104,Headphones,1,26392,2026-01-12,Debit Card,Bangalore
JAN_003596,CUST_00721,Smartphone,1,44147,2026-01-21,Cash on Delivery,Delhi
JAN_003597,CUST_04510,Smartphone,5,9817,2026-01-18,Cash on Delivery,Delhi
JAN_003598,CUST_03515,Keyboard,3,14968,2026-01-01,Debit Card,Pune
JAN_003599,CUST_02356,Headphones,1,34818,2026-01-19,Debit Card,Hyderabad
JAN_003600,CUST_03439,Laptop,4,26752,2026-01-26,Debit Card,Mumbai
JAN_003601,CUST_00806,Smartphone,1,12110,2026-01-12,UPI,Delhi
JAN_003602,CUST_03040,Mouse,2,43225,2026-01-27,Debit Card,Mumbai
JAN_003603,CUST_01528,Keyboard,1,7963,2026-01-26,Cash on Delivery,Mumbai
JAN_003604,CUST_04325,Smartwatch,1,15910,2026-01-10,Cash on Delivery,Delhi
JAN_003605,CUST_04139,Smartwatch,1,4030,2026-01-04,Credit Card,Delhi
JAN_003606,CUST_01652,Smartphone,5,29476,2026-01-02,UPI,Mumbai
JAN_003607,CUST_02262,Laptop,1,13953,2026-01-03,Debit Card,Chennai
JAN_003608,CUST_00957,Keyboard,1,49365,2026-01-27,Cash on Delivery,Pune
JAN_003609,CUST_04831,Tablet,5,27393,2026-01-04,UPI,Pune
JAN_003610,CUST_03179,Headphones,3,45009,2026-01-04,UPI,Pune
JAN_003611,CUST_02117,Smartphone,5,42668,2026-01-17,Debit Card,Pune
JAN_003612,CUST_04292,Monitor,3,817,2026-01-15,UPI,Mumbai
JAN_003613,CUST_03585,Monitor,2,22331,2026-01-07,Credit Card,Pune
JAN_003614,CUST_00186,Tablet,2,36776,2026-01-04,Cash on Delivery,Hyderabad
JAN_003615,CUST_00029,Tablet,2,30869,2026-01-24,UPI,Pune
JAN_003616,CUST_03834,Smartphone,4,7132,2026-01-08,Cash on Delivery,Mumbai
JAN_003617,CUST_04195,Smartphone,5,31000,2026-01-18,Credit Card,Delhi
JAN_003618,CUST_01662,Smartwatch,3,31730,2026-01-29,Cash on Delivery,Mumbai
JAN_003619,CUST_01622,Tablet,3,15056,2026-01-18,UPI,Chennai
JAN_003620,CUST_03435,Smartphone,1,12131,2026-01-29,Debit Card,Hyderabad
JAN_003621,CUST_04498,Monitor,3,30708,2026-01-01,UPI,Mumbai
JAN_003622,CUST_02105,Mouse,2,9044,2026-01-06,Credit Card,Chennai
JAN_003623,CUST_01526,Headphones,1,25805,2026-01-31,UPI,Chennai
JAN_003624,CUST_03133,Monitor,4,17211,2026-01-20,Cash on Delivery,Pune
JAN_003625,CUST_00164,Smartwatch,4,44911,2026-01-16,Debit Card,Mumbai
JAN_003626,CUST_00970,Keyboard,5,24099,2026-01-14,Credit Card,Mumbai
JAN_003627,CUST_00450,Smartphone,4,19742,2026-01-11,Credit Card,Chennai
JAN_003628,CUST_00037,Tablet,1,14459,2026-01-03,Credit Card,Bangalore
JAN_003629,CUST_04282,Mouse,2,18685,2026-01-02,Credit Card,Pune
JAN_003630,CUST_00922,Keyboard,5,9175,2026-01-24,Debit Card,Hyderabad
JAN_003631,CUST_02399,Smartphone,2,1745,2026-01-28,UPI,Bangalore
JAN_003632,CUST_00878,Smartwatch,5,5088,2026-01-30,UPI,Bangalore
JAN_003633,CUST_01873,Laptop,2,6814,2026-01-28,Debit Card,Mumbai
JAN_003634,CUST_03902,Monitor,5,25636,2026-01-13,Debit Card,Chennai
JAN_003635,CUST_02008,Keyboard,5,21826,2026-01-23,Credit Card,Bangalore
JAN_003636,CUST_00744,Smartphone,1,21555,2026-01-18,UPI,Mumbai
JAN_003637,CUST_02263,Tablet,4,17211,2026-01-29,Credit Card,Chennai
JAN_003638,CUST_04795,Smartwatch,1,21175,2026-01-17,Cash on Delivery,Delhi
JAN_003639,CUST_02761,Monitor,1,9166,2026-01-18,UPI,Chennai
JAN_003640,CUST_04037,Monitor,1,8980,2026-01-30,Credit Card,Hyderabad
JAN_003641,CUST_04611,Tablet,5,6652,2026-01-12,Debit Card,Bangalore
JAN_003642,CUST_01268,Smartwatch,1,44203,2026-01-09,Cash on Delivery,Delhi
JAN_003643,CUST_03141,Laptop,2,19574,2026-01-08,Debit Card,Chennai
JAN_003644,CUST_03030,Mouse,4,30515,2026-01-25,Cash on Delivery,Delhi
JAN_003645,CUST_02934,Smartphone,4,6868,2026-01-02,UPI,Chennai
JAN_003646,CUST_00501,Tablet,1,23901,2026-01-07,Cash on Delivery,Bangalore
JAN_003647,CUST_03938,Keyboard,4,43753,2026-01-25,UPI,Delhi
JAN_003648,CUST_03987,Monitor,3,15159,2026-01-04,UPI,Delhi
JAN_003649,CUST_03624,Mouse,1,19973,2026-01-29,Debit Card,Pune
JAN_003650,CUST_01484,Smartwatch,1,10816,2026-01-15,Credit Card,Bangalore
JAN_003651,CUST_03232,Smartwatch,2,29748,2026-01-09,Credit Card,Hyderabad
JAN_003652,CUST_02460,Laptop,4,27503,2026-01-17,Cash on Delivery,Bangalore
JAN_003653,CUST_00085,Tablet,4,44973,2026-01-05,Credit Card,Delhi
JAN_003654,CUST_00554,Keyboard,3,13847,2026-01-16,Cash on Delivery,Chennai
JAN_003655,CUST_01134,Monitor,5,8416,2026-01-14,Credit Card,Hyderabad
JAN_003656,CUST_04129,Tablet,5,3615,2026-01-14,Cash on Delivery,Pune
JAN_003657,CUST_00248,Mouse,5,34496,2026-01-23,Cash on Delivery,Hyderabad
JAN_003658,CUST_01915,Headphones,1,45676,2026-01-22,Debit Card,Bangalore
JAN_003659,CUST_01928,Mouse,1,22931,2026-01-25,UPI,Pune
JAN_003660,CUST_04948,Headphones,4,13308,2026-01-17,Cash on Delivery,Pune
JAN_003661,CUST_02682,Tablet,4,17067,2026-01-03,UPI,Bangalore
JAN_003662,CUST_02636,Smartwatch,4,3986,2026-01-07,Cash on Delivery,Hyderabad
JAN_003663,CUST_03796,Tablet,3,22761,2026-01-20,Debit Card,Delhi
JAN_003664,CUST_00631,Laptop,2,34735,2026-01-14,Debit Card,Delhi
JAN_003665,CUST_01483,Tablet,2,26574,2026-01-28,Credit Card,Chennai
JAN_003666,CUST_01690,Headphones,1,46479,2026-01-24,Credit Card,Delhi
JAN_003667,CUST_01207,Tablet,1,7174,2026-01-31,UPI,Chennai
JAN_003668,CUST_03040,Tablet,4,39963,2026-01-27,UPI,Chennai
JAN_003669,CUST_03465,Headphones,1,19502,2026-01-04,Credit Card,Hyderabad
JAN_003670,CUST_04450,Monitor,1,19136,2026-01-29,Debit Card,Hyderabad
JAN_003671,CUST_04728,Keyboard,1,24762,2026-01-13,Credit Card,Mumbai
JAN_003672,CUST_03481,Laptop,2,38506,2026-01-27,Credit Card,Delhi
JAN_003673,CUST_01477,Smartwatch,5,36218,2026-01-01,UPI,Mumbai
JAN_003674,CUST_02181,Headphones,4,17805,2026-01-29,Cash on Delivery,Mumbai
JAN_003675,CUST_03460,Laptop,1,29729,2026-01-02,Cash on Delivery,Mumbai
JAN_003676,CUST_01770,Smartphone,4,12915,2026-01-30,Cash on Delivery,Mumbai
JAN_003677,CUST_02806,Laptop,1,19284,2026-01-29,Credit Card,Delhi
JAN_003678,CUST_03386,Tablet,2,16833,2026-01-06,Debit Card,Chennai
JAN_003679,CUST_01834,Smartphone,4,10679,2026-01-19,Debit Card,Chennai
JAN_003680,CUST_01980,Laptop,5,14768,2026-01-14,UPI,Pune
JAN_003681,CUST_02664,Mouse,1,10441,2026-01-13,Debit Card,Hyderabad
JAN_003682,CUST_04506,Monitor,1,46001,2026-01-24,Credit Card,Pune
JAN_003683,CUST_01843,Headphones,4,46122,2026-01-20,Credit Card,Chennai
JAN_003684,CUST_04432,Smartphone,2,37725,2026-01-06,UPI,Chennai
JAN_003685,CUST_02852,Laptop,3,37110,2026-01-08,Cash on Delivery,Mumbai
JAN_003686,CUST_03527,Smartwatch,4,26095,2026-01-05,Debit Card,Delhi
JAN_003687,CUST_01362,Mouse,3,13661,2026-01-15,Cash on Delivery,Bangalore
JAN_003688,CUST_04804,Monitor,1,29864,2026-01-20,UPI,Hyderabad
JAN_003689,CUST_04474,Smartwatch,3,382,2026-01-28,Cash on Delivery,Pune
JAN_003690,CUST_02977,Smartwatch,1,11317,2026-01-16,UPI,Hyderabad
JAN_003691,CUST_00847,Headphones,5,3244,2026-01-01,Credit Card,Delhi
JAN_003692,CUST_00637,Monitor,3,15810,2026-01-25,UPI,Bangalore
JAN_003693,CUST_04442,Laptop,5,14956,2026-01-09,Credit Card,Delhi
JAN_003694,CUST_01577,Keyboard,2,11558,2026-01-12,UPI,Delhi
JAN_003695,CUST_02929,Smartphone,1,10290,2026-01-08,Debit Card,Pune
JAN_003696,CUST_02715,Monitor,1,7639,2026-01-26,Credit Card,Bangalore
JAN_003697,CUST_02692,Laptop,2,26730,2026-01-10,Debit Card,Pune
JAN_003698,CUST_01706,Keyboard,2,12831,2026-01-26,Credit Card,Bangalore
JAN_003699,CUST_02018,Smartwatch,2,39003,2026-01-28,Cash on Delivery,Delhi
JAN_003700,CUST_04403,Laptop,3,37183,2026-01-01,Credit Card,Mumbai
JAN_003701,CUST_02208,Mouse,1,10796,2026-01-05,UPI,Chennai
JAN_003702,CUST_02731,Smartwatch,3,40290,2026-01-25,Credit Card,Mumbai
JAN_003703,CUST_01169,Keyboard,4,26511,2026-01-04,Credit Card,Mumbai
JAN_003704,CUST_03767,Mouse,5,24559,2026-01-16,Debit Card,Delhi
JAN_003705,CUST_00122,Smartwatch,2,39213,2026-01-03,Debit Card,Pune
JAN_003706,CUST_04640,Keyboard,4,22606,2026-01-03,UPI,Hyderabad
JAN_003707,CUST_01482,Smartwatch,4,5181,2026-01-05,Credit Card,Mumbai
JAN_003708,CUST_03051,Keyboard,4,8595,2026-01-16,Cash on Delivery,Bangalore
JAN_003709,CUST_02610,Headphones,5,41458,2026-01-16,Cash on Delivery,Bangalore
JAN_003710,CUST_00843,Headphones,1,40885,2026-01-13,Cash on Delivery,Mumbai
JAN_003711,CUST_01873,Laptop,1,37626,2026-01-15,Credit Card,Pune
JAN_003712,CUST_04367,Mouse,3,9206,2026-01-24,Debit Card,Mumbai
JAN_003713,CUST_01362,Smartphone,1,23388,2026-01-07,Credit Card,Bangalore
JAN_003714,CUST_00082,Monitor,1,17954,2026-01-12,Credit Card,Pune
JAN_003715,CUST_01144,Smartphone,5,42133,2026-01-25,UPI,Bangalore
JAN_003716,CUST_00405,Tablet,4,38950,2026-01-08,Cash on Delivery,Pune
JAN_003717,CUST_02138,Tablet,5,8513,2026-01-05,Debit Card,Pune
JAN_003718,CUST_02059,Headphones,2,6322,2026-01-24,Credit Card,Pune
JAN_003719,CUST_02084,Monitor,5,7373,2026-01-27,Credit Card,Pune
JAN_003720,CUST_00061,Mouse,5,31860,2026-01-30,Cash on Delivery,Mumbai
JAN_003721,CUST_04037,Smartwatch,5,13194,2026-01-14,Credit Card,Delhi
JAN_003722,CUST_01394,Smartwatch,3,6443,2026-01-25,Debit Card,Hyderabad
JAN_003723,CUST_00469,Headphones,3,30823,2026-01-31,Debit Card,Chennai
JAN_003724,CUST_00470,Monitor,5,23745,2026-01-09,Credit Card,Pune
JAN_003725,CUST_01408,Monitor,4,46769,2026-01-18,Cash on Delivery,Delhi
JAN_003726,CUST_01409,Laptop,5,17640,2026-01-13,Cash on Delivery,Chennai
JAN_003727,CUST_04789,Headphones,3,20197,2026-01-05,Credit Card,Pune
JAN_003728,CUST_02613,Monitor,1,38578,2026-01-28,Cash on Delivery,Delhi
JAN_003729,CUST_01303,Headphones,2,23161,2026-01-18,UPI,Mumbai
JAN_003730,CUST_01503,Monitor,4,11210,2026-01-18,Debit Card,Chennai
JAN_003731,CUST_04526,Smartwatch,2,38799,2026-01-06,Debit Card,Delhi
JAN_003732,CUST_00105,Smartphone,2,10851,2026-01-21,Credit Card,Bangalore
JAN_003733,CUST_02355,Headphones,5,950,2026-01-03,UPI,Hyderabad
JAN_003734,CUST_03421,Smartwatch,2,45657,2026-01-23,Cash on Delivery,Mumbai
JAN_003735,CUST_03358,Smartwatch,1,17388,2026-01-05,Debit Card,Mumbai
JAN_003736,CUST_04758,Monitor,4,12927,2026-01-31,Credit Card,Mumbai
JAN_003737,CUST_02336,Laptop,1,47200,2026-01-16,Credit Card,Hyderabad
JAN_003738,CUST_00409,Smartphone,5,14592,2026-01-03,Credit Card,Bangalore
JAN_003739,CUST_01645,Headphones,2,10706,2026-01-25,Debit Card,Chennai
JAN_003740,CUST_00712,Keyboard,4,579,2026-01-03,UPI,Chennai
JAN_003741,CUST_00175,Headphones,4,32040,2026-01-31,UPI,Bangalore
JAN_003742,CUST_02302,Smartwatch,1,45097,2026-01-13,Cash on Delivery,Mumbai
JAN_003743,CUST_03572,Headphones,4,18640,2026-01-16,Credit Card,Pune
JAN_003744,CUST_02900,Laptop,1,37715,2026-01-17,Debit Card,Delhi
JAN_003745,CUST_01422,Keyboard,3,27964,2026-01-15,UPI,Chennai
JAN_003746,CUST_03487,Headphones,2,44325,2026-01-27,UPI,Delhi
JAN_003747,CUST_01624,Smartwatch,1,1014,2026-01-28,Debit Card,Bangalore
JAN_003748,CUST_00764,Smartwatch,3,9192,2026-01-23,Credit Card,Pune
JAN_003749,CUST_03188,Monitor,3,19055,2026-01-04,UPI,Pune
JAN_003750,CUST_03767,Headphones,4,30993,2026-01-07,Cash on Delivery,Hyderabad
JAN_003751,CUST_03905,Smartwatch,1,27855,2026-01-12,Credit Card,Bangalore
JAN_003752,CUST_02395,Headphones,5,3149,2026-01-20,Debit Card,Chennai
JAN_003753,CUST_00570,Tablet,3,22494,2026-01-26,UPI,Hyderabad
JAN_003754,CUST_03616,Laptop,1,32601,2026-01-18,Credit Card,Delhi
JAN_003755,CUST_01498,Laptop,2,19010,2026-01-10,Credit Card,Chennai
JAN_003756,CUST_02185,Mouse,1,32719,2026-01-10,Credit Card,Delhi
JAN_003757,CUST_02830,Smartwatch,3,13069,2026-01-09,Cash on Delivery,Hyderabad
JAN_003758,CUST_03676,Laptop,2,23723,2026-01-09,Debit Card,Hyderabad
JAN_003759,CUST_01847,Smartwatch,2,27595,2026-01-12,UPI,Bangalore
JAN_003760,CUST_03831,Headphones,2,33998,2026-01-23,Cash on Delivery,Pune
JAN_003761,CUST_02181,Smartphone,1,410,2026-01-23,Debit Card,Delhi
JAN_003762,CUST_02763,Monitor,4,48822,2026-01-17,Debit Card,Delhi
JAN_003763,CUST_03202,Mouse,2,21255,2026-01-03,UPI,Mumbai
JAN_003764,CUST_01806,Tablet,5,5289,2026-01-19,Debit Card,Pune
JAN_003765,CUST_00409,Mouse,4,42637,2026-01-14,Cash on Delivery,Pune
JAN_003766,CUST_02406,Keyboard,4,33308,2026-01-04,Debit Card,Bangalore
JAN_003767,CUST_03745,Laptop,4,47893,2026-01-07,Cash on Delivery,Mumbai
JAN_003768,CUST_03698,Monitor,4,17003,2026-01-18,Cash on Delivery,Chennai
JAN_003769,CUST_03177,Keyboard,4,36471,2026-01-05,UPI,Bangalore
JAN_003770,CUST_02433,Smartphone,5,24629,2026-01-22,UPI,Mumbai
JAN_003771,CUST_03710,Tablet,2,38005,2026-01-05,UPI,Mumbai
JAN_003772,CUST_04236,Mouse,3,2887,2026-01-25,Cash on Delivery,Pune
JAN_003773,CUST_04605,Smartwatch,1,19209,2026-01-27,Credit Card,Bangalore
JAN_003774,CUST_03510,Laptop,3,2592,2026-01-14,Credit Card,Pune
JAN_003775,CUST_03639,Mouse,4,39006,2026-01-08,Credit Card,Delhi
JAN_003776,CUST_03247,Tablet,4,43838,2026-01-01,Credit Card,Mumbai
JAN_003777,CUST_03315,Tablet,1,36113,2026-01-27,Credit Card,Delhi
JAN_003778,CUST_01503,Smartwatch,4,31354,2026-01-24,Debit Card,Mumbai
JAN_003779,CUST_00133,Tablet,5,42604,2026-01-20,Cash on Delivery,Bangalore
JAN_003780,CUST_04116,Monitor,5,3259,2026-01-07,Cash on Delivery,Chennai
JAN_003781,CUST_01682,Smartwatch,2,20167,2026-01-25,Credit Card,Pune
JAN_003782,CUST_04127,Tablet,4,1777,2026-01-17,Debit Card,Pune
JAN_003783,CUST_00180,Mouse,5,9247,2026-01-11,Credit Card,Mumbai
JAN_003784,CUST_03731,Laptop,3,42661,2026-01-23,Cash on Delivery,Pune
JAN_003785,CUST_00637,Smartwatch,4,2149,2026-01-25,Cash on Delivery,Chennai
JAN_003786,CUST_01531,Laptop,1,26559,2026-01-07,Credit Card,Hyderabad
JAN_003787,CUST_00122,Tablet,2,38225,2026-01-30,Credit Card,Hyderabad
JAN_003788,CUST_00657,Headphones,4,8064,2026-01-27,Credit Card,Chennai
JAN_003789,CUST_02645,Keyboard,2,30585,2026-01-23,UPI,Chennai
JAN_003790,CUST_00050,Smartwatch,3,40225,2026-01-24,Debit Card,Delhi
JAN_003791,CUST_04812,Mouse,2,2179,2026-01-13,Credit Card,Pune
JAN_003792,CUST_04845,Keyboard,1,44408,2026-01-23,Credit Card,Bangalore
JAN_003793,CUST_04928,Laptop,1,18699,2026-01-10,Debit Card,Hyderabad
JAN_003794,CUST_03429,Tablet,1,25128,2026-01-20,Credit Card,Mumbai
JAN_003795,CUST_02786,Tablet,2,330,2026-01-20,Debit Card,Bangalore
JAN_003796,CUST_04346,Headphones,3,15404,2026-01-20,Debit Card,Pune
JAN_003797,CUST_02010,Laptop,2,45664,2026-01-26,UPI,Chennai
JAN_003798,CUST_04414,Smartphone,4,31098,2026-01-24,UPI,Chennai
JAN_003799,CUST_03088,Mouse,2,44620,2026-01-21,UPI,Bangalore
JAN_003800,CUST_04323,Laptop,1,25078,2026-01-29,Debit Card,Hyderabad
JAN_003801,CUST_01163,Smartphone,3,296,2026-01-30,Credit Card,Chennai
JAN_003802,CUST_00380,Smartphone,4,3765,2026-01-25,Credit Card,Chennai
JAN_003803,CUST_02445,Laptop,4,3340,2026-01-21,Credit Card,Mumbai
JAN_003804,CUST_04419,Laptop,5,42183,2026-01-17,UPI,Chennai
JAN_003805,CUST_03295,Headphones,5,11053,2026-01-06,Cash on Delivery,Hyderabad
JAN_003806,CUST_02425,Mouse,5,21581,2026-01-06,UPI,Pune
JAN_003807,CUST_00158,Tablet,2,34038,2026-01-28,Debit Card,Hyderabad
JAN_003808,CUST_03826,Mouse,1,5132,2026-01-06,Cash on Delivery,Hyderabad
JAN_003809,CUST_03466,Smartphone,5,25423,2026-01-01,UPI,Delhi
JAN_003810,CUST_03869,Smartwatch,4,8879,2026-01-26,UPI,Hyderabad
JAN_003811,CUST_04345,Headphones,1,15935,2026-01-02,UPI,Chennai
JAN_003812,CUST_01436,Smartwatch,2,44274,2026-01-02,Debit Card,Bangalore
JAN_003813,CUST_01789,Monitor,5,25201,2026-01-09,Credit Card,Pune
JAN_003814,CUST_02737,Tablet,1,5523,2026-01-09,Credit Card,Mumbai
JAN_003815,CUST_02419,Headphones,3,10836,2026-01-24,Debit Card,Delhi
JAN_003816,CUST_04888,Laptop,5,6099,2026-01-14,Credit Card,Delhi
JAN_003817,CUST_02984,Keyboard,1,12169,2026-01-15,Debit Card,Hyderabad
JAN_003818,CUST_03319,Laptop,2,40179,2026-01-15,Cash on Delivery,Pune
JAN_003819,CUST_03678,Laptop,2,49628,2026-01-25,Debit Card,Delhi
JAN_003820,CUST_02608,Headphones,3,2954,2026-01-13,Debit Card,Bangalore
JAN_003821,CUST_03481,Mouse,5,49607,2026-01-08,UPI,Pune
JAN_003822,CUST_03602,Monitor,3,44742,2026-01-18,UPI,Delhi
JAN_003823,CUST_03278,Mouse,5,36034,2026-01-28,Credit Card,Mumbai
JAN_003824,CUST_04670,Tablet,4,16503,2026-01-12,Debit Card,Bangalore
JAN_003825,CUST_03278,Smartwatch,2,13148,2026-01-31,Credit Card,Delhi
JAN_003826,CUST_00315,Smartwatch,4,30582,2026-01-14,Cash on Delivery,Bangalore
JAN_003827,CUST_00604,Headphones,3,38307,2026-01-19,Debit Card,Hyderabad
JAN_003828,CUST_03970,Headphones,2,49253,2026-01-27,UPI,Bangalore
JAN_003829,CUST_04955,Smartwatch,2,11064,2026-01-06,Cash on Delivery,Hyderabad
JAN_003830,CUST_01056,Laptop,4,27525,2026-01-20,Cash on Delivery,Mumbai
JAN_003831,CUST_03717,Smartwatch,2,12595,2026-01-31,Debit Card,Chennai
JAN_003832,CUST_04834,Headphones,5,48515,2026-01-20,Credit Card,Delhi
JAN_003833,CUST_04529,Tablet,4,36636,2026-01-11,Cash on Delivery,Pune
JAN_003834,CUST_03695,Headphones,3,28631,2026-01-16,UPI,Bangalore
JAN_003835,CUST_02024,Mouse,5,11515,2026-01-04,UPI,Hyderabad
JAN_003836,CUST_02061,Keyboard,1,21654,2026-01-31,Credit Card,Hyderabad
JAN_003837,CUST_01554,Smartphone,2,8461,2026-01-17,Cash on Delivery,Mumbai
JAN_003838,CUST_00037,Smartphone,3,19696,2026-01-01,UPI,Pune
JAN_003839,CUST_03821,Smartwatch,2,40631,2026-01-22,UPI,Bangalore
JAN_003840,CUST_01859,Laptop,3,48112,2026-01-24,UPI,Delhi
JAN_003841,CUST_00969,Laptop,2,34054,2026-01-10,Cash on Delivery,Bangalore
JAN_003842,CUST_04453,Tablet,2,2373,2026-01-05,Cash on Delivery,Pune
JAN_003843,CUST_03144,Mouse,2,48846,2026-01-11,Credit Card,Bangalore
JAN_003844,CUST_00094,Monitor,5,46692,2026-01-30,Credit Card,Mumbai
JAN_003845,CUST_01497,Keyboard,3,15412,2026-01-17,UPI,Hyderabad
JAN_003846,CUST_03969,Smartwatch,4,40087,2026-01-30,UPI,Hyderabad
JAN_003847,CUST_02139,Smartwatch,2,37449,2026-01-31,UPI,Pune
JAN_003848,CUST_03032,Smartwatch,5,8831,2026-01-28,UPI,Mumbai
JAN_003849,CUST_02986,Keyboard,1,29597,2026-01-16,Cash on Delivery,Chennai
JAN_003850,CUST_04311,Smartwatch,5,22036,2026-01-04,Cash on Delivery,Delhi
JAN_003851,CUST_02379,Laptop,3,16446,2026-01-25,Debit Card,Chennai
JAN_003852,CUST_00988,Headphones,3,14980,2026-01-09,UPI,Pune
JAN_003853,CUST_03950,Monitor,4,6552,2026-01-07,UPI,Mumbai
JAN_003854,CUST_04016,Tablet,2,42297,2026-01-16,Credit Card,Mumbai
JAN_003855,CUST_02865,Laptop,2,27662,2026-01-16,UPI,Hyderabad
JAN_003856,CUST_01470,Laptop,2,45748,2026-01-25,Debit Card,Hyderabad
JAN_003857,CUST_04783,Smartphone,5,13194,2026-01-24,Cash on Delivery,Delhi
JAN_003858,CUST_03766,Laptop,2,19747,2026-01-07,Credit Card,Bangalore
JAN_003859,CUST_02544,Mouse,4,18983,2026-01-28,UPI,Bangalore
JAN_003860,CUST_03533,Laptop,4,49338,2026-01-16,Cash on Delivery,Delhi
JAN_003861,CUST_01848,Monitor,1,536,2026-01-25,Cash on Delivery,Chennai
JAN_003862,CUST_00625,Smartphone,4,41479,2026-01-11,UPI,Pune
JAN_003863,CUST_02927,Smartphone,4,45752,2026-01-18,Credit Card,Pune
JAN_003864,CUST_04410,Monitor,1,17762,2026-01-06,Debit Card,Chennai
JAN_003865,CUST_02096,Laptop,5,5008,2026-01-07,Debit Card,Hyderabad
JAN_003866,CUST_02821,Monitor,5,48826,2026-01-01,UPI,Pune
JAN_003867,CUST_00782,Monitor,4,17276,2026-01-24,Debit Card,Pune
JAN_003868,CUST_03215,Monitor,2,39670,2026-01-26,UPI,Chennai
JAN_003869,CUST_04030,Tablet,1,3514,2026-01-02,Debit Card,Mumbai
JAN_003870,CUST_02014,Laptop,3,21101,2026-01-19,Debit Card,Mumbai
JAN_003871,CUST_02264,Laptop,2,39797,2026-01-18,Credit Card,Delhi
JAN_003872,CUST_04421,Laptop,2,38772,2026-01-03,Cash on Delivery,Chennai
JAN_003873,CUST_01314,Laptop,2,33868,2026-01-25,Debit Card,Hyderabad
JAN_003874,CUST_03272,Mouse,1,43458,2026-01-18,Cash on Delivery,Hyderabad
JAN_003875,CUST_00102,Headphones,4,21282,2026-01-18,Credit Card,Hyderabad
JAN_003876,CUST_02769,Smartphone,4,18712,2026-01-23,Cash on Delivery,Pune
JAN_003877,CUST_01693,Keyboard,2,22649,2026-01-20,Cash on Delivery,Delhi
JAN_003878,CUST_00455,Keyboard,5,30898,2026-01-07,Debit Card,Bangalore
JAN_003879,CUST_00170,Laptop,4,32141,2026-01-28,UPI,Hyderabad
JAN_003880,CUST_04958,Tablet,1,39297,2026-01-24,Credit Card,Mumbai
JAN_003881,CUST_00963,Smartphone,5,47575,2026-01-22,Debit Card,Delhi
JAN_003882,CUST_00753,Keyboard,2,25745,2026-01-03,Cash on Delivery,Mumbai
JAN_003883,CUST_02747,Mouse,5,22384,2026-01-04,UPI,Bangalore
JAN_003884,CUST_03272,Keyboard,2,43331,2026-01-06,UPI,Mumbai
JAN_003885,CUST_03304,Laptop,3,30007,2026-01-20,Credit Card,Delhi
JAN_003886,CUST_02569,Keyboard,5,31027,2026-01-01,UPI,Chennai
JAN_003887,CUST_02234,Monitor,3,19616,2026-01-16,Cash on Delivery,Pune
JAN_003888,CUST_00465,Headphones,2,5438,2026-01-23,Cash on Delivery,Mumbai
JAN_003889,CUST_03199,Smartphone,5,37705,2026-01-10,Debit Card,Pune
JAN_003890,CUST_04724,Mouse,4,32045,2026-01-08,Cash on Delivery,Chennai
JAN_003891,CUST_03338,Headphones,2,21611,2026-01-05,Cash on Delivery,Mumbai
JAN_003892,CUST_01902,Laptop,2,49289,2026-01-12,Cash on Delivery,Mumbai
JAN_003893,CUST_04380,Mouse,1,8702,2026-01-24,Debit Card,Chennai
JAN_003894,CUST_04551,Tablet,1,14361,2026-01-27,Cash on Delivery,Hyderabad
JAN_003895,CUST_00397,Monitor,1,25979,2026-01-13,Credit Card,Mumbai
JAN_003896,CUST_03243,Keyboard,4,748,2026-01-13,Debit Card,Mumbai
JAN_003897,CUST_04350,Smartphone,4,17631,2026-01-05,UPI,Hyderabad
JAN_003898,CUST_04815,Smartphone,1,14379,2026-01-18,UPI,Hyderabad
JAN_003899,CUST_01351,Laptop,2,42083,2026-01-04,UPI,Delhi
JAN_003900,CUST_01109,Laptop,5,17389,2026-01-12,Debit Card,Delhi
JAN_003901,CUST_01639,Tablet,3,37452,2026-01-23,Cash on Delivery,Pune
JAN_003902,CUST_03004,Keyboard,1,37848,2026-01-20,Credit Card,Chennai
JAN_003903,CUST_00406,Smartwatch,1,8919,2026-01-02,Cash on Delivery,Bangalore
JAN_003904,CUST_04039,Mouse,3,17094,2026-01-30,Debit Card,Pune
JAN_003905,CUST_01123,Laptop,3,18932,2026-01-19,Debit Card,Pune
JAN_003906,CUST_02699,Keyboard,5,6135,2026-01-10,UPI,Hyderabad
JAN_003907,CUST_04597,Smartphone,5,39209,2026-01-01,Cash on Delivery,Bangalore
JAN_003908,CUST_02871,Keyboard,3,18746,2026-01-21,Debit Card,Chennai
JAN_003909,CUST_01286,Headphones,5,45146,2026-01-13,Debit Card,Delhi
JAN_003910,CUST_04042,Tablet,1,20837,2026-01-04,Cash on Delivery,Chennai
JAN_003911,CUST_01923,Smartwatch,1,27725,2026-01-01,Credit Card,Bangalore
JAN_003912,CUST_03466,Laptop,4,887,2026-01-18,Debit Card,Chennai
JAN_003913,CUST_01264,Smartwatch,4,1250,2026-01-28,Credit Card,Delhi
JAN_003914,CUST_00516,Monitor,5,24131,2026-01-12,UPI,Mumbai
JAN_003915,CUST_01631,Laptop,1,29115,2026-01-12,Credit Card,Pune
JAN_003916,CUST_00739,Smartwatch,4,6353,2026-01-24,Debit Card,Chennai
JAN_003917,CUST_02842,Tablet,5,4252,2026-01-02,Debit Card,Delhi
JAN_003918,CUST_02095,Mouse,1,13909,2026-01-06,Credit Card,Hyderabad
JAN_003919,CUST_02520,Tablet,5,17589,2026-01-11,UPI,Pune
JAN_003920,CUST_02165,Monitor,2,6561,2026-01-13,Debit Card,Pune
JAN_003921,CUST_03831,Laptop,3,47561,2026-01-31,Cash on Delivery,Mumbai
JAN_003922,CUST_00655,Smartwatch,4,48932,2026-01-19,Debit Card,Pune
JAN_003923,CUST_04758,Keyboard,4,21833,2026-01-13,Cash on Delivery,Mumbai
JAN_003924,CUST_01926,Keyboard,3,46958,2026-01-18,Cash on Delivery,Bangalore
JAN_003925,CUST_04584,Tablet,4,36044,2026-01-21,UPI,Bangalore
JAN_003926,CUST_03840,Laptop,2,16117,2026-01-22,Cash on Delivery,Chennai
JAN_003927,CUST_00727,Mouse,2,591,2026-01-26,UPI,Hyderabad
JAN_003928,CUST_01344,Laptop,5,23785,2026-01-06,Cash on Delivery,Chennai
JAN_003929,CUST_01778,Keyboard,2,45433,2026-01-08,Cash on Delivery,Delhi
JAN_003930,CUST_01092,Keyboard,5,26733,2026-01-26,Debit Card,Bangalore
JAN_003931,CUST_01525,Headphones,3,15933,2026-01-02,Credit Card,Chennai
JAN_003932,CUST_03770,Smartwatch,5,39111,2026-01-30,Credit Card,Bangalore
JAN_003933,CUST_03599,Tablet,2,40960,2026-01-06,Credit Card,Delhi
JAN_003934,CUST_04383,Monitor,2,3262,2026-01-24,Credit Card,Delhi
JAN_003935,CUST_01494,Laptop,5,6355,2026-01-22,Debit Card,Pune
JAN_003936,CUST_00535,Smartwatch,5,12579,2026-01-01,Credit Card,Delhi
JAN_003937,CUST_02285,Mouse,2,14121,2026-01-17,Debit Card,Chennai
JAN_003938,CUST_00579,Headphones,5,795,2026-01-22,Cash on Delivery,Bangalore
JAN_003939,CUST_02631,Smartphone,3,17811,2026-01-27,Debit Card,Delhi
JAN_003940,CUST_03187,Laptop,4,21407,2026-01-29,Cash on Delivery,Hyderabad
JAN_003941,CUST_04992,Smartphone,2,36317,2026-01-23,Credit Card,Mumbai
JAN_003942,CUST_00031,Smartwatch,3,16312,2026-01-01,Credit Card,Pune
JAN_003943,CUST_01510,Smartwatch,2,8607,2026-01-05,Cash on Delivery,Chennai
JAN_003944,CUST_03825,Keyboard,2,5143,2026-01-15,Cash on Delivery,Pune
JAN_003945,CUST_00277,Smartwatch,4,19778,2026-01-17,Cash on Delivery,Mumbai
JAN_003946,CUST_03629,Laptop,2,36802,2026-01-30,Debit Card,Mumbai
JAN_003947,CUST_03101,Laptop,3,40462,2026-01-08,Debit Card,Delhi
JAN_003948,CUST_04125,Mouse,2,41499,2026-01-20,Debit Card,Mumbai
JAN_003949,CUST_00308,Tablet,3,47905,2026-01-24,UPI,Delhi
JAN_003950,CUST_04064,Mouse,1,44462,2026-01-29,Cash on Delivery,Chennai
JAN_003951,CUST_03006,Headphones,4,29916,2026-01-26,Cash on Delivery,Delhi
JAN_003952,CUST_04663,Laptop,4,10679,2026-01-12,UPI,Mumbai
JAN_003953,CUST_03317,Keyboard,5,43608,2026-01-08,Debit Card,Pune
JAN_003954,CUST_03306,Mouse,4,47971,2026-01-28,UPI,Bangalore
JAN_003955,CUST_03669,Mouse,3,39194,2026-01-19,Cash on Delivery,Pune
JAN_003956,CUST_01712,Smartphone,5,14459,2026-01-19,Cash on Delivery,Pune
JAN_003957,CUST_04438,Mouse,5,5271,2026-01-19,Debit Card,Hyderabad
JAN_003958,CUST_04146,Smartwatch,1,38818,2026-01-30,Debit Card,Bangalore
JAN_003959,CUST_02311,Keyboard,2,27524,2026-01-01,Cash on Delivery,Bangalore
JAN_003960,CUST_01045,Headphones,2,38897,2026-01-07,Debit Card,Chennai
JAN_003961,CUST_01072,Smartphone,2,47294,2026-01-04,UPI,Pune
JAN_003962,CUST_00855,Monitor,5,19095,2026-01-28,Debit Card,Delhi
JAN_003963,CUST_00134,Laptop,1,12157,2026-01-09,Cash on Delivery,Chennai
JAN_003964,CUST_01339,Headphones,2,38969,2026-01-24,Debit Card,Chennai
JAN_003965,CUST_01415,Headphones,3,26263,2026-01-10,Cash on Delivery,Pune
JAN_003966,CUST_04028,Smartphone,5,33045,2026-01-17,Credit Card,Delhi
JAN_003967,CUST_03689,Tablet,1,21815,2026-01-07,Debit Card,Mumbai
JAN_003968,CUST_04278,Laptop,4,45913,2026-01-13,UPI,Pune
JAN_003969,CUST_02093,Monitor,4,20250,2026-01-07,Cash on Delivery,Pune
JAN_003970,CUST_04911,Mouse,4,1805,2026-01-19,Debit Card,Hyderabad
JAN_003971,CUST_03636,Mouse,5,25550,2026-01-14,Credit Card,Pune
JAN_003972,CUST_01978,Laptop,5,29348,2026-01-18,Credit Card,Delhi
JAN_003973,CUST_00978,Laptop,5,4089,2026-01-13,Credit Card,Chennai
JAN_003974,CUST_03148,Smartwatch,2,685,2026-01-03,UPI,Chennai
JAN_003975,CUST_02920,Monitor,4,45051,2026-01-11,Cash on Delivery,Bangalore
JAN_003976,CUST_04090,Smartwatch,3,21681,2026-01-11,Debit Card,Chennai
JAN_003977,CUST_00819,Headphones,3,31018,2026-01-12,Cash on Delivery,Bangalore
JAN_003978,CUST_00057,Laptop,4,34526,2026-01-01,Cash on Delivery,Bangalore
JAN_003979,CUST_03400,Headphones,3,44980,2026-01-17,UPI,Bangalore
JAN_003980,CUST_03398,Smartwatch,3,16934,2026-01-03,Debit Card,Mumbai
JAN_003981,CUST_01435,Mouse,3,17240,2026-01-05,UPI,Hyderabad
JAN_003982,CUST_03870,Mouse,1,9618,2026-01-19,Credit Card,Delhi
JAN_003983,CUST_03331,Smartwatch,1,33791,2026-01-17,Credit Card,Bangalore
JAN_003984,CUST_03850,Laptop,1,29863,2026-01-27,UPI,Delhi
JAN_003985,CUST_01590,Laptop,5,19749,2026-01-14,Debit Card,Delhi
JAN_003986,CUST_01739,Smartwatch,1,11561,2026-01-30,UPI,Pune
JAN_003987,CUST_00398,Keyboard,1,40092,2026-01-11,Debit Card,Pune
JAN_003988,CUST_01742,Mouse,5,994,2026-01-03,Cash on Delivery,Pune
JAN_003989,CUST_04976,Tablet,5,31971,2026-01-03,Cash on Delivery,Delhi
JAN_003990,CUST_02235,Monitor,2,36588,2026-01-27,Debit Card,Mumbai
JAN_003991,CUST_02971,Smartwatch,5,17914,2026-01-07,UPI,Bangalore
JAN_003992,CUST_00347,Tablet,2,23395,2026-01-11,Cash on Delivery,Pune
JAN_003993,CUST_02451,Laptop,5,21293,2026-01-16,Cash on Delivery,Pune
JAN_003994,CUST_01825,Mouse,1,22271,2026-01-21,UPI,Delhi
JAN_003995,CUST_03541,Laptop,2,47204,2026-01-22,Debit Card,Bangalore
JAN_003996,CUST_00363,Keyboard,1,23384,2026-01-05,Credit Card,Bangalore
JAN_003997,CUST_02297,Laptop,4,12731,2026-01-17,Debit Card,Delhi
JAN_003998,CUST_01863,Smartphone,5,48965,2026-01-02,Cash on Delivery,Pune
JAN_003999,CUST_03860,Mouse,5,28825,2026-01-15,Cash on Delivery,Bangalore
JAN_004000,CUST_02993,Smartphone,3,4570,2026-01-20,Cash on Delivery,Pune
JAN_004001,CUST_04282,Headphones,2,442,2026-01-09,Credit Card,Hyderabad
JAN_004002,CUST_04260,Smartwatch,5,18317,2026-01-11,UPI,Hyderabad
JAN_004003,CUST_01304,Keyboard,2,11230,2026-01-14,Cash on Delivery,Mumbai
JAN_004004,CUST_02954,Smartwatch,5,49793,2026-01-24,Debit Card,Delhi
JAN_004005,CUST_03441,Tablet,3,34039,2026-01-15,Credit Card,Mumbai
JAN_004006,CUST_03633,Keyboard,1,25362,2026-01-28,Cash on Delivery,Delhi
JAN_004007,CUST_04837,Keyboard,1,24548,2026-01-27,UPI,Hyderabad
JAN_004008,CUST_00740,Tablet,5,33010,2026-01-30,Credit Card,Bangalore
JAN_004009,CUST_01202,Smartwatch,3,22474,2026-01-25,Debit Card,Chennai
JAN_004010,CUST_04496,Laptop,4,10211,2026-01-20,Credit Card,Delhi
JAN_004011,CUST_01184,Keyboard,4,8001,2026-01-15,Cash on Delivery,Hyderabad
JAN_004012,CUST_04746,Laptop,2,11423,2026-01-17,Credit Card,Chennai
JAN_004013,CUST_04696,Laptop,1,46627,2026-01-22,Cash on Delivery,Bangalore
JAN_004014,CUST_02235,Tablet,1,44181,2026-01-27,Debit Card,Chennai
JAN_004015,CUST_04759,Monitor,3,4826,2026-01-15,Cash on Delivery,Chennai
JAN_004016,CUST_02572,Monitor,2,39085,2026-01-16,UPI,Hyderabad
JAN_004017,CUST_00326,Tablet,2,30528,2026-01-18,UPI,Bangalore
JAN_004018,CUST_00531,Monitor,4,39687,2026-01-19,UPI,Hyderabad
JAN_004019,CUST_02479,Monitor,5,40080,2026-01-19,Cash on Delivery,Delhi
JAN_004020,CUST_04506,Keyboard,5,17473,2026-01-13,Cash on Delivery,Chennai
JAN_004021,CUST_04302,Laptop,2,1307,2026-01-07,Cash on Delivery,Chennai
JAN_004022,CUST_01237,Keyboard,5,26358,2026-01-03,UPI,Delhi
JAN_004023,CUST_04937,Laptop,3,48580,2026-01-04,UPI,Hyderabad
JAN_004024,CUST_04480,Smartphone,2,37363,2026-01-29,Cash on Delivery,Pune
JAN_004025,CUST_00806,Headphones,1,42723,2026-01-26,Cash on Delivery,Mumbai
JAN_004026,CUST_03292,Smartwatch,5,2601,2026-01-30,UPI,Mumbai
JAN_004027,CUST_04802,Headphones,2,31725,2026-01-15,Credit Card,Hyderabad
JAN_004028,CUST_01180,Smartwatch,5,39960,2026-01-18,Credit Card,Delhi
JAN_004029,CUST_04190,Smartwatch,3,40011,2026-01-09,Cash on Delivery,Mumbai
JAN_004030,CUST_02591,Laptop,4,32367,2026-01-08,Debit Card,Chennai
JAN_004031,CUST_03390,Keyboard,2,22372,2026-01-17,Debit Card,Pune
JAN_004032,CUST_00109,Tablet,4,15674,2026-01-15,UPI,Delhi
JAN_004033,CUST_01787,Smartphone,3,21779,2026-01-27,Debit Card,Pune
JAN_004034,CUST_02608,Tablet,1,23627,2026-01-02,Credit Card,Pune
JAN_004035,CUST_04300,Tablet,5,39751,2026-01-03,Credit Card,Hyderabad
JAN_004036,CUST_02296,Mouse,1,20593,2026-01-09,Debit Card,Hyderabad
JAN_004037,CUST_01715,Smartphone,1,20605,2026-01-18,UPI,Bangalore
JAN_004038,CUST_03960,Laptop,1,49518,2026-01-29,Credit Card,Delhi
JAN_004039,CUST_02644,Laptop,2,26453,2026-01-21,Cash on Delivery,Mumbai
JAN_004040,CUST_03224,Smartphone,1,38393,2026-01-11,Cash on Delivery,Chennai
JAN_004041,CUST_03657,Laptop,2,15412,2026-01-20,Debit Card,Pune
JAN_004042,CUST_02926,Smartwatch,5,19331,2026-01-09,Debit Card,Chennai
JAN_004043,CUST_04707,Mouse,1,15397,2026-01-16,Cash on Delivery,Pune
JAN_004044,CUST_03501,Mouse,1,4551,2026-01-28,Cash on Delivery,Delhi
JAN_004045,CUST_01104,Monitor,4,14528,2026-01-31,Cash on Delivery,Hyderabad
JAN_004046,CUST_01707,Smartphone,3,38361,2026-01-22,Cash on Delivery,Bangalore
JAN_004047,CUST_01313,Headphones,4,15504,2026-01-15,UPI,Hyderabad
JAN_004048,CUST_04584,Keyboard,1,9159,2026-01-13,UPI,Bangalore
JAN_004049,CUST_03018,Mouse,2,15061,2026-01-18,Credit Card,Delhi
JAN_004050,CUST_00742,Smartwatch,3,4720,2026-01-10,Debit Card,Pune
JAN_004051,CUST_02084,Keyboard,5,28567,2026-01-24,Cash on Delivery,Mumbai
JAN_004052,CUST_03823,Keyboard,3,19312,2026-01-31,Cash on Delivery,Chennai
JAN_004053,CUST_02086,Smartwatch,2,47854,2026-01-23,UPI,Bangalore
JAN_004054,CUST_04689,Monitor,5,18775,2026-01-24,UPI,Pune
JAN_004055,CUST_02194,Smartphone,4,4370,2026-01-16,Cash on Delivery,Mumbai
JAN_004056,CUST_00108,Headphones,2,5241,2026-01-11,UPI,Chennai
JAN_004057,CUST_04521,Smartphone,3,6680,2026-01-19,Credit Card,Bangalore
JAN_004058,CUST_02241,Tablet,4,46012,2026-01-27,UPI,Pune
JAN_004059,CUST_02091,Keyboard,4,29674,2026-01-19,Debit Card,Mumbai
JAN_004060,CUST_01053,Headphones,5,26746,2026-01-24,Debit Card,Pune
JAN_004061,CUST_01978,Keyboard,1,10132,2026-01-21,Cash on Delivery,Pune
JAN_004062,CUST_00243,Smartwatch,2,7839,2026-01-12,Credit Card,Chennai
JAN_004063,CUST_03707,Tablet,1,39507,2026-01-13,Cash on Delivery,Chennai
JAN_004064,CUST_03568,Smartphone,1,9345,2026-01-14,Debit Card,Pune
JAN_004065,CUST_01971,Mouse,2,2301,2026-01-13,Credit Card,Delhi
JAN_004066,CUST_01804,Mouse,5,38760,2026-01-05,UPI,Mumbai
JAN_004067,CUST_01711,Tablet,4,36489,2026-01-29,Credit Card,Chennai
JAN_004068,CUST_02934,Laptop,1,31287,2026-01-16,Cash on Delivery,Hyderabad
JAN_004069,CUST_02683,Headphones,3,18293,2026-01-03,Cash on Delivery,Mumbai
JAN_004070,CUST_02407,Laptop,5,10961,2026-01-09,Credit Card,Delhi
JAN_004071,CUST_02871,Smartphone,4,20125,2026-01-25,Cash on Delivery,Bangalore
JAN_004072,CUST_02517,Headphones,4,3643,2026-01-14,UPI,Hyderabad
JAN_004073,CUST_02018,Tablet,2,25078,2026-01-13,Credit Card,Mumbai
JAN_004074,CUST_04789,Monitor,4,40330,2026-01-19,Debit Card,Bangalore
JAN_004075,CUST_01294,Headphones,4,45112,2026-01-19,Cash on Delivery,Chennai
JAN_004076,CUST_02153,Smartphone,3,40036,2026-01-28,UPI,Mumbai
JAN_004077,CUST_04486,Monitor,1,11924,2026-01-07,Debit Card,Bangalore
JAN_004078,CUST_01707,Mouse,3,44983,2026-01-03,Debit Card,Hyderabad
JAN_004079,CUST_03942,Headphones,2,35159,2026-01-13,Credit Card,Hyderabad
JAN_004080,CUST_02464,Tablet,2,15497,2026-01-01,UPI,Bangalore
JAN_004081,CUST_02959,Mouse,4,48120,2026-01-30,UPI,Bangalore
JAN_004082,CUST_03951,Mouse,5,13174,2026-01-22,Credit Card,Bangalore
JAN_004083,CUST_00938,Mouse,5,30214,2026-01-03,Cash on Delivery,Hyderabad
JAN_004084,CUST_02596,Keyboard,1,8982,2026-01-27,UPI,Bangalore
JAN_004085,CUST_04778,Monitor,3,16181,2026-01-01,Cash on Delivery,Chennai
JAN_004086,CUST_03568,Smartwatch,1,33874,2026-01-21,Credit Card,Mumbai
JAN_004087,CUST_04329,Monitor,5,3581,2026-01-23,UPI,Mumbai
JAN_004088,CUST_04391,Tablet,2,5821,2026-01-24,Debit Card,Delhi
JAN_004089,CUST_00691,Monitor,1,4454,2026-01-19,Debit Card,Delhi
JAN_004090,CUST_03944,Smartwatch,2,41573,2026-01-14,UPI,Mumbai
JAN_004091,CUST_04494,Smartphone,5,30091,2026-01-16,UPI,Mumbai
JAN_004092,CUST_03321,Monitor,4,19938,2026-01-20,Credit Card,Bangalore
JAN_004093,CUST_03721,Laptop,4,42294,2026-01-25,UPI,Delhi
JAN_004094,CUST_03505,Keyboard,2,47483,2026-01-28,UPI,Bangalore
JAN_004095,CUST_02157,Headphones,2,1001,2026-01-31,Cash on Delivery,Mumbai
JAN_004096,CUST_01513,Keyboard,1,12325,2026-01-02,Cash on Delivery,Bangalore
JAN_004097,CUST_02746,Laptop,3,9250,2026-01-21,Credit Card,Bangalore
JAN_004098,CUST_00783,Smartphone,3,10253,2026-01-24,UPI,Chennai
JAN_004099,CUST_03936,Laptop,1,20846,2026-01-14,UPI,Bangalore
JAN_004100,CUST_04824,Headphones,1,6455,2026-01-11,Cash on Delivery,Chennai
JAN_004101,CUST_02047,Keyboard,5,9417,2026-01-29,Credit Card,Delhi
JAN_004102,CUST_01120,Mouse,1,2264,2026-01-28,Debit Card,Delhi
JAN_004103,CUST_04810,Headphones,2,43770,2026-01-28,Credit Card,Mumbai
JAN_004104,CUST_03095,Headphones,1,6465,2026-01-12,UPI,Mumbai
JAN_004105,CUST_01702,Mouse,5,20302,2026-01-04,Credit Card,Delhi
JAN_004106,CUST_00828,Keyboard,2,42257,2026-01-19,Credit Card,Bangalore
JAN_004107,CUST_04236,Smartwatch,1,14269,2026-01-06,Credit Card,Delhi
JAN_004108,CUST_04897,Mouse,3,27182,2026-01-24,Debit Card,Bangalore
JAN_004109,CUST_01775,Mouse,2,33007,2026-01-05,Cash on Delivery,Bangalore
JAN_004110,CUST_02441,Tablet,4,526,2026-01-25,Credit Card,Bangalore
JAN_004111,CUST_04195,Smartwatch,4,12869,2026-01-19,Debit Card,Delhi
JAN_004112,CUST_00447,Monitor,2,28856,2026-01-24,Cash on Delivery,Pune
JAN_004113,CUST_03880,Keyboard,3,43576,2026-01-22,Debit Card,Delhi
JAN_004114,CUST_03866,Keyboard,3,26726,2026-01-20,UPI,Bangalore
JAN_004115,CUST_01455,Smartwatch,4,24509,2026-01-23,Debit Card,Hyderabad
JAN_004116,CUST_00544,Mouse,4,25764,2026-01-28,Credit Card,Bangalore
JAN_004117,CUST_02018,Laptop,5,27499,2026-01-26,Cash on Delivery,Bangalore
JAN_004118,CUST_02184,Tablet,3,14563,2026-01-04,Credit Card,Chennai
JAN_004119,CUST_04765,Monitor,2,19109,2026-01-28,Cash on Delivery,Bangalore
JAN_004120,CUST_03227,Smartwatch,3,43907,2026-01-30,Credit Card,Bangalore
JAN_004121,CUST_04598,Smartwatch,2,41736,2026-01-07,Debit Card,Pune
JAN_004122,CUST_01263,Mouse,2,46538,2026-01-08,Cash on Delivery,Chennai
JAN_004123,CUST_04853,Headphones,3,6967,2026-01-30,Debit Card,Chennai
JAN_004124,CUST_01284,Tablet,4,13078,2026-01-03,Credit Card,Bangalore
JAN_004125,CUST_01741,Mouse,4,36148,2026-01-09,Debit Card,Hyderabad
JAN_004126,CUST_03516,Keyboard,5,1912,2026-01-24,Cash on Delivery,Mumbai
JAN_004127,CUST_04411,Headphones,3,37261,2026-01-13,Cash on Delivery,Hyderabad
JAN_004128,CUST_01937,Smartphone,4,6503,2026-01-21,Debit Card,Delhi
JAN_004129,CUST_04097,Smartphone,1,25998,2026-01-22,Credit Card,Pune
JAN_004130,CUST_00725,Laptop,2,1715,2026-01-15,Cash on Delivery,Delhi
JAN_004131,CUST_01072,Smartwatch,1,31102,2026-01-16,Credit Card,Mumbai
JAN_004132,CUST_00782,Mouse,5,40409,2026-01-31,Cash on Delivery,Chennai
JAN_004133,CUST_04538,Laptop,5,9370,2026-01-31,Cash on Delivery,Pune
JAN_004134,CUST_04701,Keyboard,1,8838,2026-01-09,UPI,Bangalore
JAN_004135,CUST_01610,Mouse,4,26208,2026-01-13,Credit Card,Bangalore
JAN_004136,CUST_02278,Headphones,5,41673,2026-01-21,Credit Card,Chennai
JAN_004137,CUST_02430,Monitor,4,13642,2026-01-27,Credit Card,Hyderabad
JAN_004138,CUST_03769,Headphones,5,38776,2026-01-04,Debit Card,Mumbai
JAN_004139,CUST_03240,Mouse,5,43777,2026-01-07,UPI,Pune
JAN_004140,CUST_01488,Smartwatch,4,47294,2026-01-04,Debit Card,Hyderabad
JAN_004141,CUST_00725,Smartwatch,4,44255,2026-01-15,UPI,Chennai
JAN_004142,CUST_04512,Keyboard,2,21737,2026-01-22,Credit Card,Hyderabad
JAN_004143,CUST_00270,Smartphone,4,7240,2026-01-04,Credit Card,Bangalore
JAN_004144,CUST_04680,Laptop,1,26503,2026-01-26,Credit Card,Hyderabad
JAN_004145,CUST_02230,Laptop,1,12959,2026-01-20,Credit Card,Delhi
JAN_004146,CUST_02228,Keyboard,4,43839,2026-01-09,Cash on Delivery,Chennai
JAN_004147,CUST_01681,Mouse,5,6779,2026-01-22,Debit Card,Mumbai
JAN_004148,CUST_04615,Mouse,1,47934,2026-01-27,UPI,Mumbai
JAN_004149,CUST_03557,Tablet,5,14389,2026-01-28,UPI,Mumbai
JAN_004150,CUST_04460,Smartphone,1,26444,2026-01-09,UPI,Bangalore
JAN_004151,CUST_04836,Smartphone,1,3316,2026-01-19,Debit Card,Pune
JAN_004152,CUST_01324,Laptop,2,34910,2026-01-29,Cash on Delivery,Chennai
JAN_004153,CUST_00976,Smartwatch,5,2361,2026-01-30,UPI,Hyderabad
JAN_004154,CUST_00325,Keyboard,3,9662,2026-01-20,UPI,Delhi
JAN_004155,CUST_04112,Monitor,3,36475,2026-01-09,Debit Card,Delhi
JAN_004156,CUST_01717,Monitor,2,5094,2026-01-02,Cash on Delivery,Mumbai
JAN_004157,CUST_03917,Smartphone,4,38976,2026-01-23,UPI,Delhi
JAN_004158,CUST_04453,Smartwatch,1,5432,2026-01-30,Debit Card,Chennai
JAN_004159,CUST_00708,Tablet,1,13522,2026-01-04,Credit Card,Pune
JAN_004160,CUST_04776,Mouse,1,9070,2026-01-04,Debit Card,Chennai
JAN_004161,CUST_00036,Headphones,5,36614,2026-01-22,UPI,Bangalore
JAN_004162,CUST_00977,Headphones,5,30305,2026-01-03,Debit Card,Bangalore
JAN_004163,CUST_03970,Smartphone,5,14167,2026-01-05,Cash on Delivery,Chennai
JAN_004164,CUST_04179,Monitor,4,25140,2026-01-28,Debit Card,Chennai
JAN_004165,CUST_04958,Smartphone,2,36514,2026-01-07,UPI,Mumbai
JAN_004166,CUST_04091,Mouse,5,7487,2026-01-30,Cash on Delivery,Mumbai
JAN_004167,CUST_04732,Mouse,2,16551,2026-01-26,Credit Card,Mumbai
JAN_004168,CUST_02327,Laptop,1,46729,2026-01-12,Credit Card,Mumbai
JAN_004169,CUST_02749,Keyboard,3,3568,2026-01-30,Cash on Delivery,Hyderabad
JAN_004170,CUST_03550,Headphones,4,4553,2026-01-22,Cash on Delivery,Hyderabad
JAN_004171,CUST_02822,Monitor,2,21379,2026-01-09,Credit Card,Pune
JAN_004172,CUST_02555,Smartphone,1,9304,2026-01-16,Debit Card,Bangalore
JAN_004173,CUST_00533,Tablet,5,35773,2026-01-16,Debit Card,Hyderabad
JAN_004174,CUST_02941,Smartwatch,4,39817,2026-01-17,Debit Card,Hyderabad
JAN_004175,CUST_04898,Keyboard,1,2207,2026-01-19,Debit Card,Mumbai
JAN_004176,CUST_02792,Smartwatch,4,22997,2026-01-19,Cash on Delivery,Delhi
JAN_004177,CUST_02983,Mouse,2,12273,2026-01-12,Cash on Delivery,Pune
JAN_004178,CUST_00708,Tablet,2,25740,2026-01-24,Cash on Delivery,Delhi
JAN_004179,CUST_02963,Smartwatch,3,1896,2026-01-25,Debit Card,Chennai
JAN_004180,CUST_00066,Tablet,1,43672,2026-01-28,UPI,Mumbai
JAN_004181,CUST_02249,Smartphone,2,533,2026-01-10,Cash on Delivery,Hyderabad
JAN_004182,CUST_03449,Headphones,3,2855,2026-01-21,Cash on Delivery,Mumbai
JAN_004183,CUST_00043,Laptop,4,27015,2026-01-29,UPI,Pune
JAN_004184,CUST_00822,Tablet,2,35346,2026-01-09,Credit Card,Mumbai
JAN_004185,CUST_03340,Headphones,2,33066,2026-01-16,UPI,Mumbai
JAN_004186,CUST_01322,Headphones,2,9560,2026-01-12,Credit Card,Delhi
JAN_004187,CUST_04556,Headphones,3,1063,2026-01-06,Debit Card,Chennai
JAN_004188,CUST_01275,Keyboard,3,39914,2026-01-11,Debit Card,Mumbai
JAN_004189,CUST_02236,Smartphone,1,47798,2026-01-01,Debit Card,Chennai
JAN_004190,CUST_00949,Keyboard,3,6870,2026-01-20,UPI,Delhi
JAN_004191,CUST_00244,Monitor,2,21085,2026-01-12,Cash on Delivery,Delhi
JAN_004192,CUST_04347,Headphones,1,28818,2026-01-06,Debit Card,Mumbai
JAN_004193,CUST_02945,Tablet,5,2882,2026-01-21,Cash on Delivery,Hyderabad
JAN_004194,CUST_00240,Headphones,5,1326,2026-01-08,UPI,Mumbai
JAN_004195,CUST_02459,Smartphone,5,19054,2026-01-29,Debit Card,Delhi
JAN_004196,CUST_00633,Monitor,2,33658,2026-01-10,UPI,Pune
JAN_004197,CUST_02359,Tablet,5,27069,2026-01-09,Cash on Delivery,Bangalore
JAN_004198,CUST_01056,Laptop,2,5770,2026-01-24,Credit Card,Mumbai
JAN_004199,CUST_01819,Monitor,4,36850,2026-01-13,UPI,Pune
JAN_004200,CUST_03807,Smartphone,2,6579,2026-01-08,Credit Card,Pune
JAN_004201,CUST_03643,Mouse,2,47418,2026-01-20,Cash on Delivery,Hyderabad
JAN_004202,CUST_00113,Monitor,3,36411,2026-01-19,Debit Card,Bangalore
JAN_004203,CUST_04039,Monitor,5,37697,2026-01-30,Debit Card,Pune
JAN_004204,CUST_00171,Mouse,2,37943,2026-01-25,UPI,Chennai
JAN_004205,CUST_03522,Laptop,3,23746,2026-01-20,Credit Card,Hyderabad
JAN_004206,CUST_04451,Smartwatch,1,24924,2026-01-20,UPI,Pune
JAN_004207,CUST_03183,Monitor,4,30326,2026-01-02,Credit Card,Delhi
JAN_004208,CUST_02240,Monitor,4,3033,2026-01-15,UPI,Chennai
JAN_004209,CUST_01179,Tablet,4,6310,2026-01-11,Credit Card,Chennai
JAN_004210,CUST_04589,Smartphone,3,38718,2026-01-22,UPI,Delhi
JAN_004211,CUST_01802,Laptop,5,18573,2026-01-12,Credit Card,Chennai
JAN_004212,CUST_03265,Headphones,5,26268,2026-01-24,Debit Card,Bangalore
JAN_004213,CUST_03767,Tablet,2,21375,2026-01-10,UPI,Hyderabad
JAN_004214,CUST_01509,Keyboard,2,16618,2026-01-10,Credit Card,Delhi
JAN_004215,CUST_04197,Laptop,1,18150,2026-01-10,UPI,Chennai
JAN_004216,CUST_01033,Mouse,1,47395,2026-01-23,Debit Card,Bangalore
JAN_004217,CUST_03264,Smartphone,3,35234,2026-01-08,Debit Card,Bangalore
JAN_004218,CUST_02309,Laptop,4,11610,2026-01-15,Cash on Delivery,Hyderabad
JAN_004219,CUST_03104,Laptop,2,18389,2026-01-26,Credit Card,Bangalore
JAN_004220,CUST_00504,Keyboard,2,14724,2026-01-15,Credit Card,Hyderabad
JAN_004221,CUST_02769,Mouse,3,12080,2026-01-26,Credit Card,Mumbai
JAN_004222,CUST_04406,Headphones,5,25554,2026-01-11,Credit Card,Mumbai
JAN_004223,CUST_00166,Headphones,5,28713,2026-01-09,Cash on Delivery,Delhi
JAN_004224,CUST_04916,Smartphone,4,10550,2026-01-29,UPI,Chennai
JAN_004225,CUST_01286,Headphones,2,1932,2026-01-10,Debit Card,Mumbai
JAN_004226,CUST_03802,Headphones,1,23739,2026-01-14,Credit Card,Hyderabad
JAN_004227,CUST_03327,Smartwatch,5,13957,2026-01-06,Cash on Delivery,Mumbai
JAN_004228,CUST_01813,Headphones,3,49451,2026-01-13,UPI,Delhi
JAN_004229,CUST_01890,Headphones,5,3159,2026-01-04,Debit Card,Hyderabad
JAN_004230,CUST_02936,Laptop,2,10110,2026-01-25,UPI,Chennai
JAN_004231,CUST_04793,Laptop,1,37978,2026-01-04,Credit Card,Pune
JAN_004232,CUST_01734,Monitor,5,14991,2026-01-08,Cash on Delivery,Hyderabad
JAN_004233,CUST_00695,Laptop,1,4009,2026-01-16,UPI,Delhi
JAN_004234,CUST_04766,Monitor,4,6717,2026-01-23,Cash on Delivery,Delhi
JAN_004235,CUST_02790,Smartwatch,3,46076,2026-01-06,Cash on Delivery,Mumbai
JAN_004236,CUST_03019,Monitor,5,20457,2026-01-17,UPI,Pune
JAN_004237,CUST_04747,Headphones,2,230,2026-01-15,Debit Card,Bangalore
JAN_004238,CUST_01780,Headphones,2,5629,2026-01-24,Cash on Delivery,Pune
JAN_004239,CUST_03840,Tablet,5,5145,2026-01-21,Debit Card,Bangalore
JAN_004240,CUST_02373,Tablet,3,16260,2026-01-13,Cash on Delivery,Mumbai
JAN_004241,CUST_00969,Mouse,3,13032,2026-01-26,UPI,Mumbai
JAN_004242,CUST_03698,Tablet,4,27772,2026-01-22,Cash on Delivery,Bangalore
JAN_004243,CUST_02823,Headphones,4,42674,2026-01-02,Cash on Delivery,Mumbai
JAN_004244,CUST_00218,Headphones,5,5871,2026-01-05,Debit Card,Chennai
JAN_004245,CUST_00451,Smartwatch,1,47475,2026-01-18,UPI,Delhi
JAN_004246,CUST_02015,Smartphone,1,25810,2026-01-05,Cash on Delivery,Pune
JAN_004247,CUST_03620,Laptop,4,41435,2026-01-18,Cash on Delivery,Pune
JAN_004248,CUST_01676,Monitor,2,9079,2026-01-14,Credit Card,Delhi
JAN_004249,CUST_03984,Smartphone,5,23513,2026-01-22,Credit Card,Mumbai
JAN_004250,CUST_01131,Smartwatch,5,47416,2026-01-28,Debit Card,Pune
JAN_004251,CUST_03012,Smartwatch,2,32835,2026-01-17,UPI,Mumbai
JAN_004252,CUST_01248,Mouse,2,1613,2026-01-10,UPI,Mumbai
JAN_004253,CUST_02006,Tablet,3,16299,2026-01-31,Credit Card,Delhi
JAN_004254,CUST_00600,Keyboard,2,17216,2026-01-23,Cash on Delivery,Bangalore
JAN_004255,CUST_04115,Smartwatch,4,40347,2026-01-20,Credit Card,Delhi
JAN_004256,CUST_04386,Mouse,1,32370,2026-01-16,Credit Card,Pune
JAN_004257,CUST_03382,Monitor,5,4890,2026-01-16,Debit Card,Delhi
JAN_004258,CUST_04291,Headphones,1,6376,2026-01-30,UPI,Bangalore
JAN_004259,CUST_00249,Smartwatch,3,10926,2026-01-22,Cash on Delivery,Chennai
JAN_004260,CUST_01508,Smartwatch,4,14639,2026-01-10,Debit Card,Mumbai
JAN_004261,CUST_01184,Tablet,2,18527,2026-01-26,Debit Card,Bangalore
JAN_004262,CUST_02040,Tablet,3,44282,2026-01-08,Cash on Delivery,Bangalore
JAN_004263,CUST_03162,Tablet,4,17251,2026-01-30,Cash on Delivery,Hyderabad
JAN_004264,CUST_04823,Smartwatch,2,10992,2026-01-10,Debit Card,Hyderabad
JAN_004265,CUST_03012,Smartphone,1,20308,2026-01-10,Cash on Delivery,Pune
JAN_004266,CUST_02580,Laptop,4,38118,2026-01-05,Credit Card,Hyderabad
JAN_004267,CUST_02679,Smartwatch,5,22076,2026-01-14,UPI,Delhi
JAN_004268,CUST_00445,Smartwatch,2,49397,2026-01-27,Cash on Delivery,Chennai
JAN_004269,CUST_04033,Headphones,5,15366,2026-01-23,Debit Card,Pune
JAN_004270,CUST_03612,Keyboard,3,45080,2026-01-01,Debit Card,Delhi
JAN_004271,CUST_01074,Smartphone,3,28844,2026-01-03,Debit Card,Mumbai
JAN_004272,CUST_01208,Keyboard,3,32537,2026-01-06,Cash on Delivery,Hyderabad
JAN_004273,CUST_00052,Mouse,3,32492,2026-01-28,Cash on Delivery,Delhi
JAN_004274,CUST_00953,Mouse,1,30278,2026-01-12,UPI,Delhi
JAN_004275,CUST_04340,Headphones,1,19376,2026-01-08,Cash on Delivery,Hyderabad
JAN_004276,CUST_01180,Keyboard,2,29344,2026-01-22,Credit Card,Pune
JAN_004277,CUST_04649,Mouse,3,4396,2026-01-02,Cash on Delivery,Chennai
JAN_004278,CUST_03648,Laptop,4,13119,2026-01-13,Cash on Delivery,Pune
JAN_004279,CUST_01152,Smartwatch,2,484,2026-01-08,UPI,Mumbai
JAN_004280,CUST_01242,Laptop,1,47388,2026-01-05,Debit Card,Hyderabad
JAN_004281,CUST_02199,Headphones,4,16788,2026-01-30,Credit Card,Delhi
JAN_004282,CUST_01741,Smartwatch,4,44482,2026-01-25,Cash on Delivery,Mumbai
JAN_004283,CUST_04174,Headphones,5,39865,2026-01-31,Cash on Delivery,Chennai
JAN_004284,CUST_00703,Keyboard,4,771,2026-01-24,Debit Card,Pune
JAN_004285,CUST_02075,Mouse,4,39481,2026-01-22,Credit Card,Mumbai
JAN_004286,CUST_03035,Smartwatch,3,37441,2026-01-18,UPI,Mumbai
JAN_004287,CUST_01539,Headphones,3,40939,2026-01-28,Debit Card,Mumbai
JAN_004288,CUST_04620,Keyboard,3,3471,2026-01-30,UPI,Mumbai
JAN_004289,CUST_02719,Mouse,4,7390,2026-01-04,Cash on Delivery,Bangalore
JAN_004290,CUST_04347,Laptop,5,3397,2026-01-26,Credit Card,Hyderabad
JAN_004291,CUST_04175,Laptop,3,16930,2026-01-24,UPI,Mumbai
JAN_004292,CUST_00504,Mouse,2,4386,2026-01-10,Debit Card,Chennai
JAN_004293,CUST_04170,Monitor,1,45230,2026-01-13,Credit Card,Bangalore
JAN_004294,CUST_04280,Smartphone,3,33954,2026-01-07,Credit Card,Chennai
JAN_004295,CUST_03753,Monitor,3,33340,2026-01-10,UPI,Delhi
JAN_004296,CUST_00099,Smartphone,4,34037,2026-01-02,Debit Card,Chennai
JAN_004297,CUST_03665,Smartphone,4,29743,2026-01-10,Debit Card,Mumbai
JAN_004298,CUST_04983,Laptop,2,30516,2026-01-03,UPI,Chennai
JAN_004299,CUST_04967,Keyboard,4,46188,2026-01-29,UPI,Chennai
JAN_004300,CUST_00875,Monitor,5,25710,2026-01-03,Cash on Delivery,Hyderabad
JAN_004301,CUST_00925,Smartphone,5,37639,2026-01-14,Cash on Delivery,Chennai
JAN_004302,CUST_02919,Keyboard,2,10674,2026-01-15,Cash on Delivery,Mumbai
JAN_004303,CUST_00342,Monitor,1,22012,2026-01-16,Credit Card,Bangalore
JAN_004304,CUST_02094,Monitor,5,4589,2026-01-07,Debit Card,Chennai
JAN_004305,CUST_03603,Headphones,5,24423,2026-01-11,Credit Card,Bangalore
JAN_004306,CUST_01962,Keyboard,5,43200,2026-01-31,Credit Card,Bangalore
JAN_004307,CUST_03178,Smartwatch,2,6377,2026-01-06,Cash on Delivery,Pune
JAN_004308,CUST_02746,Laptop,1,44850,2026-01-16,Debit Card,Hyderabad
JAN_004309,CUST_02193,Smartwatch,4,36117,2026-01-27,Cash on Delivery,Hyderabad
JAN_004310,CUST_01705,Laptop,2,623,2026-01-28,Credit Card,Hyderabad
JAN_004311,CUST_01676,Headphones,4,11915,2026-01-11,Cash on Delivery,Chennai
JAN_004312,CUST_04854,Keyboard,3,20952,2026-01-14,UPI,Pune
JAN_004313,CUST_00502,Headphones,3,8443,2026-01-12,Debit Card,Bangalore
JAN_004314,CUST_00873,Keyboard,1,35875,2026-01-14,Cash on Delivery,Delhi
JAN_004315,CUST_00063,Tablet,2,47520,2026-01-31,UPI,Pune
JAN_004316,CUST_01834,Headphones,4,31337,2026-01-15,Cash on Delivery,Chennai
JAN_004317,CUST_00950,Smartphone,5,19368,2026-01-30,Credit Card,Bangalore
JAN_004318,CUST_03939,Smartwatch,2,271,2026-01-05,UPI,Mumbai
JAN_004319,CUST_00680,Headphones,1,3349,2026-01-15,Credit Card,Pune
JAN_004320,CUST_02283,Headphones,2,19546,2026-01-28,Debit Card,Chennai
JAN_004321,CUST_00425,Monitor,4,45533,2026-01-07,Cash on Delivery,Chennai
JAN_004322,CUST_03500,Smartphone,5,38378,2026-01-04,Cash on Delivery,Mumbai
JAN_004323,CUST_02989,Smartwatch,3,26333,2026-01-13,Cash on Delivery,Chennai
JAN_004324,CUST_02425,Laptop,5,40137,2026-01-14,Cash on Delivery,Hyderabad
JAN_004325,CUST_01922,Keyboard,3,17633,2026-01-28,UPI,Mumbai
JAN_004326,CUST_03004,Headphones,2,18651,2026-01-20,Credit Card,Pune
JAN_004327,CUST_02987,Keyboard,4,41103,2026-01-13,Credit Card,Pune
JAN_004328,CUST_01042,Smartphone,5,5176,2026-01-06,Debit Card,Delhi
JAN_004329,CUST_00109,Tablet,1,23913,2026-01-20,Debit Card,Chennai
JAN_004330,CUST_01993,Smartwatch,1,7672,2026-01-22,Debit Card,Chennai
JAN_004331,CUST_04807,Smartphone,1,21745,2026-01-26,UPI,Pune
JAN_004332,CUST_00788,Laptop,1,26215,2026-01-23,Credit Card,Chennai
JAN_004333,CUST_00252,Laptop,2,26501,2026-01-01,Debit Card,Hyderabad
JAN_004334,CUST_01712,Mouse,4,22237,2026-01-19,Cash on Delivery,Hyderabad
JAN_004335,CUST_01666,Keyboard,3,19141,2026-01-30,Credit Card,Bangalore
JAN_004336,CUST_00732,Headphones,1,18791,2026-01-16,Cash on Delivery,Chennai
JAN_004337,CUST_00748,Mouse,4,16090,2026-01-19,Cash on Delivery,Pune
JAN_004338,CUST_02324,Keyboard,2,1703,2026-01-13,Credit Card,Mumbai
JAN_004339,CUST_04054,Headphones,4,27940,2026-01-31,Debit Card,Delhi
JAN_004340,CUST_04248,Headphones,3,25945,2026-01-25,Debit Card,Bangalore
JAN_004341,CUST_04852,Headphones,4,44096,2026-01-28,Credit Card,Bangalore
JAN_004342,CUST_00323,Laptop,2,1562,2026-01-01,Cash on Delivery,Pune
JAN_004343,CUST_00708,Mouse,4,1344,2026-01-02,Debit Card,Mumbai
JAN_004344,CUST_00198,Monitor,3,13862,2026-01-19,Credit Card,Chennai
JAN_004345,CUST_00939,Smartwatch,2,48017,2026-01-29,UPI,Pune
JAN_004346,CUST_01624,Keyboard,3,27778,2026-01-23,Credit Card,Chennai
JAN_004347,CUST_01645,Laptop,1,4015,2026-01-20,UPI,Pune
JAN_004348,CUST_04828,Laptop,5,39206,2026-01-02,Credit Card,Mumbai
JAN_004349,CUST_03633,Smartphone,1,20497,2026-01-18,UPI,Delhi
JAN_004350,CUST_01890,Monitor,3,4425,2026-01-17,Debit Card,Hyderabad
JAN_004351,CUST_04917,Headphones,5,44957,2026-01-29,UPI,Hyderabad
JAN_004352,CUST_01886,Laptop,3,46486,2026-01-24,Credit Card,Pune
JAN_004353,CUST_03418,Smartwatch,1,16088,2026-01-15,Cash on Delivery,Chennai
JAN_004354,CUST_04373,Laptop,5,5596,2026-01-06,Credit Card,Delhi
JAN_004355,CUST_03516,Smartphone,3,37691,2026-01-22,Debit Card,Chennai
JAN_004356,CUST_02101,Tablet,1,22972,2026-01-29,Credit Card,Mumbai
JAN_004357,CUST_00724,Laptop,3,44822,2026-01-27,Credit Card,Pune
JAN_004358,CUST_02004,Laptop,5,28554,2026-01-25,Cash on Delivery,Delhi
JAN_004359,CUST_03669,Mouse,2,6403,2026-01-20,UPI,Pune
JAN_004360,CUST_01147,Smartwatch,5,15455,2026-01-10,Cash on Delivery,Chennai
JAN_004361,CUST_02917,Laptop,1,26777,2026-01-24,Cash on Delivery,Chennai
JAN_004362,CUST_00806,Tablet,4,26291,2026-01-16,Credit Card,Pune
JAN_004363,CUST_04446,Keyboard,4,15678,2026-01-17,Cash on Delivery,Hyderabad
JAN_004364,CUST_02929,Laptop,1,47956,2026-01-17,Cash on Delivery,Pune
JAN_004365,CUST_03768,Smartwatch,2,39005,2026-01-06,Credit Card,Delhi
JAN_004366,CUST_03542,Smartwatch,4,33932,2026-01-14,UPI,Hyderabad
JAN_004367,CUST_01596,Tablet,4,5811,2026-01-23,Cash on Delivery,Bangalore
JAN_004368,CUST_01535,Laptop,4,19299,2026-01-06,Credit Card,Bangalore
JAN_004369,CUST_04387,Smartphone,2,21398,2026-01-19,Debit Card,Hyderabad
JAN_004370,CUST_03935,Tablet,2,28631,2026-01-16,Debit Card,Hyderabad
JAN_004371,CUST_04064,Smartwatch,3,1834,2026-01-27,Credit Card,Hyderabad
JAN_004372,CUST_04360,Laptop,3,2121,2026-01-12,UPI,Pune
JAN_004373,CUST_02384,Smartphone,4,7367,2026-01-31,Cash on Delivery,Bangalore
JAN_004374,CUST_04518,Keyboard,5,4785,2026-01-16,Credit Card,Hyderabad
JAN_004375,CUST_02888,Smartwatch,3,6282,2026-01-31,Cash on Delivery,Mumbai
JAN_004376,CUST_00936,Mouse,5,28284,2026-01-21,UPI,Mumbai
JAN_004377,CUST_02958,Laptop,1,47281,2026-01-28,Credit Card,Bangalore
JAN_004378,CUST_04870,Headphones,5,29508,2026-01-09,Cash on Delivery,Bangalore
JAN_004379,CUST_03794,Laptop,2,42310,2026-01-21,UPI,Delhi
JAN_004380,CUST_01608,Laptop,1,6863,2026-01-19,Credit Card,Bangalore
JAN_004381,CUST_00109,Smartphone,5,25852,2026-01-21,UPI,Chennai
JAN_004382,CUST_01401,Laptop,4,43556,2026-01-09,Debit Card,Delhi
JAN_004383,CUST_01328,Keyboard,2,26943,2026-01-06,Credit Card,Mumbai
JAN_004384,CUST_04595,Laptop,4,11219,2026-01-21,UPI,Mumbai
JAN_004385,CUST_04084,Keyboard,1,9119,2026-01-26,Debit Card,Delhi
JAN_004386,CUST_03154,Smartwatch,2,17210,2026-01-29,Cash on Delivery,Bangalore
JAN_004387,CUST_03847,Mouse,1,45897,2026-01-08,Debit Card,Chennai
JAN_004388,CUST_00754,Mouse,3,25826,2026-01-29,Debit Card,Chennai
JAN_004389,CUST_04064,Mouse,1,47409,2026-01-22,Cash on Delivery,Hyderabad
JAN_004390,CUST_04039,Keyboard,3,42532,2026-01-29,Debit Card,Bangalore
JAN_004391,CUST_03053,Keyboard,3,21846,2026-01-31,UPI,Bangalore
JAN_004392,CUST_03516,Smartwatch,3,33892,2026-01-13,Credit Card,Pune
JAN_004393,CUST_02193,Keyboard,3,37002,2026-01-24,Credit Card,Pune
JAN_004394,CUST_02894,Smartwatch,2,27495,2026-01-31,Cash on Delivery,Delhi
JAN_004395,CUST_03209,Mouse,5,20725,2026-01-14,Credit Card,Delhi
JAN_004396,CUST_03775,Tablet,3,34575,2026-01-01,Cash on Delivery,Mumbai
JAN_004397,CUST_04161,Mouse,2,10624,2026-01-30,Cash on Delivery,Hyderabad
JAN_004398,CUST_01790,Mouse,3,16181,2026-01-18,Cash on Delivery,Hyderabad
JAN_004399,CUST_02763,Laptop,3,1758,2026-01-23,Debit Card,Bangalore
JAN_004400,CUST_00489,Monitor,1,39251,2026-01-26,Credit Card,Hyderabad
JAN_004401,CUST_03285,Tablet,2,48225,2026-01-09,UPI,Mumbai
JAN_004402,CUST_01615,Mouse,2,49886,2026-01-15,Credit Card,Hyderabad
JAN_004403,CUST_03830,Tablet,2,48585,2026-01-02,Cash on Delivery,Delhi
JAN_004404,CUST_04836,Monitor,3,41811,2026-01-28,Debit Card,Pune
JAN_004405,CUST_00040,Keyboard,5,2072,2026-01-21,UPI,Chennai
JAN_004406,CUST_02745,Monitor,1,23422,2026-01-05,UPI,Pune
JAN_004407,CUST_00040,Mouse,3,1717,2026-01-05,Credit Card,Hyderabad
JAN_004408,CUST_02554,Keyboard,3,15075,2026-01-04,UPI,Delhi
JAN_004409,CUST_03802,Mouse,2,14866,2026-01-30,Cash on Delivery,Hyderabad
JAN_004410,CUST_02709,Keyboard,1,47487,2026-01-28,UPI,Mumbai
JAN_004411,CUST_01958,Monitor,5,2113,2026-01-05,Debit Card,Delhi
JAN_004412,CUST_02933,Headphones,4,17514,2026-01-13,Credit Card,Hyderabad
JAN_004413,CUST_03116,Headphones,3,7475,2026-01-14,UPI,Hyderabad
JAN_004414,CUST_04063,Keyboard,5,12811,2026-01-12,Debit Card,Bangalore
JAN_004415,CUST_02804,Smartphone,3,41613,2026-01-10,Cash on Delivery,Mumbai
JAN_004416,CUST_04945,Smartphone,5,15414,2026-01-26,Debit Card,Mumbai
JAN_004417,CUST_03905,Mouse,3,23627,2026-01-03,Debit Card,Pune
JAN_004418,CUST_03718,Laptop,4,9094,2026-01-08,Cash on Delivery,Delhi
JAN_004419,CUST_00882,Smartwatch,4,13293,2026-01-18,Credit Card,Chennai
JAN_004420,CUST_03157,Smartphone,2,5893,2026-01-09,Debit Card,Chennai
JAN_004421,CUST_03467,Headphones,4,17064,2026-01-12,UPI,Delhi
JAN_004422,CUST_03476,Laptop,5,17078,2026-01-25,UPI,Hyderabad
JAN_004423,CUST_03622,Smartwatch,2,1125,2026-01-26,UPI,Chennai
JAN_004424,CUST_01918,Smartphone,5,28477,2026-01-19,Credit Card,Mumbai
JAN_004425,CUST_01925,Monitor,1,28762,2026-01-26,Cash on Delivery,Mumbai
JAN_004426,CUST_02750,Laptop,3,47458,2026-01-10,Credit Card,Delhi
JAN_004427,CUST_03431,Tablet,2,44548,2026-01-30,UPI,Delhi
JAN_004428,CUST_01764,Mouse,2,35000,2026-01-31,UPI,Bangalore
JAN_004429,CUST_02820,Smartphone,3,42812,2026-01-17,Credit Card,Mumbai
JAN_004430,CUST_03026,Keyboard,4,19715,2026-01-05,Debit Card,Mumbai
JAN_004431,CUST_01186,Headphones,2,7216,2026-01-28,Credit Card,Bangalore
JAN_004432,CUST_03862,Monitor,3,29138,2026-01-05,Cash on Delivery,Chennai
JAN_004433,CUST_04968,Smartphone,1,47276,2026-01-06,Debit Card,Bangalore
JAN_004434,CUST_00199,Mouse,3,12919,2026-01-19,UPI,Hyderabad
JAN_004435,CUST_01664,Mouse,2,28765,2026-01-28,Debit Card,Delhi
JAN_004436,CUST_00693,Laptop,2,43746,2026-01-30,Cash on Delivery,Chennai
JAN_004437,CUST_00879,Monitor,1,26938,2026-01-04,Credit Card,Pune
JAN_004438,CUST_00940,Tablet,5,8490,2026-01-19,Cash on Delivery,Bangalore
JAN_004439,CUST_00527,Tablet,2,10798,2026-01-26,UPI,Chennai
JAN_004440,CUST_00684,Laptop,5,32258,2026-01-05,Credit Card,Hyderabad
JAN_004441,CUST_01284,Smartphone,5,36241,2026-01-05,Credit Card,Chennai
JAN_004442,CUST_00619,Monitor,4,14475,2026-01-19,Cash on Delivery,Chennai
JAN_004443,CUST_03966,Smartphone,1,23726,2026-01-25,Credit Card,Hyderabad
JAN_004444,CUST_03697,Tablet,1,29171,2026-01-17,Debit Card,Bangalore
JAN_004445,CUST_04874,Smartphone,3,13077,2026-01-28,UPI,Bangalore
JAN_004446,CUST_02604,Laptop,1,11837,2026-01-09,UPI,Delhi
JAN_004447,CUST_03091,Keyboard,5,32598,2026-01-25,UPI,Delhi
JAN_004448,CUST_02537,Monitor,1,11347,2026-01-24,Debit Card,Hyderabad
JAN_004449,CUST_03708,Smartwatch,1,15780,2026-01-13,UPI,Bangalore
JAN_004450,CUST_04953,Keyboard,3,26944,2026-01-01,Cash on Delivery,Pune
JAN_004451,CUST_02438,Smartphone,5,46795,2026-01-12,Credit Card,Delhi
JAN_004452,CUST_03474,Smartphone,1,5149,2026-01-26,Credit Card,Hyderabad
JAN_004453,CUST_01083,Tablet,2,4897,2026-01-22,UPI,Bangalore
JAN_004454,CUST_01997,Keyboard,3,24795,2026-01-04,UPI,Mumbai
JAN_004455,CUST_02544,Headphones,2,391,2026-01-18,UPI,Delhi
JAN_004456,CUST_04481,Headphones,3,15669,2026-01-18,Credit Card,Mumbai
JAN_004457,CUST_04508,Keyboard,1,49500,2026-01-25,Cash on Delivery,Hyderabad
JAN_004458,CUST_03368,Keyboard,4,792,2026-01-04,Credit Card,Hyderabad
JAN_004459,CUST_00705,Tablet,2,48583,2026-01-19,Cash on Delivery,Hyderabad
JAN_004460,CUST_03817,Mouse,4,28276,2026-01-01,Cash on Delivery,Delhi
JAN_004461,CUST_00351,Laptop,3,8680,2026-01-02,UPI,Bangalore
JAN_004462,CUST_00817,Laptop,4,779,2026-01-23,Cash on Delivery,Mumbai
JAN_004463,CUST_01978,Mouse,5,24132,2026-01-14,UPI,Pune
JAN_004464,CUST_04368,Monitor,1,12016,2026-01-22,Credit Card,Chennai
JAN_004465,CUST_04335,Monitor,1,7417,2026-01-01,UPI,Hyderabad
JAN_004466,CUST_02490,Monitor,3,24013,2026-01-09,Cash on Delivery,Hyderabad
JAN_004467,CUST_01162,Smartwatch,3,22379,2026-01-16,Cash on Delivery,Mumbai
JAN_004468,CUST_01525,Tablet,4,32870,2026-01-20,UPI,Delhi
JAN_004469,CUST_03655,Smartphone,5,32999,2026-01-15,Cash on Delivery,Delhi
JAN_004470,CUST_03487,Keyboard,5,23424,2026-01-28,Cash on Delivery,Mumbai
JAN_004471,CUST_03291,Smartwatch,4,35845,2026-01-05,Credit Card,Mumbai
JAN_004472,CUST_02978,Tablet,2,30265,2026-01-12,UPI,Delhi
JAN_004473,CUST_04299,Tablet,3,3249,2026-01-18,Credit Card,Pune
JAN_004474,CUST_01782,Mouse,4,4711,2026-01-05,Debit Card,Bangalore
JAN_004475,CUST_03203,Smartwatch,2,32590,2026-01-26,Cash on Delivery,Delhi
JAN_004476,CUST_01790,Laptop,3,44762,2026-01-24,UPI,Mumbai
JAN_004477,CUST_03745,Smartwatch,1,45039,2026-01-26,Debit Card,Delhi
JAN_004478,CUST_00838,Monitor,2,19567,2026-01-21,Credit Card,Mumbai
JAN_004479,CUST_03251,Smartwatch,2,27440,2026-01-20,Debit Card,Chennai
JAN_004480,CUST_02051,Smartwatch,3,24914,2026-01-01,Cash on Delivery,Hyderabad
JAN_004481,CUST_03958,Laptop,2,24933,2026-01-17,Credit Card,Mumbai
JAN_004482,CUST_02280,Keyboard,4,44955,2026-01-01,Credit Card,Chennai
JAN_004483,CUST_01860,Smartphone,3,37991,2026-01-24,Credit Card,Pune
JAN_004484,CUST_01188,Smartphone,2,31824,2026-01-31,UPI,Chennai
JAN_004485,CUST_04902,Keyboard,3,4421,2026-01-11,UPI,Bangalore
JAN_004486,CUST_03090,Headphones,5,6372,2026-01-02,UPI,Hyderabad
JAN_004487,CUST_01396,Headphones,5,10481,2026-01-15,Debit Card,Chennai
JAN_004488,CUST_04249,Keyboard,1,5934,2026-01-04,UPI,Chennai
JAN_004489,CUST_04780,Smartwatch,1,31687,2026-01-23,Debit Card,Pune
JAN_004490,CUST_04308,Mouse,5,31464,2026-01-15,Debit Card,Hyderabad
JAN_004491,CUST_03677,Laptop,3,10766,2026-01-20,Credit Card,Mumbai
JAN_004492,CUST_01018,Smartphone,3,36001,2026-01-16,Cash on Delivery,Bangalore
JAN_004493,CUST_02916,Smartphone,5,40819,2026-01-14,UPI,Mumbai
JAN_004494,CUST_00631,Tablet,2,41608,2026-01-14,Debit Card,Chennai
JAN_004495,CUST_01993,Smartphone,4,13314,2026-01-28,UPI,Delhi
JAN_004496,CUST_03777,Monitor,3,29601,2026-01-20,Credit Card,Pune
JAN_004497,CUST_03395,Smartphone,4,39304,2026-01-28,Debit Card,Hyderabad
JAN_004498,CUST_01786,Tablet,5,33434,2026-01-14,UPI,Mumbai
JAN_004499,CUST_01731,Laptop,4,34960,2026-01-19,Credit Card,Pune
JAN_004500,CUST_00933,Keyboard,1,32941,2026-01-02,UPI,Chennai
JAN_004501,CUST_02852,Keyboard,2,7731,2026-01-16,Cash on Delivery,Delhi
JAN_004502,CUST_01594,Smartwatch,1,16064,2026-01-26,UPI,Chennai
JAN_004503,CUST_04317,Monitor,3,38105,2026-01-20,UPI,Mumbai
JAN_004504,CUST_04933,Laptop,2,31409,2026-01-10,Credit Card,Hyderabad
JAN_004505,CUST_02424,Monitor,5,22017,2026-01-12,Credit Card,Bangalore
JAN_004506,CUST_03450,Keyboard,5,38603,2026-01-23,UPI,Delhi
JAN_004507,CUST_02282,Keyboard,5,41626,2026-01-16,Credit Card,Delhi
JAN_004508,CUST_02640,Monitor,1,28901,2026-01-30,Debit Card,Mumbai
JAN_004509,CUST_04917,Headphones,3,36746,2026-01-27,UPI,Pune
JAN_004510,CUST_02082,Tablet,4,11963,2026-01-24,UPI,Pune
JAN_004511,CUST_01540,Smartwatch,1,8163,2026-01-06,Cash on Delivery,Delhi
JAN_004512,CUST_04901,Mouse,3,17121,2026-01-19,UPI,Delhi
JAN_004513,CUST_04546,Mouse,3,15519,2026-01-24,UPI,Bangalore
JAN_004514,CUST_01783,Laptop,5,16083,2026-01-13,UPI,Chennai
JAN_004515,CUST_03277,Monitor,5,3223,2026-01-20,Cash on Delivery,Pune
JAN_004516,CUST_02506,Monitor,5,35483,2026-01-22,Cash on Delivery,Delhi
JAN_004517,CUST_02274,Laptop,5,49303,2026-01-21,Credit Card,Pune
JAN_004518,CUST_03776,Tablet,2,21736,2026-01-04,UPI,Chennai
JAN_004519,CUST_04164,Smartphone,1,13713,2026-01-13,Credit Card,Hyderabad
JAN_004520,CUST_01574,Smartwatch,4,2086,2026-01-16,Cash on Delivery,Pune
JAN_004521,CUST_00992,Tablet,2,46508,2026-01-05,Debit Card,Mumbai
JAN_004522,CUST_01477,Mouse,2,42828,2026-01-23,Credit Card,Pune
JAN_004523,CUST_02215,Smartphone,5,34620,2026-01-06,Credit Card,Mumbai
JAN_004524,CUST_02013,Headphones,2,28634,2026-01-14,Debit Card,Bangalore
JAN_004525,CUST_00119,Smartphone,5,6745,2026-01-29,Debit Card,Bangalore
JAN_004526,CUST_01378,Mouse,5,17943,2026-01-09,Credit Card,Pune
JAN_004527,CUST_00253,Headphones,3,16233,2026-01-22,Debit Card,Mumbai
JAN_004528,CUST_04923,Mouse,4,27158,2026-01-23,Debit Card,Pune
JAN_004529,CUST_00745,Smartphone,5,28105,2026-01-29,UPI,Bangalore
JAN_004530,CUST_02245,Laptop,5,37945,2026-01-14,Debit Card,Mumbai
JAN_004531,CUST_04055,Monitor,2,40897,2026-01-10,UPI,Delhi
JAN_004532,CUST_00319,Monitor,3,41899,2026-01-15,Credit Card,Bangalore
JAN_004533,CUST_02661,Smartphone,5,3857,2026-01-27,Credit Card,Chennai
JAN_004534,CUST_00624,Smartphone,1,42339,2026-01-28,Credit Card,Bangalore
JAN_004535,CUST_02618,Mouse,2,49309,2026-01-13,Credit Card,Mumbai
JAN_004536,CUST_01430,Keyboard,4,25249,2026-01-21,Cash on Delivery,Chennai
JAN_004537,CUST_03469,Headphones,2,37545,2026-01-19,Debit Card,Delhi
JAN_004538,CUST_04402,Smartwatch,1,37469,2026-01-08,Debit Card,Mumbai
JAN_004539,CUST_00536,Keyboard,5,44555,2026-01-27,UPI,Hyderabad
JAN_004540,CUST_01889,Mouse,2,18579,2026-01-26,Credit Card,Bangalore
JAN_004541,CUST_03102,Smartwatch,2,33779,2026-01-01,Credit Card,Bangalore
JAN_004542,CUST_01568,Keyboard,3,44407,2026-01-14,Credit Card,Delhi
JAN_004543,CUST_01710,Tablet,3,6919,2026-01-09,Cash on Delivery,Chennai
JAN_004544,CUST_02085,Laptop,5,28685,2026-01-29,Debit Card,Bangalore
JAN_004545,CUST_02329,Keyboard,5,11773,2026-01-06,Cash on Delivery,Hyderabad
JAN_004546,CUST_01095,Monitor,3,1564,2026-01-31,Cash on Delivery,Bangalore
JAN_004547,CUST_02786,Laptop,5,22966,2026-01-07,Credit Card,Hyderabad
JAN_004548,CUST_04285,Monitor,5,18024,2026-01-21,Cash on Delivery,Pune
JAN_004549,CUST_00068,Keyboard,5,28178,2026-01-28,Cash on Delivery,Bangalore
JAN_004550,CUST_01717,Monitor,5,6499,2026-01-11,Cash on Delivery,Chennai
JAN_004551,CUST_00368,Mouse,4,8365,2026-01-11,Credit Card,Mumbai
JAN_004552,CUST_04849,Monitor,3,9137,2026-01-02,Cash on Delivery,Delhi
JAN_004553,CUST_02251,Mouse,5,42474,2026-01-30,Cash on Delivery,Pune
JAN_004554,CUST_04230,Smartwatch,4,29689,2026-01-13,Debit Card,Chennai
JAN_004555,CUST_03348,Smartphone,4,46093,2026-01-01,UPI,Chennai
JAN_004556,CUST_00422,Smartphone,3,40912,2026-01-19,Cash on Delivery,Mumbai
JAN_004557,CUST_00216,Keyboard,5,17285,2026-01-03,Cash on Delivery,Mumbai
JAN_004558,CUST_03213,Tablet,3,27648,2026-01-11,Cash on Delivery,Pune
JAN_004559,CUST_00001,Monitor,1,35774,2026-01-11,Cash on Delivery,Mumbai
JAN_004560,CUST_00786,Smartwatch,4,43597,2026-01-22,Debit Card,Bangalore
JAN_004561,CUST_01481,Keyboard,3,45701,2026-01-19,Credit Card,Bangalore
JAN_004562,CUST_03564,Monitor,1,18434,2026-01-20,Debit Card,Mumbai
JAN_004563,CUST_02746,Smartwatch,4,46560,2026-01-21,Credit Card,Chennai
JAN_004564,CUST_02547,Laptop,2,46857,2026-01-11,Debit Card,Delhi
JAN_004565,CUST_04596,Smartwatch,1,31108,2026-01-26,Credit Card,Bangalore
JAN_004566,CUST_03652,Smartphone,3,2381,2026-01-26,Credit Card,Bangalore
JAN_004567,CUST_01972,Monitor,4,28238,2026-01-02,Credit Card,Chennai
JAN_004568,CUST_02465,Smartphone,4,49737,2026-01-28,Credit Card,Hyderabad
JAN_004569,CUST_02356,Keyboard,4,36853,2026-01-21,UPI,Pune
JAN_004570,CUST_01605,Monitor,5,23189,2026-01-13,Credit Card,Mumbai
JAN_004571,CUST_00693,Laptop,1,9460,2026-01-24,Cash on Delivery,Hyderabad
JAN_004572,CUST_03092,Monitor,1,40202,2026-01-19,Credit Card,Mumbai
JAN_004573,CUST_02409,Monitor,2,46606,2026-01-25,Cash on Delivery,Chennai
JAN_004574,CUST_04295,Smartwatch,4,3396,2026-01-12,Credit Card,Chennai
JAN_004575,CUST_03400,Headphones,1,12933,2026-01-11,Cash on Delivery,Delhi
JAN_004576,CUST_02491,Mouse,2,41413,2026-01-09,Debit Card,Chennai
JAN_004577,CUST_04897,Smartwatch,2,15445,2026-01-17,UPI,Hyderabad
JAN_004578,CUST_01234,Keyboard,2,24499,2026-01-03,Cash on Delivery,Pune
JAN_004579,CUST_00728,Tablet,1,29592,2026-01-14,Credit Card,Mumbai
JAN_004580,CUST_03658,Mouse,3,23617,2026-01-29,Cash on Delivery,Chennai
JAN_004581,CUST_03507,Headphones,4,9106,2026-01-29,Cash on Delivery,Delhi
JAN_004582,CUST_03215,Tablet,5,20723,2026-01-31,UPI,Hyderabad
JAN_004583,CUST_04541,Tablet,4,17564,2026-01-20,Cash on Delivery,Bangalore
JAN_004584,CUST_02234,Mouse,2,18894,2026-01-20,Debit Card,Delhi
JAN_004585,CUST_02902,Keyboard,4,49345,2026-01-19,Cash on Delivery,Bangalore
JAN_004586,CUST_00226,Keyboard,4,25712,2026-01-29,Cash on Delivery,Chennai
JAN_004587,CUST_03894,Mouse,1,17576,2026-01-18,Credit Card,Mumbai
JAN_004588,CUST_03933,Smartwatch,4,23445,2026-01-31,UPI,Bangalore
JAN_004589,CUST_03647,Monitor,2,19732,2026-01-20,UPI,Mumbai
JAN_004590,CUST_03860,Keyboard,2,4092,2026-01-11,UPI,Mumbai
JAN_004591,CUST_00382,Mouse,1,27006,2026-01-21,Debit Card,Chennai
JAN_004592,CUST_04148,Headphones,2,49015,2026-01-12,Debit Card,Pune
JAN_004593,CUST_02814,Keyboard,5,22058,2026-01-09,Cash on Delivery,Bangalore
JAN_004594,CUST_02802,Headphones,2,44556,2026-01-08,Credit Card,Chennai
JAN_004595,CUST_00262,Laptop,1,17254,2026-01-14,Cash on Delivery,Mumbai
JAN_004596,CUST_04675,Smartphone,1,4127,2026-01-28,Credit Card,Bangalore
JAN_004597,CUST_02963,Smartwatch,1,5355,2026-01-19,Cash on Delivery,Bangalore
JAN_004598,CUST_00711,Smartphone,3,33124,2026-01-03,Credit Card,Pune
JAN_004599,CUST_03669,Mouse,4,28143,2026-01-31,UPI,Bangalore
JAN_004600,CUST_02511,Tablet,4,28056,2026-01-24,UPI,Hyderabad
JAN_004601,CUST_03346,Tablet,1,18593,2026-01-21,Cash on Delivery,Pune
JAN_004602,CUST_03372,Smartwatch,4,36084,2026-01-19,Credit Card,Pune
JAN_004603,CUST_00130,Monitor,2,24373,2026-01-20,Cash on Delivery,Bangalore
JAN_004604,CUST_04802,Monitor,1,34721,2026-01-20,UPI,Bangalore
JAN_004605,CUST_01345,Keyboard,2,436,2026-01-23,Credit Card,Hyderabad
JAN_004606,CUST_01524,Tablet,4,18928,2026-01-23,UPI,Bangalore
JAN_004607,CUST_03942,Keyboard,5,35263,2026-01-09,Cash on Delivery,Delhi
JAN_004608,CUST_01275,Smartphone,3,3791,2026-01-30,Debit Card,Mumbai
JAN_004609,CUST_00723,Smartwatch,4,2312,2026-01-07,Debit Card,Chennai
JAN_004610,CUST_03696,Keyboard,2,36360,2026-01-10,UPI,Bangalore
JAN_004611,CUST_04099,Monitor,2,17314,2026-01-15,Cash on Delivery,Bangalore
JAN_004612,CUST_02478,Headphones,1,12519,2026-01-28,Debit Card,Hyderabad
JAN_004613,CUST_02311,Smartphone,1,49109,2026-01-09,Credit Card,Pune
JAN_004614,CUST_04134,Tablet,2,23619,2026-01-08,UPI,Hyderabad
JAN_004615,CUST_03329,Smartwatch,3,32764,2026-01-30,Cash on Delivery,Bangalore
JAN_004616,CUST_01670,Smartphone,2,24216,2026-01-04,UPI,Hyderabad
JAN_004617,CUST_01540,Laptop,2,23487,2026-01-22,Debit Card,Delhi
JAN_004618,CUST_03428,Monitor,5,5346,2026-01-09,Debit Card,Delhi
JAN_004619,CUST_04320,Monitor,2,45666,2026-01-31,UPI,Chennai
JAN_004620,CUST_04935,Monitor,3,41003,2026-01-18,UPI,Hyderabad
JAN_004621,CUST_02487,Smartphone,2,36506,2026-01-17,Cash on Delivery,Bangalore
JAN_004622,CUST_04251,Smartphone,4,30393,2026-01-12,Debit Card,Hyderabad
JAN_004623,CUST_01763,Keyboard,1,38708,2026-01-06,Credit Card,Bangalore
JAN_004624,CUST_04686,Smartphone,5,47155,2026-01-18,UPI,Pune
JAN_004625,CUST_01607,Smartphone,3,25443,2026-01-02,Credit Card,Bangalore
JAN_004626,CUST_04971,Headphones,3,10488,2026-01-05,UPI,Pune
JAN_004627,CUST_03031,Tablet,2,3609,2026-01-20,UPI,Delhi
JAN_004628,CUST_04219,Monitor,2,31144,2026-01-03,Credit Card,Bangalore
JAN_004629,CUST_00714,Mouse,4,5975,2026-01-03,Credit Card,Delhi
JAN_004630,CUST_02723,Monitor,3,13030,2026-01-03,UPI,Mumbai
JAN_004631,CUST_01831,Laptop,2,4059,2026-01-11,Debit Card,Bangalore
JAN_004632,CUST_03685,Tablet,5,5963,2026-01-01,UPI,Mumbai
JAN_004633,CUST_03337,Monitor,5,36181,2026-01-20,Debit Card,Pune
JAN_004634,CUST_02563,Monitor,4,26858,2026-01-25,Cash on Delivery,Delhi
JAN_004635,CUST_02503,Monitor,3,8043,2026-01-24,Credit Card,Hyderabad
JAN_004636,CUST_00806,Headphones,4,40430,2026-01-19,Debit Card,Bangalore
JAN_004637,CUST_00452,Smartwatch,3,45055,2026-01-05,UPI,Hyderabad
JAN_004638,CUST_00844,Laptop,4,7057,2026-01-30,Cash on Delivery,Pune
JAN_004639,CUST_00765,Laptop,1,49598,2026-01-13,Credit Card,Delhi
JAN_004640,CUST_02049,Headphones,1,26709,2026-01-22,Credit Card,Chennai
JAN_004641,CUST_04125,Headphones,2,45224,2026-01-27,UPI,Pune
JAN_004642,CUST_04090,Monitor,4,11373,2026-01-26,Cash on Delivery,Hyderabad
JAN_004643,CUST_03125,Headphones,1,34873,2026-01-19,Credit Card,Pune
JAN_004644,CUST_04068,Smartphone,1,928,2026-01-09,Debit Card,Hyderabad
JAN_004645,CUST_01140,Monitor,4,8687,2026-01-08,Credit Card,Hyderabad
JAN_004646,CUST_03735,Laptop,2,10548,2026-01-21,Credit Card,Mumbai
JAN_004647,CUST_03796,Mouse,5,22456,2026-01-02,Cash on Delivery,Pune
JAN_004648,CUST_02082,Keyboard,5,30548,2026-01-05,UPI,Delhi
JAN_004649,CUST_02865,Smartphone,3,22133,2026-01-20,Credit Card,Pune
JAN_004650,CUST_00367,Monitor,5,42308,2026-01-26,UPI,Pune
JAN_004651,CUST_01208,Smartwatch,1,25110,2026-01-30,UPI,Bangalore
JAN_004652,CUST_00235,Headphones,2,17380,2026-01-18,UPI,Chennai
JAN_004653,CUST_02938,Mouse,4,17468,2026-01-26,Cash on Delivery,Chennai
JAN_004654,CUST_04973,Monitor,1,47255,2026-01-23,UPI,Bangalore
JAN_004655,CUST_00684,Monitor,4,25899,2026-01-28,Debit Card,Delhi
JAN_004656,CUST_00769,Smartwatch,3,41291,2026-01-02,Debit Card,Chennai
JAN_004657,CUST_01103,Keyboard,5,36825,2026-01-26,Cash on Delivery,Hyderabad
JAN_004658,CUST_04182,Tablet,4,22979,2026-01-17,Cash on Delivery,Pune
JAN_004659,CUST_01947,Smartphone,2,25716,2026-01-30,UPI,Chennai
JAN_004660,CUST_01049,Headphones,5,1709,2026-01-21,UPI,Mumbai
JAN_004661,CUST_01586,Smartwatch,1,18513,2026-01-26,Cash on Delivery,Hyderabad
JAN_004662,CUST_03664,Smartphone,5,40530,2026-01-09,UPI,Delhi
JAN_004663,CUST_00137,Keyboard,3,8146,2026-01-17,Debit Card,Hyderabad
JAN_004664,CUST_02644,Keyboard,5,11242,2026-01-19,Debit Card,Bangalore
JAN_004665,CUST_04827,Smartphone,3,30320,2026-01-03,UPI,Bangalore
JAN_004666,CUST_02521,Tablet,2,36952,2026-01-08,Credit Card,Hyderabad
JAN_004667,CUST_00762,Smartwatch,4,14293,2026-01-12,UPI,Hyderabad
JAN_004668,CUST_01811,Headphones,4,32537,2026-01-11,UPI,Hyderabad
JAN_004669,CUST_04183,Smartwatch,5,49234,2026-01-09,Cash on Delivery,Bangalore
JAN_004670,CUST_01223,Headphones,3,43685,2026-01-13,Credit Card,Delhi
JAN_004671,CUST_01350,Laptop,1,34733,2026-01-17,Credit Card,Delhi
JAN_004672,CUST_03060,Keyboard,1,28825,2026-01-08,Debit Card,Chennai
JAN_004673,CUST_02442,Smartwatch,4,27037,2026-01-18,Cash on Delivery,Hyderabad
JAN_004674,CUST_03271,Mouse,3,36353,2026-01-01,Credit Card,Chennai
JAN_004675,CUST_02300,Monitor,5,31325,2026-01-09,Debit Card,Delhi
JAN_004676,CUST_01893,Monitor,2,5518,2026-01-03,Cash on Delivery,Bangalore
JAN_004677,CUST_02824,Monitor,5,41389,2026-01-29,Credit Card,Hyderabad
JAN_004678,CUST_04003,Mouse,5,46634,2026-01-23,Cash on Delivery,Bangalore
JAN_004679,CUST_00528,Mouse,5,25481,2026-01-03,Credit Card,Chennai
JAN_004680,CUST_02648,Smartphone,1,40642,2026-01-15,Cash on Delivery,Chennai
JAN_004681,CUST_02742,Keyboard,3,40381,2026-01-09,Cash on Delivery,Bangalore
JAN_004682,CUST_02608,Smartphone,3,42229,2026-01-26,Cash on Delivery,Bangalore
JAN_004683,CUST_00915,Smartwatch,4,34893,2026-01-29,Cash on Delivery,Delhi
JAN_004684,CUST_00066,Laptop,5,13736,2026-01-30,Debit Card,Pune
JAN_004685,CUST_01505,Laptop,1,26152,2026-01-17,Credit Card,Mumbai
JAN_004686,CUST_02682,Tablet,2,11508,2026-01-03,Debit Card,Delhi
JAN_004687,CUST_04296,Mouse,5,49031,2026-01-05,Credit Card,Bangalore
JAN_004688,CUST_04917,Headphones,4,25206,2026-01-25,Cash on Delivery,Hyderabad
JAN_004689,CUST_04651,Mouse,4,43119,2026-01-02,UPI,Mumbai
JAN_004690,CUST_04147,Laptop,3,731,2026-01-26,Credit Card,Delhi
JAN_004691,CUST_02458,Laptop,1,22065,2026-01-30,Credit Card,Chennai
JAN_004692,CUST_01983,Monitor,5,26357,2026-01-24,Cash on Delivery,Pune
JAN_004693,CUST_00855,Monitor,3,17318,2026-01-16,Debit Card,Chennai
JAN_004694,CUST_00130,Monitor,2,38589,2026-01-29,Credit Card,Chennai
JAN_004695,CUST_03584,Tablet,3,49203,2026-01-02,Cash on Delivery,Pune
JAN_004696,CUST_01129,Tablet,2,3350,2026-01-23,Debit Card,Pune
JAN_004697,CUST_03237,Mouse,5,37777,2026-01-07,UPI,Mumbai
JAN_004698,CUST_01255,Monitor,4,29327,2026-01-20,Credit Card,Hyderabad
JAN_004699,CUST_00349,Headphones,1,23623,2026-01-12,Debit Card,Pune
JAN_004700,CUST_01782,Keyboard,1,44343,2026-01-29,Cash on Delivery,Chennai
JAN_004701,CUST_02622,Headphones,1,10601,2026-01-11,Cash on Delivery,Delhi
JAN_004702,CUST_02129,Keyboard,5,24499,2026-01-14,Cash on Delivery,Chennai
JAN_004703,CUST_04195,Mouse,3,49246,2026-01-21,Cash on Delivery,Mumbai
JAN_004704,CUST_04598,Laptop,4,22704,2026-01-15,UPI,Pune
JAN_004705,CUST_04609,Smartphone,5,33287,2026-01-26,UPI,Chennai
JAN_004706,CUST_03070,Monitor,1,10238,2026-01-16,Debit Card,Bangalore
JAN_004707,CUST_02514,Headphones,3,13700,2026-01-04,UPI,Chennai
JAN_004708,CUST_02258,Headphones,5,49963,2026-01-30,Credit Card,Hyderabad
JAN_004709,CUST_02756,Tablet,3,29034,2026-01-25,Cash on Delivery,Chennai
JAN_004710,CUST_03107,Monitor,5,2605,2026-01-12,Cash on Delivery,Mumbai
JAN_004711,CUST_02672,Mouse,5,17457,2026-01-12,Credit Card,Pune
JAN_004712,CUST_02507,Keyboard,4,35395,2026-01-27,Cash on Delivery,Pune
JAN_004713,CUST_00835,Monitor,4,37141,2026-01-16,Credit Card,Delhi
JAN_004714,CUST_00022,Mouse,5,3723,2026-01-24,Cash on Delivery,Chennai
JAN_004715,CUST_01975,Mouse,1,22860,2026-01-31,Credit Card,Bangalore
JAN_004716,CUST_03800,Tablet,1,3539,2026-01-19,UPI,Mumbai
JAN_004717,CUST_02729,Mouse,4,30009,2026-01-04,Credit Card,Bangalore
JAN_004718,CUST_02154,Keyboard,1,43405,2026-01-20,Debit Card,Pune
JAN_004719,CUST_03963,Headphones,2,23294,2026-01-18,Debit Card,Chennai
JAN_004720,CUST_04100,Monitor,4,16882,2026-01-31,UPI,Delhi
JAN_004721,CUST_02215,Tablet,3,6441,2026-01-11,Cash on Delivery,Hyderabad
JAN_004722,CUST_03065,Tablet,2,40804,2026-01-11,Debit Card,Delhi
JAN_004723,CUST_01185,Monitor,3,23106,2026-01-08,UPI,Pune
JAN_004724,CUST_04769,Monitor,4,49144,2026-01-24,Debit Card,Chennai
JAN_004725,CUST_04109,Smartphone,4,26575,2026-01-12,UPI,Delhi
JAN_004726,CUST_04350,Mouse,1,12875,2026-01-26,Cash on Delivery,Delhi
JAN_004727,CUST_01749,Mouse,4,323,2026-01-08,Debit Card,Mumbai
JAN_004728,CUST_00834,Mouse,4,39056,2026-01-15,Cash on Delivery,Pune
JAN_004729,CUST_00787,Mouse,4,44072,2026-01-23,Cash on Delivery,Pune
JAN_004730,CUST_02012,Mouse,1,36636,2026-01-26,Debit Card,Pune
JAN_004731,CUST_04686,Monitor,1,34160,2026-01-11,Credit Card,Chennai
JAN_004732,CUST_02322,Monitor,4,2630,2026-01-31,UPI,Chennai
JAN_004733,CUST_01565,Smartwatch,1,1464,2026-01-01,UPI,Chennai
JAN_004734,CUST_00256,Laptop,1,28926,2026-01-12,UPI,Chennai
JAN_004735,CUST_04693,Mouse,5,2391,2026-01-15,Cash on Delivery,Hyderabad
JAN_004736,CUST_04894,Headphones,5,20686,2026-01-14,Debit Card,Pune
JAN_004737,CUST_03260,Headphones,1,49303,2026-01-04,Debit Card,Hyderabad
JAN_004738,CUST_01937,Smartwatch,4,26532,2026-01-26,Credit Card,Bangalore
JAN_004739,CUST_03510,Tablet,2,24318,2026-01-07,Debit Card,Pune
JAN_004740,CUST_04869,Smartwatch,1,32250,2026-01-17,UPI,Chennai
JAN_004741,CUST_01089,Keyboard,3,5795,2026-01-05,Credit Card,Delhi
JAN_004742,CUST_02830,Smartphone,2,40314,2026-01-26,UPI,Mumbai
JAN_004743,CUST_01553,Laptop,5,30877,2026-01-09,Debit Card,Delhi
JAN_004744,CUST_02538,Keyboard,4,26754,2026-01-16,Credit Card,Bangalore
JAN_004745,CUST_04652,Smartwatch,4,4299,2026-01-16,Debit Card,Hyderabad
JAN_004746,CUST_00184,Keyboard,1,43728,2026-01-31,UPI,Chennai
JAN_004747,CUST_01871,Monitor,4,24104,2026-01-22,Credit Card,Chennai
JAN_004748,CUST_00207,Headphones,3,12093,2026-01-27,Cash on Delivery,Delhi
JAN_004749,CUST_03858,Mouse,1,9472,2026-01-29,Cash on Delivery,Chennai
JAN_004750,CUST_04779,Smartphone,1,8474,2026-01-31,Credit Card,Delhi
JAN_004751,CUST_01362,Smartphone,3,41266,2026-01-26,Credit Card,Bangalore
JAN_004752,CUST_01304,Smartwatch,1,7291,2026-01-28,Cash on Delivery,Pune
JAN_004753,CUST_04650,Headphones,3,40746,2026-01-18,Debit Card,Chennai
JAN_004754,CUST_02609,Tablet,3,41433,2026-01-25,Debit Card,Chennai
JAN_004755,CUST_03050,Keyboard,2,24761,2026-01-30,Debit Card,Bangalore
JAN_004756,CUST_00626,Smartphone,5,6593,2026-01-10,Debit Card,Mumbai
JAN_004757,CUST_03130,Tablet,2,33702,2026-01-07,UPI,Pune
JAN_004758,CUST_01183,Laptop,2,36416,2026-01-11,UPI,Pune
JAN_004759,CUST_01773,Tablet,4,33819,2026-01-19,Debit Card,Mumbai
JAN_004760,CUST_02290,Tablet,1,17250,2026-01-18,Cash on Delivery,Pune
JAN_004761,CUST_01359,Laptop,1,17307,2026-01-05,Credit Card,Delhi
JAN_004762,CUST_02652,Mouse,1,6586,2026-01-08,UPI,Delhi
JAN_004763,CUST_01385,Keyboard,4,948,2026-01-15,Credit Card,Mumbai
JAN_004764,CUST_03946,Smartwatch,3,30917,2026-01-17,Cash on Delivery,Mumbai
JAN_004765,CUST_04695,Laptop,4,43545,2026-01-24,Cash on Delivery,Chennai
JAN_004766,CUST_04453,Keyboard,4,24921,2026-01-04,Credit Card,Pune
JAN_004767,CUST_03058,Laptop,4,27795,2026-01-20,Cash on Delivery,Pune
JAN_004768,CUST_00539,Smartwatch,2,6347,2026-01-27,Cash on Delivery,Delhi
JAN_004769,CUST_02310,Smartwatch,5,3432,2026-01-02,Debit Card,Mumbai
JAN_004770,CUST_03195,Keyboard,1,15023,2026-01-17,Credit Card,Chennai
JAN_004771,CUST_02437,Monitor,4,17023,2026-01-28,Cash on Delivery,Chennai
JAN_004772,CUST_00895,Smartphone,4,2625,2026-01-10,Debit Card,Pune
JAN_004773,CUST_01890,Laptop,4,16595,2026-01-29,UPI,Hyderabad
JAN_004774,CUST_03986,Laptop,2,19753,2026-01-24,Credit Card,Bangalore
JAN_004775,CUST_00938,Tablet,1,8286,2026-01-27,UPI,Pune
JAN_004776,CUST_03062,Smartphone,2,26224,2026-01-28,Credit Card,Hyderabad
JAN_004777,CUST_03806,Laptop,4,18371,2026-01-13,Credit Card,Mumbai
JAN_004778,CUST_02721,Keyboard,1,39414,2026-01-31,Credit Card,Pune
JAN_004779,CUST_03261,Headphones,3,11463,2026-01-29,Cash on Delivery,Mumbai
JAN_004780,CUST_01428,Smartphone,4,37646,2026-01-05,UPI,Hyderabad
JAN_004781,CUST_04179,Tablet,3,18310,2026-01-23,UPI,Delhi
JAN_004782,CUST_04944,Keyboard,2,24320,2026-01-28,Credit Card,Hyderabad
JAN_004783,CUST_02442,Keyboard,5,42062,2026-01-27,UPI,Mumbai
JAN_004784,CUST_02967,Tablet,2,21582,2026-01-14,UPI,Chennai
JAN_004785,CUST_02770,Mouse,4,37811,2026-01-10,Credit Card,Pune
JAN_004786,CUST_02828,Smartphone,1,10877,2026-01-23,UPI,Bangalore
JAN_004787,CUST_00725,Headphones,5,16226,2026-01-02,Credit Card,Mumbai
JAN_004788,CUST_02707,Monitor,5,41801,2026-01-19,Cash on Delivery,Hyderabad
JAN_004789,CUST_00098,Keyboard,3,49900,2026-01-19,Cash on Delivery,Mumbai
JAN_004790,CUST_04039,Smartphone,4,46026,2026-01-16,UPI,Delhi
JAN_004791,CUST_02830,Smartwatch,5,29815,2026-01-02,UPI,Hyderabad
JAN_004792,CUST_00604,Headphones,3,45986,2026-01-10,Cash on Delivery,Mumbai
JAN_004793,CUST_00764,Smartwatch,3,35646,2026-01-11,Credit Card,Pune
JAN_004794,CUST_04549,Monitor,2,15867,2026-01-21,Cash on Delivery,Chennai
JAN_004795,CUST_02121,Smartphone,5,29923,2026-01-18,Cash on Delivery,Chennai
JAN_004796,CUST_03569,Laptop,1,25613,2026-01-15,Debit Card,Delhi
JAN_004797,CUST_02660,Tablet,2,5444,2026-01-10,Cash on Delivery,Delhi
JAN_004798,CUST_01865,Keyboard,2,17514,2026-01-02,Cash on Delivery,Pune
JAN_004799,CUST_03697,Monitor,4,17503,2026-01-27,Debit Card,Mumbai
JAN_004800,CUST_00003,Mouse,5,18609,2026-01-25,UPI,Hyderabad
JAN_004801,CUST_03595,Keyboard,1,35681,2026-01-10,UPI,Bangalore
JAN_004802,CUST_00161,Monitor,3,10829,2026-01-13,Cash on Delivery,Mumbai
JAN_004803,CUST_04869,Monitor,5,47262,2026-01-15,Debit Card,Chennai
JAN_004804,CUST_00962,Smartphone,1,3557,2026-01-14,Cash on Delivery,Hyderabad
JAN_004805,CUST_03213,Mouse,4,23927,2026-01-16,Debit Card,Pune
JAN_004806,CUST_02877,Smartwatch,3,30434,2026-01-24,Credit Card,Hyderabad
JAN_004807,CUST_03735,Headphones,2,25588,2026-01-19,Credit Card,Bangalore
JAN_004808,CUST_02768,Mouse,1,49890,2026-01-17,Credit Card,Hyderabad
JAN_004809,CUST_04988,Mouse,4,34830,2026-01-01,Debit Card,Pune
JAN_004810,CUST_00094,Smartwatch,4,47619,2026-01-14,Credit Card,Pune
JAN_004811,CUST_03341,Smartphone,2,34239,2026-01-23,Credit Card,Chennai
JAN_004812,CUST_04489,Tablet,1,41146,2026-01-26,Cash on Delivery,Chennai
JAN_004813,CUST_03738,Tablet,5,24748,2026-01-29,Cash on Delivery,Mumbai
JAN_004814,CUST_01681,Smartwatch,2,24857,2026-01-25,Credit Card,Chennai
JAN_004815,CUST_04828,Headphones,4,4771,2026-01-15,UPI,Mumbai
JAN_004816,CUST_03587,Keyboard,3,8274,2026-01-31,Credit Card,Hyderabad
JAN_004817,CUST_03437,Headphones,2,43498,2026-01-20,UPI,Chennai
JAN_004818,CUST_01376,Mouse,2,10945,2026-01-18,Credit Card,Delhi
JAN_004819,CUST_01982,Laptop,2,14334,2026-01-22,Credit Card,Bangalore
JAN_004820,CUST_03106,Laptop,4,46623,2026-01-09,UPI,Chennai
JAN_004821,CUST_02119,Keyboard,1,26337,2026-01-19,Debit Card,Pune
JAN_004822,CUST_01563,Monitor,4,35437,2026-01-05,Cash on Delivery,Bangalore
JAN_004823,CUST_01152,Mouse,1,9148,2026-01-25,Debit Card,Delhi
JAN_004824,CUST_00398,Laptop,4,17560,2026-01-16,Debit Card,Hyderabad
JAN_004825,CUST_04553,Monitor,3,35046,2026-01-29,Cash on Delivery,Bangalore
JAN_004826,CUST_00874,Smartphone,5,41602,2026-01-08,UPI,Bangalore
JAN_004827,CUST_02967,Monitor,3,9582,2026-01-06,UPI,Bangalore
JAN_004828,CUST_03638,Smartwatch,3,8851,2026-01-08,Debit Card,Bangalore
JAN_004829,CUST_00245,Tablet,5,28005,2026-01-26,Cash on Delivery,Hyderabad
JAN_004830,CUST_00225,Headphones,1,15187,2026-01-13,Credit Card,Delhi
JAN_004831,CUST_02041,Smartphone,4,2440,2026-01-04,UPI,Hyderabad
JAN_004832,CUST_02671,Smartwatch,4,13887,2026-01-23,Credit Card,Hyderabad
JAN_004833,CUST_03867,Tablet,2,34239,2026-01-26,Cash on Delivery,Delhi
JAN_004834,CUST_00625,Mouse,2,20497,2026-01-27,Debit Card,Chennai
JAN_004835,CUST_04721,Smartphone,4,43881,2026-01-06,Cash on Delivery,Bangalore
JAN_004836,CUST_00941,Smartwatch,1,15565,2026-01-10,Credit Card,Delhi
JAN_004837,CUST_04561,Laptop,4,494,2026-01-18,UPI,Bangalore
JAN_004838,CUST_00339,Headphones,5,32159,2026-01-03,Debit Card,Bangalore
JAN_004839,CUST_00650,Headphones,1,9842,2026-01-22,Credit Card,Pune
JAN_004840,CUST_00030,Smartphone,4,23848,2026-01-23,Debit Card,Bangalore
JAN_004841,CUST_02225,Smartphone,4,18250,2026-01-31,Cash on Delivery,Hyderabad
JAN_004842,CUST_00559,Laptop,3,26793,2026-01-05,Cash on Delivery,Delhi
JAN_004843,CUST_03822,Monitor,1,6601,2026-01-28,Debit Card,Delhi
JAN_004844,CUST_04679,Tablet,3,18273,2026-01-13,Credit Card,Mumbai
JAN_004845,CUST_03263,Laptop,4,35232,2026-01-08,Debit Card,Bangalore
JAN_004846,CUST_04448,Keyboard,2,1077,2026-01-24,Debit Card,Hyderabad
JAN_004847,CUST_04043,Headphones,2,45340,2026-01-31,Credit Card,Chennai
JAN_004848,CUST_00086,Smartwatch,1,5962,2026-01-18,Debit Card,Bangalore
JAN_004849,CUST_04870,Headphones,2,9019,2026-01-15,Cash on Delivery,Chennai
JAN_004850,CUST_02195,Monitor,5,46317,2026-01-03,UPI,Hyderabad
JAN_004851,CUST_03771,Laptop,1,24119,2026-01-21,UPI,Pune
JAN_004852,CUST_04633,Smartwatch,4,40131,2026-01-04,Cash on Delivery,Pune
JAN_004853,CUST_00227,Headphones,3,5024,2026-01-05,Credit Card,Mumbai
JAN_004854,CUST_04607,Headphones,5,47636,2026-01-04,Debit Card,Delhi
JAN_004855,CUST_01859,Headphones,5,29688,2026-01-08,UPI,Bangalore
JAN_004856,CUST_01620,Tablet,5,22512,2026-01-19,Credit Card,Hyderabad
JAN_004857,CUST_00845,Monitor,5,41594,2026-01-30,Debit Card,Bangalore
JAN_004858,CUST_01024,Smartphone,4,14028,2026-01-26,Cash on Delivery,Mumbai
JAN_004859,CUST_04928,Headphones,1,30782,2026-01-10,Debit Card,Chennai
JAN_004860,CUST_00907,Mouse,2,19797,2026-01-10,Cash on Delivery,Delhi
JAN_004861,CUST_03376,Headphones,4,8738,2026-01-19,Debit Card,Hyderabad
JAN_004862,CUST_04237,Keyboard,1,11853,2026-01-03,Debit Card,Pune
JAN_004863,CUST_03849,Tablet,2,49989,2026-01-19,Cash on Delivery,Pune
JAN_004864,CUST_03778,Tablet,2,49450,2026-01-26,Debit Card,Bangalore
JAN_004865,CUST_02505,Keyboard,3,20142,2026-01-07,Cash on Delivery,Hyderabad
JAN_004866,CUST_01350,Smartwatch,3,31431,2026-01-16,UPI,Bangalore
JAN_004867,CUST_03327,Mouse,2,34182,2026-01-29,UPI,Delhi
JAN_004868,CUST_04681,Laptop,2,17908,2026-01-20,UPI,Pune
JAN_004869,CUST_01027,Mouse,4,38288,2026-01-10,Cash on Delivery,Mumbai
JAN_004870,CUST_00251,Laptop,5,19014,2026-01-21,UPI,Hyderabad
JAN_004871,CUST_03433,Monitor,4,15145,2026-01-03,Cash on Delivery,Chennai
JAN_004872,CUST_02360,Headphones,4,25231,2026-01-05,Credit Card,Delhi
JAN_004873,CUST_02144,Headphones,1,14671,2026-01-12,Cash on Delivery,Hyderabad
JAN_004874,CUST_00435,Smartphone,3,41456,2026-01-08,UPI,Mumbai
JAN_004875,CUST_02721,Headphones,4,16041,2026-01-22,UPI,Pune
JAN_004876,CUST_03770,Headphones,2,26152,2026-01-04,Debit Card,Mumbai
JAN_004877,CUST_04026,Monitor,4,37658,2026-01-09,UPI,Mumbai
JAN_004878,CUST_00539,Mouse,2,40201,2026-01-21,Credit Card,Delhi
JAN_004879,CUST_04322,Mouse,4,20265,2026-01-11,Credit Card,Delhi
JAN_004880,CUST_04414,Keyboard,3,40600,2026-01-19,Cash on Delivery,Pune
JAN_004881,CUST_03943,Tablet,1,23328,2026-01-14,Credit Card,Hyderabad
JAN_004882,CUST_01383,Headphones,4,10916,2026-01-01,Debit Card,Chennai
JAN_004883,CUST_01936,Smartwatch,3,894,2026-01-24,UPI,Pune
JAN_004884,CUST_01174,Laptop,5,2686,2026-01-07,UPI,Chennai
JAN_004885,CUST_03714,Smartwatch,1,42465,2026-01-10,Debit Card,Bangalore
JAN_004886,CUST_03700,Tablet,2,48535,2026-01-05,Debit Card,Bangalore
JAN_004887,CUST_00431,Mouse,2,42228,2026-01-09,Credit Card,Mumbai
JAN_004888,CUST_04037,Headphones,1,48349,2026-01-13,Cash on Delivery,Chennai
JAN_004889,CUST_02980,Mouse,5,14921,2026-01-31,Credit Card,Bangalore
JAN_004890,CUST_01894,Smartwatch,5,1459,2026-01-31,Debit Card,Bangalore
JAN_004891,CUST_01737,Headphones,3,11637,2026-01-28,Cash on Delivery,Hyderabad
JAN_004892,CUST_01823,Monitor,4,13184,2026-01-23,Credit Card,Hyderabad
JAN_004893,CUST_01814,Keyboard,1,31749,2026-01-04,Credit Card,Bangalore
JAN_004894,CUST_02037,Keyboard,1,12048,2026-01-11,Credit Card,Chennai
JAN_004895,CUST_00832,Headphones,2,19409,2026-01-10,Cash on Delivery,Bangalore
JAN_004896,CUST_04670,Monitor,2,47030,2026-01-01,Cash on Delivery,Delhi
JAN_004897,CUST_01981,Keyboard,3,3137,2026-01-02,Debit Card,Mumbai
JAN_004898,CUST_00395,Headphones,2,8855,2026-01-13,Debit Card,Mumbai
JAN_004899,CUST_00233,Tablet,1,24162,2026-01-27,Debit Card,Bangalore
JAN_004900,CUST_04085,Laptop,5,17683,2026-01-18,UPI,Bangalore
JAN_004901,CUST_01248,Mouse,3,25973,2026-01-05,Debit Card,Mumbai
JAN_004902,CUST_04864,Headphones,3,24596,2026-01-03,UPI,Delhi
JAN_004903,CUST_01906,Laptop,4,34073,2026-01-11,UPI,Hyderabad
JAN_004904,CUST_02044,Monitor,1,23091,2026-01-03,Credit Card,Pune
JAN_004905,CUST_02541,Mouse,1,40601,2026-01-23,Cash on Delivery,Mumbai
JAN_004906,CUST_04074,Monitor,3,32717,2026-01-11,UPI,Chennai
JAN_004907,CUST_01890,Headphones,5,41605,2026-01-14,Credit Card,Bangalore
JAN_004908,CUST_02016,Laptop,4,8085,2026-01-14,Cash on Delivery,Delhi
JAN_004909,CUST_00610,Monitor,4,15761,2026-01-28,Debit Card,Delhi
JAN_004910,CUST_00007,Tablet,4,4994,2026-01-01,Debit Card,Mumbai
JAN_004911,CUST_01261,Laptop,3,39987,2026-01-10,Cash on Delivery,Hyderabad
JAN_004912,CUST_02937,Smartwatch,5,29389,2026-01-26,Cash on Delivery,Mumbai
JAN_004913,CUST_01556,Keyboard,4,1771,2026-01-10,UPI,Pune
JAN_004914,CUST_04857,Laptop,1,3092,2026-01-25,UPI,Bangalore
JAN_004915,CUST_03421,Smartphone,1,48216,2026-01-25,Credit Card,Hyderabad
JAN_004916,CUST_03978,Smartphone,5,39121,2026-01-05,Credit Card,Mumbai
JAN_004917,CUST_03201,Smartphone,4,16130,2026-01-09,UPI,Chennai
JAN_004918,CUST_04164,Tablet,5,48294,2026-01-31,Debit Card,Mumbai
JAN_004919,CUST_02894,Smartwatch,5,3198,2026-01-17,Debit Card,Pune
JAN_004920,CUST_04844,Smartwatch,3,26431,2026-01-02,Credit Card,Chennai
JAN_004921,CUST_01443,Laptop,1,31602,2026-01-16,Credit Card,Pune
JAN_004922,CUST_01283,Laptop,5,7557,2026-01-16,Debit Card,Chennai
JAN_004923,CUST_01583,Tablet,2,23249,2026-01-05,Cash on Delivery,Bangalore
JAN_004924,CUST_03819,Keyboard,1,35161,2026-01-01,Credit Card,Mumbai
JAN_004925,CUST_03280,Tablet,5,39417,2026-01-25,Debit Card,Mumbai
JAN_004926,CUST_02092,Monitor,3,40017,2026-01-21,Credit Card,Chennai
JAN_004927,CUST_00651,Mouse,4,31710,2026-01-15,Debit Card,Hyderabad
JAN_004928,CUST_03562,Smartwatch,5,33957,2026-01-02,Cash on Delivery,Chennai
JAN_004929,CUST_00561,Monitor,4,6817,2026-01-12,UPI,Chennai
JAN_004930,CUST_02903,Smartwatch,1,23209,2026-01-10,Debit Card,Chennai
JAN_004931,CUST_02488,Keyboard,1,33215,2026-01-07,UPI,Pune
JAN_004932,CUST_03596,Keyboard,5,9804,2026-01-21,UPI,Pune
JAN_004933,CUST_01104,Monitor,5,22882,2026-01-02,Cash on Delivery,Bangalore
JAN_004934,CUST_01753,Keyboard,4,46304,2026-01-25,Cash on Delivery,Chennai
JAN_004935,CUST_01983,Laptop,2,6715,2026-01-26,Cash on Delivery,Chennai
JAN_004936,CUST_04565,Tablet,1,38990,2026-01-23,Credit Card,Chennai
JAN_004937,CUST_03041,Mouse,5,31689,2026-01-04,Credit Card,Mumbai
JAN_004938,CUST_00848,Headphones,3,43767,2026-01-28,UPI,Delhi
JAN_004939,CUST_03072,Mouse,3,21253,2026-01-31,UPI,Pune
JAN_004940,CUST_02803,Mouse,5,2254,2026-01-02,UPI,Pune
JAN_004941,CUST_04802,Keyboard,5,32704,2026-01-19,Cash on Delivery,Pune
JAN_004942,CUST_01941,Tablet,2,20506,2026-01-15,Cash on Delivery,Mumbai
JAN_004943,CUST_01758,Laptop,2,18687,2026-01-13,Credit Card,Hyderabad
JAN_004944,CUST_00487,Laptop,1,38228,2026-01-08,UPI,Bangalore
JAN_004945,CUST_02564,Headphones,5,20333,2026-01-08,Credit Card,Mumbai
JAN_004946,CUST_02278,Smartphone,4,37433,2026-01-16,Cash on Delivery,Bangalore
JAN_004947,CUST_03386,Smartwatch,2,33753,2026-01-09,Cash on Delivery,Pune
JAN_004948,CUST_02943,Smartphone,5,39890,2026-01-07,Cash on Delivery,Delhi
JAN_004949,CUST_02760,Headphones,4,21650,2026-01-05,Cash on Delivery,Mumbai
JAN_004950,CUST_01360,Headphones,2,2648,2026-01-01,Credit Card,Delhi
JAN_004951,CUST_02351,Laptop,3,25250,2026-01-29,Cash on Delivery,Chennai
JAN_004952,CUST_00837,Headphones,3,5365,2026-01-28,Debit Card,Hyderabad
JAN_004953,CUST_00357,Mouse,1,34054,2026-01-19,Credit Card,Hyderabad
JAN_004954,CUST_00099,Monitor,1,27254,2026-01-29,Cash on Delivery,Chennai
JAN_004955,CUST_04443,Smartphone,2,14454,2026-01-02,Credit Card,Chennai
JAN_004956,CUST_04533,Mouse,3,32044,2026-01-17,UPI,Hyderabad
JAN_004957,CUST_03127,Keyboard,4,5632,2026-01-18,Debit Card,Delhi
JAN_004958,CUST_03203,Monitor,5,18671,2026-01-16,Debit Card,Bangalore
JAN_004959,CUST_00122,Headphones,2,17208,2026-01-05,Credit Card,Bangalore
JAN_004960,CUST_04459,Smartwatch,2,47660,2026-01-18,UPI,Delhi
JAN_004961,CUST_03781,Keyboard,4,5233,2026-01-28,Debit Card,Bangalore
JAN_004962,CUST_01855,Smartphone,1,35131,2026-01-02,UPI,Pune
JAN_004963,CUST_03116,Smartwatch,5,8181,2026-01-05,Debit Card,Mumbai
JAN_004964,CUST_02037,Smartwatch,1,25315,2026-01-20,UPI,Mumbai
JAN_004965,CUST_03721,Smartphone,5,37415,2026-01-09,UPI,Mumbai
JAN_004966,CUST_04753,Headphones,3,24996,2026-01-27,Credit Card,Bangalore
JAN_004967,CUST_03983,Smartwatch,5,36389,2026-01-24,Credit Card,Bangalore
JAN_004968,CUST_00371,Keyboard,3,5344,2026-01-03,Debit Card,Mumbai
JAN_004969,CUST_00572,Smartphone,1,37055,2026-01-07,UPI,Bangalore
JAN_004970,CUST_02801,Smartphone,2,10461,2026-01-01,Debit Card,Pune
JAN_004971,CUST_03645,Laptop,3,20635,2026-01-04,Cash on Delivery,Mumbai
JAN_004972,CUST_02959,Smartwatch,1,37720,2026-01-17,Debit Card,Mumbai
JAN_004973,CUST_03166,Tablet,1,19592,2026-01-26,Cash on Delivery,Hyderabad
JAN_004974,CUST_00567,Laptop,2,7052,2026-01-07,Debit Card,Bangalore
JAN_004975,CUST_03193,Mouse,3,31251,2026-01-25,Credit Card,Delhi
JAN_004976,CUST_02688,Tablet,5,17815,2026-01-15,UPI,Chennai
JAN_004977,CUST_02194,Laptop,2,14276,2026-01-24,Cash on Delivery,Bangalore
JAN_004978,CUST_04757,Tablet,1,39801,2026-01-09,Credit Card,Delhi
JAN_004979,CUST_00873,Keyboard,4,49207,2026-01-20,Debit Card,Mumbai
JAN_004980,CUST_03314,Mouse,1,482,2026-01-06,Cash on Delivery,Mumbai
JAN_004981,CUST_01375,Smartwatch,4,23176,2026-01-08,Credit Card,Mumbai
JAN_004982,CUST_04560,Laptop,3,32241,2026-01-23,Cash on Delivery,Delhi
JAN_004983,CUST_00297,Smartphone,1,35184,2026-01-03,Cash on Delivery,Pune
JAN_004984,CUST_02420,Smartwatch,1,11062,2026-01-11,Debit Card,Delhi
JAN_004985,CUST_00307,Smartwatch,3,1597,2026-01-13,UPI,Bangalore
JAN_004986,CUST_02381,Smartwatch,4,39485,2026-01-15,Debit Card,Hyderabad
JAN_004987,CUST_04784,Mouse,5,16736,2026-01-13,UPI,Chennai
JAN_004988,CUST_02019,Smartwatch,1,1861,2026-01-01,UPI,Chennai
JAN_004989,CUST_03839,Laptop,1,29331,2026-01-26,Cash on Delivery,Delhi
JAN_004990,CUST_03937,Monitor,5,20512,2026-01-21,Credit Card,Delhi
JAN_004991,CUST_00303,Tablet,5,6967,2026-01-27,UPI,Mumbai
JAN_004992,CUST_00874,Smartwatch,1,2592,2026-01-15,Debit Card,Hyderabad
JAN_004993,CUST_01395,Smartphone,3,18983,2026-01-01,Debit Card,Mumbai
JAN_004994,CUST_02922,Monitor,5,27913,2026-01-31,Cash on Delivery,Bangalore
JAN_004995,CUST_01904,Keyboard,5,20059,2026-01-08,Cash on Delivery,Pune
JAN_004996,CUST_02806,Monitor,2,15195,2026-01-30,UPI,Chennai
JAN_004997,CUST_00218,Keyboard,2,23805,2026-01-25,Credit Card,Mumbai
JAN_004998,CUST_00454,Mouse,5,45729,2026-01-29,Credit Card,Chennai
JAN_004999,CUST_03312,Monitor,2,47342,2026-01-21,Cash on Delivery,Pune
JAN_005000,CUST_03913,Tablet,2,7000,2026-01-04,Cash on Delivery,Delhi
JAN_005001,CUST_04653,Mouse,4,45712,2026-01-31,Credit Card,Bangalore
JAN_005002,CUST_04058,Headphones,2,49106,2026-01-17,Debit Card,Hyderabad
JAN_005003,CUST_02700,Keyboard,5,10255,2026-01-13,Cash on Delivery,Pune
JAN_005004,CUST_03179,Tablet,1,17290,2026-01-26,UPI,Delhi
JAN_005005,CUST_04723,Keyboard,1,31762,2026-01-09,Cash on Delivery,Chennai
JAN_005006,CUST_00274,Smartwatch,1,24139,2026-01-30,Debit Card,Hyderabad
JAN_005007,CUST_00830,Tablet,2,21134,2026-01-21,Cash on Delivery,Hyderabad
JAN_005008,CUST_00971,Smartphone,4,9129,2026-01-05,Debit Card,Mumbai
JAN_005009,CUST_04813,Keyboard,3,49359,2026-01-13,Debit Card,Chennai
JAN_005010,CUST_03283,Keyboard,5,35269,2026-01-10,Cash on Delivery,Mumbai
JAN_005011,CUST_02425,Monitor,3,32050,2026-01-04,UPI,Delhi
JAN_005012,CUST_01945,Mouse,2,31358,2026-01-20,UPI,Pune
JAN_005013,CUST_03237,Smartwatch,5,10090,2026-01-18,Debit Card,Bangalore
JAN_005014,CUST_04951,Laptop,3,1763,2026-01-05,Credit Card,Chennai
JAN_005015,CUST_00059,Laptop,1,7480,2026-01-02,UPI,Mumbai
JAN_005016,CUST_02677,Smartwatch,1,27415,2026-01-27,UPI,Hyderabad
JAN_005017,CUST_01578,Mouse,3,49154,2026-01-15,UPI,Delhi
JAN_005018,CUST_00719,Keyboard,1,3272,2026-01-31,Credit Card,Pune
JAN_005019,CUST_01583,Mouse,4,37749,2026-01-25,UPI,Pune
JAN_005020,CUST_04594,Smartwatch,4,8579,2026-01-22,Credit Card,Pune
JAN_005021,CUST_01787,Smartphone,1,17481,2026-01-30,Debit Card,Hyderabad
JAN_005022,CUST_04046,Tablet,2,41365,2026-01-04,Cash on Delivery,Bangalore
JAN_005023,CUST_03433,Smartphone,5,9276,2026-01-11,Credit Card,Mumbai
JAN_005024,CUST_04345,Headphones,2,1575,2026-01-25,Cash on Delivery,Delhi
JAN_005025,CUST_00669,Smartwatch,3,8166,2026-01-25,Cash on Delivery,Chennai
JAN_005026,CUST_01830,Laptop,2,12624,2026-01-03,Cash on Delivery,Bangalore
JAN_005027,CUST_00954,Smartwatch,5,15845,2026-01-25,Cash on Delivery,Hyderabad
JAN_005028,CUST_02596,Smartphone,4,30506,2026-01-07,Cash on Delivery,Bangalore
JAN_005029,CUST_01998,Headphones,2,38040,2026-01-01,UPI,Pune
JAN_005030,CUST_01869,Headphones,3,9369,2026-01-19,Credit Card,Pune
JAN_005031,CUST_03296,Tablet,1,11656,2026-01-26,Cash on Delivery,Hyderabad
JAN_005032,CUST_03778,Mouse,5,41134,2026-01-08,Debit Card,Delhi
JAN_005033,CUST_01528,Monitor,2,40498,2026-01-30,Cash on Delivery,Bangalore
JAN_005034,CUST_02469,Mouse,2,49154,2026-01-09,Cash on Delivery,Pune
JAN_005035,CUST_04442,Smartwatch,5,7603,2026-01-24,UPI,Mumbai
JAN_005036,CUST_01824,Keyboard,1,28123,2026-01-10,Debit Card,Mumbai
JAN_005037,CUST_04258,Laptop,3,37026,2026-01-20,Cash on Delivery,Chennai
JAN_005038,CUST_02736,Monitor,3,39117,2026-01-03,UPI,Pune
JAN_005039,CUST_03184,Headphones,4,34976,2026-01-30,Cash on Delivery,Hyderabad
JAN_005040,CUST_01407,Monitor,5,6620,2026-01-02,Credit Card,Mumbai
JAN_005041,CUST_02183,Smartwatch,2,30868,2026-01-23,Credit Card,Mumbai
JAN_005042,CUST_01463,Smartwatch,4,47703,2026-01-14,UPI,Delhi
JAN_005043,CUST_01559,Monitor,5,19661,2026-01-05,UPI,Hyderabad
JAN_005044,CUST_00055,Headphones,5,21137,2026-01-26,Debit Card,Pune
JAN_005045,CUST_04829,Tablet,4,15101,2026-01-20,Cash on Delivery,Hyderabad
JAN_005046,CUST_04929,Monitor,4,38136,2026-01-07,Debit Card,Bangalore
JAN_005047,CUST_04623,Headphones,3,47373,2026-01-03,Cash on Delivery,Bangalore
JAN_005048,CUST_00700,Smartphone,1,31623,2026-01-22,Credit Card,Chennai
JAN_005049,CUST_03736,Laptop,2,46762,2026-01-31,Cash on Delivery,Delhi
JAN_005050,CUST_02910,Smartwatch,4,28451,2026-01-31,UPI,Mumbai
JAN_005051,CUST_02989,Mouse,2,13653,2026-01-06,Credit Card,Mumbai
JAN_005052,CUST_00119,Laptop,3,26278,2026-01-26,Credit Card,Mumbai
JAN_005053,CUST_04163,Headphones,5,11087,2026-01-24,Debit Card,Pune
JAN_005054,CUST_01142,Tablet,2,11425,2026-01-18,UPI,Mumbai
JAN_005055,CUST_03865,Keyboard,1,11456,2026-01-29,Cash on Delivery,Delhi
JAN_005056,CUST_03497,Monitor,3,35901,2026-01-23,Debit Card,Delhi
JAN_005057,CUST_00022,Tablet,2,631,2026-01-06,UPI,Hyderabad
JAN_005058,CUST_00185,Mouse,2,35902,2026-01-15,Cash on Delivery,Bangalore
JAN_005059,CUST_00569,Smartwatch,2,32316,2026-01-27,Cash on Delivery,Delhi
JAN_005060,CUST_03241,Monitor,1,10489,2026-01-21,Debit Card,Bangalore
JAN_005061,CUST_00749,Laptop,1,24017,2026-01-11,UPI,Mumbai
JAN_005062,CUST_00941,Mouse,5,16972,2026-01-17,Credit Card,Delhi
JAN_005063,CUST_01417,Keyboard,1,1043,2026-01-14,Credit Card,Chennai
JAN_005064,CUST_03702,Headphones,2,15969,2026-01-01,Debit Card,Mumbai
JAN_005065,CUST_04334,Keyboard,1,46428,2026-01-05,Credit Card,Pune
JAN_005066,CUST_01167,Mouse,2,30143,2026-01-09,Debit Card,Delhi
JAN_005067,CUST_00940,Smartwatch,5,9476,2026-01-19,UPI,Hyderabad
JAN_005068,CUST_03405,Smartwatch,2,8324,2026-01-04,Cash on Delivery,Chennai
JAN_005069,CUST_03159,Tablet,3,806,2026-01-20,Credit Card,Delhi
JAN_005070,CUST_00012,Mouse,3,18448,2026-01-28,Debit Card,Mumbai
JAN_005071,CUST_00155,Smartwatch,1,28766,2026-01-31,Cash on Delivery,Bangalore
JAN_005072,CUST_03804,Laptop,1,45142,2026-01-19,Debit Card,Bangalore
JAN_005073,CUST_02714,Laptop,1,21774,2026-01-26,UPI,Chennai
JAN_005074,CUST_02453,Headphones,5,27258,2026-01-14,Credit Card,Hyderabad
JAN_005075,CUST_04804,Headphones,3,6484,2026-01-01,UPI,Bangalore
JAN_005076,CUST_02604,Laptop,5,26935,2026-01-01,Cash on Delivery,Mumbai
JAN_005077,CUST_01599,Smartphone,3,10844,2026-01-24,Debit Card,Bangalore
JAN_005078,CUST_02004,Headphones,2,43496,2026-01-06,UPI,Bangalore
JAN_005079,CUST_04492,Keyboard,4,42662,2026-01-17,Cash on Delivery,Pune
JAN_005080,CUST_01926,Monitor,3,48707,2026-01-10,UPI,Pune
JAN_005081,CUST_02508,Tablet,4,11626,2026-01-28,Debit Card,Pune
JAN_005082,CUST_01626,Monitor,1,7180,2026-01-28,UPI,Mumbai
JAN_005083,CUST_02701,Headphones,3,21128,2026-01-30,Cash on Delivery,Delhi
JAN_005084,CUST_03649,Headphones,4,2846,2026-01-15,Credit Card,Mumbai
JAN_005085,CUST_02264,Laptop,2,1502,2026-01-15,Debit Card,Bangalore
JAN_005086,CUST_04372,Laptop,5,31060,2026-01-26,UPI,Hyderabad
JAN_005087,CUST_00553,Mouse,2,11871,2026-01-14,Credit Card,Bangalore
JAN_005088,CUST_02691,Mouse,3,39276,2026-01-31,Credit Card,Mumbai
JAN_005089,CUST_02889,Smartwatch,4,21248,2026-01-11,Cash on Delivery,Chennai
JAN_005090,CUST_04975,Smartphone,1,44805,2026-01-20,Credit Card,Chennai
JAN_005091,CUST_04492,Keyboard,1,46641,2026-01-19,Debit Card,Bangalore
JAN_005092,CUST_03373,Headphones,4,16591,2026-01-15,Debit Card,Pune
JAN_005093,CUST_00719,Smartwatch,1,36211,2026-01-04,Debit Card,Hyderabad
JAN_005094,CUST_03808,Laptop,1,23047,2026-01-19,Credit Card,Delhi
JAN_005095,CUST_01681,Keyboard,4,46685,2026-01-04,Cash on Delivery,Mumbai
JAN_005096,CUST_04211,Keyboard,3,30248,2026-01-01,Cash on Delivery,Pune
JAN_005097,CUST_00577,Headphones,5,41855,2026-01-24,Credit Card,Mumbai
JAN_005098,CUST_04062,Mouse,4,7135,2026-01-22,UPI,Pune
JAN_005099,CUST_04688,Tablet,5,39154,2026-01-08,Credit Card,Chennai
JAN_005100,CUST_02690,Smartwatch,1,14639,2026-01-04,Credit Card,Hyderabad
JAN_005101,CUST_03980,Monitor,2,33843,2026-01-22,Debit Card,Pune
JAN_005102,CUST_04595,Smartwatch,5,42926,2026-01-21,UPI,Hyderabad
JAN_005103,CUST_02116,Keyboard,5,30832,2026-01-25,Cash on Delivery,Pune
JAN_005104,CUST_00420,Laptop,1,31019,2026-01-08,Credit Card,Chennai
JAN_005105,CUST_02332,Mouse,3,20688,2026-01-19,Cash on Delivery,Pune
JAN_005106,CUST_02070,Mouse,3,7429,2026-01-29,UPI,Chennai
JAN_005107,CUST_04764,Headphones,4,9076,2026-01-13,Cash on Delivery,Pune
JAN_005108,CUST_02813,Mouse,2,19711,2026-01-25,Cash on Delivery,Bangalore
JAN_005109,CUST_00894,Smartwatch,1,48278,2026-01-19,Debit Card,Delhi
JAN_005110,CUST_04750,Keyboard,5,33998,2026-01-11,Debit Card,Pune
JAN_005111,CUST_04651,Laptop,4,39912,2026-01-21,Cash on Delivery,Bangalore
JAN_005112,CUST_02575,Tablet,5,49766,2026-01-17,Credit Card,Pune
JAN_005113,CUST_02703,Smartwatch,5,4921,2026-01-16,Cash on Delivery,Chennai
JAN_005114,CUST_02535,Keyboard,3,44580,2026-01-17,UPI,Chennai
JAN_005115,CUST_01725,Laptop,4,42939,2026-01-27,UPI,Pune
JAN_005116,CUST_03818,Tablet,4,6355,2026-01-27,Credit Card,Bangalore
JAN_005117,CUST_00210,Laptop,4,33483,2026-01-22,Credit Card,Chennai
JAN_005118,CUST_01284,Headphones,2,13134,2026-01-19,Debit Card,Bangalore
JAN_005119,CUST_01936,Keyboard,4,38318,2026-01-01,Debit Card,Delhi
JAN_005120,CUST_04542,Monitor,1,47913,2026-01-31,Credit Card,Delhi
JAN_005121,CUST_01133,Smartwatch,3,13016,2026-01-03,Credit Card,Chennai
JAN_005122,CUST_02569,Monitor,1,18860,2026-01-08,Cash on Delivery,Delhi
JAN_005123,CUST_04868,Laptop,2,9352,2026-01-09,Credit Card,Delhi
JAN_005124,CUST_03950,Tablet,1,19337,2026-01-09,Cash on Delivery,Hyderabad
JAN_005125,CUST_00274,Keyboard,3,20775,2026-01-11,Debit Card,Bangalore
JAN_005126,CUST_03699,Laptop,2,2608,2026-01-23,UPI,Chennai
JAN_005127,CUST_03853,Mouse,1,12950,2026-01-04,Cash on Delivery,Bangalore
JAN_005128,CUST_02953,Mouse,4,25865,2026-01-09,UPI,Delhi
JAN_005129,CUST_04514,Keyboard,5,6310,2026-01-04,Credit Card,Chennai
JAN_005130,CUST_00117,Smartwatch,3,2144,2026-01-22,Cash on Delivery,Pune
JAN_005131,CUST_00847,Headphones,2,9992,2026-01-13,Credit Card,Pune
JAN_005132,CUST_00217,Monitor,4,19601,2026-01-23,Debit Card,Chennai
JAN_005133,CUST_02890,Keyboard,1,17021,2026-01-18,Debit Card,Bangalore
JAN_005134,CUST_02787,Monitor,1,8462,2026-01-11,Cash on Delivery,Delhi
JAN_005135,CUST_02727,Smartwatch,1,32949,2026-01-23,Cash on Delivery,Chennai
JAN_005136,CUST_04415,Mouse,2,15410,2026-01-25,Credit Card,Chennai
JAN_005137,CUST_01571,Laptop,3,44657,2026-01-14,Cash on Delivery,Mumbai
JAN_005138,CUST_04257,Headphones,2,26434,2026-01-01,Cash on Delivery,Pune
JAN_005139,CUST_01165,Smartwatch,5,1338,2026-01-22,Credit Card,Pune
JAN_005140,CUST_01227,Laptop,5,29306,2026-01-06,Debit Card,Bangalore
JAN_005141,CUST_00192,Smartwatch,1,30209,2026-01-22,UPI,Chennai
JAN_005142,CUST_03787,Laptop,1,22532,2026-01-21,UPI,Delhi
JAN_005143,CUST_00458,Keyboard,5,13882,2026-01-02,Debit Card,Bangalore
JAN_005144,CUST_00272,Tablet,4,39464,2026-01-20,Cash on Delivery,Delhi
JAN_005145,CUST_00939,Smartwatch,2,47917,2026-01-30,UPI,Hyderabad
JAN_005146,CUST_01587,Keyboard,2,38746,2026-01-21,UPI,Pune
JAN_005147,CUST_01291,Smartwatch,5,9814,2026-01-20,UPI,Mumbai
JAN_005148,CUST_02763,Keyboard,1,31682,2026-01-28,UPI,Delhi
JAN_005149,CUST_03424,Laptop,1,36849,2026-01-06,Credit Card,Delhi
JAN_005150,CUST_01911,Tablet,4,49260,2026-01-17,Debit Card,Delhi
JAN_005151,CUST_00444,Monitor,3,40861,2026-01-15,Debit Card,Chennai
JAN_005152,CUST_04436,Tablet,2,36081,2026-01-24,Credit Card,Mumbai
JAN_005153,CUST_01586,Headphones,2,45614,2026-01-13,UPI,Mumbai
JAN_005154,CUST_03453,Laptop,3,17153,2026-01-06,Cash on Delivery,Pune
JAN_005155,CUST_02996,Monitor,2,48739,2026-01-14,Debit Card,Chennai
JAN_005156,CUST_00108,Smartwatch,1,42584,2026-01-14,Cash on Delivery,Bangalore
JAN_005157,CUST_01275,Mouse,3,11792,2026-01-15,Debit Card,Chennai
JAN_005158,CUST_03712,Tablet,3,30954,2026-01-07,Cash on Delivery,Hyderabad
JAN_005159,CUST_04394,Mouse,1,29135,2026-01-29,UPI,Pune
JAN_005160,CUST_04965,Mouse,4,21045,2026-01-23,Cash on Delivery,Chennai
JAN_005161,CUST_00434,Smartwatch,1,9524,2026-01-15,Cash on Delivery,Delhi
JAN_005162,CUST_02510,Headphones,4,34439,2026-01-18,UPI,Hyderabad
JAN_005163,CUST_04200,Headphones,4,45224,2026-01-05,UPI,Pune
JAN_005164,CUST_03094,Mouse,1,28875,2026-01-21,UPI,Mumbai
JAN_005165,CUST_01605,Tablet,1,42501,2026-01-11,Cash on Delivery,Mumbai
JAN_005166,CUST_03172,Smartwatch,5,33971,2026-01-11,UPI,Delhi
JAN_005167,CUST_03289,Smartwatch,3,31129,2026-01-03,Debit Card,Pune
JAN_005168,CUST_01183,Tablet,5,34520,2026-01-03,Credit Card,Mumbai
JAN_005169,CUST_01428,Mouse,2,36680,2026-01-29,Debit Card,Delhi
JAN_005170,CUST_02213,Smartphone,4,1380,2026-01-12,UPI,Hyderabad
JAN_005171,CUST_00702,Mouse,5,1492,2026-01-20,Cash on Delivery,Mumbai
JAN_005172,CUST_00971,Tablet,1,45560,2026-01-30,Cash on Delivery,Chennai
JAN_005173,CUST_00842,Monitor,2,2782,2026-01-28,Cash on Delivery,Chennai
JAN_005174,CUST_00848,Laptop,4,18892,2026-01-21,UPI,Bangalore
JAN_005175,CUST_01843,Smartwatch,5,38144,2026-01-08,Debit Card,Pune
JAN_005176,CUST_04892,Smartwatch,4,46035,2026-01-15,Credit Card,Pune
JAN_005177,CUST_02406,Smartwatch,1,44088,2026-01-30,UPI,Bangalore
JAN_005178,CUST_00751,Laptop,5,233,2026-01-03,UPI,Pune
JAN_005179,CUST_00418,Smartphone,4,36590,2026-01-16,Debit Card,Mumbai
JAN_005180,CUST_01447,Laptop,3,3350,2026-01-24,Credit Card,Bangalore
JAN_005181,CUST_02368,Tablet,2,45162,2026-01-22,Credit Card,Pune
JAN_005182,CUST_01439,Laptop,1,983,2026-01-22,Credit Card,Hyderabad
JAN_005183,CUST_03856,Monitor,5,39721,2026-01-29,Cash on Delivery,Bangalore
JAN_005184,CUST_03775,Monitor,2,39465,2026-01-21,Cash on Delivery,Bangalore
JAN_005185,CUST_03698,Mouse,3,11144,2026-01-20,Debit Card,Delhi
JAN_005186,CUST_02113,Headphones,1,18634,2026-01-13,UPI,Chennai
JAN_005187,CUST_00926,Monitor,2,29088,2026-01-10,Debit Card,Mumbai
JAN_005188,CUST_03002,Smartphone,2,15820,2026-01-31,Cash on Delivery,Hyderabad
JAN_005189,CUST_01883,Tablet,4,49456,2026-01-25,Cash on Delivery,Pune
JAN_005190,CUST_04981,Tablet,4,35168,2026-01-19,UPI,Pune
JAN_005191,CUST_03087,Laptop,5,21186,2026-01-22,Debit Card,Chennai
JAN_005192,CUST_00725,Tablet,3,39437,2026-01-25,UPI,Bangalore
JAN_005193,CUST_02444,Smartwatch,5,33566,2026-01-17,UPI,Bangalore
JAN_005194,CUST_04819,Laptop,5,4021,2026-01-09,Credit Card,Bangalore
JAN_005195,CUST_03284,Headphones,3,48334,2026-01-17,UPI,Pune
JAN_005196,CUST_03639,Mouse,3,21872,2026-01-12,UPI,Hyderabad
JAN_005197,CUST_04732,Smartwatch,2,12170,2026-01-20,Debit Card,Bangalore
JAN_005198,CUST_01995,Monitor,2,29125,2026-01-25,UPI,Mumbai
JAN_005199,CUST_00955,Smartphone,1,46149,2026-01-29,Debit Card,Pune
JAN_005200,CUST_00581,Mouse,4,44595,2026-01-28,Cash on Delivery,Hyderabad
JAN_005201,CUST_04538,Monitor,5,14773,2026-01-20,Credit Card,Mumbai
JAN_005202,CUST_02925,Smartwatch,1,32973,2026-01-08,Credit Card,Mumbai
JAN_005203,CUST_03719,Keyboard,3,45628,2026-01-27,UPI,Mumbai
JAN_005204,CUST_01280,Headphones,4,17547,2026-01-29,Credit Card,Bangalore
JAN_005205,CUST_04058,Headphones,1,22151,2026-01-20,Debit Card,Bangalore
JAN_005206,CUST_01344,Tablet,5,6883,2026-01-18,Credit Card,Mumbai
JAN_005207,CUST_02310,Tablet,3,40101,2026-01-28,Debit Card,Chennai
JAN_005208,CUST_03167,Laptop,3,11636,2026-01-10,Credit Card,Chennai
JAN_005209,CUST_00850,Tablet,5,16719,2026-01-31,Cash on Delivery,Delhi
JAN_005210,CUST_02149,Smartwatch,1,30216,2026-01-03,Credit Card,Chennai
JAN_005211,CUST_04386,Laptop,3,22753,2026-01-11,Credit Card,Hyderabad
JAN_005212,CUST_01483,Smartwatch,4,28240,2026-01-27,Cash on Delivery,Hyderabad
JAN_005213,CUST_04299,Tablet,4,21869,2026-01-18,Debit Card,Bangalore
JAN_005214,CUST_04201,Mouse,4,49908,2026-01-11,Debit Card,Mumbai
JAN_005215,CUST_02275,Laptop,1,40201,2026-01-08,Credit Card,Pune
JAN_005216,CUST_04762,Keyboard,4,413,2026-01-30,Debit Card,Hyderabad
JAN_005217,CUST_01491,Tablet,3,43682,2026-01-14,UPI,Pune
JAN_005218,CUST_01711,Mouse,4,16531,2026-01-19,UPI,Mumbai
JAN_005219,CUST_02284,Mouse,3,31560,2026-01-05,Credit Card,Chennai
JAN_005220,CUST_02863,Smartwatch,1,4781,2026-01-24,Debit Card,Chennai
JAN_005221,CUST_03294,Headphones,2,46155,2026-01-18,Credit Card,Mumbai
JAN_005222,CUST_03813,Laptop,4,22173,2026-01-31,Debit Card,Hyderabad
JAN_005223,CUST_02590,Keyboard,1,25022,2026-01-01,UPI,Delhi
JAN_005224,CUST_01070,Tablet,3,16012,2026-01-23,Credit Card,Mumbai
JAN_005225,CUST_03605,Headphones,4,4617,2026-01-07,Cash on Delivery,Pune
JAN_005226,CUST_01327,Mouse,3,30121,2026-01-21,Debit Card,Chennai
JAN_005227,CUST_00514,Smartphone,2,41195,2026-01-07,UPI,Delhi
JAN_005228,CUST_00118,Tablet,5,12390,2026-01-18,Cash on Delivery,Hyderabad
JAN_005229,CUST_00390,Smartwatch,4,5283,2026-01-25,Debit Card,Pune
JAN_005230,CUST_02448,Monitor,5,33666,2026-01-29,Debit Card,Hyderabad
JAN_005231,CUST_03086,Keyboard,3,28577,2026-01-13,Debit Card,Pune
JAN_005232,CUST_02429,Smartphone,5,2082,2026-01-27,Credit Card,Pune
JAN_005233,CUST_04514,Headphones,3,9342,2026-01-28,UPI,Delhi
JAN_005234,CUST_04287,Smartwatch,4,38473,2026-01-30,UPI,Bangalore
JAN_005235,CUST_02233,Smartwatch,5,47041,2026-01-27,Debit Card,Delhi
JAN_005236,CUST_04109,Headphones,5,18979,2026-01-18,Cash on Delivery,Mumbai
JAN_005237,CUST_01263,Laptop,2,5393,2026-01-11,Credit Card,Pune
JAN_005238,CUST_04427,Tablet,1,48276,2026-01-06,Credit Card,Delhi
JAN_005239,CUST_01306,Laptop,2,28550,2026-01-24,Cash on Delivery,Hyderabad
JAN_005240,CUST_02401,Headphones,4,49284,2026-01-14,Cash on Delivery,Hyderabad
JAN_005241,CUST_01116,Smartwatch,5,46234,2026-01-13,Debit Card,Delhi
JAN_005242,CUST_01180,Tablet,4,2104,2026-01-16,Credit Card,Delhi
JAN_005243,CUST_04144,Tablet,4,36968,2026-01-01,Credit Card,Bangalore
JAN_005244,CUST_00656,Laptop,4,12127,2026-01-15,Credit Card,Delhi
JAN_005245,CUST_02843,Monitor,4,16106,2026-01-09,Debit Card,Chennai
JAN_005246,CUST_01581,Headphones,4,32948,2026-01-06,UPI,Mumbai
JAN_005247,CUST_02709,Keyboard,3,34982,2026-01-09,Debit Card,Pune
JAN_005248,CUST_03849,Keyboard,1,8446,2026-01-19,Cash on Delivery,Delhi
JAN_005249,CUST_01037,Headphones,5,22770,2026-01-24,Cash on Delivery,Mumbai
JAN_005250,CUST_01338,Mouse,1,47832,2026-01-10,Credit Card,Bangalore
JAN_005251,CUST_02767,Mouse,4,34357,2026-01-11,Credit Card,Hyderabad
JAN_005252,CUST_03686,Tablet,1,19413,2026-01-26,UPI,Mumbai
JAN_005253,CUST_03905,Smartphone,3,38458,2026-01-14,Cash on Delivery,Pune
JAN_005254,CUST_02339,Smartwatch,4,15459,2026-01-26,Cash on Delivery,Bangalore
JAN_005255,CUST_04987,Laptop,3,18454,2026-01-13,Debit Card,Pune
JAN_005256,CUST_03533,Tablet,2,13780,2026-01-22,Credit Card,Pune
JAN_005257,CUST_00578,Headphones,3,35875,2026-01-06,Debit Card,Bangalore
JAN_005258,CUST_03812,Tablet,1,892,2026-01-18,Cash on Delivery,Delhi
JAN_005259,CUST_02145,Monitor,5,39051,2026-01-08,Debit Card,Delhi
JAN_005260,CUST_02250,Laptop,4,27238,2026-01-14,UPI,Pune
JAN_005261,CUST_04872,Monitor,2,4076,2026-01-18,UPI,Delhi
JAN_005262,CUST_00387,Keyboard,2,37943,2026-01-31,UPI,Pune
JAN_005263,CUST_01977,Tablet,1,49955,2026-01-04,Cash on Delivery,Delhi
JAN_005264,CUST_01834,Keyboard,3,28006,2026-01-18,UPI,Bangalore
JAN_005265,CUST_04491,Smartphone,1,35644,2026-01-29,UPI,Mumbai
JAN_005266,CUST_01790,Keyboard,4,18563,2026-01-12,Credit Card,Bangalore
JAN_005267,CUST_03756,Laptop,2,41873,2026-01-13,Cash on Delivery,Chennai
JAN_005268,CUST_04191,Tablet,1,21090,2026-01-06,Cash on Delivery,Bangalore
JAN_005269,CUST_03535,Monitor,4,45867,2026-01-20,Debit Card,Bangalore
JAN_005270,CUST_04053,Monitor,5,22695,2026-01-31,Debit Card,Bangalore
JAN_005271,CUST_02807,Monitor,2,45310,2026-01-01,Cash on Delivery,Delhi
JAN_005272,CUST_00680,Tablet,1,19884,2026-01-19,Debit Card,Bangalore
JAN_005273,CUST_00609,Keyboard,5,22808,2026-01-29,Credit Card,Pune
JAN_005274,CUST_01074,Monitor,2,4243,2026-01-11,Cash on Delivery,Pune
JAN_005275,CUST_04339,Headphones,1,26044,2026-01-25,Debit Card,Mumbai
JAN_005276,CUST_00550,Headphones,1,19819,2026-01-28,Debit Card,Chennai
JAN_005277,CUST_02424,Monitor,2,4134,2026-01-10,Credit Card,Mumbai
JAN_005278,CUST_01111,Tablet,4,41026,2026-01-26,Debit Card,Chennai
JAN_005279,CUST_00211,Headphones,3,3914,2026-01-07,Credit Card,Pune
JAN_005280,CUST_01983,Headphones,1,11244,2026-01-12,Debit Card,Bangalore
JAN_005281,CUST_01417,Keyboard,4,15506,2026-01-01,Debit Card,Pune
JAN_005282,CUST_00181,Mouse,1,11736,2026-01-27,UPI,Hyderabad
JAN_005283,CUST_00318,Monitor,2,23372,2026-01-29,Cash on Delivery,Hyderabad
JAN_005284,CUST_04776,Laptop,1,18701,2026-01-11,Cash on Delivery,Hyderabad
JAN_005285,CUST_02072,Smartphone,2,43152,2026-01-30,Credit Card,Delhi
JAN_005286,CUST_02478,Smartwatch,1,5858,2026-01-11,UPI,Mumbai
JAN_005287,CUST_02479,Keyboard,3,33121,2026-01-07,Debit Card,Chennai
JAN_005288,CUST_01656,Keyboard,5,45132,2026-01-03,Cash on Delivery,Pune
JAN_005289,CUST_03783,Smartwatch,5,27463,2026-01-06,UPI,Delhi
JAN_005290,CUST_01960,Mouse,2,7800,2026-01-16,UPI,Delhi
JAN_005291,CUST_01356,Smartphone,2,33131,2026-01-01,UPI,Delhi
JAN_005292,CUST_00756,Mouse,5,20209,2026-01-02,UPI,Delhi
JAN_005293,CUST_04307,Laptop,5,35919,2026-01-20,UPI,Hyderabad
JAN_005294,CUST_03377,Mouse,3,10540,2026-01-13,Credit Card,Mumbai
JAN_005295,CUST_04689,Smartphone,5,38872,2026-01-27,UPI,Hyderabad
JAN_005296,CUST_00575,Keyboard,2,21232,2026-01-05,Cash on Delivery,Hyderabad
JAN_005297,CUST_01695,Smartphone,4,10135,2026-01-24,Credit Card,Chennai
JAN_005298,CUST_03267,Tablet,1,19886,2026-01-29,UPI,Chennai
JAN_005299,CUST_00093,Keyboard,5,37108,2026-01-03,UPI,Hyderabad
JAN_005300,CUST_04147,Tablet,3,2543,2026-01-04,Debit Card,Mumbai
JAN_005301,CUST_01960,Keyboard,2,1702,2026-01-04,Credit Card,Bangalore
JAN_005302,CUST_02159,Monitor,4,2022,2026-01-31,Cash on Delivery,Mumbai
JAN_005303,CUST_04254,Tablet,4,22806,2026-01-09,UPI,Pune
JAN_005304,CUST_03718,Monitor,2,23668,2026-01-16,Cash on Delivery,Delhi
JAN_005305,CUST_00617,Smartwatch,2,7911,2026-01-08,Cash on Delivery,Mumbai
JAN_005306,CUST_01605,Tablet,5,47916,2026-01-27,UPI,Mumbai
JAN_005307,CUST_00450,Monitor,4,2230,2026-01-21,Credit Card,Hyderabad
JAN_005308,CUST_03106,Keyboard,1,28021,2026-01-20,Cash on Delivery,Chennai
JAN_005309,CUST_00112,Monitor,5,40015,2026-01-01,Debit Card,Chennai
JAN_005310,CUST_04893,Smartwatch,4,45185,2026-01-30,Credit Card,Pune
JAN_005311,CUST_02031,Keyboard,4,4084,2026-01-05,UPI,Chennai
JAN_005312,CUST_02608,Laptop,1,38210,2026-01-04,Cash on Delivery,Mumbai
JAN_005313,CUST_00398,Smartwatch,2,16560,2026-01-09,Credit Card,Delhi
JAN_005314,CUST_01766,Laptop,4,22327,2026-01-10,Cash on Delivery,Bangalore
JAN_005315,CUST_04438,Keyboard,5,42869,2026-01-10,Credit Card,Delhi
JAN_005316,CUST_02745,Laptop,5,32501,2026-01-15,Credit Card,Delhi
JAN_005317,CUST_02663,Headphones,3,36271,2026-01-17,Debit Card,Pune
JAN_005318,CUST_02917,Monitor,1,14065,2026-01-09,UPI,Hyderabad
JAN_005319,CUST_03448,Laptop,2,20569,2026-01-31,Credit Card,Delhi
JAN_005320,CUST_04061,Keyboard,5,46759,2026-01-14,Cash on Delivery,Delhi
JAN_005321,CUST_04609,Keyboard,2,15962,2026-01-13,UPI,Mumbai
JAN_005322,CUST_01929,Smartwatch,3,28968,2026-01-09,Debit Card,Hyderabad
JAN_005323,CUST_03386,Smartwatch,3,34099,2026-01-10,Cash on Delivery,Pune
JAN_005324,CUST_02178,Smartphone,4,15331,2026-01-16,Cash on Delivery,Mumbai
JAN_005325,CUST_00317,Smartwatch,2,7123,2026-01-05,Cash on Delivery,Bangalore
JAN_005326,CUST_01382,Tablet,4,26390,2026-01-12,UPI,Mumbai
JAN_005327,CUST_02936,Mouse,1,33811,2026-01-09,UPI,Mumbai
JAN_005328,CUST_02207,Mouse,1,24439,2026-01-24,Cash on Delivery,Delhi
JAN_005329,CUST_00924,Mouse,2,46274,2026-01-18,Cash on Delivery,Mumbai
JAN_005330,CUST_03393,Smartwatch,1,6883,2026-01-03,Debit Card,Chennai
JAN_005331,CUST_00255,Keyboard,4,5189,2026-01-30,UPI,Hyderabad
JAN_005332,CUST_01364,Smartwatch,1,22013,2026-01-20,Debit Card,Bangalore
JAN_005333,CUST_02209,Smartwatch,3,17121,2026-01-23,Credit Card,Pune
JAN_005334,CUST_04103,Keyboard,4,33397,2026-01-13,Debit Card,Delhi
JAN_005335,CUST_03704,Smartphone,3,1989,2026-01-16,Credit Card,Bangalore
JAN_005336,CUST_02234,Monitor,3,22348,2026-01-29,Debit Card,Pune
JAN_005337,CUST_03474,Laptop,1,15330,2026-01-14,UPI,Mumbai
JAN_005338,CUST_04924,Smartwatch,2,10173,2026-01-03,Cash on Delivery,Delhi
JAN_005339,CUST_01807,Smartwatch,5,31105,2026-01-31,Debit Card,Pune
JAN_005340,CUST_00811,Tablet,2,25796,2026-01-05,Credit Card,Hyderabad
JAN_005341,CUST_00454,Monitor,4,1607,2026-01-12,Credit Card,Bangalore
JAN_005342,CUST_04953,Smartphone,4,44959,2026-01-01,Debit Card,Mumbai
JAN_005343,CUST_00930,Smartphone,2,27191,2026-01-18,Debit Card,Mumbai
JAN_005344,CUST_02254,Mouse,5,18026,2026-01-08,Credit Card,Pune
JAN_005345,CUST_03882,Tablet,1,1222,2026-01-31,Cash on Delivery,Delhi
JAN_005346,CUST_03990,Monitor,5,22179,2026-01-26,UPI,Bangalore
JAN_005347,CUST_01485,Monitor,3,18883,2026-01-26,Cash on Delivery,Chennai
JAN_005348,CUST_02698,Mouse,2,5740,2026-01-19,Cash on Delivery,Pune
JAN_005349,CUST_02898,Smartwatch,2,31306,2026-01-23,Debit Card,Delhi
JAN_005350,CUST_00064,Laptop,1,27391,2026-01-17,UPI,Pune
JAN_005351,CUST_01677,Mouse,3,30409,2026-01-15,Debit Card,Pune
JAN_005352,CUST_02613,Headphones,2,20715,2026-01-25,UPI,Chennai
JAN_005353,CUST_01744,Keyboard,2,27893,2026-01-23,Debit Card,Pune
JAN_005354,CUST_04965,Tablet,1,45213,2026-01-17,UPI,Mumbai
JAN_005355,CUST_03646,Laptop,4,36650,2026-01-03,UPI,Delhi
JAN_005356,CUST_02326,Monitor,4,26744,2026-01-22,UPI,Pune
JAN_005357,CUST_01962,Laptop,3,37311,2026-01-24,Debit Card,Hyderabad
JAN_005358,CUST_00737,Mouse,2,41193,2026-01-10,Credit Card,Bangalore
JAN_005359,CUST_02873,Headphones,5,13437,2026-01-23,Credit Card,Chennai
JAN_005360,CUST_04382,Tablet,3,26767,2026-01-06,Cash on Delivery,Hyderabad
JAN_005361,CUST_01022,Keyboard,1,9278,2026-01-18,Cash on Delivery,Bangalore
JAN_005362,CUST_02244,Tablet,4,6482,2026-01-13,UPI,Bangalore
JAN_005363,CUST_04591,Headphones,1,34585,2026-01-17,Cash on Delivery,Mumbai
JAN_005364,CUST_04275,Mouse,1,47486,2026-01-22,UPI,Chennai
JAN_005365,CUST_04726,Smartphone,1,27497,2026-01-24,UPI,Mumbai
JAN_005366,CUST_03288,Mouse,3,25223,2026-01-10,UPI,Mumbai
JAN_005367,CUST_04136,Keyboard,1,49892,2026-01-19,Cash on Delivery,Bangalore
JAN_005368,CUST_02486,Headphones,3,32278,2026-01-26,Credit Card,Pune
JAN_005369,CUST_04229,Monitor,2,16005,2026-01-27,Cash on Delivery,Pune
JAN_005370,CUST_03956,Mouse,5,44416,2026-01-22,Cash on Delivery,Chennai
JAN_005371,CUST_00463,Tablet,5,36933,2026-01-01,UPI,Pune
JAN_005372,CUST_02791,Keyboard,2,22110,2026-01-05,UPI,Delhi
JAN_005373,CUST_04546,Laptop,5,10910,2026-01-03,Credit Card,Chennai
JAN_005374,CUST_04684,Laptop,5,27010,2026-01-16,Cash on Delivery,Chennai
JAN_005375,CUST_00160,Headphones,5,28405,2026-01-24,Debit Card,Pune
JAN_005376,CUST_01666,Keyboard,5,42574,2026-01-27,Debit Card,Chennai
JAN_005377,CUST_03358,Mouse,4,49875,2026-01-03,Credit Card,Mumbai
JAN_005378,CUST_00010,Laptop,2,44952,2026-01-25,Cash on Delivery,Mumbai
JAN_005379,CUST_04864,Laptop,4,3256,2026-01-27,Credit Card,Chennai
JAN_005380,CUST_00498,Smartwatch,4,49447,2026-01-17,Credit Card,Delhi
JAN_005381,CUST_04086,Laptop,5,33941,2026-01-02,Credit Card,Bangalore
JAN_005382,CUST_02223,Headphones,4,32424,2026-01-17,Debit Card,Hyderabad
JAN_005383,CUST_03354,Headphones,5,27059,2026-01-15,Debit Card,Mumbai
JAN_005384,CUST_03890,Mouse,3,22502,2026-01-28,Cash on Delivery,Bangalore
JAN_005385,CUST_01092,Smartwatch,4,26097,2026-01-15,Debit Card,Pune
JAN_005386,CUST_00736,Headphones,5,6947,2026-01-09,Cash on Delivery,Hyderabad
JAN_005387,CUST_04083,Tablet,5,23139,2026-01-09,UPI,Mumbai
JAN_005388,CUST_02518,Monitor,2,49666,2026-01-07,Credit Card,Mumbai
JAN_005389,CUST_03584,Headphones,4,40272,2026-01-06,Credit Card,Mumbai
JAN_005390,CUST_01025,Smartwatch,3,22830,2026-01-07,Credit Card,Bangalore
JAN_005391,CUST_03632,Keyboard,2,862,2026-01-31,UPI,Chennai
JAN_005392,CUST_02113,Laptop,4,15083,2026-01-25,Debit Card,Mumbai
JAN_005393,CUST_04219,Monitor,2,42621,2026-01-14,Credit Card,Bangalore
JAN_005394,CUST_03275,Tablet,3,8206,2026-01-15,Credit Card,Bangalore
JAN_005395,CUST_04571,Keyboard,4,41676,2026-01-23,UPI,Mumbai
JAN_005396,CUST_02935,Keyboard,4,47604,2026-01-24,Cash on Delivery,Hyderabad
JAN_005397,CUST_01712,Keyboard,2,32480,2026-01-30,Cash on Delivery,Delhi
JAN_005398,CUST_02113,Headphones,2,35116,2026-01-07,Debit Card,Pune
JAN_005399,CUST_01306,Keyboard,4,9362,2026-01-13,Credit Card,Chennai
JAN_005400,CUST_01448,Headphones,3,49411,2026-01-22,Credit Card,Mumbai
JAN_005401,CUST_01910,Keyboard,4,48260,2026-01-02,UPI,Mumbai
JAN_005402,CUST_04785,Mouse,2,43124,2026-01-18,Credit Card,Bangalore
JAN_005403,CUST_00279,Keyboard,4,930,2026-01-30,Debit Card,Delhi
JAN_005404,CUST_01911,Keyboard,1,41635,2026-01-07,Credit Card,Hyderabad
JAN_005405,CUST_03008,Smartwatch,1,8580,2026-01-09,Debit Card,Pune
JAN_005406,CUST_04485,Laptop,3,30657,2026-01-16,Credit Card,Chennai
JAN_005407,CUST_04854,Monitor,1,31494,2026-01-04,Cash on Delivery,Hyderabad
JAN_005408,CUST_03160,Laptop,4,19585,2026-01-22,Debit Card,Pune
JAN_005409,CUST_02517,Mouse,2,6482,2026-01-12,Debit Card,Chennai
JAN_005410,CUST_04419,Keyboard,4,40879,2026-01-22,Credit Card,Chennai
JAN_005411,CUST_00247,Monitor,2,46946,2026-01-10,Credit Card,Pune
JAN_005412,CUST_03689,Keyboard,5,28293,2026-01-27,Debit Card,Hyderabad
JAN_005413,CUST_02156,Headphones,5,36644,2026-01-07,Credit Card,Pune
JAN_005414,CUST_04688,Laptop,2,39733,2026-01-26,Cash on Delivery,Hyderabad
JAN_005415,CUST_04975,Tablet,5,14466,2026-01-30,Credit Card,Mumbai
JAN_005416,CUST_03050,Laptop,2,11012,2026-01-23,UPI,Hyderabad
JAN_005417,CUST_03065,Smartwatch,3,23976,2026-01-17,UPI,Pune
JAN_005418,CUST_00245,Headphones,3,965,2026-01-22,Cash on Delivery,Chennai
JAN_005419,CUST_04293,Smartwatch,1,26628,2026-01-14,Cash on Delivery,Delhi
JAN_005420,CUST_04049,Smartwatch,4,6335,2026-01-10,Debit Card,Hyderabad
JAN_005421,CUST_04358,Smartwatch,2,9527,2026-01-19,Debit Card,Pune
JAN_005422,CUST_00730,Laptop,2,34785,2026-01-20,Debit Card,Delhi
JAN_005423,CUST_01202,Tablet,4,11268,2026-01-10,Credit Card,Mumbai
JAN_005424,CUST_02888,Smartwatch,2,44568,2026-01-11,Cash on Delivery,Bangalore
JAN_005425,CUST_04693,Smartwatch,2,39296,2026-01-07,Debit Card,Hyderabad
JAN_005426,CUST_04887,Mouse,1,13376,2026-01-11,Debit Card,Bangalore
JAN_005427,CUST_02343,Smartwatch,3,28739,2026-01-26,Debit Card,Delhi
JAN_005428,CUST_03850,Laptop,5,32351,2026-01-03,Credit Card,Mumbai
JAN_005429,CUST_01226,Smartphone,1,43597,2026-01-02,Credit Card,Pune
JAN_005430,CUST_03832,Keyboard,4,44206,2026-01-26,Cash on Delivery,Delhi
JAN_005431,CUST_01375,Monitor,4,43244,2026-01-22,Cash on Delivery,Delhi
JAN_005432,CUST_01523,Headphones,2,18883,2026-01-24,Cash on Delivery,Bangalore
JAN_005433,CUST_01752,Smartphone,4,43947,2026-01-19,Cash on Delivery,Mumbai
JAN_005434,CUST_00787,Smartphone,1,39731,2026-01-26,UPI,Bangalore
JAN_005435,CUST_04255,Smartwatch,4,47385,2026-01-18,UPI,Pune
JAN_005436,CUST_01703,Headphones,4,20486,2026-01-15,Debit Card,Chennai
JAN_005437,CUST_04569,Keyboard,4,33891,2026-01-25,Debit Card,Hyderabad
JAN_005438,CUST_02289,Smartphone,4,28429,2026-01-12,UPI,Hyderabad
JAN_005439,CUST_00191,Keyboard,4,6539,2026-01-22,Cash on Delivery,Bangalore
JAN_005440,CUST_02997,Smartphone,1,18914,2026-01-30,Debit Card,Chennai
JAN_005441,CUST_02023,Mouse,4,28729,2026-01-27,Debit Card,Bangalore
JAN_005442,CUST_04045,Keyboard,2,35560,2026-01-30,Cash on Delivery,Hyderabad
JAN_005443,CUST_00467,Monitor,2,33044,2026-01-29,UPI,Pune
JAN_005444,CUST_03187,Smartwatch,3,5959,2026-01-11,Credit Card,Chennai
JAN_005445,CUST_02482,Tablet,4,6135,2026-01-18,Credit Card,Chennai
JAN_005446,CUST_02012,Mouse,3,3044,2026-01-09,Cash on Delivery,Hyderabad
JAN_005447,CUST_01756,Laptop,4,10537,2026-01-11,Debit Card,Mumbai
JAN_005448,CUST_01964,Laptop,5,37598,2026-01-05,Cash on Delivery,Bangalore
JAN_005449,CUST_04983,Headphones,3,14768,2026-01-13,Debit Card,Delhi
JAN_005450,CUST_02058,Smartwatch,5,21825,2026-01-12,Credit Card,Mumbai
JAN_005451,CUST_00837,Monitor,4,2309,2026-01-06,Credit Card,Hyderabad
JAN_005452,CUST_00521,Laptop,5,35976,2026-01-15,UPI,Delhi
JAN_005453,CUST_02543,Smartwatch,5,19253,2026-01-11,Cash on Delivery,Chennai
JAN_005454,CUST_02455,Laptop,2,31456,2026-01-01,Cash on Delivery,Bangalore
JAN_005455,CUST_02263,Tablet,4,48346,2026-01-15,UPI,Pune
JAN_005456,CUST_00672,Smartwatch,1,12406,2026-01-24,Credit Card,Mumbai
JAN_005457,CUST_02770,Laptop,2,47846,2026-01-26,Cash on Delivery,Pune
JAN_005458,CUST_02877,Smartwatch,5,46793,2026-01-11,UPI,Pune
JAN_005459,CUST_00364,Laptop,3,8236,2026-01-19,Debit Card,Hyderabad
JAN_005460,CUST_01816,Keyboard,2,24632,2026-01-20,Credit Card,Hyderabad
JAN_005461,CUST_03286,Laptop,1,14842,2026-01-14,Debit Card,Bangalore
JAN_005462,CUST_00003,Laptop,2,38612,2026-01-24,Debit Card,Chennai
JAN_005463,CUST_04249,Laptop,1,2242,2026-01-07,UPI,Delhi
JAN_005464,CUST_02411,Monitor,4,6404,2026-01-28,UPI,Bangalore
JAN_005465,CUST_00449,Smartwatch,1,39373,2026-01-18,Debit Card,Hyderabad
JAN_005466,CUST_04739,Smartphone,2,26491,2026-01-19,Debit Card,Mumbai
JAN_005467,CUST_02919,Monitor,1,37921,2026-01-29,UPI,Pune
JAN_005468,CUST_04859,Keyboard,5,27186,2026-01-27,Cash on Delivery,Mumbai
JAN_005469,CUST_03548,Tablet,1,31855,2026-01-17,UPI,Hyderabad
JAN_005470,CUST_02550,Headphones,5,13569,2026-01-01,Credit Card,Hyderabad
JAN_005471,CUST_02996,Laptop,4,46205,2026-01-30,UPI,Hyderabad
JAN_005472,CUST_00686,Headphones,5,14618,2026-01-14,Credit Card,Delhi
JAN_005473,CUST_01596,Mouse,5,23335,2026-01-03,Credit Card,Delhi
JAN_005474,CUST_04609,Mouse,1,43828,2026-01-02,UPI,Delhi
JAN_005475,CUST_00599,Tablet,4,24003,2026-01-16,Debit Card,Chennai
JAN_005476,CUST_03678,Mouse,5,652,2026-01-05,Cash on Delivery,Chennai
JAN_005477,CUST_00560,Headphones,4,48739,2026-01-04,Credit Card,Pune
JAN_005478,CUST_01881,Laptop,4,38991,2026-01-02,Debit Card,Mumbai
JAN_005479,CUST_02606,Tablet,1,11211,2026-01-14,UPI,Mumbai
JAN_005480,CUST_03536,Laptop,1,35723,2026-01-18,UPI,Mumbai
JAN_005481,CUST_01080,Keyboard,5,40091,2026-01-22,Credit Card,Delhi
JAN_005482,CUST_01492,Monitor,3,38454,2026-01-02,Cash on Delivery,Hyderabad
JAN_005483,CUST_01112,Laptop,4,10072,2026-01-24,Credit Card,Mumbai
JAN_005484,CUST_02331,Monitor,5,28411,2026-01-26,UPI,Mumbai
JAN_005485,CUST_04774,Smartwatch,1,37602,2026-01-29,Cash on Delivery,Hyderabad
JAN_005486,CUST_02361,Monitor,1,22729,2026-01-02,Credit Card,Mumbai
JAN_005487,CUST_01155,Laptop,2,27868,2026-01-03,UPI,Hyderabad
JAN_005488,CUST_03318,Mouse,1,45356,2026-01-04,UPI,Bangalore
JAN_005489,CUST_03335,Laptop,5,46171,2026-01-09,UPI,Pune
JAN_005490,CUST_04093,Smartphone,3,2699,2026-01-20,Credit Card,Bangalore
JAN_005491,CUST_04620,Monitor,3,18582,2026-01-14,Debit Card,Mumbai
JAN_005492,CUST_03310,Laptop,5,44771,2026-01-27,Debit Card,Hyderabad
JAN_005493,CUST_03392,Headphones,4,17388,2026-01-02,Debit Card,Chennai
JAN_005494,CUST_04868,Keyboard,5,41990,2026-01-14,Debit Card,Hyderabad
JAN_005495,CUST_00333,Tablet,3,9483,2026-01-21,Debit Card,Mumbai
JAN_005496,CUST_01173,Laptop,3,40851,2026-01-10,Debit Card,Chennai
JAN_005497,CUST_03630,Smartwatch,2,20922,2026-01-30,Credit Card,Pune
JAN_005498,CUST_04372,Mouse,4,26823,2026-01-25,Cash on Delivery,Hyderabad
JAN_005499,CUST_04920,Monitor,2,3142,2026-01-03,UPI,Chennai
JAN_005500,CUST_02341,Tablet,2,34569,2026-01-31,Cash on Delivery,Mumbai
JAN_005501,CUST_02405,Smartwatch,5,21182,2026-01-16,UPI,Delhi
JAN_005502,CUST_03174,Headphones,5,29428,2026-01-31,Cash on Delivery,Mumbai
JAN_005503,CUST_03197,Smartwatch,2,47330,2026-01-04,Cash on Delivery,Chennai
JAN_005504,CUST_01554,Mouse,5,34415,2026-01-01,Credit Card,Bangalore
JAN_005505,CUST_03277,Smartwatch,4,42828,2026-01-26,UPI,Mumbai
JAN_005506,CUST_03028,Smartwatch,2,32813,2026-01-13,Cash on Delivery,Pune
JAN_005507,CUST_00368,Headphones,1,24050,2026-01-10,Cash on Delivery,Delhi
JAN_005508,CUST_00711,Headphones,3,9896,2026-01-07,Debit Card,Delhi
JAN_005509,CUST_01664,Monitor,2,22585,2026-01-31,Cash on Delivery,Mumbai
JAN_005510,CUST_04269,Monitor,5,40786,2026-01-01,Debit Card,Hyderabad
JAN_005511,CUST_00513,Tablet,2,7277,2026-01-13,Debit Card,Mumbai
JAN_005512,CUST_01231,Laptop,3,48182,2026-01-11,Credit Card,Bangalore
JAN_005513,CUST_00719,Keyboard,1,33953,2026-01-07,Debit Card,Bangalore
JAN_005514,CUST_03390,Laptop,3,40348,2026-01-30,Credit Card,Bangalore
JAN_005515,CUST_01224,Keyboard,2,8514,2026-01-22,UPI,Mumbai
JAN_005516,CUST_00698,Headphones,5,17951,2026-01-20,Debit Card,Pune
JAN_005517,CUST_00893,Mouse,1,18618,2026-01-08,UPI,Hyderabad
JAN_005518,CUST_03978,Keyboard,3,45725,2026-01-30,Credit Card,Pune
JAN_005519,CUST_03815,Tablet,5,35851,2026-01-27,Credit Card,Pune
JAN_005520,CUST_02489,Laptop,2,6535,2026-01-28,UPI,Chennai
JAN_005521,CUST_04350,Headphones,2,6277,2026-01-30,Credit Card,Chennai
JAN_005522,CUST_04636,Smartphone,5,7346,2026-01-20,UPI,Mumbai
JAN_005523,CUST_04644,Smartwatch,2,20564,2026-01-26,Credit Card,Chennai
JAN_005524,CUST_03795,Smartwatch,2,44717,2026-01-12,Debit Card,Bangalore
JAN_005525,CUST_03879,Tablet,3,22929,2026-01-17,Credit Card,Chennai
JAN_005526,CUST_02462,Headphones,2,49285,2026-01-07,Cash on Delivery,Pune
JAN_005527,CUST_02577,Mouse,3,49211,2026-01-05,Credit Card,Delhi
JAN_005528,CUST_02638,Keyboard,3,7851,2026-01-21,UPI,Chennai
JAN_005529,CUST_04564,Headphones,5,1854,2026-01-17,Debit Card,Mumbai
JAN_005530,CUST_02063,Monitor,3,15299,2026-01-08,Credit Card,Hyderabad
JAN_005531,CUST_03865,Headphones,1,17370,2026-01-31,Cash on Delivery,Chennai
JAN_005532,CUST_03565,Smartwatch,4,46638,2026-01-16,UPI,Hyderabad
JAN_005533,CUST_04427,Tablet,3,21233,2026-01-05,Cash on Delivery,Mumbai
JAN_005534,CUST_01060,Laptop,4,20739,2026-01-24,Credit Card,Mumbai
JAN_005535,CUST_01763,Smartwatch,5,23786,2026-01-22,Credit Card,Mumbai
JAN_005536,CUST_01117,Smartwatch,2,6444,2026-01-12,UPI,Chennai
JAN_005537,CUST_02422,Smartphone,3,17457,2026-01-27,Credit Card,Mumbai
JAN_005538,CUST_00998,Laptop,4,5549,2026-01-21,Debit Card,Bangalore
JAN_005539,CUST_01167,Smartwatch,3,23303,2026-01-12,Cash on Delivery,Bangalore
JAN_005540,CUST_01678,Keyboard,1,39204,2026-01-09,Cash on Delivery,Mumbai
JAN_005541,CUST_01004,Monitor,2,15082,2026-01-26,Credit Card,Bangalore
JAN_005542,CUST_04757,Tablet,2,40977,2026-01-26,Cash on Delivery,Hyderabad
JAN_005543,CUST_00234,Smartphone,1,49352,2026-01-15,UPI,Pune
JAN_005544,CUST_02479,Keyboard,3,19960,2026-01-07,Cash on Delivery,Bangalore
JAN_005545,CUST_04447,Monitor,5,47185,2026-01-24,Cash on Delivery,Pune
JAN_005546,CUST_04348,Smartphone,4,33737,2026-01-03,Cash on Delivery,Mumbai
JAN_005547,CUST_01072,Smartphone,3,37731,2026-01-31,Credit Card,Chennai
JAN_005548,CUST_02091,Keyboard,4,28846,2026-01-20,Credit Card,Hyderabad
JAN_005549,CUST_04023,Mouse,5,3151,2026-01-05,Credit Card,Delhi
JAN_005550,CUST_01313,Headphones,2,15215,2026-01-04,Debit Card,Bangalore
JAN_005551,CUST_00336,Tablet,1,19194,2026-01-18,Cash on Delivery,Delhi
JAN_005552,CUST_00964,Mouse,5,14509,2026-01-22,Cash on Delivery,Hyderabad
JAN_005553,CUST_02537,Tablet,4,47586,2026-01-15,Cash on Delivery,Bangalore
JAN_005554,CUST_03761,Laptop,2,26590,2026-01-01,Cash on Delivery,Chennai
JAN_005555,CUST_02894,Smartwatch,1,444,2026-01-28,Cash on Delivery,Chennai
JAN_005556,CUST_01141,Headphones,5,10335,2026-01-31,UPI,Delhi
JAN_005557,CUST_04414,Headphones,1,38278,2026-01-26,Credit Card,Hyderabad
JAN_005558,CUST_04401,Headphones,4,36611,2026-01-14,Debit Card,Chennai
JAN_005559,CUST_03496,Mouse,2,39436,2026-01-05,Credit Card,Delhi
JAN_005560,CUST_00091,Mouse,3,42395,2026-01-28,Cash on Delivery,Hyderabad
JAN_005561,CUST_00301,Smartwatch,4,43462,2026-01-06,Cash on Delivery,Mumbai
JAN_005562,CUST_02238,Monitor,2,6393,2026-01-29,Credit Card,Delhi
JAN_005563,CUST_02168,Keyboard,3,34347,2026-01-09,Debit Card,Hyderabad
JAN_005564,CUST_04608,Smartphone,1,34334,2026-01-29,Debit Card,Chennai
JAN_005565,CUST_00804,Headphones,3,12082,2026-01-12,UPI,Mumbai
JAN_005566,CUST_03186,Keyboard,4,36725,2026-01-28,UPI,Chennai
JAN_005567,CUST_00156,Mouse,5,46751,2026-01-25,Credit Card,Chennai
JAN_005568,CUST_04334,Smartphone,1,45373,2026-01-09,Cash on Delivery,Pune
JAN_005569,CUST_04747,Monitor,3,48572,2026-01-11,Debit Card,Hyderabad
JAN_005570,CUST_02114,Headphones,1,41006,2026-01-30,Credit Card,Chennai
JAN_005571,CUST_01617,Smartphone,2,27077,2026-01-19,Credit Card,Pune
JAN_005572,CUST_02757,Tablet,2,32238,2026-01-13,Cash on Delivery,Chennai
JAN_005573,CUST_04258,Tablet,4,32189,2026-01-14,Debit Card,Hyderabad
JAN_005574,CUST_02957,Smartwatch,1,13872,2026-01-07,Debit Card,Mumbai
JAN_005575,CUST_02105,Smartphone,5,22878,2026-01-16,Credit Card,Hyderabad
JAN_005576,CUST_04487,Mouse,2,28534,2026-01-01,Cash on Delivery,Delhi
JAN_005577,CUST_01643,Laptop,4,26810,2026-01-07,UPI,Bangalore
JAN_005578,CUST_00226,Laptop,1,5114,2026-01-28,UPI,Delhi
JAN_005579,CUST_00871,Monitor,3,34651,2026-01-20,UPI,Bangalore
JAN_005580,CUST_01503,Keyboard,4,16657,2026-01-10,Cash on Delivery,Hyderabad
JAN_005581,CUST_00612,Mouse,5,39764,2026-01-06,UPI,Mumbai
JAN_005582,CUST_04298,Smartwatch,1,25396,2026-01-01,Debit Card,Chennai
JAN_005583,CUST_04962,Laptop,3,41411,2026-01-23,UPI,Bangalore
JAN_005584,CUST_03943,Keyboard,5,43550,2026-01-29,UPI,Chennai
JAN_005585,CUST_04689,Smartwatch,4,43867,2026-01-15,Credit Card,Chennai
JAN_005586,CUST_01487,Laptop,5,44475,2026-01-15,Cash on Delivery,Mumbai
JAN_005587,CUST_01485,Keyboard,4,12075,2026-01-02,Cash on Delivery,Bangalore
JAN_005588,CUST_01421,Laptop,3,33552,2026-01-08,Cash on Delivery,Hyderabad
JAN_005589,CUST_03595,Headphones,3,23994,2026-01-19,Cash on Delivery,Mumbai
JAN_005590,CUST_02983,Monitor,4,40705,2026-01-22,Credit Card,Delhi
JAN_005591,CUST_04006,Tablet,1,7968,2026-01-25,UPI,Pune
JAN_005592,CUST_02526,Smartphone,4,44497,2026-01-11,Cash on Delivery,Delhi
JAN_005593,CUST_01499,Smartwatch,1,38619,2026-01-21,Cash on Delivery,Hyderabad
JAN_005594,CUST_03329,Smartwatch,1,2489,2026-01-11,Debit Card,Pune
JAN_005595,CUST_03886,Keyboard,3,33030,2026-01-20,Cash on Delivery,Chennai
JAN_005596,CUST_04843,Mouse,2,45869,2026-01-28,Credit Card,Chennai
JAN_005597,CUST_02225,Tablet,1,11224,2026-01-09,Cash on Delivery,Delhi
JAN_005598,CUST_04015,Smartwatch,4,43313,2026-01-05,Cash on Delivery,Bangalore
JAN_005599,CUST_03226,Mouse,3,34163,2026-01-20,Cash on Delivery,Pune
JAN_005600,CUST_03173,Smartwatch,5,17192,2026-01-24,Debit Card,Chennai
JAN_005601,CUST_00642,Monitor,3,41380,2026-01-24,Credit Card,Bangalore
JAN_005602,CUST_03632,Mouse,3,42652,2026-01-28,UPI,Pune
JAN_005603,CUST_01063,Mouse,1,24090,2026-01-21,Credit Card,Chennai
JAN_005604,CUST_01390,Laptop,5,47711,2026-01-16,Debit Card,Pune
JAN_005605,CUST_04295,Smartwatch,3,15076,2026-01-27,Debit Card,Bangalore
JAN_005606,CUST_00222,Keyboard,4,23098,2026-01-29,Debit Card,Hyderabad
JAN_005607,CUST_00267,Tablet,5,677,2026-01-28,Debit Card,Delhi
JAN_005608,CUST_01769,Keyboard,5,24571,2026-01-18,Cash on Delivery,Hyderabad
JAN_005609,CUST_01529,Smartphone,2,26878,2026-01-07,Cash on Delivery,Bangalore
JAN_005610,CUST_04300,Laptop,3,2112,2026-01-24,Cash on Delivery,Delhi
JAN_005611,CUST_01713,Laptop,3,5925,2026-01-15,Debit Card,Mumbai
JAN_005612,CUST_03165,Keyboard,2,46502,2026-01-24,Debit Card,Mumbai
JAN_005613,CUST_00847,Laptop,2,26913,2026-01-11,Debit Card,Hyderabad
JAN_005614,CUST_04367,Tablet,5,28503,2026-01-08,Credit Card,Delhi
JAN_005615,CUST_02387,Smartwatch,4,18624,2026-01-29,Cash on Delivery,Bangalore
JAN_005616,CUST_03229,Smartwatch,1,16429,2026-01-23,Credit Card,Delhi
JAN_005617,CUST_03979,Keyboard,5,40788,2026-01-29,Cash on Delivery,Bangalore
JAN_005618,CUST_02750,Headphones,1,46646,2026-01-04,Debit Card,Mumbai
JAN_005619,CUST_00728,Laptop,2,41375,2026-01-02,Cash on Delivery,Chennai
JAN_005620,CUST_03957,Smartphone,5,21689,2026-01-02,UPI,Chennai
JAN_005621,CUST_04242,Mouse,5,30443,2026-01-10,Cash on Delivery,Hyderabad
JAN_005622,CUST_03845,Keyboard,5,13065,2026-01-21,Credit Card,Mumbai
JAN_005623,CUST_00715,Mouse,3,14287,2026-01-14,Debit Card,Chennai
JAN_005624,CUST_03041,Mouse,4,34809,2026-01-28,Credit Card,Bangalore
JAN_005625,CUST_02818,Headphones,4,2277,2026-01-01,Credit Card,Chennai
JAN_005626,CUST_03306,Tablet,3,28558,2026-01-01,Cash on Delivery,Mumbai
JAN_005627,CUST_00698,Smartphone,2,39502,2026-01-16,Credit Card,Delhi
JAN_005628,CUST_03270,Smartphone,2,37554,2026-01-29,UPI,Delhi
JAN_005629,CUST_04031,Tablet,3,24049,2026-01-07,Debit Card,Pune
JAN_005630,CUST_01697,Keyboard,4,27150,2026-01-04,Cash on Delivery,Mumbai
JAN_005631,CUST_04138,Laptop,4,38130,2026-01-11,UPI,Mumbai
JAN_005632,CUST_03314,Monitor,1,2163,2026-01-21,Cash on Delivery,Bangalore
JAN_005633,CUST_04063,Laptop,4,34784,2026-01-02,Credit Card,Hyderabad
JAN_005634,CUST_02469,Tablet,5,48090,2026-01-22,Debit Card,Hyderabad
JAN_005635,CUST_00088,Keyboard,3,34117,2026-01-07,Debit Card,Chennai
JAN_005636,CUST_03546,Monitor,3,45426,2026-01-07,UPI,Bangalore
JAN_005637,CUST_02149,Headphones,4,12304,2026-01-29,UPI,Hyderabad
JAN_005638,CUST_01550,Smartphone,4,36512,2026-01-01,Credit Card,Pune
JAN_005639,CUST_03195,Mouse,2,48654,2026-01-26,UPI,Chennai
JAN_005640,CUST_04254,Monitor,5,33136,2026-01-16,Debit Card,Bangalore
JAN_005641,CUST_00342,Monitor,5,14330,2026-01-09,UPI,Delhi
JAN_005642,CUST_00276,Tablet,3,28754,2026-01-06,UPI,Pune
JAN_005643,CUST_02804,Headphones,4,40787,2026-01-27,UPI,Mumbai
JAN_005644,CUST_02963,Headphones,2,42731,2026-01-24,UPI,Delhi
JAN_005645,CUST_04900,Smartwatch,4,13034,2026-01-20,Credit Card,Mumbai
JAN_005646,CUST_04919,Headphones,2,23676,2026-01-31,Cash on Delivery,Bangalore
JAN_005647,CUST_00027,Keyboard,1,29046,2026-01-09,UPI,Bangalore
JAN_005648,CUST_00493,Headphones,4,13862,2026-01-09,Credit Card,Mumbai
JAN_005649,CUST_01196,Monitor,2,6322,2026-01-04,Debit Card,Mumbai
JAN_005650,CUST_02394,Headphones,2,5337,2026-01-01,Credit Card,Pune
JAN_005651,CUST_03150,Headphones,1,19923,2026-01-02,UPI,Pune
JAN_005652,CUST_04642,Keyboard,1,22914,2026-01-02,Debit Card,Hyderabad
JAN_005653,CUST_03673,Keyboard,5,23721,2026-01-10,Cash on Delivery,Chennai
JAN_005654,CUST_03663,Keyboard,5,34634,2026-01-20,Credit Card,Bangalore
JAN_005655,CUST_02700,Monitor,2,34689,2026-01-27,UPI,Bangalore
JAN_005656,CUST_00694,Headphones,4,9724,2026-01-28,Credit Card,Hyderabad
JAN_005657,CUST_01132,Smartwatch,3,8818,2026-01-28,Debit Card,Mumbai
JAN_005658,CUST_02813,Headphones,3,24129,2026-01-17,Cash on Delivery,Pune
JAN_005659,CUST_04325,Smartphone,3,22380,2026-01-14,UPI,Delhi
JAN_005660,CUST_04205,Smartphone,5,27936,2026-01-02,Debit Card,Bangalore
JAN_005661,CUST_04111,Tablet,4,6970,2026-01-09,Debit Card,Mumbai
JAN_005662,CUST_02410,Mouse,5,48660,2026-01-27,UPI,Pune
JAN_005663,CUST_02666,Laptop,5,37693,2026-01-28,Credit Card,Pune
JAN_005664,CUST_02361,Smartwatch,3,2891,2026-01-09,Credit Card,Bangalore
JAN_005665,CUST_03635,Smartwatch,5,23865,2026-01-01,Debit Card,Bangalore
JAN_005666,CUST_01724,Monitor,3,33512,2026-01-20,UPI,Mumbai
JAN_005667,CUST_01099,Headphones,4,28946,2026-01-17,Debit Card,Bangalore
JAN_005668,CUST_03703,Tablet,4,17993,2026-01-15,Debit Card,Hyderabad
JAN_005669,CUST_01474,Monitor,3,46602,2026-01-28,UPI,Delhi
JAN_005670,CUST_04214,Tablet,2,19104,2026-01-07,Credit Card,Chennai
JAN_005671,CUST_03850,Laptop,1,32539,2026-01-20,UPI,Pune
JAN_005672,CUST_02712,Monitor,5,18825,2026-01-10,Debit Card,Hyderabad
JAN_005673,CUST_03409,Tablet,3,47361,2026-01-23,UPI,Chennai
JAN_005674,CUST_01087,Keyboard,5,22542,2026-01-14,Cash on Delivery,Pune
JAN_005675,CUST_04003,Smartphone,2,21819,2026-01-28,Debit Card,Hyderabad
JAN_005676,CUST_02815,Laptop,2,29717,2026-01-08,Cash on Delivery,Chennai
JAN_005677,CUST_00171,Smartwatch,3,8321,2026-01-09,Credit Card,Delhi
JAN_005678,CUST_01209,Tablet,4,23822,2026-01-16,Credit Card,Mumbai
JAN_005679,CUST_02319,Monitor,1,45644,2026-01-31,Credit Card,Bangalore
JAN_005680,CUST_04067,Laptop,1,22415,2026-01-04,Debit Card,Bangalore
JAN_005681,CUST_04553,Keyboard,3,23346,2026-01-11,Debit Card,Hyderabad
JAN_005682,CUST_02755,Monitor,4,12477,2026-01-31,UPI,Chennai
JAN_005683,CUST_01759,Keyboard,3,43324,2026-01-18,Cash on Delivery,Pune
JAN_005684,CUST_03397,Smartwatch,5,3736,2026-01-28,Debit Card,Mumbai
JAN_005685,CUST_04756,Smartphone,1,33147,2026-01-10,Cash on Delivery,Pune
JAN_005686,CUST_02407,Keyboard,1,31241,2026-01-02,UPI,Bangalore
JAN_005687,CUST_02701,Tablet,5,21240,2026-01-30,Credit Card,Mumbai
JAN_005688,CUST_04744,Tablet,5,15372,2026-01-21,Credit Card,Chennai
JAN_005689,CUST_03144,Laptop,5,44872,2026-01-18,Credit Card,Mumbai
JAN_005690,CUST_03443,Laptop,5,37932,2026-01-22,Debit Card,Pune
JAN_005691,CUST_00201,Smartphone,1,24353,2026-01-22,Debit Card,Hyderabad
JAN_005692,CUST_04893,Smartphone,1,7279,2026-01-07,Debit Card,Delhi
JAN_005693,CUST_00359,Headphones,4,18880,2026-01-06,UPI,Mumbai
JAN_005694,CUST_01556,Keyboard,2,37599,2026-01-20,Cash on Delivery,Delhi
JAN_005695,CUST_04813,Laptop,2,359,2026-01-16,Credit Card,Hyderabad
JAN_005696,CUST_03667,Headphones,1,36873,2026-01-18,Credit Card,Hyderabad
JAN_005697,CUST_02322,Tablet,5,6710,2026-01-10,Cash on Delivery,Chennai
JAN_005698,CUST_03312,Keyboard,3,9054,2026-01-14,UPI,Hyderabad
JAN_005699,CUST_02450,Smartphone,2,19464,2026-01-08,Credit Card,Pune
JAN_005700,CUST_03316,Smartwatch,3,31705,2026-01-25,Debit Card,Delhi
JAN_005701,CUST_03384,Mouse,3,2165,2026-01-24,Debit Card,Chennai
JAN_005702,CUST_04578,Keyboard,2,32634,2026-01-21,Cash on Delivery,Chennai
JAN_005703,CUST_03624,Monitor,5,6289,2026-01-08,Cash on Delivery,Chennai
JAN_005704,CUST_02477,Mouse,5,37324,2026-01-27,Credit Card,Bangalore
JAN_005705,CUST_04313,Tablet,1,20251,2026-01-13,Debit Card,Chennai
JAN_005706,CUST_04996,Keyboard,5,40609,2026-01-27,Debit Card,Delhi
JAN_005707,CUST_02680,Monitor,4,26635,2026-01-03,Debit Card,Pune
JAN_005708,CUST_01606,Mouse,1,10200,2026-01-05,Cash on Delivery,Hyderabad
JAN_005709,CUST_00092,Smartwatch,3,38810,2026-01-25,Cash on Delivery,Chennai
JAN_005710,CUST_04255,Smartphone,1,43538,2026-01-14,Credit Card,Delhi
JAN_005711,CUST_01196,Keyboard,2,17651,2026-01-19,Cash on Delivery,Hyderabad
JAN_005712,CUST_01126,Headphones,1,15047,2026-01-16,Cash on Delivery,Delhi
JAN_005713,CUST_03982,Mouse,1,25549,2026-01-08,UPI,Delhi
JAN_005714,CUST_03389,Tablet,3,46523,2026-01-17,Debit Card,Chennai
JAN_005715,CUST_02004,Laptop,3,21807,2026-01-17,Debit Card,Hyderabad
JAN_005716,CUST_02667,Tablet,4,42911,2026-01-13,Debit Card,Chennai
JAN_005717,CUST_03157,Laptop,1,23305,2026-01-17,Debit Card,Mumbai
JAN_005718,CUST_01080,Smartwatch,4,42907,2026-01-28,Cash on Delivery,Bangalore
JAN_005719,CUST_02093,Mouse,2,27347,2026-01-21,Credit Card,Delhi
JAN_005720,CUST_00299,Monitor,4,7236,2026-01-15,Debit Card,Chennai
JAN_005721,CUST_01581,Mouse,3,11837,2026-01-12,UPI,Mumbai
JAN_005722,CUST_01237,Smartphone,5,28465,2026-01-10,Cash on Delivery,Bangalore
JAN_005723,CUST_00818,Monitor,2,3523,2026-01-15,Credit Card,Bangalore
JAN_005724,CUST_04706,Smartphone,5,34782,2026-01-03,Debit Card,Pune
JAN_005725,CUST_00178,Monitor,4,24714,2026-01-31,UPI,Delhi
JAN_005726,CUST_02594,Monitor,1,35813,2026-01-08,UPI,Pune
JAN_005727,CUST_01537,Headphones,2,46702,2026-01-09,Cash on Delivery,Chennai
JAN_005728,CUST_01678,Headphones,4,44215,2026-01-14,UPI,Bangalore
JAN_005729,CUST_01698,Keyboard,5,6477,2026-01-05,UPI,Chennai
JAN_005730,CUST_04141,Smartphone,4,3032,2026-01-02,UPI,Bangalore
JAN_005731,CUST_01040,Smartphone,5,17715,2026-01-05,Debit Card,Chennai
JAN_005732,CUST_02421,Smartwatch,3,40710,2026-01-29,UPI,Bangalore
JAN_005733,CUST_01088,Tablet,1,46290,2026-01-28,Credit Card,Bangalore
JAN_005734,CUST_03517,Smartphone,1,19200,2026-01-20,Credit Card,Bangalore
JAN_005735,CUST_04128,Keyboard,1,20654,2026-01-29,UPI,Pune
JAN_005736,CUST_03926,Monitor,1,14672,2026-01-16,UPI,Chennai
JAN_005737,CUST_00089,Headphones,2,7326,2026-01-03,Cash on Delivery,Hyderabad
JAN_005738,CUST_03734,Mouse,3,13383,2026-01-19,Cash on Delivery,Mumbai
JAN_005739,CUST_03662,Keyboard,2,3065,2026-01-10,Debit Card,Delhi
JAN_005740,CUST_04994,Headphones,4,18681,2026-01-03,Credit Card,Mumbai
JAN_005741,CUST_03390,Smartwatch,4,23228,2026-01-06,Cash on Delivery,Mumbai
JAN_005742,CUST_01816,Keyboard,4,5865,2026-01-06,Cash on Delivery,Bangalore
JAN_005743,CUST_04180,Laptop,4,9738,2026-01-11,Debit Card,Chennai
JAN_005744,CUST_02718,Monitor,2,27789,2026-01-11,Cash on Delivery,Delhi
JAN_005745,CUST_00444,Keyboard,4,41425,2026-01-29,Cash on Delivery,Pune
JAN_005746,CUST_01180,Tablet,3,7588,2026-01-02,UPI,Mumbai
JAN_005747,CUST_02919,Smartwatch,5,32144,2026-01-29,UPI,Chennai
JAN_005748,CUST_00023,Monitor,4,5181,2026-01-19,UPI,Delhi
JAN_005749,CUST_04281,Smartphone,4,29929,2026-01-03,Credit Card,Delhi
JAN_005750,CUST_02990,Keyboard,5,15249,2026-01-08,Credit Card,Mumbai
JAN_005751,CUST_03036,Mouse,5,18673,2026-01-21,Debit Card,Mumbai
JAN_005752,CUST_03430,Monitor,4,3874,2026-01-28,Cash on Delivery,Hyderabad
JAN_005753,CUST_01543,Headphones,1,46485,2026-01-10,Credit Card,Mumbai
JAN_005754,CUST_02224,Headphones,4,44987,2026-01-05,Debit Card,Chennai
JAN_005755,CUST_04329,Monitor,3,48645,2026-01-24,UPI,Hyderabad
JAN_005756,CUST_01169,Laptop,3,4710,2026-01-01,UPI,Bangalore
JAN_005757,CUST_02497,Laptop,3,6657,2026-01-23,UPI,Hyderabad
JAN_005758,CUST_01560,Mouse,4,24122,2026-01-08,Credit Card,Delhi
JAN_005759,CUST_01664,Keyboard,1,20890,2026-01-14,Cash on Delivery,Pune
JAN_005760,CUST_03018,Mouse,2,30704,2026-01-25,UPI,Mumbai
JAN_005761,CUST_04426,Mouse,1,26782,2026-01-19,Debit Card,Delhi
JAN_005762,CUST_03678,Laptop,2,6484,2026-01-15,Cash on Delivery,Mumbai
JAN_005763,CUST_02209,Tablet,1,7495,2026-01-27,Credit Card,Bangalore
JAN_005764,CUST_01390,Keyboard,2,41329,2026-01-23,Cash on Delivery,Mumbai
JAN_005765,CUST_04417,Monitor,4,34880,2026-01-15,UPI,Chennai
JAN_005766,CUST_04958,Tablet,3,2612,2026-01-13,Debit Card,Hyderabad
JAN_005767,CUST_04044,Keyboard,5,15861,2026-01-04,UPI,Pune
JAN_005768,CUST_00469,Monitor,3,38844,2026-01-03,UPI,Chennai
JAN_005769,CUST_04491,Keyboard,2,47220,2026-01-20,UPI,Chennai
JAN_005770,CUST_01736,Smartwatch,3,42377,2026-01-19,Cash on Delivery,Mumbai
JAN_005771,CUST_04933,Mouse,3,3028,2026-01-17,Cash on Delivery,Bangalore
JAN_005772,CUST_02425,Monitor,2,48699,2026-01-23,Debit Card,Hyderabad
JAN_005773,CUST_03020,Tablet,1,43712,2026-01-07,Cash on Delivery,Chennai
JAN_005774,CUST_03021,Laptop,5,17302,2026-01-28,Cash on Delivery,Delhi
JAN_005775,CUST_00102,Tablet,5,42669,2026-01-28,Debit Card,Chennai
JAN_005776,CUST_01494,Tablet,1,38274,2026-01-05,Credit Card,Chennai
JAN_005777,CUST_01055,Smartwatch,1,8148,2026-01-01,Cash on Delivery,Hyderabad
JAN_005778,CUST_00164,Smartphone,1,39938,2026-01-28,Credit Card,Chennai
JAN_005779,CUST_00027,Smartphone,5,18441,2026-01-27,UPI,Hyderabad
JAN_005780,CUST_03829,Laptop,1,13065,2026-01-03,Credit Card,Chennai
JAN_005781,CUST_03328,Headphones,5,1780,2026-01-23,Debit Card,Pune
JAN_005782,CUST_04292,Tablet,4,32374,2026-01-22,Cash on Delivery,Mumbai
JAN_005783,CUST_02274,Tablet,2,45921,2026-01-03,Cash on Delivery,Hyderabad
JAN_005784,CUST_00824,Smartphone,5,22210,2026-01-05,Cash on Delivery,Pune
JAN_005785,CUST_04915,Smartwatch,3,28643,2026-01-21,UPI,Chennai
JAN_005786,CUST_01658,Monitor,5,23925,2026-01-15,Cash on Delivery,Pune
JAN_005787,CUST_04612,Smartphone,5,11160,2026-01-26,Credit Card,Mumbai
JAN_005788,CUST_00985,Keyboard,3,26497,2026-01-12,Credit Card,Pune
JAN_005789,CUST_04661,Tablet,3,48081,2026-01-27,Credit Card,Bangalore
JAN_005790,CUST_00400,Tablet,3,7136,2026-01-02,Cash on Delivery,Chennai
JAN_005791,CUST_02177,Smartwatch,4,12595,2026-01-24,Debit Card,Hyderabad
JAN_005792,CUST_04514,Headphones,1,32316,2026-01-04,Cash on Delivery,Bangalore
JAN_005793,CUST_03681,Mouse,4,29765,2026-01-17,Credit Card,Bangalore
JAN_005794,CUST_02729,Mouse,2,35395,2026-01-28,Credit Card,Bangalore
JAN_005795,CUST_04952,Tablet,1,11828,2026-01-13,Debit Card,Delhi
JAN_005796,CUST_00296,Smartphone,5,13316,2026-01-25,UPI,Pune
JAN_005797,CUST_02083,Smartwatch,5,8266,2026-01-13,Credit Card,Chennai
JAN_005798,CUST_04022,Smartphone,5,6035,2026-01-26,Cash on Delivery,Hyderabad
JAN_005799,CUST_01550,Keyboard,3,15861,2026-01-19,UPI,Delhi
JAN_005800,CUST_00626,Keyboard,5,31551,2026-01-21,Credit Card,Mumbai
JAN_005801,CUST_03223,Headphones,5,48568,2026-01-11,Cash on Delivery,Bangalore
JAN_005802,CUST_01929,Monitor,3,11861,2026-01-08,Cash on Delivery,Pune
JAN_005803,CUST_00437,Headphones,5,44471,2026-01-06,Debit Card,Hyderabad
JAN_005804,CUST_04022,Mouse,4,33241,2026-01-31,UPI,Mumbai
JAN_005805,CUST_04576,Headphones,4,38924,2026-01-06,Credit Card,Bangalore
JAN_005806,CUST_03018,Smartphone,4,15322,2026-01-24,Credit Card,Delhi
JAN_005807,CUST_04744,Keyboard,1,29068,2026-01-05,Cash on Delivery,Hyderabad
JAN_005808,CUST_02750,Laptop,2,37402,2026-01-14,Debit Card,Pune
JAN_005809,CUST_03600,Monitor,1,20926,2026-01-24,Debit Card,Chennai
JAN_005810,CUST_04055,Tablet,5,5369,2026-01-23,Cash on Delivery,Bangalore
JAN_005811,CUST_00608,Headphones,3,14072,2026-01-07,Debit Card,Pune
JAN_005812,CUST_01691,Monitor,2,33158,2026-01-11,UPI,Mumbai
JAN_005813,CUST_02707,Tablet,3,2274,2026-01-23,Credit Card,Chennai
JAN_005814,CUST_00411,Mouse,5,2470,2026-01-06,Credit Card,Chennai
JAN_005815,CUST_03057,Tablet,3,27574,2026-01-19,Credit Card,Hyderabad
JAN_005816,CUST_01615,Keyboard,5,6781,2026-01-09,Cash on Delivery,Hyderabad
JAN_005817,CUST_03774,Laptop,5,35399,2026-01-13,Debit Card,Bangalore
JAN_005818,CUST_03275,Mouse,2,38159,2026-01-01,Debit Card,Bangalore
JAN_005819,CUST_00870,Laptop,1,1225,2026-01-26,Debit Card,Delhi
JAN_005820,CUST_03988,Tablet,3,40978,2026-01-28,Credit Card,Bangalore
JAN_005821,CUST_04789,Headphones,1,291,2026-01-09,UPI,Hyderabad
JAN_005822,CUST_00582,Smartwatch,5,40992,2026-01-26,UPI,Delhi
JAN_005823,CUST_01275,Keyboard,3,29579,2026-01-31,Debit Card,Delhi
JAN_005824,CUST_02513,Smartphone,1,6042,2026-01-17,Debit Card,Pune
JAN_005825,CUST_00308,Keyboard,3,30219,2026-01-16,Debit Card,Chennai
JAN_005826,CUST_00758,Smartwatch,3,45230,2026-01-02,Credit Card,Chennai
JAN_005827,CUST_02474,Monitor,3,18801,2026-01-06,Cash on Delivery,Delhi
JAN_005828,CUST_01458,Smartphone,2,22592,2026-01-01,Debit Card,Chennai
JAN_005829,CUST_01390,Headphones,2,37530,2026-01-20,Debit Card,Mumbai
JAN_005830,CUST_00683,Tablet,2,43873,2026-01-16,Debit Card,Delhi
JAN_005831,CUST_03154,Smartwatch,1,41109,2026-01-09,Debit Card,Bangalore
JAN_005832,CUST_00407,Laptop,4,3524,2026-01-16,Credit Card,Hyderabad
JAN_005833,CUST_00631,Laptop,4,38085,2026-01-17,Debit Card,Mumbai
JAN_005834,CUST_01556,Monitor,2,5086,2026-01-13,Debit Card,Pune
JAN_005835,CUST_00700,Headphones,1,11371,2026-01-25,Credit Card,Bangalore
JAN_005836,CUST_00875,Tablet,3,26372,2026-01-21,UPI,Chennai
JAN_005837,CUST_00341,Monitor,4,16786,2026-01-17,UPI,Hyderabad
JAN_005838,CUST_02751,Mouse,1,12766,2026-01-24,Credit Card,Pune
JAN_005839,CUST_03562,Smartwatch,3,48094,2026-01-07,UPI,Delhi
JAN_005840,CUST_02790,Smartphone,3,28452,2026-01-17,Debit Card,Hyderabad
JAN_005841,CUST_03599,Smartphone,3,47846,2026-01-04,Cash on Delivery,Hyderabad
JAN_005842,CUST_04636,Laptop,3,11844,2026-01-06,Debit Card,Hyderabad
JAN_005843,CUST_01395,Smartphone,5,7811,2026-01-06,UPI,Pune
JAN_005844,CUST_01311,Mouse,5,7599,2026-01-10,Debit Card,Mumbai
JAN_005845,CUST_00057,Smartphone,2,33835,2026-01-10,Debit Card,Pune
JAN_005846,CUST_03251,Keyboard,5,8129,2026-01-23,Debit Card,Delhi
JAN_005847,CUST_02634,Headphones,1,8110,2026-01-14,Credit Card,Pune
JAN_005848,CUST_00886,Tablet,3,3015,2026-01-01,Credit Card,Mumbai
JAN_005849,CUST_04146,Mouse,3,28763,2026-01-20,Cash on Delivery,Chennai
JAN_005850,CUST_02436,Smartphone,5,9825,2026-01-12,Cash on Delivery,Delhi
JAN_005851,CUST_04915,Smartphone,2,43589,2026-01-31,Cash on Delivery,Chennai
JAN_005852,CUST_02679,Smartphone,4,20658,2026-01-29,Debit Card,Pune
JAN_005853,CUST_04725,Smartphone,3,12742,2026-01-21,Credit Card,Pune
JAN_005854,CUST_04586,Laptop,1,6647,2026-01-04,Credit Card,Mumbai
JAN_005855,CUST_02578,Headphones,2,6907,2026-01-17,Debit Card,Chennai
JAN_005856,CUST_04372,Headphones,2,19193,2026-01-27,Credit Card,Hyderabad
JAN_005857,CUST_00102,Headphones,2,47813,2026-01-09,Debit Card,Chennai
JAN_005858,CUST_03220,Tablet,1,41470,2026-01-06,Credit Card,Delhi
JAN_005859,CUST_01143,Monitor,2,49848,2026-01-01,Debit Card,Delhi
JAN_005860,CUST_04399,Smartwatch,4,2779,2026-01-08,Cash on Delivery,Chennai
JAN_005861,CUST_00243,Mouse,2,40771,2026-01-13,Credit Card,Pune
JAN_005862,CUST_04834,Tablet,4,46621,2026-01-21,Cash on Delivery,Chennai
JAN_005863,CUST_00425,Tablet,4,8987,2026-01-10,UPI,Mumbai
JAN_005864,CUST_02770,Headphones,3,45298,2026-01-15,UPI,Mumbai
JAN_005865,CUST_01792,Laptop,3,4986,2026-01-08,UPI,Pune
JAN_005866,CUST_04902,Tablet,2,18789,2026-01-22,Cash on Delivery,Delhi
JAN_005867,CUST_02266,Headphones,4,22898,2026-01-12,Debit Card,Mumbai
JAN_005868,CUST_04357,Keyboard,5,11857,2026-01-14,Cash on Delivery,Chennai
JAN_005869,CUST_01917,Monitor,2,14587,2026-01-25,UPI,Hyderabad
JAN_005870,CUST_04189,Keyboard,4,42674,2026-01-06,Credit Card,Pune
JAN_005871,CUST_01364,Tablet,5,42858,2026-01-21,Cash on Delivery,Hyderabad
JAN_005872,CUST_03917,Laptop,3,12038,2026-01-01,Credit Card,Bangalore
JAN_005873,CUST_03741,Keyboard,1,34348,2026-01-29,Debit Card,Hyderabad
JAN_005874,CUST_00580,Smartphone,4,44875,2026-01-08,Credit Card,Pune
JAN_005875,CUST_01567,Monitor,2,20677,2026-01-03,Cash on Delivery,Pune
JAN_005876,CUST_02836,Laptop,4,43155,2026-01-02,UPI,Chennai
JAN_005877,CUST_03072,Laptop,5,36348,2026-01-16,Debit Card,Hyderabad
JAN_005878,CUST_04734,Smartwatch,2,22908,2026-01-10,Cash on Delivery,Chennai
JAN_005879,CUST_03410,Smartwatch,2,4832,2026-01-17,Credit Card,Hyderabad
JAN_005880,CUST_00095,Monitor,5,23688,2026-01-30,UPI,Hyderabad
JAN_005881,CUST_02108,Mouse,3,18412,2026-01-25,Credit Card,Delhi
JAN_005882,CUST_03038,Monitor,3,6807,2026-01-29,Credit Card,Delhi
JAN_005883,CUST_00284,Monitor,5,4611,2026-01-23,Debit Card,Bangalore
JAN_005884,CUST_04767,Smartwatch,2,43417,2026-01-04,Debit Card,Mumbai
JAN_005885,CUST_00816,Laptop,5,27117,2026-01-30,Cash on Delivery,Bangalore
JAN_005886,CUST_00879,Keyboard,4,15232,2026-01-11,Cash on Delivery,Bangalore
JAN_005887,CUST_04960,Laptop,3,48301,2026-01-24,UPI,Bangalore
JAN_005888,CUST_04025,Keyboard,4,9529,2026-01-03,Credit Card,Delhi
JAN_005889,CUST_01101,Smartwatch,4,33120,2026-01-09,Cash on Delivery,Mumbai
JAN_005890,CUST_01628,Headphones,2,41704,2026-01-23,UPI,Delhi
JAN_005891,CUST_00657,Tablet,1,34693,2026-01-17,Credit Card,Bangalore
JAN_005892,CUST_02517,Tablet,3,9311,2026-01-31,UPI,Mumbai
JAN_005893,CUST_01321,Tablet,3,38298,2026-01-29,Cash on Delivery,Delhi
JAN_005894,CUST_04080,Keyboard,1,5946,2026-01-25,Debit Card,Hyderabad
JAN_005895,CUST_01687,Keyboard,1,1258,2026-01-27,Cash on Delivery,Delhi
JAN_005896,CUST_00442,Smartwatch,3,38306,2026-01-08,Debit Card,Pune
JAN_005897,CUST_00216,Laptop,2,35101,2026-01-27,UPI,Hyderabad
JAN_005898,CUST_00154,Keyboard,4,19719,2026-01-26,Debit Card,Pune
JAN_005899,CUST_00307,Laptop,2,4638,2026-01-03,Credit Card,Bangalore
JAN_005900,CUST_02072,Laptop,5,5917,2026-01-03,Cash on Delivery,Mumbai
JAN_005901,CUST_04242,Mouse,4,4307,2026-01-05,Cash on Delivery,Pune
JAN_005902,CUST_03856,Tablet,2,12240,2026-01-18,UPI,Bangalore
JAN_005903,CUST_04970,Tablet,1,13937,2026-01-19,Credit Card,Mumbai
JAN_005904,CUST_01538,Mouse,4,16964,2026-01-09,Credit Card,Pune
JAN_005905,CUST_02514,Mouse,2,7046,2026-01-07,UPI,Chennai
JAN_005906,CUST_00544,Laptop,1,19482,2026-01-12,Cash on Delivery,Mumbai
JAN_005907,CUST_00099,Mouse,1,13259,2026-01-03,UPI,Delhi
JAN_005908,CUST_03002,Monitor,4,37635,2026-01-11,Debit Card,Delhi
JAN_005909,CUST_03870,Headphones,2,44699,2026-01-02,Credit Card,Hyderabad
JAN_005910,CUST_02928,Smartwatch,4,8750,2026-01-31,UPI,Chennai
JAN_005911,CUST_00629,Tablet,5,29950,2026-01-13,Cash on Delivery,Chennai
JAN_005912,CUST_03588,Monitor,1,14469,2026-01-16,Cash on Delivery,Chennai
JAN_005913,CUST_00627,Headphones,2,39945,2026-01-22,UPI,Hyderabad
JAN_005914,CUST_01829,Tablet,2,2934,2026-01-19,Debit Card,Hyderabad
JAN_005915,CUST_01842,Laptop,3,23874,2026-01-16,UPI,Hyderabad
JAN_005916,CUST_02614,Monitor,5,27062,2026-01-09,UPI,Pune
JAN_005917,CUST_03738,Keyboard,3,7636,2026-01-24,UPI,Chennai
JAN_005918,CUST_04742,Smartwatch,3,47904,2026-01-31,UPI,Delhi
JAN_005919,CUST_00877,Monitor,4,21105,2026-01-21,Debit Card,Hyderabad
JAN_005920,CUST_04660,Smartphone,5,41983,2026-01-07,Debit Card,Delhi
JAN_005921,CUST_03206,Headphones,1,23904,2026-01-22,Debit Card,Bangalore
JAN_005922,CUST_01567,Keyboard,5,12173,2026-01-20,Cash on Delivery,Mumbai
JAN_005923,CUST_04617,Monitor,3,2237,2026-01-22,Cash on Delivery,Delhi
JAN_005924,CUST_02573,Smartwatch,4,752,2026-01-17,Credit Card,Mumbai
JAN_005925,CUST_03836,Smartphone,3,13124,2026-01-24,Cash on Delivery,Hyderabad
JAN_005926,CUST_02287,Headphones,1,45209,2026-01-22,Debit Card,Bangalore
JAN_005927,CUST_02853,Monitor,2,44356,2026-01-22,Debit Card,Bangalore
JAN_005928,CUST_00296,Tablet,5,46613,2026-01-10,Cash on Delivery,Chennai
JAN_005929,CUST_04124,Headphones,2,7137,2026-01-15,UPI,Pune
JAN_005930,CUST_03732,Headphones,1,18368,2026-01-02,UPI,Hyderabad
JAN_005931,CUST_04051,Smartphone,1,11589,2026-01-10,Debit Card,Chennai
JAN_005932,CUST_03634,Monitor,4,35420,2026-01-04,UPI,Bangalore
JAN_005933,CUST_00189,Mouse,5,28218,2026-01-04,Cash on Delivery,Chennai
JAN_005934,CUST_04275,Smartwatch,3,18118,2026-01-03,Credit Card,Chennai
JAN_005935,CUST_02395,Mouse,4,4085,2026-01-05,Debit Card,Hyderabad
JAN_005936,CUST_03395,Tablet,1,7735,2026-01-18,UPI,Mumbai
JAN_005937,CUST_03795,Tablet,1,15334,2026-01-17,Credit Card,Delhi
JAN_005938,CUST_03795,Laptop,3,43428,2026-01-11,Debit Card,Delhi
JAN_005939,CUST_00239,Tablet,2,9021,2026-01-26,Debit Card,Chennai
JAN_005940,CUST_03467,Tablet,3,39568,2026-01-22,UPI,Delhi
JAN_005941,CUST_00468,Mouse,2,33847,2026-01-21,UPI,Chennai
JAN_005942,CUST_04873,Headphones,3,26672,2026-01-15,Credit Card,Bangalore
JAN_005943,CUST_00183,Mouse,5,8143,2026-01-15,UPI,Pune
JAN_005944,CUST_00485,Smartphone,5,28118,2026-01-07,Debit Card,Delhi
JAN_005945,CUST_02028,Smartphone,3,23614,2026-01-05,Cash on Delivery,Bangalore
JAN_005946,CUST_04179,Smartphone,2,30590,2026-01-04,Debit Card,Hyderabad
JAN_005947,CUST_03889,Laptop,1,16304,2026-01-03,Debit Card,Delhi
JAN_005948,CUST_03771,Mouse,2,47965,2026-01-29,Credit Card,Bangalore
JAN_005949,CUST_03124,Tablet,3,2056,2026-01-29,Debit Card,Delhi
JAN_005950,CUST_01132,Monitor,1,42759,2026-01-13,Credit Card,Delhi
JAN_005951,CUST_00599,Monitor,3,7357,2026-01-04,UPI,Mumbai
JAN_005952,CUST_00222,Headphones,1,25049,2026-01-19,UPI,Chennai
JAN_005953,CUST_02031,Smartwatch,5,13562,2026-01-04,UPI,Mumbai
JAN_005954,CUST_01054,Headphones,1,44430,2026-01-12,Debit Card,Bangalore
JAN_005955,CUST_03473,Tablet,2,49238,2026-01-06,Debit Card,Delhi
JAN_005956,CUST_02176,Headphones,3,28014,2026-01-18,UPI,Mumbai
JAN_005957,CUST_03354,Smartphone,3,43982,2026-01-27,Debit Card,Bangalore
JAN_005958,CUST_01161,Smartwatch,1,35192,2026-01-24,Debit Card,Bangalore
JAN_005959,CUST_01718,Tablet,3,35282,2026-01-11,Credit Card,Chennai
JAN_005960,CUST_01043,Monitor,1,35186,2026-01-17,UPI,Bangalore
JAN_005961,CUST_04756,Mouse,1,12191,2026-01-28,Credit Card,Delhi
JAN_005962,CUST_02846,Monitor,5,15272,2026-01-07,Debit Card,Hyderabad
JAN_005963,CUST_01690,Monitor,2,33491,2026-01-02,UPI,Bangalore
JAN_005964,CUST_04062,Monitor,1,32776,2026-01-01,UPI,Hyderabad
JAN_005965,CUST_03696,Keyboard,3,17190,2026-01-22,Debit Card,Delhi
JAN_005966,CUST_01482,Mouse,4,32466,2026-01-12,Cash on Delivery,Chennai
JAN_005967,CUST_02337,Mouse,5,25793,2026-01-09,Debit Card,Hyderabad
JAN_005968,CUST_00278,Mouse,4,18701,2026-01-08,UPI,Mumbai
JAN_005969,CUST_00072,Smartwatch,5,35069,2026-01-14,Credit Card,Chennai
JAN_005970,CUST_04476,Smartwatch,2,48809,2026-01-10,Cash on Delivery,Bangalore
JAN_005971,CUST_02991,Keyboard,4,30519,2026-01-26,Credit Card,Hyderabad
JAN_005972,CUST_02378,Smartwatch,1,38395,2026-01-12,UPI,Delhi
JAN_005973,CUST_00182,Mouse,1,30856,2026-01-04,Credit Card,Bangalore
JAN_005974,CUST_02902,Keyboard,5,28712,2026-01-09,UPI,Mumbai
JAN_005975,CUST_03557,Laptop,5,40471,2026-01-25,Credit Card,Delhi
JAN_005976,CUST_02072,Tablet,1,29059,2026-01-27,Credit Card,Chennai
JAN_005977,CUST_01115,Monitor,1,46511,2026-01-31,Cash on Delivery,Bangalore
JAN_005978,CUST_01019,Smartwatch,1,14461,2026-01-07,Credit Card,Bangalore
JAN_005979,CUST_01894,Mouse,2,44370,2026-01-02,Debit Card,Bangalore
JAN_005980,CUST_01267,Tablet,5,37765,2026-01-31,Debit Card,Delhi
JAN_005981,CUST_01989,Smartwatch,1,32927,2026-01-22,Debit Card,Hyderabad
JAN_005982,CUST_02151,Monitor,3,39816,2026-01-14,Debit Card,Pune
JAN_005983,CUST_02901,Tablet,5,7800,2026-01-20,Credit Card,Chennai
JAN_005984,CUST_01582,Smartphone,4,46706,2026-01-24,Debit Card,Pune
JAN_005985,CUST_01178,Tablet,1,34874,2026-01-24,Credit Card,Delhi
JAN_005986,CUST_01189,Mouse,1,10777,2026-01-28,Credit Card,Hyderabad
JAN_005987,CUST_01710,Smartwatch,2,31381,2026-01-31,Cash on Delivery,Mumbai
JAN_005988,CUST_03348,Mouse,1,43867,2026-01-15,Debit Card,Mumbai
JAN_005989,CUST_03191,Monitor,3,6707,2026-01-09,UPI,Delhi
JAN_005990,CUST_03095,Keyboard,5,5407,2026-01-18,UPI,Mumbai
JAN_005991,CUST_00054,Headphones,2,35058,2026-01-12,Credit Card,Mumbai
JAN_005992,CUST_02392,Monitor,5,23564,2026-01-16,Credit Card,Hyderabad
JAN_005993,CUST_01105,Tablet,4,32336,2026-01-23,Cash on Delivery,Bangalore
JAN_005994,CUST_01690,Keyboard,3,46023,2026-01-06,Debit Card,Delhi
JAN_005995,CUST_01878,Tablet,2,48133,2026-01-30,Credit Card,Pune
JAN_005996,CUST_04261,Keyboard,5,27609,2026-01-15,Credit Card,Mumbai
JAN_005997,CUST_02824,Smartphone,1,981,2026-01-27,Credit Card,Chennai
JAN_005998,CUST_04012,Tablet,2,4637,2026-01-01,Debit Card,Delhi
JAN_005999,CUST_02060,Smartwatch,5,43878,2026-01-29,Cash on Delivery,Bangalore
JAN_006000,CUST_04070,Smartphone,3,23561,2026-01-07,Cash on Delivery,Delhi
JAN_006001,CUST_00216,Monitor,2,481,2026-01-04,Credit Card,Mumbai
JAN_006002,CUST_03713,Keyboard,1,43798,2026-01-18,Debit Card,Mumbai
JAN_006003,CUST_01717,Keyboard,4,29644,2026-01-16,Credit Card,Mumbai
JAN_006004,CUST_03903,Keyboard,3,5812,2026-01-05,Debit Card,Hyderabad
JAN_006005,CUST_00424,Headphones,4,44098,2026-01-11,Debit Card,Hyderabad
JAN_006006,CUST_00220,Headphones,4,35858,2026-01-21,UPI,Mumbai
JAN_006007,CUST_00482,Tablet,2,11526,2026-01-20,UPI,Hyderabad
JAN_006008,CUST_03913,Smartphone,2,49560,2026-01-21,UPI,Hyderabad
JAN_006009,CUST_02288,Monitor,2,16276,2026-01-19,Debit Card,Hyderabad
JAN_006010,CUST_00310,Headphones,2,13943,2026-01-14,UPI,Bangalore
JAN_006011,CUST_04228,Tablet,3,7735,2026-01-26,Cash on Delivery,Bangalore
JAN_006012,CUST_00243,Keyboard,2,13085,2026-01-15,UPI,Hyderabad
JAN_006013,CUST_04411,Laptop,4,398,2026-01-17,Debit Card,Mumbai
JAN_006014,CUST_02755,Laptop,2,48319,2026-01-15,Debit Card,Mumbai
JAN_006015,CUST_01811,Laptop,1,29278,2026-01-31,Cash on Delivery,Chennai
JAN_006016,CUST_02864,Tablet,3,22526,2026-01-21,Debit Card,Mumbai
JAN_006017,CUST_02776,Smartphone,3,22171,2026-01-19,UPI,Bangalore
JAN_006018,CUST_03586,Headphones,2,25813,2026-01-20,Cash on Delivery,Hyderabad
JAN_006019,CUST_03223,Headphones,4,11864,2026-01-10,Cash on Delivery,Bangalore
JAN_006020,CUST_04426,Smartphone,3,45406,2026-01-04,Credit Card,Mumbai
JAN_006021,CUST_01852,Mouse,3,3213,2026-01-10,Debit Card,Chennai
JAN_006022,CUST_00869,Tablet,4,17291,2026-01-05,Credit Card,Bangalore
JAN_006023,CUST_01649,Mouse,1,28101,2026-01-20,Cash on Delivery,Chennai
JAN_006024,CUST_00275,Tablet,5,44684,2026-01-09,Cash on Delivery,Hyderabad
JAN_006025,CUST_02949,Monitor,4,17942,2026-01-17,UPI,Mumbai
JAN_006026,CUST_03239,Smartwatch,4,42215,2026-01-02,Credit Card,Chennai
JAN_006027,CUST_00751,Tablet,5,15676,2026-01-10,Cash on Delivery,Hyderabad
JAN_006028,CUST_02598,Keyboard,4,31179,2026-01-20,UPI,Mumbai
JAN_006029,CUST_01312,Mouse,5,14143,2026-01-31,UPI,Chennai
JAN_006030,CUST_02179,Monitor,5,34379,2026-01-24,Credit Card,Bangalore
JAN_006031,CUST_03593,Laptop,3,29061,2026-01-08,UPI,Bangalore
JAN_006032,CUST_03953,Keyboard,4,22781,2026-01-02,UPI,Hyderabad
JAN_006033,CUST_03663,Monitor,4,38204,2026-01-27,Credit Card,Chennai
JAN_006034,CUST_04830,Headphones,1,14655,2026-01-29,Credit Card,Chennai
JAN_006035,CUST_01707,Monitor,4,7920,2026-01-31,Credit Card,Bangalore
JAN_006036,CUST_03964,Headphones,1,10312,2026-01-13,Credit Card,Mumbai
JAN_006037,CUST_04527,Monitor,4,43436,2026-01-01,Debit Card,Hyderabad
JAN_006038,CUST_03010,Keyboard,2,46444,2026-01-04,Debit Card,Delhi
JAN_006039,CUST_03182,Smartwatch,1,652,2026-01-11,UPI,Bangalore
JAN_006040,CUST_04024,Keyboard,4,43018,2026-01-30,UPI,Pune
JAN_006041,CUST_01684,Laptop,2,17807,2026-01-31,UPI,Delhi
JAN_006042,CUST_03324,Monitor,2,8392,2026-01-27,Debit Card,Chennai
JAN_006043,CUST_04392,Mouse,5,44741,2026-01-24,Cash on Delivery,Pune
JAN_006044,CUST_03615,Laptop,4,3051,2026-01-26,Cash on Delivery,Mumbai
JAN_006045,CUST_04086,Mouse,4,6708,2026-01-01,Debit Card,Delhi
JAN_006046,CUST_03647,Laptop,1,18404,2026-01-08,UPI,Pune
JAN_006047,CUST_04000,Mouse,3,13108,2026-01-28,Cash on Delivery,Hyderabad
JAN_006048,CUST_00676,Smartwatch,2,33212,2026-01-15,Cash on Delivery,Chennai
JAN_006049,CUST_00650,Monitor,4,46591,2026-01-06,Cash on Delivery,Bangalore
JAN_006050,CUST_00051,Monitor,3,24753,2026-01-27,Cash on Delivery,Chennai
JAN_006051,CUST_04289,Headphones,3,35537,2026-01-04,Cash on Delivery,Bangalore
JAN_006052,CUST_02246,Headphones,4,33354,2026-01-03,Debit Card,Delhi
JAN_006053,CUST_00521,Mouse,1,47765,2026-01-21,Cash on Delivery,Delhi
JAN_006054,CUST_01698,Mouse,5,11473,2026-01-14,UPI,Pune
JAN_006055,CUST_01118,Keyboard,2,37964,2026-01-06,Credit Card,Mumbai
JAN_006056,CUST_04614,Laptop,1,30413,2026-01-11,UPI,Delhi
JAN_006057,CUST_01136,Laptop,3,47279,2026-01-28,Debit Card,Hyderabad
JAN_006058,CUST_02877,Smartwatch,4,31852,2026-01-09,UPI,Bangalore
JAN_006059,CUST_02179,Smartphone,4,42792,2026-01-27,Cash on Delivery,Chennai
JAN_006060,CUST_02431,Monitor,4,36117,2026-01-01,Credit Card,Hyderabad
JAN_006061,CUST_00809,Smartwatch,3,24486,2026-01-03,Cash on Delivery,Pune
JAN_006062,CUST_04027,Tablet,4,24608,2026-01-13,Cash on Delivery,Pune
JAN_006063,CUST_03153,Smartwatch,3,31700,2026-01-14,Cash on Delivery,Mumbai
JAN_006064,CUST_02891,Headphones,1,32976,2026-01-18,Debit Card,Pune
JAN_006065,CUST_04802,Smartwatch,3,21796,2026-01-05,Debit Card,Delhi
JAN_006066,CUST_04023,Monitor,1,19042,2026-01-03,Cash on Delivery,Hyderabad
JAN_006067,CUST_04861,Tablet,2,30872,2026-01-05,Debit Card,Bangalore
JAN_006068,CUST_02260,Headphones,2,524,2026-01-24,Cash on Delivery,Mumbai
JAN_006069,CUST_04539,Monitor,1,27342,2026-01-22,Credit Card,Hyderabad
JAN_006070,CUST_04393,Tablet,2,42493,2026-01-27,Cash on Delivery,Pune
JAN_006071,CUST_00285,Laptop,4,31588,2026-01-09,Credit Card,Bangalore
JAN_006072,CUST_03538,Keyboard,5,2652,2026-01-14,Credit Card,Delhi
JAN_006073,CUST_00719,Mouse,2,3844,2026-01-26,Credit Card,Mumbai
JAN_006074,CUST_01556,Keyboard,2,1498,2026-01-18,UPI,Mumbai
JAN_006075,CUST_00918,Mouse,1,26446,2026-01-30,Debit Card,Bangalore
JAN_006076,CUST_04357,Monitor,3,34479,2026-01-17,Cash on Delivery,Bangalore
JAN_006077,CUST_01094,Mouse,3,10258,2026-01-12,Cash on Delivery,Mumbai
JAN_006078,CUST_00613,Mouse,2,27205,2026-01-11,Cash on Delivery,Bangalore
JAN_006079,CUST_03726,Keyboard,3,4974,2026-01-12,Cash on Delivery,Hyderabad
JAN_006080,CUST_04475,Keyboard,5,30102,2026-01-29,UPI,Pune
JAN_006081,CUST_02689,Monitor,4,28001,2026-01-08,Cash on Delivery,Delhi
JAN_006082,CUST_01666,Monitor,5,28863,2026-01-22,Debit Card,Mumbai
JAN_006083,CUST_04374,Headphones,3,44929,2026-01-15,Cash on Delivery,Mumbai
JAN_006084,CUST_01005,Smartphone,4,8648,2026-01-23,Debit Card,Chennai
JAN_006085,CUST_04938,Mouse,4,27784,2026-01-30,Credit Card,Hyderabad
JAN_006086,CUST_03223,Mouse,2,28486,2026-01-07,Debit Card,Mumbai
JAN_006087,CUST_04833,Tablet,2,28649,2026-01-16,Cash on Delivery,Hyderabad
JAN_006088,CUST_04967,Laptop,1,457,2026-01-24,Credit Card,Pune
JAN_006089,CUST_04051,Smartphone,5,49941,2026-01-30,UPI,Pune
JAN_006090,CUST_02563,Headphones,1,12512,2026-01-26,Cash on Delivery,Delhi
JAN_006091,CUST_01054,Smartphone,3,41942,2026-01-04,UPI,Hyderabad
JAN_006092,CUST_02245,Monitor,4,11440,2026-01-02,Debit Card,Pune
JAN_006093,CUST_03417,Headphones,2,2536,2026-01-09,UPI,Chennai
JAN_006094,CUST_03482,Smartwatch,2,41629,2026-01-11,Credit Card,Hyderabad
JAN_006095,CUST_02891,Laptop,5,10401,2026-01-07,Debit Card,Delhi
JAN_006096,CUST_01078,Smartwatch,2,21370,2026-01-24,Credit Card,Pune
JAN_006097,CUST_00749,Mouse,1,15602,2026-01-18,UPI,Pune
JAN_006098,CUST_02572,Monitor,5,49792,2026-01-16,Debit Card,Mumbai
JAN_006099,CUST_02242,Headphones,1,9449,2026-01-22,Debit Card,Hyderabad
JAN_006100,CUST_01554,Monitor,1,32172,2026-01-10,Debit Card,Bangalore
JAN_006101,CUST_04918,Keyboard,2,12264,2026-01-01,UPI,Hyderabad
JAN_006102,CUST_04629,Tablet,1,9356,2026-01-21,Debit Card,Bangalore
JAN_006103,CUST_02477,Keyboard,1,1776,2026-01-01,UPI,Chennai
JAN_006104,CUST_00789,Headphones,2,44612,2026-01-16,Debit Card,Pune
JAN_006105,CUST_01979,Headphones,4,31310,2026-01-23,Credit Card,Chennai
JAN_006106,CUST_02905,Monitor,3,29090,2026-01-14,Cash on Delivery,Mumbai
JAN_006107,CUST_01043,Tablet,3,31383,2026-01-15,Credit Card,Bangalore
JAN_006108,CUST_02540,Smartphone,3,30880,2026-01-11,UPI,Delhi
JAN_006109,CUST_03192,Smartwatch,4,7130,2026-01-30,Debit Card,Pune
JAN_006110,CUST_04753,Keyboard,5,49022,2026-01-08,Credit Card,Hyderabad
JAN_006111,CUST_01469,Tablet,1,9298,2026-01-09,UPI,Bangalore
JAN_006112,CUST_00805,Keyboard,3,14787,2026-01-02,Credit Card,Hyderabad
JAN_006113,CUST_03578,Headphones,4,40749,2026-01-02,Debit Card,Hyderabad
JAN_006114,CUST_02360,Tablet,4,12582,2026-01-06,Credit Card,Pune
JAN_006115,CUST_04629,Smartphone,2,39719,2026-01-29,UPI,Delhi
JAN_006116,CUST_00917,Smartphone,2,29140,2026-01-15,Debit Card,Hyderabad
JAN_006117,CUST_04648,Monitor,3,30474,2026-01-08,UPI,Bangalore
JAN_006118,CUST_01481,Smartphone,1,27818,2026-01-26,Credit Card,Delhi
JAN_006119,CUST_03208,Monitor,5,6022,2026-01-02,UPI,Mumbai
JAN_006120,CUST_02262,Mouse,2,26012,2026-01-23,Debit Card,Delhi
JAN_006121,CUST_02188,Mouse,3,13979,2026-01-13,Credit Card,Pune
JAN_006122,CUST_04616,Smartwatch,5,6288,2026-01-25,Debit Card,Delhi
JAN_006123,CUST_00062,Laptop,4,41438,2026-01-06,Credit Card,Delhi
JAN_006124,CUST_03617,Smartwatch,5,15861,2026-01-30,Debit Card,Delhi
JAN_006125,CUST_04167,Laptop,5,29431,2026-01-15,Debit Card,Pune
JAN_006126,CUST_00872,Laptop,5,14506,2026-01-16,Credit Card,Hyderabad
JAN_006127,CUST_03049,Keyboard,1,1134,2026-01-25,UPI,Hyderabad
JAN_006128,CUST_00492,Smartwatch,2,41758,2026-01-02,Credit Card,Bangalore
JAN_006129,CUST_03475,Tablet,4,21873,2026-01-17,Debit Card,Chennai
JAN_006130,CUST_04519,Smartwatch,1,31620,2026-01-12,Credit Card,Hyderabad
JAN_006131,CUST_02532,Tablet,1,16015,2026-01-22,Debit Card,Bangalore
JAN_006132,CUST_03451,Keyboard,2,12246,2026-01-26,Debit Card,Chennai
JAN_006133,CUST_03385,Mouse,1,22101,2026-01-12,Debit Card,Pune
JAN_006134,CUST_01645,Monitor,1,30709,2026-01-14,Debit Card,Chennai
JAN_006135,CUST_02569,Smartphone,5,24215,2026-01-07,UPI,Pune
JAN_006136,CUST_04094,Smartwatch,5,44411,2026-01-27,Cash on Delivery,Bangalore
JAN_006137,CUST_04640,Monitor,5,26964,2026-01-23,Debit Card,Chennai
JAN_006138,CUST_00343,Keyboard,2,29540,2026-01-01,Debit Card,Delhi
JAN_006139,CUST_04665,Smartwatch,3,34005,2026-01-06,Debit Card,Pune
JAN_006140,CUST_00724,Laptop,5,10669,2026-01-05,Credit Card,Delhi
JAN_006141,CUST_00759,Mouse,3,23342,2026-01-11,Cash on Delivery,Hyderabad
JAN_006142,CUST_03017,Keyboard,4,42219,2026-01-21,Credit Card,Delhi
JAN_006143,CUST_03249,Smartwatch,1,18092,2026-01-16,UPI,Bangalore
JAN_006144,CUST_03520,Mouse,2,3962,2026-01-05,Credit Card,Hyderabad
JAN_006145,CUST_03866,Laptop,5,5277,2026-01-28,Credit Card,Chennai
JAN_006146,CUST_01466,Headphones,1,1257,2026-01-05,Credit Card,Bangalore
JAN_006147,CUST_01218,Mouse,2,39922,2026-01-21,Credit Card,Delhi
JAN_006148,CUST_03026,Laptop,1,47143,2026-01-20,Debit Card,Hyderabad
JAN_006149,CUST_01091,Mouse,1,30403,2026-01-13,Cash on Delivery,Pune
JAN_006150,CUST_04847,Monitor,2,39748,2026-01-21,UPI,Hyderabad
JAN_006151,CUST_04412,Keyboard,3,49451,2026-01-15,Cash on Delivery,Chennai
JAN_006152,CUST_00197,Laptop,4,33346,2026-01-15,Credit Card,Bangalore
JAN_006153,CUST_03271,Smartwatch,4,24925,2026-01-10,Debit Card,Pune
JAN_006154,CUST_01819,Smartwatch,1,44764,2026-01-18,Debit Card,Delhi
JAN_006155,CUST_03347,Headphones,3,47961,2026-01-17,UPI,Hyderabad
JAN_006156,CUST_02748,Headphones,3,41698,2026-01-11,Cash on Delivery,Delhi
JAN_006157,CUST_03906,Headphones,4,25124,2026-01-19,Credit Card,Delhi
JAN_006158,CUST_01170,Monitor,4,48330,2026-01-26,Credit Card,Chennai
JAN_006159,CUST_02492,Smartwatch,5,47229,2026-01-08,Credit Card,Chennai
JAN_006160,CUST_00450,Mouse,4,11789,2026-01-31,Credit Card,Pune
JAN_006161,CUST_01974,Mouse,3,28408,2026-01-22,Cash on Delivery,Chennai
JAN_006162,CUST_00377,Monitor,1,19746,2026-01-04,Cash on Delivery,Mumbai
JAN_006163,CUST_00395,Smartwatch,5,26142,2026-01-18,Credit Card,Hyderabad
JAN_006164,CUST_04497,Smartwatch,5,45773,2026-01-27,Cash on Delivery,Hyderabad
JAN_006165,CUST_01388,Mouse,3,39788,2026-01-31,Debit Card,Mumbai
JAN_006166,CUST_02014,Monitor,1,34287,2026-01-25,Cash on Delivery,Hyderabad
JAN_006167,CUST_02655,Smartwatch,1,15243,2026-01-23,Debit Card,Bangalore
JAN_006168,CUST_04600,Keyboard,2,6851,2026-01-02,Credit Card,Hyderabad
JAN_006169,CUST_00994,Smartwatch,5,48775,2026-01-01,Credit Card,Bangalore
JAN_006170,CUST_03448,Smartphone,2,42497,2026-01-16,Credit Card,Chennai
JAN_006171,CUST_04046,Keyboard,5,36312,2026-01-31,UPI,Mumbai
JAN_006172,CUST_01293,Headphones,1,5231,2026-01-25,Cash on Delivery,Delhi
JAN_006173,CUST_04106,Monitor,2,2236,2026-01-04,UPI,Pune
JAN_006174,CUST_01970,Smartphone,3,10155,2026-01-05,Credit Card,Mumbai
JAN_006175,CUST_01597,Keyboard,4,41956,2026-01-30,Credit Card,Pune
JAN_006176,CUST_02385,Laptop,5,36461,2026-01-03,Credit Card,Mumbai
JAN_006177,CUST_03974,Laptop,2,16217,2026-01-06,UPI,Hyderabad
JAN_006178,CUST_03494,Tablet,2,2491,2026-01-20,UPI,Delhi
JAN_006179,CUST_02849,Laptop,2,6601,2026-01-20,Cash on Delivery,Chennai
JAN_006180,CUST_02624,Smartwatch,5,45910,2026-01-21,UPI,Mumbai
JAN_006181,CUST_00047,Smartphone,5,42067,2026-01-23,UPI,Chennai
JAN_006182,CUST_02808,Keyboard,2,19469,2026-01-13,Debit Card,Hyderabad
JAN_006183,CUST_02107,Keyboard,5,31720,2026-01-08,UPI,Bangalore
JAN_006184,CUST_00596,Monitor,3,47306,2026-01-30,Cash on Delivery,Bangalore
JAN_006185,CUST_00945,Smartphone,4,41248,2026-01-14,UPI,Pune
JAN_006186,CUST_04526,Tablet,1,8940,2026-01-23,Cash on Delivery,Delhi
JAN_006187,CUST_01527,Laptop,3,3688,2026-01-18,UPI,Hyderabad
JAN_006188,CUST_04258,Laptop,5,47850,2026-01-08,Credit Card,Bangalore
JAN_006189,CUST_04653,Smartphone,2,13628,2026-01-21,Credit Card,Mumbai
JAN_006190,CUST_00104,Laptop,3,39541,2026-01-13,Credit Card,Delhi
JAN_006191,CUST_00624,Keyboard,2,44976,2026-01-09,Debit Card,Delhi
JAN_006192,CUST_03694,Smartwatch,2,23854,2026-01-23,Credit Card,Pune
JAN_006193,CUST_00352,Headphones,1,14633,2026-01-28,UPI,Mumbai
JAN_006194,CUST_03829,Monitor,3,11054,2026-01-14,Credit Card,Delhi
JAN_006195,CUST_03165,Tablet,1,6852,2026-01-29,UPI,Chennai
JAN_006196,CUST_04142,Smartphone,1,28577,2026-01-15,Cash on Delivery,Pune
JAN_006197,CUST_03371,Headphones,5,662,2026-01-18,Credit Card,Bangalore
JAN_006198,CUST_02729,Keyboard,5,26216,2026-01-04,Debit Card,Delhi
JAN_006199,CUST_03625,Keyboard,1,11382,2026-01-14,Credit Card,Mumbai
JAN_006200,CUST_04698,Mouse,1,31875,2026-01-20,Debit Card,Delhi
JAN_006201,CUST_00190,Mouse,1,23859,2026-01-21,Credit Card,Mumbai
JAN_006202,CUST_04276,Mouse,1,4174,2026-01-20,Debit Card,Mumbai
JAN_006203,CUST_02641,Monitor,1,34777,2026-01-15,Debit Card,Hyderabad
JAN_006204,CUST_01342,Mouse,4,32272,2026-01-11,Cash on Delivery,Mumbai
JAN_006205,CUST_04068,Mouse,4,29827,2026-01-08,Cash on Delivery,Mumbai
JAN_006206,CUST_00057,Keyboard,1,42825,2026-01-24,Cash on Delivery,Chennai
JAN_006207,CUST_02410,Laptop,3,33619,2026-01-09,Credit Card,Bangalore
JAN_006208,CUST_00064,Smartphone,4,10909,2026-01-11,Cash on Delivery,Delhi
JAN_006209,CUST_04874,Tablet,2,47719,2026-01-15,Credit Card,Hyderabad
JAN_006210,CUST_04627,Laptop,1,45393,2026-01-06,Credit Card,Delhi
JAN_006211,CUST_02958,Smartphone,1,49444,2026-01-01,Credit Card,Mumbai
JAN_006212,CUST_01584,Mouse,1,28195,2026-01-27,Credit Card,Chennai
JAN_006213,CUST_00255,Smartphone,5,39294,2026-01-18,UPI,Bangalore
JAN_006214,CUST_01465,Mouse,1,26494,2026-01-01,Debit Card,Mumbai
JAN_006215,CUST_03843,Mouse,4,5288,2026-01-03,UPI,Chennai
JAN_006216,CUST_03219,Mouse,5,23245,2026-01-02,Cash on Delivery,Hyderabad
JAN_006217,CUST_04180,Smartwatch,2,41537,2026-01-14,UPI,Delhi
JAN_006218,CUST_02086,Laptop,4,48583,2026-01-29,UPI,Bangalore
JAN_006219,CUST_02440,Smartphone,2,35747,2026-01-21,UPI,Hyderabad
JAN_006220,CUST_01019,Smartphone,3,22172,2026-01-02,Cash on Delivery,Chennai
JAN_006221,CUST_03295,Tablet,4,27469,2026-01-26,UPI,Hyderabad
JAN_006222,CUST_02772,Headphones,3,37194,2026-01-28,Cash on Delivery,Pune
JAN_006223,CUST_00790,Tablet,1,37440,2026-01-01,Credit Card,Mumbai
JAN_006224,CUST_03459,Mouse,3,5121,2026-01-15,Cash on Delivery,Chennai
JAN_006225,CUST_00329,Headphones,2,43812,2026-01-25,Credit Card,Hyderabad
JAN_006226,CUST_02061,Monitor,2,20210,2026-01-01,Cash on Delivery,Hyderabad
JAN_006227,CUST_01329,Tablet,4,43264,2026-01-28,Credit Card,Bangalore
JAN_006228,CUST_01554,Headphones,1,40653,2026-01-28,Debit Card,Pune
JAN_006229,CUST_01496,Mouse,5,37164,2026-01-19,Cash on Delivery,Delhi
JAN_006230,CUST_04113,Tablet,2,30253,2026-01-12,Credit Card,Hyderabad
JAN_006231,CUST_01558,Keyboard,3,46113,2026-01-20,Cash on Delivery,Pune
JAN_006232,CUST_00131,Headphones,3,2166,2026-01-21,Credit Card,Hyderabad
JAN_006233,CUST_03285,Smartwatch,2,46984,2026-01-17,Debit Card,Chennai
JAN_006234,CUST_04373,Mouse,3,9068,2026-01-10,Cash on Delivery,Delhi
JAN_006235,CUST_04565,Keyboard,3,47571,2026-01-19,Cash on Delivery,Pune
JAN_006236,CUST_01073,Keyboard,5,5275,2026-01-12,Cash on Delivery,Pune
JAN_006237,CUST_03320,Headphones,2,31219,2026-01-15,Credit Card,Bangalore
JAN_006238,CUST_01850,Keyboard,3,394,2026-01-28,Cash on Delivery,Pune
JAN_006239,CUST_00464,Smartphone,4,27995,2026-01-06,Credit Card,Delhi
JAN_006240,CUST_00485,Smartphone,3,45495,2026-01-09,Credit Card,Mumbai
JAN_006241,CUST_03264,Keyboard,3,45356,2026-01-12,Debit Card,Delhi
JAN_006242,CUST_03405,Keyboard,4,11428,2026-01-28,Cash on Delivery,Delhi
JAN_006243,CUST_01779,Keyboard,3,30305,2026-01-29,UPI,Bangalore
JAN_006244,CUST_02182,Monitor,3,47163,2026-01-09,UPI,Pune
JAN_006245,CUST_02511,Keyboard,3,19237,2026-01-30,Credit Card,Mumbai
JAN_006246,CUST_00863,Tablet,3,17576,2026-01-03,Debit Card,Bangalore
JAN_006247,CUST_02724,Tablet,3,11124,2026-01-19,UPI,Pune
JAN_006248,CUST_04354,Mouse,2,41190,2026-01-18,Debit Card,Chennai
JAN_006249,CUST_04143,Smartphone,3,5088,2026-01-08,Credit Card,Hyderabad
JAN_006250,CUST_01008,Smartwatch,3,49511,2026-01-04,Cash on Delivery,Pune
JAN_006251,CUST_01423,Mouse,4,19092,2026-01-20,Credit Card,Hyderabad
JAN_006252,CUST_04106,Tablet,2,16792,2026-01-20,Cash on Delivery,Pune
JAN_006253,CUST_02648,Keyboard,5,40722,2026-01-07,Cash on Delivery,Bangalore
JAN_006254,CUST_04669,Smartphone,3,15919,2026-01-25,UPI,Mumbai
JAN_006255,CUST_02590,Smartphone,3,24355,2026-01-15,UPI,Hyderabad
JAN_006256,CUST_02278,Tablet,5,11827,2026-01-08,Credit Card,Mumbai
JAN_006257,CUST_03814,Headphones,3,21452,2026-01-11,Credit Card,Mumbai
JAN_006258,CUST_04122,Smartphone,2,16649,2026-01-01,Cash on Delivery,Bangalore
JAN_006259,CUST_01955,Tablet,5,42139,2026-01-29,Cash on Delivery,Delhi
JAN_006260,CUST_01685,Laptop,1,17806,2026-01-10,Cash on Delivery,Mumbai
JAN_006261,CUST_03447,Smartwatch,1,47739,2026-01-14,UPI,Chennai
JAN_006262,CUST_04874,Smartwatch,2,49348,2026-01-26,Cash on Delivery,Bangalore
JAN_006263,CUST_00840,Headphones,1,34204,2026-01-20,Cash on Delivery,Hyderabad
JAN_006264,CUST_00303,Smartwatch,3,786,2026-01-31,Cash on Delivery,Mumbai
JAN_006265,CUST_02182,Tablet,1,23137,2026-01-28,UPI,Mumbai
JAN_006266,CUST_01350,Monitor,1,9295,2026-01-04,Credit Card,Mumbai
JAN_006267,CUST_00362,Laptop,3,3653,2026-01-14,Credit Card,Chennai
JAN_006268,CUST_04571,Smartwatch,5,15065,2026-01-06,Credit Card,Mumbai
JAN_006269,CUST_01415,Laptop,5,25831,2026-01-30,UPI,Bangalore
JAN_006270,CUST_04490,Mouse,2,24574,2026-01-24,UPI,Chennai
JAN_006271,CUST_03237,Smartwatch,5,39817,2026-01-20,Cash on Delivery,Hyderabad
JAN_006272,CUST_02141,Headphones,1,4240,2026-01-29,UPI,Bangalore
JAN_006273,CUST_02280,Mouse,2,17068,2026-01-03,Cash on Delivery,Mumbai
JAN_006274,CUST_03897,Keyboard,4,11313,2026-01-21,Credit Card,Pune
JAN_006275,CUST_04369,Smartwatch,1,47281,2026-01-28,Debit Card,Hyderabad
JAN_006276,CUST_01390,Monitor,5,46644,2026-01-12,Debit Card,Chennai
JAN_006277,CUST_03855,Smartwatch,2,49582,2026-01-11,Cash on Delivery,Pune
JAN_006278,CUST_04988,Headphones,5,15248,2026-01-25,UPI,Bangalore
JAN_006279,CUST_04088,Tablet,5,30951,2026-01-11,Credit Card,Chennai
JAN_006280,CUST_03560,Laptop,4,20639,2026-01-15,UPI,Mumbai
JAN_006281,CUST_04806,Keyboard,5,18064,2026-01-12,UPI,Bangalore
JAN_006282,CUST_02300,Keyboard,5,3848,2026-01-01,Credit Card,Bangalore
JAN_006283,CUST_03553,Laptop,2,34982,2026-01-26,Debit Card,Hyderabad
JAN_006284,CUST_03358,Smartwatch,4,47168,2026-01-21,UPI,Hyderabad
JAN_006285,CUST_01733,Monitor,3,44535,2026-01-14,Cash on Delivery,Chennai
JAN_006286,CUST_03983,Monitor,1,11433,2026-01-01,UPI,Mumbai
JAN_006287,CUST_04100,Mouse,2,25721,2026-01-03,Credit Card,Pune
JAN_006288,CUST_03111,Mouse,3,7001,2026-01-05,UPI,Delhi
JAN_006289,CUST_02273,Monitor,5,19427,2026-01-28,UPI,Hyderabad
JAN_006290,CUST_04969,Keyboard,3,26760,2026-01-12,Debit Card,Delhi
JAN_006291,CUST_01291,Mouse,2,31043,2026-01-11,Cash on Delivery,Pune
JAN_006292,CUST_04840,Monitor,1,29511,2026-01-31,Cash on Delivery,Pune
JAN_006293,CUST_02970,Monitor,4,14847,2026-01-30,Cash on Delivery,Bangalore
JAN_006294,CUST_02889,Headphones,3,5183,2026-01-18,Credit Card,Delhi
JAN_006295,CUST_02712,Mouse,4,30213,2026-01-31,UPI,Mumbai
JAN_006296,CUST_04029,Monitor,2,10541,2026-01-22,Cash on Delivery,Hyderabad
JAN_006297,CUST_01435,Mouse,5,45134,2026-01-25,Cash on Delivery,Bangalore
JAN_006298,CUST_01328,Keyboard,5,26244,2026-01-29,Cash on Delivery,Bangalore
JAN_006299,CUST_04791,Laptop,2,4146,2026-01-22,Credit Card,Pune
JAN_006300,CUST_02781,Mouse,1,28882,2026-01-17,UPI,Mumbai
JAN_006301,CUST_02149,Smartphone,3,37578,2026-01-18,UPI,Delhi
JAN_006302,CUST_01176,Smartwatch,5,48683,2026-01-10,Debit Card,Chennai
JAN_006303,CUST_02623,Keyboard,5,22528,2026-01-29,UPI,Pune
JAN_006304,CUST_04983,Tablet,4,46431,2026-01-07,Credit Card,Bangalore
JAN_006305,CUST_02330,Smartwatch,1,20666,2026-01-06,Credit Card,Pune
JAN_006306,CUST_01373,Laptop,3,4102,2026-01-14,Debit Card,Delhi
JAN_006307,CUST_03260,Keyboard,2,17466,2026-01-01,Cash on Delivery,Mumbai
JAN_006308,CUST_04319,Tablet,5,32707,2026-01-03,Credit Card,Chennai
JAN_006309,CUST_04271,Headphones,4,23093,2026-01-05,Credit Card,Pune
JAN_006310,CUST_04159,Laptop,3,6911,2026-01-07,UPI,Chennai
JAN_006311,CUST_03151,Laptop,2,13460,2026-01-03,Credit Card,Mumbai
JAN_006312,CUST_03062,Mouse,3,5890,2026-01-17,Debit Card,Delhi
JAN_006313,CUST_03522,Laptop,2,44566,2026-01-14,UPI,Pune
JAN_006314,CUST_01632,Smartphone,2,31082,2026-01-20,UPI,Pune
JAN_006315,CUST_00548,Laptop,5,15947,2026-01-06,Cash on Delivery,Chennai
JAN_006316,CUST_03385,Tablet,4,30594,2026-01-24,Cash on Delivery,Delhi
JAN_006317,CUST_03409,Monitor,4,24938,2026-01-28,Debit Card,Bangalore
JAN_006318,CUST_02448,Monitor,5,4012,2026-01-12,Credit Card,Bangalore
JAN_006319,CUST_04131,Smartphone,5,21880,2026-01-29,Debit Card,Delhi
JAN_006320,CUST_00910,Smartphone,1,9356,2026-01-12,Cash on Delivery,Hyderabad
JAN_006321,CUST_04704,Monitor,3,13662,2026-01-07,Credit Card,Mumbai
JAN_006322,CUST_01109,Keyboard,2,12559,2026-01-18,UPI,Delhi
JAN_006323,CUST_00573,Mouse,5,20837,2026-01-12,Debit Card,Pune
JAN_006324,CUST_00234,Tablet,1,9588,2026-01-26,Cash on Delivery,Bangalore
JAN_006325,CUST_03541,Headphones,4,1130,2026-01-01,Cash on Delivery,Chennai
JAN_006326,CUST_00870,Monitor,1,49112,2026-01-10,Debit Card,Bangalore
JAN_006327,CUST_04154,Tablet,4,10501,2026-01-27,UPI,Chennai
JAN_006328,CUST_02341,Keyboard,3,43512,2026-01-31,Credit Card,Chennai
JAN_006329,CUST_04743,Tablet,2,3773,2026-01-23,Credit Card,Hyderabad
JAN_006330,CUST_00440,Smartwatch,5,21642,2026-01-10,Cash on Delivery,Delhi
JAN_006331,CUST_01375,Laptop,2,15200,2026-01-12,Debit Card,Hyderabad
JAN_006332,CUST_01690,Tablet,4,7517,2026-01-20,Credit Card,Bangalore
JAN_006333,CUST_01481,Mouse,5,36856,2026-01-18,UPI,Hyderabad
JAN_006334,CUST_04829,Mouse,5,23677,2026-01-22,UPI,Chennai
JAN_006335,CUST_02735,Smartphone,5,18307,2026-01-22,Debit Card,Chennai
JAN_006336,CUST_02402,Mouse,4,16677,2026-01-22,Debit Card,Delhi
JAN_006337,CUST_04786,Laptop,1,17096,2026-01-08,UPI,Bangalore
JAN_006338,CUST_02484,Headphones,5,24820,2026-01-06,Cash on Delivery,Hyderabad
JAN_006339,CUST_02706,Mouse,4,811,2026-01-12,UPI,Hyderabad
JAN_006340,CUST_03850,Tablet,5,45255,2026-01-19,Debit Card,Mumbai
JAN_006341,CUST_02468,Smartwatch,4,3050,2026-01-04,Credit Card,Chennai
JAN_006342,CUST_01174,Monitor,1,48886,2026-01-16,Credit Card,Hyderabad
JAN_006343,CUST_00229,Laptop,3,43849,2026-01-23,UPI,Chennai
JAN_006344,CUST_00266,Tablet,2,17884,2026-01-16,Cash on Delivery,Mumbai
JAN_006345,CUST_02034,Smartphone,4,6605,2026-01-22,Credit Card,Pune
JAN_006346,CUST_00104,Tablet,5,40706,2026-01-10,Credit Card,Pune
JAN_006347,CUST_00720,Smartwatch,3,23140,2026-01-24,Cash on Delivery,Bangalore
JAN_006348,CUST_01454,Tablet,3,19112,2026-01-27,Credit Card,Pune
JAN_006349,CUST_01649,Headphones,5,49643,2026-01-17,Cash on Delivery,Chennai
JAN_006350,CUST_04114,Monitor,1,23469,2026-01-22,UPI,Chennai
JAN_006351,CUST_03206,Smartphone,3,23699,2026-01-30,Cash on Delivery,Mumbai
JAN_006352,CUST_02664,Monitor,4,44590,2026-01-23,Cash on Delivery,Mumbai
JAN_006353,CUST_03452,Smartwatch,5,38359,2026-01-28,Debit Card,Mumbai
JAN_006354,CUST_01963,Smartwatch,2,25628,2026-01-19,Debit Card,Chennai
JAN_006355,CUST_00116,Monitor,5,24480,2026-01-21,Debit Card,Mumbai
JAN_006356,CUST_03386,Smartphone,1,14557,2026-01-23,Credit Card,Hyderabad
JAN_006357,CUST_03403,Keyboard,2,8831,2026-01-11,Debit Card,Bangalore
JAN_006358,CUST_00612,Headphones,3,26081,2026-01-30,Cash on Delivery,Mumbai
JAN_006359,CUST_01054,Smartphone,2,42224,2026-01-19,Cash on Delivery,Hyderabad
JAN_006360,CUST_02556,Smartwatch,5,32056,2026-01-15,Debit Card,Hyderabad
JAN_006361,CUST_04679,Smartwatch,2,5788,2026-01-16,Cash on Delivery,Delhi
JAN_006362,CUST_02847,Headphones,4,41289,2026-01-02,UPI,Bangalore
JAN_006363,CUST_01679,Smartwatch,5,12206,2026-01-23,Credit Card,Bangalore
JAN_006364,CUST_04616,Smartphone,4,16612,2026-01-27,Credit Card,Delhi
JAN_006365,CUST_00988,Headphones,4,18652,2026-01-01,Cash on Delivery,Hyderabad
JAN_006366,CUST_00082,Smartphone,4,25788,2026-01-30,Credit Card,Mumbai
JAN_006367,CUST_04964,Smartphone,5,33125,2026-01-25,Cash on Delivery,Delhi
JAN_006368,CUST_00140,Monitor,3,15025,2026-01-15,Cash on Delivery,Mumbai
JAN_006369,CUST_01229,Headphones,2,991,2026-01-14,Cash on Delivery,Delhi
JAN_006370,CUST_03418,Tablet,2,42219,2026-01-12,Debit Card,Chennai
JAN_006371,CUST_03062,Smartwatch,5,48133,2026-01-15,Debit Card,Delhi
JAN_006372,CUST_04981,Mouse,1,322,2026-01-25,Debit Card,Mumbai
JAN_006373,CUST_00290,Keyboard,2,30921,2026-01-27,Credit Card,Mumbai
JAN_006374,CUST_01045,Mouse,5,11610,2026-01-07,Cash on Delivery,Bangalore
JAN_006375,CUST_03121,Keyboard,3,8544,2026-01-28,Credit Card,Bangalore
JAN_006376,CUST_03385,Smartphone,1,36689,2026-01-27,Credit Card,Mumbai
JAN_006377,CUST_01990,Laptop,4,44279,2026-01-31,Debit Card,Hyderabad
JAN_006378,CUST_03384,Headphones,1,37043,2026-01-22,Debit Card,Delhi
JAN_006379,CUST_00525,Smartphone,1,43182,2026-01-30,Credit Card,Hyderabad
JAN_006380,CUST_00644,Tablet,4,39711,2026-01-25,UPI,Delhi
JAN_006381,CUST_03206,Smartwatch,4,25971,2026-01-21,Credit Card,Chennai
JAN_006382,CUST_02489,Tablet,2,33434,2026-01-21,UPI,Pune
JAN_006383,CUST_01298,Smartwatch,3,38310,2026-01-08,Debit Card,Bangalore
JAN_006384,CUST_01577,Keyboard,4,40249,2026-01-01,UPI,Pune
JAN_006385,CUST_04926,Mouse,1,14940,2026-01-06,Cash on Delivery,Bangalore
JAN_006386,CUST_02827,Keyboard,1,43463,2026-01-07,Credit Card,Delhi
JAN_006387,CUST_02056,Monitor,2,45372,2026-01-23,Cash on Delivery,Pune
JAN_006388,CUST_03397,Tablet,1,38345,2026-01-11,Debit Card,Mumbai
JAN_006389,CUST_02045,Laptop,3,26598,2026-01-27,Cash on Delivery,Hyderabad
JAN_006390,CUST_03737,Smartphone,2,46141,2026-01-02,Cash on Delivery,Bangalore
JAN_006391,CUST_02327,Mouse,5,39759,2026-01-05,UPI,Hyderabad
JAN_006392,CUST_01311,Keyboard,5,33150,2026-01-12,Credit Card,Mumbai
JAN_006393,CUST_00605,Monitor,1,18323,2026-01-30,Cash on Delivery,Chennai
JAN_006394,CUST_03389,Mouse,5,6049,2026-01-16,Credit Card,Chennai
JAN_006395,CUST_00696,Smartwatch,3,29066,2026-01-24,Cash on Delivery,Bangalore
JAN_006396,CUST_04163,Headphones,2,46280,2026-01-05,Cash on Delivery,Mumbai
JAN_006397,CUST_04649,Monitor,3,46627,2026-01-27,UPI,Delhi
JAN_006398,CUST_02498,Mouse,5,19631,2026-01-19,Credit Card,Pune
JAN_006399,CUST_02098,Monitor,4,31674,2026-01-28,Cash on Delivery,Chennai
JAN_006400,CUST_01948,Smartwatch,3,41181,2026-01-03,Debit Card,Mumbai
JAN_006401,CUST_00279,Smartphone,3,39150,2026-01-25,Debit Card,Pune
JAN_006402,CUST_03634,Keyboard,2,13850,2026-01-13,Debit Card,Hyderabad
JAN_006403,CUST_01543,Smartwatch,1,7869,2026-01-25,Debit Card,Mumbai
JAN_006404,CUST_03766,Laptop,4,25291,2026-01-05,UPI,Hyderabad
JAN_006405,CUST_02681,Keyboard,4,2450,2026-01-25,Cash on Delivery,Hyderabad
JAN_006406,CUST_03591,Headphones,1,44039,2026-01-02,Credit Card,Mumbai
JAN_006407,CUST_01831,Keyboard,5,36187,2026-01-29,UPI,Mumbai
JAN_006408,CUST_00094,Smartwatch,4,31443,2026-01-06,Cash on Delivery,Delhi
JAN_006409,CUST_01343,Laptop,2,42593,2026-01-15,Cash on Delivery,Delhi
JAN_006410,CUST_02050,Keyboard,4,23897,2026-01-10,Cash on Delivery,Chennai
JAN_006411,CUST_03769,Smartphone,5,41417,2026-01-01,UPI,Bangalore
JAN_006412,CUST_02671,Tablet,3,12900,2026-01-13,Cash on Delivery,Chennai
JAN_006413,CUST_00279,Monitor,3,25830,2026-01-16,Cash on Delivery,Delhi
JAN_006414,CUST_01999,Smartphone,4,16666,2026-01-20,UPI,Hyderabad
JAN_006415,CUST_02800,Mouse,4,36228,2026-01-31,Cash on Delivery,Pune
JAN_006416,CUST_01975,Laptop,3,34113,2026-01-31,Cash on Delivery,Hyderabad
JAN_006417,CUST_00477,Headphones,3,14116,2026-01-04,UPI,Delhi
JAN_006418,CUST_04832,Headphones,4,27697,2026-01-31,Credit Card,Bangalore
JAN_006419,CUST_04058,Laptop,1,37132,2026-01-09,Debit Card,Hyderabad
JAN_006420,CUST_02506,Laptop,1,19459,2026-01-02,Cash on Delivery,Mumbai
JAN_006421,CUST_02585,Tablet,1,2879,2026-01-27,UPI,Mumbai
JAN_006422,CUST_04751,Laptop,1,29740,2026-01-30,Credit Card,Hyderabad
JAN_006423,CUST_02624,Mouse,4,29103,2026-01-17,Credit Card,Pune
JAN_006424,CUST_04065,Mouse,2,26537,2026-01-10,Credit Card,Hyderabad
JAN_006425,CUST_00266,Mouse,1,14006,2026-01-21,UPI,Hyderabad
JAN_006426,CUST_02605,Smartwatch,4,4635,2026-01-17,Credit Card,Delhi
JAN_006427,CUST_01648,Laptop,3,19454,2026-01-04,Credit Card,Pune
JAN_006428,CUST_02074,Headphones,3,41504,2026-01-18,UPI,Mumbai
JAN_006429,CUST_04776,Laptop,2,49725,2026-01-03,Debit Card,Hyderabad
JAN_006430,CUST_00118,Mouse,2,43573,2026-01-10,Debit Card,Mumbai
JAN_006431,CUST_01487,Monitor,5,29591,2026-01-27,UPI,Pune
JAN_006432,CUST_01870,Headphones,2,36757,2026-01-22,Cash on Delivery,Pune
JAN_006433,CUST_03836,Smartwatch,4,2577,2026-01-14,Cash on Delivery,Delhi
JAN_006434,CUST_04290,Monitor,1,13439,2026-01-27,Debit Card,Mumbai
JAN_006435,CUST_01741,Tablet,5,14478,2026-01-21,Cash on Delivery,Bangalore
JAN_006436,CUST_01593,Laptop,5,6748,2026-01-10,Credit Card,Chennai
JAN_006437,CUST_01320,Keyboard,5,45032,2026-01-08,Cash on Delivery,Pune
JAN_006438,CUST_01478,Smartwatch,4,16083,2026-01-01,Credit Card,Mumbai
JAN_006439,CUST_01003,Monitor,3,36850,2026-01-16,UPI,Hyderabad
JAN_006440,CUST_00961,Keyboard,2,7110,2026-01-11,UPI,Chennai
JAN_006441,CUST_03400,Laptop,3,28886,2026-01-17,Cash on Delivery,Chennai
JAN_006442,CUST_03706,Tablet,1,39057,2026-01-27,Credit Card,Pune
JAN_006443,CUST_04577,Headphones,1,15120,2026-01-26,UPI,Delhi
JAN_006444,CUST_03637,Monitor,4,17882,2026-01-17,UPI,Bangalore
JAN_006445,CUST_01522,Keyboard,1,13911,2026-01-17,Cash on Delivery,Mumbai
JAN_006446,CUST_03588,Tablet,5,31799,2026-01-13,UPI,Hyderabad
JAN_006447,CUST_01391,Mouse,5,31142,2026-01-28,Credit Card,Chennai
JAN_006448,CUST_02799,Tablet,1,12608,2026-01-11,Cash on Delivery,Bangalore
JAN_006449,CUST_03394,Tablet,3,45945,2026-01-19,Debit Card,Mumbai
JAN_006450,CUST_02533,Monitor,2,29862,2026-01-23,Debit Card,Delhi
JAN_006451,CUST_03633,Mouse,3,44628,2026-01-12,Credit Card,Bangalore
JAN_006452,CUST_03435,Laptop,1,34319,2026-01-05,Debit Card,Mumbai
JAN_006453,CUST_00844,Smartphone,3,48422,2026-01-25,Cash on Delivery,Chennai
JAN_006454,CUST_02046,Keyboard,5,22765,2026-01-29,UPI,Bangalore
JAN_006455,CUST_03505,Mouse,4,32603,2026-01-15,UPI,Pune
JAN_006456,CUST_00494,Smartwatch,5,805,2026-01-12,Credit Card,Hyderabad
JAN_006457,CUST_01717,Smartphone,5,14836,2026-01-24,Debit Card,Chennai
JAN_006458,CUST_00496,Headphones,4,21174,2026-01-11,Cash on Delivery,Mumbai
JAN_006459,CUST_02452,Monitor,4,13487,2026-01-08,Credit Card,Delhi
JAN_006460,CUST_04428,Headphones,2,19903,2026-01-25,Debit Card,Delhi
JAN_006461,CUST_02630,Tablet,1,22416,2026-01-09,UPI,Bangalore
JAN_006462,CUST_02763,Tablet,5,42009,2026-01-28,Credit Card,Chennai
JAN_006463,CUST_04387,Laptop,2,11091,2026-01-07,Debit Card,Pune
JAN_006464,CUST_01191,Tablet,1,24942,2026-01-24,UPI,Pune
JAN_006465,CUST_03193,Headphones,5,41614,2026-01-17,Cash on Delivery,Hyderabad
JAN_006466,CUST_03791,Mouse,4,27591,2026-01-30,Credit Card,Delhi
JAN_006467,CUST_03846,Laptop,2,45061,2026-01-21,Debit Card,Pune
JAN_006468,CUST_03847,Tablet,2,27280,2026-01-09,UPI,Hyderabad
JAN_006469,CUST_01551,Smartphone,5,10359,2026-01-28,Credit Card,Pune
JAN_006470,CUST_02299,Smartphone,2,46186,2026-01-19,Credit Card,Delhi
JAN_006471,CUST_00008,Smartwatch,2,23040,2026-01-17,Credit Card,Pune
JAN_006472,CUST_02054,Smartphone,5,23827,2026-01-19,Debit Card,Bangalore
JAN_006473,CUST_02280,Smartphone,5,40368,2026-01-12,Credit Card,Bangalore
JAN_006474,CUST_04341,Keyboard,1,17323,2026-01-18,UPI,Mumbai
JAN_006475,CUST_01903,Monitor,4,14923,2026-01-29,UPI,Delhi
JAN_006476,CUST_01299,Headphones,4,31319,2026-01-29,Credit Card,Bangalore
JAN_006477,CUST_02481,Laptop,3,29479,2026-01-22,Cash on Delivery,Bangalore
JAN_006478,CUST_00822,Smartwatch,5,38487,2026-01-15,Cash on Delivery,Pune
JAN_006479,CUST_00757,Keyboard,2,48640,2026-01-05,Debit Card,Mumbai
JAN_006480,CUST_03423,Headphones,5,26924,2026-01-17,Debit Card,Chennai
JAN_006481,CUST_01723,Mouse,4,25536,2026-01-10,UPI,Pune
JAN_006482,CUST_04292,Headphones,2,1529,2026-01-22,Credit Card,Bangalore
JAN_006483,CUST_03600,Headphones,5,39389,2026-01-18,Debit Card,Chennai
JAN_006484,CUST_01749,Smartwatch,2,5314,2026-01-15,Cash on Delivery,Delhi
JAN_006485,CUST_00135,Mouse,4,2944,2026-01-08,UPI,Chennai
JAN_006486,CUST_03229,Headphones,5,1135,2026-01-06,Credit Card,Delhi
JAN_006487,CUST_03320,Mouse,5,3417,2026-01-23,Debit Card,Pune
JAN_006488,CUST_02305,Smartphone,1,28584,2026-01-16,Credit Card,Bangalore
JAN_006489,CUST_01824,Laptop,2,6427,2026-01-28,UPI,Pune
JAN_006490,CUST_00803,Smartwatch,4,15592,2026-01-31,Cash on Delivery,Chennai
JAN_006491,CUST_01178,Mouse,3,21050,2026-01-06,Debit Card,Mumbai
JAN_006492,CUST_00022,Monitor,4,40525,2026-01-10,Cash on Delivery,Delhi
JAN_006493,CUST_04710,Monitor,1,7021,2026-01-06,UPI,Hyderabad
JAN_006494,CUST_04318,Smartwatch,1,2584,2026-01-10,Cash on Delivery,Pune
JAN_006495,CUST_03397,Laptop,1,12170,2026-01-25,Cash on Delivery,Mumbai
JAN_006496,CUST_03432,Laptop,1,29179,2026-01-10,Debit Card,Hyderabad
JAN_006497,CUST_02749,Keyboard,5,41763,2026-01-22,UPI,Pune
JAN_006498,CUST_01099,Mouse,3,4957,2026-01-13,UPI,Chennai
JAN_006499,CUST_04028,Mouse,3,31043,2026-01-13,Credit Card,Delhi
JAN_006500,CUST_00624,Smartwatch,3,3868,2026-01-30,Credit Card,Pune
JAN_006501,CUST_01253,Keyboard,5,37702,2026-01-09,Credit Card,Bangalore
JAN_006502,CUST_02083,Laptop,4,5198,2026-01-09,UPI,Pune
JAN_006503,CUST_00126,Tablet,2,40605,2026-01-30,Debit Card,Mumbai
JAN_006504,CUST_01998,Laptop,3,42057,2026-01-06,UPI,Chennai
JAN_006505,CUST_03642,Smartphone,3,35647,2026-01-14,Debit Card,Delhi
JAN_006506,CUST_01822,Keyboard,1,32942,2026-01-30,UPI,Bangalore
JAN_006507,CUST_04710,Monitor,3,16942,2026-01-15,UPI,Delhi
JAN_006508,CUST_04526,Headphones,3,49597,2026-01-19,Credit Card,Delhi
JAN_006509,CUST_01474,Smartphone,3,43032,2026-01-01,Credit Card,Mumbai
JAN_006510,CUST_04805,Monitor,2,7452,2026-01-17,Cash on Delivery,Chennai
JAN_006511,CUST_00030,Smartphone,2,27532,2026-01-18,Cash on Delivery,Delhi
JAN_006512,CUST_00373,Monitor,1,31475,2026-01-11,Credit Card,Pune
JAN_006513,CUST_02282,Smartphone,2,39573,2026-01-05,Debit Card,Delhi
JAN_006514,CUST_02024,Headphones,3,3203,2026-01-02,Credit Card,Chennai
JAN_006515,CUST_04919,Smartwatch,2,15909,2026-01-09,Credit Card,Hyderabad
JAN_006516,CUST_02308,Mouse,1,49921,2026-01-31,Credit Card,Chennai
JAN_006517,CUST_03220,Monitor,3,13994,2026-01-21,Debit Card,Delhi
JAN_006518,CUST_04606,Monitor,5,1455,2026-01-27,Credit Card,Delhi
JAN_006519,CUST_04283,Smartwatch,3,6493,2026-01-01,Debit Card,Hyderabad
JAN_006520,CUST_02014,Headphones,5,42723,2026-01-14,UPI,Hyderabad
JAN_006521,CUST_00167,Monitor,1,49610,2026-01-11,Debit Card,Pune
JAN_006522,CUST_04060,Smartphone,3,38509,2026-01-17,UPI,Bangalore
JAN_006523,CUST_04564,Headphones,2,30780,2026-01-04,Cash on Delivery,Delhi
JAN_006524,CUST_00487,Laptop,4,16789,2026-01-04,Debit Card,Bangalore
JAN_006525,CUST_04690,Keyboard,5,7226,2026-01-16,UPI,Chennai
JAN_006526,CUST_03969,Mouse,1,2137,2026-01-04,Credit Card,Pune
JAN_006527,CUST_02921,Smartwatch,5,44738,2026-01-09,Debit Card,Hyderabad
JAN_006528,CUST_02700,Tablet,2,31582,2026-01-13,Debit Card,Bangalore
JAN_006529,CUST_03100,Smartwatch,4,521,2026-01-20,Cash on Delivery,Delhi
JAN_006530,CUST_03226,Smartwatch,1,19348,2026-01-08,Cash on Delivery,Bangalore
JAN_006531,CUST_01213,Laptop,5,7122,2026-01-04,UPI,Delhi
JAN_006532,CUST_04234,Keyboard,5,42104,2026-01-14,Credit Card,Bangalore
JAN_006533,CUST_01088,Mouse,1,20262,2026-01-27,Credit Card,Hyderabad
JAN_006534,CUST_02991,Smartphone,4,1393,2026-01-08,Credit Card,Chennai
JAN_006535,CUST_02692,Tablet,4,24675,2026-01-20,Credit Card,Pune
JAN_006536,CUST_03528,Smartwatch,5,19183,2026-01-30,UPI,Delhi
JAN_006537,CUST_00809,Smartwatch,2,26439,2026-01-22,Cash on Delivery,Hyderabad
JAN_006538,CUST_03768,Monitor,2,17345,2026-01-03,UPI,Delhi
JAN_006539,CUST_02000,Tablet,4,17739,2026-01-11,Credit Card,Hyderabad
JAN_006540,CUST_04221,Keyboard,5,14631,2026-01-27,UPI,Delhi
JAN_006541,CUST_02932,Keyboard,5,24231,2026-01-31,Credit Card,Pune
JAN_006542,CUST_03254,Laptop,5,43025,2026-01-23,Debit Card,Delhi
JAN_006543,CUST_04916,Tablet,2,19223,2026-01-06,UPI,Mumbai
JAN_006544,CUST_02081,Tablet,3,30038,2026-01-03,Debit Card,Bangalore
JAN_006545,CUST_04010,Keyboard,4,30557,2026-01-24,UPI,Bangalore
JAN_006546,CUST_04821,Laptop,5,27529,2026-01-25,Cash on Delivery,Hyderabad
JAN_006547,CUST_04942,Mouse,3,25717,2026-01-03,Debit Card,Hyderabad
JAN_006548,CUST_03693,Keyboard,5,25427,2026-01-16,UPI,Mumbai
JAN_006549,CUST_01644,Mouse,1,22686,2026-01-22,Cash on Delivery,Delhi
JAN_006550,CUST_03289,Smartphone,1,34205,2026-01-30,UPI,Bangalore
JAN_006551,CUST_00898,Tablet,3,28335,2026-01-26,Debit Card,Delhi
JAN_006552,CUST_03882,Headphones,1,45072,2026-01-02,Cash on Delivery,Pune
JAN_006553,CUST_00560,Smartwatch,5,38747,2026-01-15,UPI,Chennai
JAN_006554,CUST_04148,Tablet,2,15378,2026-01-11,Cash on Delivery,Delhi
JAN_006555,CUST_00575,Smartphone,1,17481,2026-01-10,Debit Card,Chennai
JAN_006556,CUST_03438,Tablet,1,9728,2026-01-18,Cash on Delivery,Bangalore
JAN_006557,CUST_03909,Headphones,5,4569,2026-01-26,Credit Card,Hyderabad
JAN_006558,CUST_00964,Headphones,4,49885,2026-01-27,Debit Card,Pune
JAN_006559,CUST_02116,Smartphone,5,26698,2026-01-06,UPI,Pune
JAN_006560,CUST_02394,Smartphone,3,44593,2026-01-17,Debit Card,Bangalore
JAN_006561,CUST_03811,Keyboard,1,46478,2026-01-07,Debit Card,Delhi
JAN_006562,CUST_03411,Keyboard,1,34908,2026-01-15,Debit Card,Bangalore
JAN_006563,CUST_03306,Tablet,1,32512,2026-01-19,UPI,Chennai
JAN_006564,CUST_02093,Mouse,5,46729,2026-01-25,UPI,Bangalore
JAN_006565,CUST_02503,Laptop,1,4073,2026-01-24,Debit Card,Mumbai
JAN_006566,CUST_03642,Monitor,4,3158,2026-01-26,Credit Card,Delhi
JAN_006567,CUST_01008,Laptop,4,20670,2026-01-25,UPI,Chennai
JAN_006568,CUST_04975,Tablet,2,38493,2026-01-25,Cash on Delivery,Hyderabad
JAN_006569,CUST_01322,Headphones,5,33184,2026-01-24,Debit Card,Pune
JAN_006570,CUST_02503,Headphones,4,13709,2026-01-26,Debit Card,Bangalore
JAN_006571,CUST_03977,Headphones,3,7730,2026-01-19,Cash on Delivery,Pune
JAN_006572,CUST_03368,Smartwatch,3,18278,2026-01-07,Cash on Delivery,Pune
JAN_006573,CUST_03001,Tablet,5,46222,2026-01-31,Credit Card,Pune
JAN_006574,CUST_00549,Laptop,3,12488,2026-01-16,Credit Card,Bangalore
JAN_006575,CUST_04835,Laptop,4,45629,2026-01-21,Cash on Delivery,Chennai
JAN_006576,CUST_04574,Monitor,2,47039,2026-01-04,Cash on Delivery,Mumbai
JAN_006577,CUST_00876,Tablet,3,14906,2026-01-25,UPI,Bangalore
JAN_006578,CUST_01293,Monitor,4,4058,2026-01-02,UPI,Bangalore
JAN_006579,CUST_01647,Smartphone,4,44900,2026-01-04,Cash on Delivery,Chennai
JAN_006580,CUST_02885,Headphones,4,239,2026-01-15,Cash on Delivery,Mumbai
JAN_006581,CUST_03670,Tablet,1,28975,2026-01-05,Cash on Delivery,Delhi
JAN_006582,CUST_02669,Laptop,4,19574,2026-01-24,Credit Card,Pune
JAN_006583,CUST_01289,Laptop,3,14005,2026-01-15,UPI,Chennai
JAN_006584,CUST_03336,Tablet,4,9079,2026-01-30,Credit Card,Chennai
JAN_006585,CUST_01179,Monitor,3,16359,2026-01-02,UPI,Chennai
JAN_006586,CUST_01902,Smartphone,3,33641,2026-01-21,Debit Card,Chennai
JAN_006587,CUST_03953,Headphones,3,27629,2026-01-09,UPI,Bangalore
JAN_006588,CUST_03829,Headphones,1,44899,2026-01-13,Credit Card,Chennai
JAN_006589,CUST_00176,Smartwatch,1,21189,2026-01-20,Debit Card,Mumbai
JAN_006590,CUST_01514,Smartwatch,1,15768,2026-01-22,Debit Card,Mumbai
JAN_006591,CUST_03861,Keyboard,1,9051,2026-01-23,Credit Card,Pune
JAN_006592,CUST_03539,Smartwatch,4,28736,2026-01-02,Cash on Delivery,Bangalore
JAN_006593,CUST_00035,Monitor,2,48426,2026-01-10,Credit Card,Bangalore
JAN_006594,CUST_00934,Smartwatch,5,18388,2026-01-06,Credit Card,Bangalore
JAN_006595,CUST_01366,Smartwatch,1,30763,2026-01-08,UPI,Bangalore
JAN_006596,CUST_00556,Keyboard,5,2298,2026-01-18,Debit Card,Chennai
JAN_006597,CUST_01531,Smartphone,2,24983,2026-01-08,Cash on Delivery,Hyderabad
JAN_006598,CUST_04589,Smartwatch,3,23589,2026-01-25,Debit Card,Bangalore
JAN_006599,CUST_03349,Smartphone,3,8008,2026-01-05,UPI,Chennai
JAN_006600,CUST_02850,Monitor,4,750,2026-01-01,Debit Card,Delhi
JAN_006601,CUST_03060,Laptop,5,26314,2026-01-20,Cash on Delivery,Bangalore
JAN_006602,CUST_00759,Headphones,2,22722,2026-01-10,Cash on Delivery,Pune
JAN_006603,CUST_02605,Smartwatch,5,10061,2026-01-06,Cash on Delivery,Delhi
JAN_006604,CUST_03530,Laptop,1,25292,2026-01-11,Credit Card,Bangalore
JAN_006605,CUST_02834,Smartphone,3,5927,2026-01-22,Cash on Delivery,Hyderabad
JAN_006606,CUST_03660,Monitor,1,38540,2026-01-28,Credit Card,Chennai
JAN_006607,CUST_04268,Mouse,5,22126,2026-01-29,Credit Card,Mumbai
JAN_006608,CUST_01415,Tablet,2,17705,2026-01-27,Debit Card,Bangalore
JAN_006609,CUST_00163,Smartphone,5,32477,2026-01-17,Cash on Delivery,Pune
JAN_006610,CUST_00918,Keyboard,3,27520,2026-01-06,UPI,Chennai
JAN_006611,CUST_03086,Smartphone,3,9945,2026-01-09,Cash on Delivery,Bangalore
JAN_006612,CUST_01239,Headphones,2,44446,2026-01-08,Debit Card,Chennai
JAN_006613,CUST_04179,Smartphone,1,7226,2026-01-02,Debit Card,Hyderabad
JAN_006614,CUST_00886,Headphones,5,47421,2026-01-23,Cash on Delivery,Mumbai
JAN_006615,CUST_04575,Mouse,1,36608,2026-01-20,Debit Card,Delhi
JAN_006616,CUST_02475,Smartphone,2,26535,2026-01-15,UPI,Chennai
JAN_006617,CUST_04928,Keyboard,1,47898,2026-01-25,UPI,Hyderabad
JAN_006618,CUST_00149,Monitor,5,35710,2026-01-28,UPI,Bangalore
JAN_006619,CUST_04161,Laptop,5,8112,2026-01-28,Debit Card,Mumbai
JAN_006620,CUST_01775,Mouse,1,22476,2026-01-07,UPI,Hyderabad
JAN_006621,CUST_00921,Laptop,3,24884,2026-01-27,Credit Card,Bangalore
JAN_006622,CUST_04246,Smartwatch,5,38885,2026-01-31,UPI,Pune
JAN_006623,CUST_00866,Keyboard,1,6570,2026-01-06,Cash on Delivery,Pune
JAN_006624,CUST_04657,Mouse,4,1644,2026-01-14,Credit Card,Pune
JAN_006625,CUST_01317,Mouse,4,29561,2026-01-03,Cash on Delivery,Bangalore
JAN_006626,CUST_04143,Smartphone,2,46445,2026-01-05,Debit Card,Hyderabad
JAN_006627,CUST_01558,Smartwatch,2,3579,2026-01-17,Cash on Delivery,Bangalore
JAN_006628,CUST_04172,Mouse,5,45435,2026-01-20,Debit Card,Hyderabad
JAN_006629,CUST_01411,Smartwatch,1,38127,2026-01-03,Credit Card,Mumbai
JAN_006630,CUST_01836,Smartphone,3,49030,2026-01-08,Cash on Delivery,Bangalore
JAN_006631,CUST_02900,Tablet,1,49942,2026-01-14,Cash on Delivery,Chennai
JAN_006632,CUST_04023,Smartphone,2,1687,2026-01-12,Debit Card,Hyderabad
JAN_006633,CUST_02830,Laptop,3,15608,2026-01-20,Cash on Delivery,Bangalore
JAN_006634,CUST_00823,Smartwatch,3,23249,2026-01-21,UPI,Hyderabad
JAN_006635,CUST_01182,Monitor,2,8731,2026-01-13,Credit Card,Delhi
JAN_006636,CUST_03865,Headphones,3,47875,2026-01-01,Cash on Delivery,Chennai
JAN_006637,CUST_00771,Headphones,4,6670,2026-01-09,Credit Card,Pune
JAN_006638,CUST_04658,Monitor,3,32313,2026-01-28,Debit Card,Bangalore
JAN_006639,CUST_03252,Smartphone,5,49081,2026-01-18,UPI,Pune
JAN_006640,CUST_04129,Keyboard,5,16282,2026-01-11,Debit Card,Mumbai
JAN_006641,CUST_01797,Monitor,3,41716,2026-01-17,Debit Card,Delhi
JAN_006642,CUST_03882,Monitor,5,35964,2026-01-22,UPI,Hyderabad
JAN_006643,CUST_00125,Smartwatch,5,25305,2026-01-06,Debit Card,Chennai
JAN_006644,CUST_01607,Headphones,3,43735,2026-01-20,Cash on Delivery,Delhi
JAN_006645,CUST_03756,Smartwatch,2,9300,2026-01-31,Credit Card,Chennai
JAN_006646,CUST_01933,Smartphone,2,31002,2026-01-18,Debit Card,Delhi
JAN_006647,CUST_02084,Smartphone,5,13691,2026-01-29,Debit Card,Bangalore
JAN_006648,CUST_03853,Laptop,2,8995,2026-01-21,UPI,Mumbai
JAN_006649,CUST_03723,Tablet,1,44629,2026-01-28,UPI,Chennai
JAN_006650,CUST_04621,Mouse,3,1361,2026-01-05,Credit Card,Pune
JAN_006651,CUST_04681,Mouse,3,30007,2026-01-13,Credit Card,Bangalore
JAN_006652,CUST_01750,Mouse,1,42309,2026-01-22,Debit Card,Pune
JAN_006653,CUST_00600,Laptop,2,12407,2026-01-08,Credit Card,Pune
JAN_006654,CUST_01014,Smartwatch,4,30914,2026-01-23,UPI,Chennai
JAN_006655,CUST_03985,Mouse,4,31792,2026-01-14,Credit Card,Mumbai
JAN_006656,CUST_00800,Smartphone,1,19551,2026-01-23,UPI,Hyderabad
JAN_006657,CUST_04173,Mouse,2,48806,2026-01-08,Cash on Delivery,Hyderabad
JAN_006658,CUST_03230,Laptop,1,42301,2026-01-06,Cash on Delivery,Chennai
JAN_006659,CUST_03897,Monitor,2,12546,2026-01-23,Debit Card,Delhi
JAN_006660,CUST_02659,Keyboard,5,15009,2026-01-05,Credit Card,Delhi
JAN_006661,CUST_01050,Monitor,4,31453,2026-01-09,Cash on Delivery,Delhi
JAN_006662,CUST_03738,Mouse,3,29422,2026-01-15,Debit Card,Mumbai
JAN_006663,CUST_00874,Monitor,2,6310,2026-01-06,UPI,Bangalore
JAN_006664,CUST_02532,Smartwatch,1,15094,2026-01-17,Cash on Delivery,Delhi
JAN_006665,CUST_01887,Smartwatch,5,32259,2026-01-17,Debit Card,Delhi
JAN_006666,CUST_00130,Mouse,4,21907,2026-01-26,Credit Card,Bangalore
JAN_006667,CUST_04121,Mouse,4,49536,2026-01-22,Cash on Delivery,Mumbai
JAN_006668,CUST_03141,Keyboard,5,11843,2026-01-29,Debit Card,Delhi
JAN_006669,CUST_00448,Headphones,3,20548,2026-01-05,Cash on Delivery,Mumbai
JAN_006670,CUST_03439,Tablet,5,19193,2026-01-28,Cash on Delivery,Pune
JAN_006671,CUST_03705,Smartphone,5,37523,2026-01-15,Cash on Delivery,Delhi
JAN_006672,CUST_03394,Smartphone,2,37830,2026-01-23,Debit Card,Hyderabad
JAN_006673,CUST_02381,Monitor,5,9051,2026-01-23,UPI,Mumbai
JAN_006674,CUST_04590,Monitor,4,11532,2026-01-23,Credit Card,Pune
JAN_006675,CUST_00424,Smartphone,5,18601,2026-01-11,Cash on Delivery,Delhi
JAN_006676,CUST_03993,Smartwatch,2,26481,2026-01-16,Credit Card,Hyderabad
JAN_006677,CUST_04780,Smartwatch,3,19340,2026-01-30,Cash on Delivery,Pune
JAN_006678,CUST_04672,Smartphone,4,36504,2026-01-15,Credit Card,Delhi
JAN_006679,CUST_00361,Smartphone,1,2176,2026-01-01,UPI,Pune
JAN_006680,CUST_01458,Smartwatch,4,39269,2026-01-09,UPI,Chennai
JAN_006681,CUST_02620,Smartphone,3,32210,2026-01-06,Debit Card,Hyderabad
JAN_006682,CUST_00883,Mouse,5,49663,2026-01-11,UPI,Hyderabad
JAN_006683,CUST_03257,Tablet,1,41649,2026-01-23,UPI,Pune
JAN_006684,CUST_00065,Laptop,3,41563,2026-01-17,Debit Card,Hyderabad
JAN_006685,CUST_03963,Headphones,3,10464,2026-01-23,Credit Card,Chennai
JAN_006686,CUST_02401,Smartwatch,4,23109,2026-01-28,Credit Card,Hyderabad
JAN_006687,CUST_04230,Keyboard,1,22831,2026-01-10,UPI,Chennai
JAN_006688,CUST_04804,Tablet,2,48889,2026-01-04,Debit Card,Mumbai
JAN_006689,CUST_01779,Mouse,2,49933,2026-01-06,Credit Card,Bangalore
JAN_006690,CUST_03540,Tablet,3,44470,2026-01-08,Cash on Delivery,Pune
JAN_006691,CUST_04078,Tablet,2,16629,2026-01-16,Credit Card,Chennai
JAN_006692,CUST_02743,Tablet,3,3351,2026-01-26,Credit Card,Pune
JAN_006693,CUST_00075,Mouse,5,28878,2026-01-03,UPI,Bangalore
JAN_006694,CUST_03853,Tablet,1,41458,2026-01-01,Credit Card,Hyderabad
JAN_006695,CUST_03383,Smartphone,5,39281,2026-01-01,UPI,Chennai
JAN_006696,CUST_02165,Smartwatch,4,46598,2026-01-27,Cash on Delivery,Hyderabad
JAN_006697,CUST_04076,Mouse,4,10132,2026-01-25,UPI,Chennai
JAN_006698,CUST_01395,Mouse,2,24333,2026-01-04,Cash on Delivery,Chennai
JAN_006699,CUST_02007,Laptop,2,10268,2026-01-17,Debit Card,Delhi
JAN_006700,CUST_04693,Monitor,2,23950,2026-01-13,Debit Card,Hyderabad
JAN_006701,CUST_03111,Tablet,2,21183,2026-01-15,UPI,Chennai
JAN_006702,CUST_00767,Laptop,4,11725,2026-01-18,Credit Card,Pune
JAN_006703,CUST_02438,Tablet,4,17765,2026-01-20,Cash on Delivery,Pune
JAN_006704,CUST_00590,Headphones,4,5978,2026-01-22,Debit Card,Hyderabad
JAN_006705,CUST_04977,Keyboard,4,44120,2026-01-23,Credit Card,Mumbai
JAN_006706,CUST_04695,Smartwatch,2,29127,2026-01-25,Debit Card,Chennai
JAN_006707,CUST_02443,Mouse,2,38217,2026-01-23,UPI,Hyderabad
JAN_006708,CUST_00522,Monitor,4,26473,2026-01-11,Credit Card,Mumbai
JAN_006709,CUST_03227,Keyboard,4,9708,2026-01-02,UPI,Mumbai
JAN_006710,CUST_00633,Smartwatch,3,3901,2026-01-12,Cash on Delivery,Hyderabad
JAN_006711,CUST_00455,Mouse,5,7284,2026-01-15,UPI,Delhi
JAN_006712,CUST_02982,Keyboard,4,49261,2026-01-24,Credit Card,Hyderabad
JAN_006713,CUST_02990,Headphones,4,41396,2026-01-14,Credit Card,Hyderabad
JAN_006714,CUST_04758,Smartwatch,4,30399,2026-01-11,Cash on Delivery,Pune
JAN_006715,CUST_02742,Monitor,3,34070,2026-01-02,UPI,Chennai
JAN_006716,CUST_01493,Smartwatch,5,39608,2026-01-03,UPI,Bangalore
JAN_006717,CUST_04499,Headphones,4,820,2026-01-10,UPI,Pune
JAN_006718,CUST_04702,Keyboard,2,45774,2026-01-05,UPI,Delhi
JAN_006719,CUST_03204,Keyboard,4,17358,2026-01-05,Cash on Delivery,Mumbai
JAN_006720,CUST_00528,Keyboard,4,49866,2026-01-06,Debit Card,Mumbai
JAN_006721,CUST_04094,Tablet,1,45628,2026-01-12,Credit Card,Pune
JAN_006722,CUST_00553,Mouse,2,46100,2026-01-20,Debit Card,Mumbai
JAN_006723,CUST_04837,Monitor,4,49541,2026-01-24,UPI,Chennai
JAN_006724,CUST_02987,Monitor,5,39523,2026-01-14,Credit Card,Delhi
JAN_006725,CUST_03020,Monitor,2,45472,2026-01-08,Debit Card,Hyderabad
JAN_006726,CUST_00212,Smartwatch,2,576,2026-01-16,Credit Card,Delhi
JAN_006727,CUST_01453,Keyboard,2,23584,2026-01-18,Credit Card,Hyderabad
JAN_006728,CUST_03595,Tablet,1,24747,2026-01-28,Credit Card,Bangalore
JAN_006729,CUST_04904,Smartwatch,3,31947,2026-01-26,Credit Card,Chennai
JAN_006730,CUST_02538,Tablet,3,27224,2026-01-17,Debit Card,Pune
JAN_006731,CUST_02630,Laptop,4,45056,2026-01-12,Credit Card,Hyderabad
JAN_006732,CUST_00842,Laptop,1,36285,2026-01-08,Debit Card,Pune
JAN_006733,CUST_00404,Laptop,5,31669,2026-01-22,Debit Card,Chennai
JAN_006734,CUST_02544,Monitor,1,49166,2026-01-24,Debit Card,Hyderabad
JAN_006735,CUST_00099,Monitor,5,890,2026-01-04,UPI,Mumbai
JAN_006736,CUST_04556,Smartwatch,4,39163,2026-01-18,Cash on Delivery,Bangalore
JAN_006737,CUST_04093,Smartwatch,1,38752,2026-01-09,Credit Card,Chennai
JAN_006738,CUST_04490,Smartwatch,4,12904,2026-01-18,Cash on Delivery,Pune
JAN_006739,CUST_03184,Monitor,2,14569,2026-01-10,Credit Card,Bangalore
JAN_006740,CUST_03639,Tablet,3,48942,2026-01-27,Cash on Delivery,Delhi
JAN_006741,CUST_03929,Headphones,2,45576,2026-01-07,Cash on Delivery,Delhi
JAN_006742,CUST_00938,Smartphone,3,233,2026-01-17,Credit Card,Delhi
JAN_006743,CUST_02378,Keyboard,5,42065,2026-01-16,Cash on Delivery,Delhi
JAN_006744,CUST_02566,Laptop,3,10986,2026-01-10,UPI,Hyderabad
JAN_006745,CUST_00072,Monitor,1,16747,2026-01-10,Cash on Delivery,Delhi
JAN_006746,CUST_03414,Laptop,5,31539,2026-01-25,Cash on Delivery,Delhi
JAN_006747,CUST_00623,Mouse,3,38702,2026-01-20,Cash on Delivery,Chennai
JAN_006748,CUST_03357,Smartwatch,1,37695,2026-01-08,Debit Card,Hyderabad
JAN_006749,CUST_04969,Smartphone,4,49442,2026-01-04,Debit Card,Chennai
JAN_006750,CUST_01900,Smartwatch,4,24110,2026-01-24,Credit Card,Hyderabad
JAN_006751,CUST_04332,Monitor,5,29717,2026-01-15,Debit Card,Hyderabad
JAN_006752,CUST_04880,Monitor,3,29867,2026-01-24,UPI,Delhi
JAN_006753,CUST_04385,Mouse,3,17497,2026-01-04,Cash on Delivery,Mumbai
JAN_006754,CUST_03565,Keyboard,5,21180,2026-01-30,Credit Card,Bangalore
JAN_006755,CUST_02056,Tablet,4,31878,2026-01-16,Debit Card,Delhi
JAN_006756,CUST_01293,Smartphone,2,14766,2026-01-15,Debit Card,Hyderabad
JAN_006757,CUST_03641,Monitor,4,4964,2026-01-15,UPI,Hyderabad
JAN_006758,CUST_04611,Tablet,3,24665,2026-01-25,Cash on Delivery,Hyderabad
JAN_006759,CUST_04407,Keyboard,2,48072,2026-01-28,Credit Card,Hyderabad
JAN_006760,CUST_00234,Laptop,3,38813,2026-01-02,UPI,Bangalore
JAN_006761,CUST_02873,Smartphone,4,15280,2026-01-10,Cash on Delivery,Bangalore
JAN_006762,CUST_02985,Mouse,1,21336,2026-01-18,UPI,Hyderabad
JAN_006763,CUST_02272,Mouse,2,19234,2026-01-08,Cash on Delivery,Delhi
JAN_006764,CUST_03845,Smartphone,2,12549,2026-01-28,Credit Card,Delhi
JAN_006765,CUST_00454,Smartwatch,3,15715,2026-01-31,Credit Card,Bangalore
JAN_006766,CUST_01596,Monitor,5,31152,2026-01-29,Debit Card,Hyderabad
JAN_006767,CUST_04438,Laptop,5,26149,2026-01-22,Credit Card,Hyderabad
JAN_006768,CUST_00984,Smartwatch,1,34629,2026-01-06,Cash on Delivery,Hyderabad
JAN_006769,CUST_02665,Tablet,5,42905,2026-01-16,Credit Card,Pune
JAN_006770,CUST_03901,Keyboard,4,28047,2026-01-26,Credit Card,Mumbai
JAN_006771,CUST_03841,Tablet,2,38279,2026-01-19,Credit Card,Chennai
JAN_006772,CUST_03153,Smartwatch,1,37504,2026-01-28,Cash on Delivery,Pune
JAN_006773,CUST_04085,Monitor,3,929,2026-01-19,UPI,Pune
JAN_006774,CUST_02395,Mouse,3,43569,2026-01-21,UPI,Chennai
JAN_006775,CUST_01151,Smartwatch,2,40163,2026-01-23,UPI,Pune
JAN_006776,CUST_00142,Tablet,5,15359,2026-01-03,Credit Card,Pune
JAN_006777,CUST_01209,Smartwatch,3,9880,2026-01-31,Cash on Delivery,Hyderabad
JAN_006778,CUST_02832,Mouse,4,15771,2026-01-06,UPI,Bangalore
JAN_006779,CUST_02493,Smartphone,3,28076,2026-01-20,Cash on Delivery,Mumbai
JAN_006780,CUST_03759,Tablet,3,13523,2026-01-03,Cash on Delivery,Delhi
JAN_006781,CUST_02587,Smartphone,5,36445,2026-01-09,Cash on Delivery,Pune
JAN_006782,CUST_04146,Mouse,1,32630,2026-01-02,Debit Card,Pune
JAN_006783,CUST_01643,Laptop,3,13031,2026-01-11,Cash on Delivery,Bangalore
JAN_006784,CUST_03910,Headphones,4,34381,2026-01-20,Credit Card,Hyderabad
JAN_006785,CUST_03039,Laptop,4,48746,2026-01-31,UPI,Bangalore
JAN_006786,CUST_01556,Laptop,4,39915,2026-01-03,Cash on Delivery,Chennai
JAN_006787,CUST_00532,Headphones,5,7196,2026-01-06,Debit Card,Chennai
JAN_006788,CUST_01986,Tablet,1,12203,2026-01-18,Cash on Delivery,Hyderabad
JAN_006789,CUST_02733,Keyboard,4,37500,2026-01-30,Credit Card,Mumbai
JAN_006790,CUST_04699,Headphones,3,5735,2026-01-10,Credit Card,Chennai
JAN_006791,CUST_03928,Keyboard,1,28125,2026-01-04,Credit Card,Hyderabad
JAN_006792,CUST_04336,Monitor,5,14339,2026-01-02,UPI,Chennai
JAN_006793,CUST_02137,Keyboard,4,34009,2026-01-18,UPI,Chennai
JAN_006794,CUST_01327,Keyboard,5,26064,2026-01-15,Cash on Delivery,Bangalore
JAN_006795,CUST_03390,Laptop,4,31316,2026-01-22,Cash on Delivery,Bangalore
JAN_006796,CUST_02867,Monitor,4,16158,2026-01-30,Debit Card,Bangalore
JAN_006797,CUST_00025,Monitor,4,31748,2026-01-04,Credit Card,Bangalore
JAN_006798,CUST_02406,Laptop,2,21709,2026-01-01,UPI,Mumbai
JAN_006799,CUST_04429,Monitor,3,34842,2026-01-21,Cash on Delivery,Delhi
JAN_006800,CUST_02807,Tablet,5,19333,2026-01-07,Debit Card,Chennai
JAN_006801,CUST_01221,Laptop,5,1594,2026-01-21,Credit Card,Bangalore
JAN_006802,CUST_00936,Laptop,3,5812,2026-01-31,Debit Card,Mumbai
JAN_006803,CUST_03825,Mouse,5,16236,2026-01-26,UPI,Chennai
JAN_006804,CUST_00113,Smartphone,4,44799,2026-01-13,UPI,Mumbai
JAN_006805,CUST_03005,Smartwatch,4,6054,2026-01-11,Credit Card,Pune
JAN_006806,CUST_00137,Mouse,4,43687,2026-01-10,Debit Card,Mumbai
JAN_006807,CUST_00340,Mouse,3,36375,2026-01-02,Debit Card,Mumbai
JAN_006808,CUST_04537,Headphones,2,41238,2026-01-31,Cash on Delivery,Mumbai
JAN_006809,CUST_04676,Laptop,4,20527,2026-01-13,Debit Card,Hyderabad
JAN_006810,CUST_02721,Smartwatch,3,48637,2026-01-08,UPI,Pune
JAN_006811,CUST_03226,Keyboard,5,14456,2026-01-08,Cash on Delivery,Bangalore
JAN_006812,CUST_01148,Headphones,3,23977,2026-01-16,Debit Card,Hyderabad
JAN_006813,CUST_00797,Tablet,1,34539,2026-01-30,Credit Card,Delhi
JAN_006814,CUST_00530,Mouse,2,17280,2026-01-12,Debit Card,Pune
JAN_006815,CUST_03334,Smartwatch,2,44187,2026-01-21,UPI,Mumbai
JAN_006816,CUST_00286,Mouse,3,14075,2026-01-24,UPI,Bangalore
JAN_006817,CUST_04507,Smartwatch,4,41616,2026-01-23,Credit Card,Bangalore
JAN_006818,CUST_02471,Laptop,5,24872,2026-01-04,UPI,Pune
JAN_006819,CUST_00418,Tablet,2,5017,2026-01-15,Cash on Delivery,Mumbai
JAN_006820,CUST_04834,Smartphone,4,26826,2026-01-31,UPI,Delhi
JAN_006821,CUST_00146,Keyboard,5,19471,2026-01-29,Cash on Delivery,Hyderabad
JAN_006822,CUST_01480,Smartphone,3,3781,2026-01-04,UPI,Chennai
JAN_006823,CUST_02667,Mouse,4,25434,2026-01-09,Credit Card,Bangalore
JAN_006824,CUST_01898,Smartphone,2,23083,2026-01-15,Credit Card,Chennai
JAN_006825,CUST_01043,Tablet,4,39095,2026-01-04,Cash on Delivery,Chennai
JAN_006826,CUST_01326,Monitor,4,49064,2026-01-06,Debit Card,Chennai
JAN_006827,CUST_02981,Laptop,5,4127,2026-01-09,Cash on Delivery,Mumbai
JAN_006828,CUST_01897,Keyboard,1,49905,2026-01-15,Debit Card,Chennai
JAN_006829,CUST_03476,Laptop,3,11504,2026-01-04,Cash on Delivery,Mumbai
JAN_006830,CUST_02069,Tablet,1,27554,2026-01-09,Debit Card,Mumbai
JAN_006831,CUST_02171,Mouse,1,24446,2026-01-28,Credit Card,Chennai
JAN_006832,CUST_02326,Monitor,5,48687,2026-01-09,Credit Card,Hyderabad
JAN_006833,CUST_03393,Mouse,3,17039,2026-01-29,UPI,Pune
JAN_006834,CUST_04697,Smartphone,2,48060,2026-01-22,Cash on Delivery,Hyderabad
JAN_006835,CUST_02084,Tablet,4,9049,2026-01-02,UPI,Hyderabad
JAN_006836,CUST_04486,Keyboard,4,16356,2026-01-07,Cash on Delivery,Bangalore
JAN_006837,CUST_01350,Mouse,2,31344,2026-01-24,Cash on Delivery,Mumbai
JAN_006838,CUST_03981,Mouse,1,20581,2026-01-23,Cash on Delivery,Bangalore
JAN_006839,CUST_02214,Laptop,2,28729,2026-01-28,UPI,Delhi
JAN_006840,CUST_01567,Mouse,2,21535,2026-01-12,Debit Card,Bangalore
JAN_006841,CUST_00708,Keyboard,2,28396,2026-01-13,Credit Card,Mumbai
JAN_006842,CUST_04370,Mouse,1,45284,2026-01-07,Debit Card,Bangalore
JAN_006843,CUST_00073,Monitor,3,8885,2026-01-03,Debit Card,Delhi
JAN_006844,CUST_03943,Monitor,1,24303,2026-01-28,Cash on Delivery,Hyderabad
JAN_006845,CUST_00506,Mouse,5,11467,2026-01-17,UPI,Chennai
JAN_006846,CUST_03857,Smartphone,2,25843,2026-01-06,Credit Card,Delhi
JAN_006847,CUST_00268,Headphones,5,14086,2026-01-10,Cash on Delivery,Hyderabad
JAN_006848,CUST_00863,Keyboard,2,26854,2026-01-30,Cash on Delivery,Delhi
JAN_006849,CUST_02028,Keyboard,2,27032,2026-01-15,Credit Card,Chennai
JAN_006850,CUST_03519,Tablet,3,28669,2026-01-15,Debit Card,Hyderabad
JAN_006851,CUST_04168,Smartphone,5,41786,2026-01-26,Debit Card,Chennai
JAN_006852,CUST_03657,Tablet,3,38444,2026-01-18,Credit Card,Hyderabad
JAN_006853,CUST_02200,Keyboard,1,13389,2026-01-10,Cash on Delivery,Chennai
JAN_006854,CUST_04055,Headphones,4,26995,2026-01-12,Debit Card,Pune
JAN_006855,CUST_04945,Laptop,3,15267,2026-01-27,Cash on Delivery,Pune
JAN_006856,CUST_03598,Keyboard,2,2280,2026-01-14,Credit Card,Mumbai
JAN_006857,CUST_01012,Keyboard,1,31897,2026-01-13,Cash on Delivery,Hyderabad
JAN_006858,CUST_02798,Keyboard,3,2902,2026-01-01,Credit Card,Hyderabad
JAN_006859,CUST_04375,Keyboard,2,13287,2026-01-22,UPI,Pune
JAN_006860,CUST_00786,Laptop,1,26284,2026-01-11,Cash on Delivery,Bangalore
JAN_006861,CUST_00093,Headphones,2,27946,2026-01-18,Credit Card,Hyderabad
JAN_006862,CUST_00977,Keyboard,5,34836,2026-01-02,Debit Card,Delhi
JAN_006863,CUST_00904,Monitor,3,43987,2026-01-03,Credit Card,Hyderabad
JAN_006864,CUST_04458,Smartphone,3,31964,2026-01-16,Credit Card,Bangalore
JAN_006865,CUST_00710,Monitor,5,5735,2026-01-26,UPI,Pune
JAN_006866,CUST_03493,Laptop,5,27740,2026-01-13,Credit Card,Delhi
JAN_006867,CUST_03114,Monitor,1,19186,2026-01-23,Cash on Delivery,Mumbai
JAN_006868,CUST_01157,Smartwatch,2,9607,2026-01-31,Debit Card,Chennai
JAN_006869,CUST_04958,Headphones,2,22278,2026-01-18,UPI,Pune
JAN_006870,CUST_04508,Headphones,4,42223,2026-01-26,UPI,Delhi
JAN_006871,CUST_00354,Smartwatch,2,4463,2026-01-11,UPI,Hyderabad
JAN_006872,CUST_00272,Smartphone,3,31661,2026-01-10,Cash on Delivery,Pune
JAN_006873,CUST_03234,Headphones,5,34505,2026-01-01,UPI,Mumbai
JAN_006874,CUST_03913,Monitor,2,27898,2026-01-19,Cash on Delivery,Chennai
JAN_006875,CUST_03066,Laptop,5,14252,2026-01-30,Cash on Delivery,Hyderabad
JAN_006876,CUST_03206,Headphones,1,19265,2026-01-03,UPI,Chennai
JAN_006877,CUST_01852,Tablet,2,3733,2026-01-31,Cash on Delivery,Mumbai
JAN_006878,CUST_02299,Keyboard,5,1372,2026-01-30,Credit Card,Hyderabad
JAN_006879,CUST_04938,Headphones,1,3611,2026-01-01,Debit Card,Pune
JAN_006880,CUST_03205,Headphones,4,2792,2026-01-22,Cash on Delivery,Mumbai
JAN_006881,CUST_01453,Mouse,4,18905,2026-01-21,Debit Card,Pune
JAN_006882,CUST_04288,Headphones,1,15341,2026-01-15,Credit Card,Chennai
JAN_006883,CUST_04366,Smartphone,3,11610,2026-01-08,Credit Card,Hyderabad
JAN_006884,CUST_01698,Headphones,2,37876,2026-01-26,Cash on Delivery,Pune
JAN_006885,CUST_01431,Monitor,3,2636,2026-01-22,UPI,Bangalore
JAN_006886,CUST_02039,Mouse,4,24305,2026-01-19,Debit Card,Delhi
JAN_006887,CUST_00699,Smartwatch,3,23858,2026-01-21,Debit Card,Chennai
JAN_006888,CUST_00427,Laptop,4,41433,2026-01-18,Credit Card,Pune
JAN_006889,CUST_03511,Keyboard,4,27141,2026-01-09,Credit Card,Chennai
JAN_006890,CUST_02871,Monitor,3,42688,2026-01-27,UPI,Bangalore
JAN_006891,CUST_02755,Keyboard,5,32498,2026-01-27,Debit Card,Mumbai
JAN_006892,CUST_04095,Tablet,1,40640,2026-01-01,UPI,Pune
JAN_006893,CUST_00947,Tablet,2,6425,2026-01-07,UPI,Delhi
JAN_006894,CUST_02971,Laptop,3,12844,2026-01-25,Credit Card,Delhi
JAN_006895,CUST_03071,Smartwatch,5,27759,2026-01-04,Debit Card,Mumbai
JAN_006896,CUST_00400,Smartphone,3,26788,2026-01-04,UPI,Mumbai
JAN_006897,CUST_01638,Keyboard,3,12362,2026-01-29,UPI,Chennai
JAN_006898,CUST_01427,Smartwatch,1,45195,2026-01-06,Credit Card,Mumbai
JAN_006899,CUST_02264,Headphones,4,26323,2026-01-13,Credit Card,Delhi
JAN_006900,CUST_03106,Smartphone,3,3639,2026-01-04,Credit Card,Delhi
JAN_006901,CUST_00064,Smartphone,4,5817,2026-01-04,Cash on Delivery,Mumbai
JAN_006902,CUST_04769,Mouse,3,30681,2026-01-20,Debit Card,Mumbai
JAN_006903,CUST_00903,Monitor,1,36512,2026-01-11,UPI,Hyderabad
JAN_006904,CUST_00096,Laptop,3,27270,2026-01-29,Cash on Delivery,Delhi
JAN_006905,CUST_02934,Headphones,4,15000,2026-01-21,Debit Card,Hyderabad
JAN_006906,CUST_00713,Tablet,4,15838,2026-01-12,Debit Card,Delhi
JAN_006907,CUST_00897,Keyboard,1,10035,2026-01-09,Credit Card,Hyderabad
JAN_006908,CUST_03084,Tablet,1,3760,2026-01-26,Cash on Delivery,Chennai
JAN_006909,CUST_03469,Laptop,2,19523,2026-01-11,Credit Card,Delhi
JAN_006910,CUST_03652,Tablet,4,19044,2026-01-12,UPI,Pune
JAN_006911,CUST_04752,Laptop,3,31055,2026-01-10,UPI,Chennai
JAN_006912,CUST_01570,Headphones,2,46950,2026-01-11,Cash on Delivery,Pune
JAN_006913,CUST_04041,Monitor,2,26005,2026-01-20,UPI,Bangalore
JAN_006914,CUST_03806,Smartphone,4,47955,2026-01-17,Credit Card,Mumbai
JAN_006915,CUST_00868,Monitor,1,6335,2026-01-16,UPI,Bangalore
JAN_006916,CUST_02156,Smartphone,2,19386,2026-01-06,Debit Card,Bangalore
JAN_006917,CUST_02502,Smartwatch,4,14410,2026-01-29,UPI,Pune
JAN_006918,CUST_01671,Tablet,1,48766,2026-01-30,Cash on Delivery,Pune
JAN_006919,CUST_00758,Laptop,4,26564,2026-01-09,Debit Card,Bangalore
JAN_006920,CUST_02601,Laptop,5,23261,2026-01-29,Cash on Delivery,Pune
JAN_006921,CUST_00041,Keyboard,3,687,2026-01-27,UPI,Pune
JAN_006922,CUST_00744,Tablet,4,6054,2026-01-26,Cash on Delivery,Mumbai
JAN_006923,CUST_00855,Keyboard,1,7628,2026-01-13,UPI,Pune
JAN_006924,CUST_03703,Keyboard,5,14726,2026-01-05,UPI,Pune
JAN_006925,CUST_04280,Smartphone,4,10838,2026-01-31,UPI,Delhi
JAN_006926,CUST_02605,Tablet,5,25148,2026-01-31,Debit Card,Chennai
JAN_006927,CUST_00101,Laptop,1,37538,2026-01-09,UPI,Pune
JAN_006928,CUST_02599,Mouse,2,26336,2026-01-25,UPI,Pune
JAN_006929,CUST_03586,Headphones,3,5123,2026-01-29,UPI,Chennai
JAN_006930,CUST_02296,Keyboard,3,45321,2026-01-28,Credit Card,Bangalore
JAN_006931,CUST_00572,Smartphone,3,31200,2026-01-31,Debit Card,Bangalore
JAN_006932,CUST_03243,Smartwatch,2,18206,2026-01-22,Credit Card,Delhi
JAN_006933,CUST_00512,Smartwatch,3,8476,2026-01-08,UPI,Mumbai
JAN_006934,CUST_04188,Mouse,4,3792,2026-01-14,Credit Card,Hyderabad
JAN_006935,CUST_04896,Monitor,1,41350,2026-01-26,Debit Card,Hyderabad
JAN_006936,CUST_01951,Mouse,4,25818,2026-01-05,Debit Card,Delhi
JAN_006937,CUST_04058,Mouse,4,17050,2026-01-03,Debit Card,Delhi
JAN_006938,CUST_01914,Smartphone,4,49487,2026-01-25,Debit Card,Hyderabad
JAN_006939,CUST_02577,Laptop,4,2410,2026-01-26,Debit Card,Pune
JAN_006940,CUST_02360,Smartphone,1,45487,2026-01-27,Credit Card,Chennai
JAN_006941,CUST_00854,Keyboard,3,42193,2026-01-30,Cash on Delivery,Pune
JAN_006942,CUST_01984,Smartphone,1,32729,2026-01-29,UPI,Pune
JAN_006943,CUST_04388,Smartwatch,5,45059,2026-01-16,Debit Card,Chennai
JAN_006944,CUST_03079,Laptop,1,36731,2026-01-24,Credit Card,Mumbai
JAN_006945,CUST_00873,Monitor,3,42059,2026-01-09,Debit Card,Chennai
JAN_006946,CUST_04083,Keyboard,2,17728,2026-01-10,Credit Card,Bangalore
JAN_006947,CUST_04987,Tablet,2,28512,2026-01-21,Cash on Delivery,Mumbai
JAN_006948,CUST_03495,Monitor,2,23977,2026-01-04,Credit Card,Mumbai
JAN_006949,CUST_03963,Monitor,1,16853,2026-01-22,UPI,Hyderabad
JAN_006950,CUST_03882,Laptop,1,49196,2026-01-07,UPI,Hyderabad
JAN_006951,CUST_03260,Tablet,3,42422,2026-01-11,UPI,Pune
JAN_006952,CUST_02937,Headphones,5,1592,2026-01-20,Debit Card,Pune
JAN_006953,CUST_02903,Laptop,5,23144,2026-01-26,Cash on Delivery,Hyderabad
JAN_006954,CUST_04114,Smartphone,5,17691,2026-01-05,Cash on Delivery,Pune
JAN_006955,CUST_03200,Smartwatch,5,3452,2026-01-05,Cash on Delivery,Delhi
JAN_006956,CUST_04968,Headphones,3,5243,2026-01-24,Cash on Delivery,Pune
JAN_006957,CUST_00741,Monitor,3,2509,2026-01-04,Cash on Delivery,Delhi
JAN_006958,CUST_03998,Laptop,5,35113,2026-01-24,UPI,Chennai
JAN_006959,CUST_01650,Smartphone,1,10036,2026-01-17,UPI,Chennai
JAN_006960,CUST_04773,Monitor,5,9345,2026-01-30,Credit Card,Delhi
JAN_006961,CUST_01978,Smartphone,2,21782,2026-01-07,Cash on Delivery,Chennai
JAN_006962,CUST_01123,Monitor,1,45428,2026-01-16,Credit Card,Hyderabad
JAN_006963,CUST_02819,Smartwatch,1,28027,2026-01-28,Credit Card,Pune
JAN_006964,CUST_00952,Mouse,1,12617,2026-01-15,Debit Card,Delhi
JAN_006965,CUST_04052,Keyboard,2,13408,2026-01-16,Debit Card,Pune
JAN_006966,CUST_01905,Tablet,3,11989,2026-01-16,UPI,Pune
JAN_006967,CUST_02536,Headphones,1,40124,2026-01-29,Debit Card,Delhi
JAN_006968,CUST_03599,Keyboard,4,17298,2026-01-02,UPI,Bangalore
JAN_006969,CUST_04164,Tablet,1,40675,2026-01-21,Debit Card,Delhi
JAN_006970,CUST_00413,Monitor,5,9109,2026-01-11,Debit Card,Delhi
JAN_006971,CUST_00018,Monitor,3,45360,2026-01-31,Cash on Delivery,Chennai
JAN_006972,CUST_04972,Keyboard,4,19558,2026-01-20,Credit Card,Chennai
JAN_006973,CUST_03772,Monitor,4,9962,2026-01-07,Credit Card,Hyderabad
JAN_006974,CUST_00816,Smartwatch,1,8566,2026-01-24,Credit Card,Mumbai
JAN_006975,CUST_02627,Smartphone,1,43434,2026-01-08,UPI,Delhi
JAN_006976,CUST_01700,Laptop,1,2125,2026-01-21,Cash on Delivery,Bangalore
JAN_006977,CUST_03056,Laptop,2,17248,2026-01-07,Cash on Delivery,Hyderabad
JAN_006978,CUST_04304,Mouse,1,11375,2026-01-09,Credit Card,Delhi
JAN_006979,CUST_01034,Headphones,2,11349,2026-01-27,UPI,Hyderabad
JAN_006980,CUST_02043,Monitor,4,4081,2026-01-16,Debit Card,Delhi
JAN_006981,CUST_00859,Keyboard,4,982,2026-01-19,Debit Card,Hyderabad
JAN_006982,CUST_03602,Keyboard,4,40699,2026-01-29,Credit Card,Mumbai
JAN_006983,CUST_00915,Smartwatch,5,12376,2026-01-08,Credit Card,Chennai
JAN_006984,CUST_00444,Laptop,5,39263,2026-01-21,Credit Card,Chennai
JAN_006985,CUST_03051,Smartphone,5,15396,2026-01-03,UPI,Chennai
JAN_006986,CUST_04452,Mouse,3,47016,2026-01-27,Credit Card,Hyderabad
JAN_006987,CUST_01617,Tablet,3,42799,2026-01-01,Cash on Delivery,Pune
JAN_006988,CUST_01895,Smartphone,1,14836,2026-01-26,Credit Card,Chennai
JAN_006989,CUST_02050,Mouse,4,11278,2026-01-02,Debit Card,Bangalore
JAN_006990,CUST_02528,Laptop,4,32199,2026-01-11,UPI,Mumbai
JAN_006991,CUST_01906,Monitor,3,42799,2026-01-11,Credit Card,Delhi
JAN_006992,CUST_02162,Smartphone,1,33700,2026-01-30,UPI,Pune
JAN_006993,CUST_01468,Keyboard,5,21303,2026-01-18,UPI,Delhi
JAN_006994,CUST_04383,Mouse,4,31738,2026-01-24,Credit Card,Bangalore
JAN_006995,CUST_03984,Monitor,2,30641,2026-01-17,UPI,Bangalore
JAN_006996,CUST_02415,Smartphone,3,15591,2026-01-14,Credit Card,Pune
JAN_006997,CUST_03656,Laptop,4,27133,2026-01-02,Cash on Delivery,Pune
JAN_006998,CUST_04043,Laptop,4,14169,2026-01-29,Credit Card,Mumbai
JAN_006999,CUST_04695,Smartphone,4,45876,2026-01-04,UPI,Mumbai
JAN_007000,CUST_04836,Monitor,3,48930,2026-01-31,Credit Card,Mumbai
JAN_007001,CUST_02007,Tablet,2,47805,2026-01-20,UPI,Delhi
JAN_007002,CUST_00468,Keyboard,4,32502,2026-01-09,UPI,Chennai
JAN_007003,CUST_01761,Tablet,5,41554,2026-01-01,Credit Card,Mumbai
JAN_007004,CUST_00799,Headphones,1,1154,2026-01-14,Debit Card,Bangalore
JAN_007005,CUST_01062,Laptop,4,9629,2026-01-17,UPI,Chennai
JAN_007006,CUST_02215,Tablet,3,8521,2026-01-06,Debit Card,Chennai
JAN_007007,CUST_02212,Tablet,2,9862,2026-01-18,Debit Card,Bangalore
JAN_007008,CUST_03479,Monitor,2,37918,2026-01-02,UPI,Bangalore
JAN_007009,CUST_01793,Smartwatch,4,41112,2026-01-23,UPI,Delhi
JAN_007010,CUST_03689,Headphones,1,40923,2026-01-01,Debit Card,Chennai
JAN_007011,CUST_04959,Laptop,2,20763,2026-01-18,Debit Card,Mumbai
JAN_007012,CUST_04401,Smartphone,5,39815,2026-01-30,Cash on Delivery,Hyderabad
JAN_007013,CUST_02155,Mouse,3,28736,2026-01-28,Debit Card,Pune
JAN_007014,CUST_04413,Smartphone,4,17471,2026-01-15,Debit Card,Delhi
JAN_007015,CUST_02578,Mouse,1,41870,2026-01-02,Debit Card,Mumbai
JAN_007016,CUST_03031,Monitor,4,31942,2026-01-29,Debit Card,Mumbai
JAN_007017,CUST_01428,Laptop,1,47998,2026-01-19,Cash on Delivery,Pune
JAN_007018,CUST_02589,Keyboard,1,1775,2026-01-16,UPI,Delhi
JAN_007019,CUST_02110,Smartphone,3,2380,2026-01-29,Debit Card,Pune
JAN_007020,CUST_04415,Laptop,4,41492,2026-01-21,Cash on Delivery,Mumbai
JAN_007021,CUST_00592,Mouse,3,28602,2026-01-19,Debit Card,Bangalore
JAN_007022,CUST_02109,Laptop,1,1088,2026-01-17,UPI,Bangalore
JAN_007023,CUST_00185,Mouse,4,16903,2026-01-02,Debit Card,Bangalore
JAN_007024,CUST_03785,Smartwatch,5,14031,2026-01-20,Debit Card,Pune
JAN_007025,CUST_04387,Tablet,3,11367,2026-01-31,Debit Card,Chennai
JAN_007026,CUST_02311,Headphones,3,26172,2026-01-01,Cash on Delivery,Delhi
JAN_007027,CUST_03634,Smartwatch,1,5649,2026-01-11,Credit Card,Hyderabad
JAN_007028,CUST_03855,Monitor,1,6044,2026-01-02,UPI,Delhi
JAN_007029,CUST_00875,Smartwatch,3,11792,2026-01-22,Debit Card,Mumbai
JAN_007030,CUST_00963,Monitor,5,21820,2026-01-18,UPI,Bangalore
JAN_007031,CUST_00892,Monitor,1,28982,2026-01-08,UPI,Chennai
JAN_007032,CUST_00583,Smartwatch,3,31724,2026-01-09,Cash on Delivery,Pune
JAN_007033,CUST_03173,Keyboard,1,41215,2026-01-22,UPI,Pune
JAN_007034,CUST_01874,Headphones,2,8171,2026-01-31,Cash on Delivery,Chennai
JAN_007035,CUST_00475,Headphones,3,20338,2026-01-16,Cash on Delivery,Mumbai
JAN_007036,CUST_04178,Mouse,3,18423,2026-01-14,Cash on Delivery,Hyderabad
JAN_007037,CUST_02318,Monitor,5,39976,2026-01-14,Credit Card,Bangalore
JAN_007038,CUST_02526,Smartphone,5,15137,2026-01-22,Credit Card,Hyderabad
JAN_007039,CUST_00552,Smartphone,2,29293,2026-01-29,Credit Card,Bangalore
JAN_007040,CUST_02286,Tablet,5,46746,2026-01-31,Credit Card,Hyderabad
JAN_007041,CUST_02660,Smartphone,3,19817,2026-01-15,Debit Card,Mumbai
JAN_007042,CUST_00041,Mouse,4,22466,2026-01-29,Debit Card,Chennai
JAN_007043,CUST_04752,Headphones,3,36923,2026-01-08,Cash on Delivery,Hyderabad
JAN_007044,CUST_03905,Keyboard,4,26237,2026-01-01,Cash on Delivery,Chennai
JAN_007045,CUST_02087,Tablet,2,29872,2026-01-26,UPI,Bangalore
JAN_007046,CUST_02247,Headphones,3,7508,2026-01-08,UPI,Hyderabad
JAN_007047,CUST_01005,Smartwatch,2,35473,2026-01-15,Cash on Delivery,Bangalore
JAN_007048,CUST_03566,Tablet,4,28059,2026-01-15,Cash on Delivery,Mumbai
JAN_007049,CUST_00669,Smartphone,5,12633,2026-01-23,Debit Card,Delhi
JAN_007050,CUST_02074,Headphones,3,38005,2026-01-13,Credit Card,Mumbai
JAN_007051,CUST_03566,Tablet,1,34996,2026-01-15,Debit Card,Chennai
JAN_007052,CUST_03666,Monitor,5,7853,2026-01-25,UPI,Pune
JAN_007053,CUST_03573,Keyboard,5,42937,2026-01-12,Cash on Delivery,Chennai
JAN_007054,CUST_02483,Mouse,4,31491,2026-01-02,Cash on Delivery,Mumbai
JAN_007055,CUST_00279,Monitor,4,30875,2026-01-09,UPI,Delhi
JAN_007056,CUST_00150,Smartphone,3,24351,2026-01-12,Debit Card,Bangalore
JAN_007057,CUST_02312,Laptop,5,45549,2026-01-20,Debit Card,Chennai
JAN_007058,CUST_02653,Headphones,3,25722,2026-01-26,Credit Card,Chennai
JAN_007059,CUST_02189,Mouse,3,22261,2026-01-09,Debit Card,Pune
JAN_007060,CUST_03879,Smartwatch,4,13996,2026-01-22,Credit Card,Bangalore
JAN_007061,CUST_02225,Headphones,1,46637,2026-01-23,Debit Card,Mumbai
JAN_007062,CUST_02798,Keyboard,1,45146,2026-01-19,Cash on Delivery,Delhi
JAN_007063,CUST_03852,Headphones,5,41161,2026-01-16,Credit Card,Chennai
JAN_007064,CUST_04685,Monitor,5,36658,2026-01-13,Cash on Delivery,Mumbai
JAN_007065,CUST_04550,Mouse,2,48393,2026-01-31,Cash on Delivery,Chennai
JAN_007066,CUST_01924,Smartwatch,4,40185,2026-01-01,UPI,Pune
JAN_007067,CUST_03807,Smartwatch,3,17514,2026-01-06,Credit Card,Pune
JAN_007068,CUST_04916,Mouse,2,45548,2026-01-29,Debit Card,Mumbai
JAN_007069,CUST_03949,Smartwatch,1,28534,2026-01-02,Debit Card,Delhi
JAN_007070,CUST_04062,Tablet,5,16980,2026-01-16,Credit Card,Bangalore
JAN_007071,CUST_00870,Smartwatch,3,37178,2026-01-16,UPI,Hyderabad
JAN_007072,CUST_03192,Keyboard,4,38338,2026-01-04,Debit Card,Mumbai
JAN_007073,CUST_03857,Headphones,3,40005,2026-01-28,Credit Card,Bangalore
JAN_007074,CUST_00812,Smartwatch,5,5046,2026-01-02,Debit Card,Chennai
JAN_007075,CUST_03903,Laptop,4,41152,2026-01-20,Credit Card,Delhi
JAN_007076,CUST_03918,Laptop,1,34533,2026-01-02,UPI,Delhi
JAN_007077,CUST_02523,Laptop,2,13864,2026-01-07,Cash on Delivery,Bangalore
JAN_007078,CUST_01457,Smartwatch,5,47130,2026-01-08,Credit Card,Bangalore
JAN_007079,CUST_02306,Smartphone,5,447,2026-01-20,UPI,Pune
JAN_007080,CUST_04729,Monitor,5,40384,2026-01-13,UPI,Mumbai
JAN_007081,CUST_01430,Mouse,4,17425,2026-01-21,UPI,Delhi
JAN_007082,CUST_00877,Headphones,5,30487,2026-01-03,UPI,Bangalore
JAN_007083,CUST_02927,Monitor,1,5581,2026-01-14,Credit Card,Mumbai
JAN_007084,CUST_01545,Keyboard,5,49309,2026-01-26,UPI,Bangalore
JAN_007085,CUST_03153,Smartwatch,4,42556,2026-01-20,Debit Card,Delhi
JAN_007086,CUST_04702,Mouse,2,36744,2026-01-07,Credit Card,Pune
JAN_007087,CUST_02927,Mouse,2,34927,2026-01-16,Debit Card,Chennai
JAN_007088,CUST_03884,Tablet,2,20286,2026-01-08,Debit Card,Mumbai
JAN_007089,CUST_01996,Laptop,2,29596,2026-01-24,Cash on Delivery,Delhi
JAN_007090,CUST_00650,Tablet,5,13592,2026-01-22,UPI,Chennai
JAN_007091,CUST_02931,Laptop,3,23301,2026-01-06,Credit Card,Delhi
JAN_007092,CUST_03634,Headphones,3,43102,2026-01-14,Debit Card,Pune
JAN_007093,CUST_04187,Keyboard,4,9609,2026-01-25,Cash on Delivery,Hyderabad
JAN_007094,CUST_03780,Tablet,5,15967,2026-01-23,Debit Card,Hyderabad
JAN_007095,CUST_01405,Smartwatch,4,11062,2026-01-03,Cash on Delivery,Chennai
JAN_007096,CUST_04079,Smartwatch,5,5669,2026-01-09,UPI,Bangalore
JAN_007097,CUST_03630,Smartwatch,2,39312,2026-01-01,Cash on Delivery,Hyderabad
JAN_007098,CUST_03121,Monitor,2,49309,2026-01-31,Debit Card,Mumbai
JAN_007099,CUST_02595,Tablet,2,5069,2026-01-24,UPI,Delhi
JAN_007100,CUST_02341,Laptop,3,5278,2026-01-01,UPI,Chennai
JAN_007101,CUST_00838,Smartphone,2,39203,2026-01-26,Debit Card,Delhi
JAN_007102,CUST_02036,Tablet,1,11998,2026-01-26,Cash on Delivery,Bangalore
JAN_007103,CUST_04335,Smartphone,3,40853,2026-01-15,Cash on Delivery,Delhi
JAN_007104,CUST_02930,Monitor,1,5373,2026-01-26,Credit Card,Bangalore
JAN_007105,CUST_00517,Smartphone,1,7658,2026-01-07,Debit Card,Hyderabad
JAN_007106,CUST_03026,Smartwatch,4,14961,2026-01-10,UPI,Delhi
JAN_007107,CUST_00472,Laptop,1,43721,2026-01-16,Cash on Delivery,Bangalore
JAN_007108,CUST_01562,Smartphone,4,23757,2026-01-19,Cash on Delivery,Mumbai
JAN_007109,CUST_04094,Keyboard,1,12316,2026-01-26,UPI,Pune
JAN_007110,CUST_03648,Keyboard,4,14164,2026-01-30,Credit Card,Hyderabad
JAN_007111,CUST_00363,Smartphone,1,6603,2026-01-16,Debit Card,Hyderabad
JAN_007112,CUST_03390,Headphones,1,36349,2026-01-06,Credit Card,Delhi
JAN_007113,CUST_02139,Laptop,1,27458,2026-01-31,UPI,Delhi
JAN_007114,CUST_03124,Monitor,3,45581,2026-01-17,Cash on Delivery,Chennai
JAN_007115,CUST_01402,Monitor,1,17950,2026-01-02,Credit Card,Bangalore
JAN_007116,CUST_00340,Mouse,4,5669,2026-01-18,UPI,Hyderabad
JAN_007117,CUST_00254,Laptop,3,22414,2026-01-23,UPI,Mumbai
JAN_007118,CUST_02588,Keyboard,1,46581,2026-01-29,UPI,Hyderabad
JAN_007119,CUST_02687,Smartwatch,1,10102,2026-01-31,Cash on Delivery,Chennai
JAN_007120,CUST_01561,Mouse,4,31967,2026-01-20,Cash on Delivery,Chennai
JAN_007121,CUST_02682,Mouse,5,21976,2026-01-02,Cash on Delivery,Delhi
JAN_007122,CUST_03869,Monitor,1,18115,2026-01-11,Credit Card,Delhi
JAN_007123,CUST_03283,Mouse,1,25548,2026-01-10,Debit Card,Pune
JAN_007124,CUST_04098,Smartwatch,1,47969,2026-01-24,Cash on Delivery,Bangalore
JAN_007125,CUST_02113,Smartphone,5,10643,2026-01-28,Cash on Delivery,Chennai
JAN_007126,CUST_00949,Mouse,5,36774,2026-01-04,UPI,Chennai
JAN_007127,CUST_03024,Laptop,1,37393,2026-01-02,Cash on Delivery,Pune
JAN_007128,CUST_02706,Monitor,4,2955,2026-01-26,Credit Card,Chennai
JAN_007129,CUST_04493,Smartwatch,3,3256,2026-01-16,Debit Card,Bangalore
JAN_007130,CUST_02374,Smartphone,3,18484,2026-01-24,Credit Card,Hyderabad
JAN_007131,CUST_02135,Headphones,4,32554,2026-01-30,UPI,Hyderabad
JAN_007132,CUST_00497,Monitor,1,4446,2026-01-18,Debit Card,Mumbai
JAN_007133,CUST_03591,Smartwatch,2,27116,2026-01-08,Debit Card,Hyderabad
JAN_007134,CUST_03640,Laptop,3,9570,2026-01-31,Debit Card,Mumbai
JAN_007135,CUST_04616,Smartphone,3,10021,2026-01-14,UPI,Chennai
JAN_007136,CUST_04416,Smartphone,4,43019,2026-01-13,UPI,Mumbai
JAN_007137,CUST_04382,Smartphone,3,14615,2026-01-14,Cash on Delivery,Bangalore
JAN_007138,CUST_03870,Headphones,2,39257,2026-01-19,Cash on Delivery,Chennai
JAN_007139,CUST_00859,Laptop,3,16687,2026-01-14,UPI,Chennai
JAN_007140,CUST_00685,Monitor,1,2119,2026-01-26,Cash on Delivery,Chennai
JAN_007141,CUST_00659,Tablet,3,49861,2026-01-01,UPI,Pune
JAN_007142,CUST_04399,Laptop,1,29611,2026-01-24,Cash on Delivery,Hyderabad
JAN_007143,CUST_01467,Mouse,3,23962,2026-01-09,Cash on Delivery,Chennai
JAN_007144,CUST_04338,Smartwatch,4,31802,2026-01-04,UPI,Chennai
JAN_007145,CUST_03999,Headphones,1,39791,2026-01-14,Credit Card,Delhi
JAN_007146,CUST_01906,Mouse,5,7888,2026-01-18,Debit Card,Delhi
JAN_007147,CUST_04849,Headphones,1,23948,2026-01-01,Credit Card,Chennai
JAN_007148,CUST_01448,Monitor,5,32003,2026-01-31,Credit Card,Delhi
JAN_007149,CUST_03800,Mouse,1,34532,2026-01-14,UPI,Delhi
JAN_007150,CUST_00369,Monitor,5,38472,2026-01-22,Debit Card,Bangalore
JAN_007151,CUST_03812,Smartwatch,5,48337,2026-01-23,UPI,Mumbai
JAN_007152,CUST_01354,Monitor,4,8657,2026-01-06,UPI,Hyderabad
JAN_007153,CUST_03400,Smartphone,1,36857,2026-01-07,UPI,Delhi
JAN_007154,CUST_04022,Laptop,1,26639,2026-01-12,Credit Card,Pune
JAN_007155,CUST_03263,Keyboard,4,4280,2026-01-02,Credit Card,Bangalore
JAN_007156,CUST_02762,Monitor,5,7121,2026-01-30,Debit Card,Mumbai
JAN_007157,CUST_03590,Smartwatch,1,28747,2026-01-13,Cash on Delivery,Delhi
JAN_007158,CUST_03325,Monitor,5,26189,2026-01-19,Credit Card,Chennai
JAN_007159,CUST_00446,Headphones,3,16156,2026-01-28,Cash on Delivery,Hyderabad
JAN_007160,CUST_01541,Headphones,1,40755,2026-01-16,Credit Card,Delhi
JAN_007161,CUST_02261,Monitor,1,36217,2026-01-11,UPI,Chennai
JAN_007162,CUST_02198,Laptop,5,28982,2026-01-20,Cash on Delivery,Delhi
JAN_007163,CUST_04579,Tablet,1,35315,2026-01-27,Credit Card,Pune
JAN_007164,CUST_02356,Smartphone,1,3535,2026-01-29,UPI,Chennai
JAN_007165,CUST_02643,Mouse,5,19021,2026-01-13,Credit Card,Pune
JAN_007166,CUST_04617,Keyboard,1,49775,2026-01-25,UPI,Bangalore
JAN_007167,CUST_00508,Keyboard,3,42805,2026-01-14,Cash on Delivery,Mumbai
JAN_007168,CUST_04372,Tablet,1,25353,2026-01-23,Debit Card,Hyderabad
JAN_007169,CUST_02007,Tablet,3,41082,2026-01-28,UPI,Bangalore
JAN_007170,CUST_03830,Laptop,3,49193,2026-01-10,Credit Card,Mumbai
JAN_007171,CUST_03850,Laptop,2,32219,2026-01-09,UPI,Delhi
JAN_007172,CUST_03732,Smartwatch,3,24338,2026-01-28,UPI,Delhi
JAN_007173,CUST_00392,Monitor,1,7950,2026-01-01,Debit Card,Chennai
JAN_007174,CUST_02448,Tablet,2,35728,2026-01-11,UPI,Hyderabad
JAN_007175,CUST_01475,Tablet,3,1796,2026-01-10,Cash on Delivery,Delhi
JAN_007176,CUST_01349,Monitor,1,29325,2026-01-17,Credit Card,Bangalore
JAN_007177,CUST_01833,Headphones,1,24477,2026-01-11,Credit Card,Hyderabad
JAN_007178,CUST_00598,Monitor,3,3875,2026-01-12,UPI,Delhi
JAN_007179,CUST_01287,Mouse,4,5483,2026-01-11,UPI,Chennai
JAN_007180,CUST_04180,Tablet,3,1082,2026-01-18,Debit Card,Mumbai
JAN_007181,CUST_00987,Mouse,1,33812,2026-01-07,UPI,Bangalore
JAN_007182,CUST_00759,Mouse,1,8534,2026-01-24,UPI,Pune
JAN_007183,CUST_00027,Tablet,3,41615,2026-01-30,UPI,Bangalore
JAN_007184,CUST_03062,Smartphone,3,28237,2026-01-24,Credit Card,Delhi
JAN_007185,CUST_01262,Tablet,4,46085,2026-01-26,Credit Card,Chennai
JAN_007186,CUST_04684,Mouse,4,15019,2026-01-18,Cash on Delivery,Hyderabad
JAN_007187,CUST_00345,Headphones,3,11876,2026-01-07,Credit Card,Hyderabad
JAN_007188,CUST_03076,Laptop,3,27251,2026-01-02,Credit Card,Chennai
JAN_007189,CUST_00372,Tablet,1,9945,2026-01-26,Debit Card,Mumbai
JAN_007190,CUST_03910,Keyboard,5,19669,2026-01-07,UPI,Delhi
JAN_007191,CUST_02564,Smartphone,5,14737,2026-01-21,Cash on Delivery,Chennai
JAN_007192,CUST_02353,Keyboard,4,19695,2026-01-19,Credit Card,Chennai
JAN_007193,CUST_01598,Smartphone,3,48646,2026-01-12,Debit Card,Pune
JAN_007194,CUST_02294,Monitor,4,36370,2026-01-20,UPI,Bangalore
JAN_007195,CUST_04449,Monitor,1,19437,2026-01-02,Cash on Delivery,Pune
JAN_007196,CUST_00884,Tablet,5,36283,2026-01-08,Cash on Delivery,Chennai
JAN_007197,CUST_01870,Keyboard,1,8636,2026-01-25,Credit Card,Mumbai
JAN_007198,CUST_01276,Keyboard,2,14750,2026-01-09,Credit Card,Mumbai
JAN_007199,CUST_04670,Smartwatch,1,9714,2026-01-22,Debit Card,Mumbai
JAN_007200,CUST_01258,Tablet,1,17141,2026-01-20,UPI,Mumbai
JAN_007201,CUST_02543,Keyboard,5,28742,2026-01-25,Cash on Delivery,Chennai
JAN_007202,CUST_02484,Tablet,1,32944,2026-01-17,Credit Card,Chennai
JAN_007203,CUST_01313,Tablet,3,31436,2026-01-02,Cash on Delivery,Chennai
JAN_007204,CUST_03386,Laptop,3,13645,2026-01-07,Cash on Delivery,Delhi
JAN_007205,CUST_00475,Headphones,2,12645,2026-01-17,UPI,Hyderabad
JAN_007206,CUST_00243,Smartphone,5,38262,2026-01-15,Credit Card,Bangalore
JAN_007207,CUST_04096,Laptop,4,23919,2026-01-15,UPI,Hyderabad
JAN_007208,CUST_03246,Headphones,1,408,2026-01-23,Cash on Delivery,Delhi
JAN_007209,CUST_03772,Headphones,5,42727,2026-01-13,UPI,Chennai
JAN_007210,CUST_04703,Smartwatch,1,1102,2026-01-18,Cash on Delivery,Chennai
JAN_007211,CUST_04131,Smartphone,2,32073,2026-01-28,UPI,Bangalore
JAN_007212,CUST_01339,Monitor,2,35871,2026-01-24,Debit Card,Chennai
JAN_007213,CUST_04126,Laptop,4,35978,2026-01-11,UPI,Pune
JAN_007214,CUST_04889,Headphones,2,41572,2026-01-15,Debit Card,Mumbai
JAN_007215,CUST_04995,Tablet,5,29223,2026-01-22,UPI,Delhi
JAN_007216,CUST_00339,Laptop,5,14102,2026-01-04,Debit Card,Hyderabad
JAN_007217,CUST_00036,Monitor,3,17069,2026-01-24,Cash on Delivery,Hyderabad
JAN_007218,CUST_00365,Mouse,5,16366,2026-01-19,Credit Card,Bangalore
JAN_007219,CUST_02608,Smartwatch,4,48449,2026-01-14,Credit Card,Chennai
JAN_007220,CUST_01498,Smartphone,2,4803,2026-01-02,UPI,Chennai
JAN_007221,CUST_03462,Smartwatch,3,3877,2026-01-23,Debit Card,Pune
JAN_007222,CUST_04735,Tablet,3,14786,2026-01-20,UPI,Hyderabad
JAN_007223,CUST_04553,Laptop,2,29372,2026-01-16,Credit Card,Pune
JAN_007224,CUST_02740,Keyboard,4,7206,2026-01-25,Credit Card,Chennai
JAN_007225,CUST_04309,Tablet,1,19030,2026-01-24,UPI,Bangalore
JAN_007226,CUST_02622,Tablet,5,41920,2026-01-26,UPI,Delhi
JAN_007227,CUST_03602,Keyboard,1,18792,2026-01-21,Credit Card,Mumbai
JAN_007228,CUST_03916,Monitor,4,9212,2026-01-27,Debit Card,Chennai
JAN_007229,CUST_04934,Mouse,3,16338,2026-01-20,Credit Card,Mumbai
JAN_007230,CUST_04462,Headphones,4,15013,2026-01-16,UPI,Bangalore
JAN_007231,CUST_03913,Smartwatch,4,9038,2026-01-21,UPI,Hyderabad
JAN_007232,CUST_00115,Tablet,5,18172,2026-01-10,Cash on Delivery,Bangalore
JAN_007233,CUST_00112,Smartphone,3,29181,2026-01-29,Cash on Delivery,Bangalore
JAN_007234,CUST_03164,Headphones,1,39514,2026-01-14,Cash on Delivery,Hyderabad
JAN_007235,CUST_02594,Smartwatch,3,41561,2026-01-22,Credit Card,Bangalore
JAN_007236,CUST_02815,Mouse,2,17440,2026-01-29,Debit Card,Hyderabad
JAN_007237,CUST_03457,Smartwatch,4,11637,2026-01-26,Credit Card,Hyderabad
JAN_007238,CUST_00450,Tablet,2,9065,2026-01-20,Cash on Delivery,Chennai
JAN_007239,CUST_02223,Laptop,4,43860,2026-01-20,UPI,Mumbai
JAN_007240,CUST_02129,Smartphone,2,34066,2026-01-11,Credit Card,Chennai
JAN_007241,CUST_01912,Smartwatch,5,34646,2026-01-23,Credit Card,Delhi
JAN_007242,CUST_01106,Keyboard,5,43873,2026-01-20,Cash on Delivery,Delhi
JAN_007243,CUST_02934,Mouse,4,42744,2026-01-05,Cash on Delivery,Delhi
JAN_007244,CUST_03378,Smartwatch,1,4158,2026-01-19,Credit Card,Bangalore
JAN_007245,CUST_03056,Tablet,3,42236,2026-01-13,UPI,Hyderabad
JAN_007246,CUST_02558,Keyboard,4,42917,2026-01-30,UPI,Pune
JAN_007247,CUST_04749,Headphones,4,9745,2026-01-10,Cash on Delivery,Delhi
JAN_007248,CUST_02996,Laptop,4,2261,2026-01-21,UPI,Pune
JAN_007249,CUST_01218,Smartwatch,4,18901,2026-01-03,Cash on Delivery,Pune
JAN_007250,CUST_00298,Smartwatch,1,18860,2026-01-27,UPI,Hyderabad
JAN_007251,CUST_00685,Laptop,1,39344,2026-01-30,UPI,Chennai
JAN_007252,CUST_02914,Monitor,3,22470,2026-01-13,Debit Card,Pune
JAN_007253,CUST_00318,Laptop,1,31301,2026-01-08,Debit Card,Chennai
JAN_007254,CUST_04022,Mouse,2,478,2026-01-05,Debit Card,Delhi
JAN_007255,CUST_01070,Monitor,5,37595,2026-01-27,Cash on Delivery,Pune
JAN_007256,CUST_01618,Laptop,4,13195,2026-01-30,Credit Card,Mumbai
JAN_007257,CUST_03251,Monitor,4,37526,2026-01-14,UPI,Mumbai
JAN_007258,CUST_03666,Laptop,5,44682,2026-01-24,Cash on Delivery,Mumbai
JAN_007259,CUST_00967,Tablet,1,14185,2026-01-28,Debit Card,Mumbai
JAN_007260,CUST_01203,Monitor,1,1671,2026-01-21,Cash on Delivery,Bangalore
JAN_007261,CUST_01210,Tablet,4,17058,2026-01-06,Credit Card,Bangalore
JAN_007262,CUST_04713,Mouse,4,22379,2026-01-27,Credit Card,Chennai
JAN_007263,CUST_02918,Laptop,3,12813,2026-01-22,Debit Card,Chennai
JAN_007264,CUST_04017,Mouse,1,5553,2026-01-29,Cash on Delivery,Mumbai
JAN_007265,CUST_04165,Monitor,5,23292,2026-01-06,Credit Card,Pune
JAN_007266,CUST_04501,Tablet,3,23737,2026-01-27,Cash on Delivery,Bangalore
JAN_007267,CUST_01535,Laptop,3,47624,2026-01-19,UPI,Pune
JAN_007268,CUST_02648,Headphones,5,48549,2026-01-12,Credit Card,Delhi
JAN_007269,CUST_00811,Smartwatch,3,47945,2026-01-02,Credit Card,Mumbai
JAN_007270,CUST_02017,Headphones,5,32640,2026-01-30,Cash on Delivery,Pune
JAN_007271,CUST_02416,Mouse,2,15135,2026-01-09,Credit Card,Hyderabad
JAN_007272,CUST_02533,Monitor,4,34626,2026-01-23,Cash on Delivery,Chennai
JAN_007273,CUST_02314,Laptop,3,31162,2026-01-23,Cash on Delivery,Delhi
JAN_007274,CUST_03223,Mouse,5,31711,2026-01-09,Credit Card,Pune
JAN_007275,CUST_04178,Keyboard,3,6935,2026-01-26,UPI,Chennai
JAN_007276,CUST_00611,Laptop,1,39288,2026-01-15,Cash on Delivery,Hyderabad
JAN_007277,CUST_02389,Headphones,5,33483,2026-01-10,Credit Card,Hyderabad
JAN_007278,CUST_02029,Smartphone,4,41884,2026-01-19,Debit Card,Delhi
JAN_007279,CUST_01055,Headphones,4,23497,2026-01-04,Debit Card,Hyderabad
JAN_007280,CUST_00413,Headphones,3,33998,2026-01-16,UPI,Mumbai
JAN_007281,CUST_02980,Tablet,5,37750,2026-01-11,UPI,Bangalore
JAN_007282,CUST_04332,Mouse,2,17534,2026-01-25,Debit Card,Chennai
JAN_007283,CUST_00959,Headphones,2,18997,2026-01-12,Credit Card,Bangalore
JAN_007284,CUST_00458,Tablet,1,33892,2026-01-09,UPI,Chennai
JAN_007285,CUST_01774,Smartphone,2,38926,2026-01-28,Debit Card,Hyderabad
JAN_007286,CUST_02396,Keyboard,3,29678,2026-01-21,Debit Card,Bangalore
JAN_007287,CUST_00169,Tablet,2,45483,2026-01-20,UPI,Delhi
JAN_007288,CUST_01340,Smartphone,1,4877,2026-01-17,Credit Card,Chennai
JAN_007289,CUST_01247,Smartphone,5,5359,2026-01-10,Debit Card,Bangalore
JAN_007290,CUST_04062,Keyboard,4,41857,2026-01-09,Cash on Delivery,Mumbai
JAN_007291,CUST_00478,Monitor,1,29294,2026-01-16,UPI,Hyderabad
JAN_007292,CUST_00164,Smartwatch,2,25420,2026-01-12,Credit Card,Delhi
JAN_007293,CUST_03316,Headphones,3,46979,2026-01-15,Credit Card,Delhi
JAN_007294,CUST_02742,Tablet,2,417,2026-01-14,Cash on Delivery,Hyderabad
JAN_007295,CUST_00431,Mouse,4,2827,2026-01-17,Cash on Delivery,Hyderabad
JAN_007296,CUST_01980,Tablet,5,34089,2026-01-20,Cash on Delivery,Chennai
JAN_007297,CUST_02694,Headphones,2,40853,2026-01-22,Cash on Delivery,Delhi
JAN_007298,CUST_04635,Smartphone,5,19896,2026-01-13,Debit Card,Bangalore
JAN_007299,CUST_00882,Keyboard,5,23945,2026-01-09,Cash on Delivery,Pune
JAN_007300,CUST_04659,Headphones,5,11051,2026-01-29,Cash on Delivery,Delhi
JAN_007301,CUST_04954,Laptop,1,27686,2026-01-24,Debit Card,Mumbai
JAN_007302,CUST_04943,Monitor,2,31766,2026-01-11,Debit Card,Chennai
JAN_007303,CUST_04452,Tablet,1,23866,2026-01-28,Debit Card,Pune
JAN_007304,CUST_01582,Keyboard,1,42641,2026-01-08,Cash on Delivery,Hyderabad
JAN_007305,CUST_01866,Smartphone,2,42218,2026-01-31,Debit Card,Chennai
JAN_007306,CUST_03137,Smartphone,5,27923,2026-01-11,UPI,Chennai
JAN_007307,CUST_02956,Laptop,2,7576,2026-01-13,UPI,Mumbai
JAN_007308,CUST_00356,Headphones,4,34825,2026-01-26,Cash on Delivery,Bangalore
JAN_007309,CUST_04613,Monitor,5,44130,2026-01-22,Cash on Delivery,Mumbai
JAN_007310,CUST_00041,Monitor,1,41913,2026-01-25,Credit Card,Bangalore
JAN_007311,CUST_04201,Laptop,4,12866,2026-01-08,UPI,Hyderabad
JAN_007312,CUST_00023,Monitor,2,32702,2026-01-23,Cash on Delivery,Hyderabad
JAN_007313,CUST_01398,Tablet,5,45004,2026-01-07,Credit Card,Pune
JAN_007314,CUST_04080,Mouse,4,12475,2026-01-28,Credit Card,Chennai
JAN_007315,CUST_04224,Tablet,3,12942,2026-01-30,UPI,Mumbai
JAN_007316,CUST_02851,Headphones,3,49984,2026-01-24,Credit Card,Hyderabad
JAN_007317,CUST_01098,Laptop,4,21510,2026-01-16,Cash on Delivery,Hyderabad
JAN_007318,CUST_00795,Mouse,3,16655,2026-01-07,Debit Card,Mumbai
JAN_007319,CUST_04625,Smartwatch,3,20881,2026-01-19,Cash on Delivery,Delhi
JAN_007320,CUST_02153,Keyboard,5,18415,2026-01-21,UPI,Hyderabad
JAN_007321,CUST_01156,Tablet,4,43770,2026-01-31,UPI,Bangalore
JAN_007322,CUST_01873,Smartwatch,5,21919,2026-01-15,UPI,Pune
JAN_007323,CUST_00482,Monitor,1,35696,2026-01-15,Credit Card,Bangalore
JAN_007324,CUST_00972,Laptop,2,6075,2026-01-03,Cash on Delivery,Chennai
JAN_007325,CUST_00156,Tablet,3,38148,2026-01-05,UPI,Bangalore
JAN_007326,CUST_03058,Smartwatch,4,5257,2026-01-09,Cash on Delivery,Chennai
JAN_007327,CUST_03762,Smartwatch,1,6245,2026-01-24,Debit Card,Mumbai
JAN_007328,CUST_02215,Keyboard,3,296,2026-01-23,UPI,Mumbai
JAN_007329,CUST_03213,Monitor,3,29927,2026-01-06,Cash on Delivery,Pune
JAN_007330,CUST_03781,Monitor,4,42300,2026-01-10,Cash on Delivery,Bangalore
JAN_007331,CUST_03752,Keyboard,2,38731,2026-01-24,Cash on Delivery,Chennai
JAN_007332,CUST_00685,Laptop,3,377,2026-01-10,Cash on Delivery,Hyderabad
JAN_007333,CUST_00173,Headphones,2,16168,2026-01-11,UPI,Hyderabad
JAN_007334,CUST_02433,Smartwatch,2,7886,2026-01-26,Debit Card,Pune
JAN_007335,CUST_00192,Smartwatch,1,24789,2026-01-16,Debit Card,Delhi
JAN_007336,CUST_03792,Keyboard,1,21301,2026-01-28,Credit Card,Bangalore
JAN_007337,CUST_04450,Laptop,4,46687,2026-01-06,UPI,Pune
JAN_007338,CUST_03424,Headphones,5,13464,2026-01-29,UPI,Hyderabad
JAN_007339,CUST_03096,Smartphone,3,3880,2026-01-26,Cash on Delivery,Mumbai
JAN_007340,CUST_00414,Smartwatch,4,8179,2026-01-28,Cash on Delivery,Hyderabad
JAN_007341,CUST_01805,Smartwatch,4,3980,2026-01-02,Debit Card,Hyderabad
JAN_007342,CUST_02206,Smartphone,1,30354,2026-01-02,Cash on Delivery,Chennai
JAN_007343,CUST_03529,Keyboard,1,39156,2026-01-20,Debit Card,Chennai
JAN_007344,CUST_00265,Smartwatch,1,36212,2026-01-15,Cash on Delivery,Bangalore
JAN_007345,CUST_03443,Smartphone,2,10002,2026-01-20,Credit Card,Mumbai
JAN_007346,CUST_04015,Mouse,4,29843,2026-01-17,Credit Card,Bangalore
JAN_007347,CUST_01776,Tablet,3,40945,2026-01-25,Cash on Delivery,Hyderabad
JAN_007348,CUST_03209,Smartwatch,2,29494,2026-01-24,Debit Card,Hyderabad
JAN_007349,CUST_01920,Laptop,1,37547,2026-01-06,Cash on Delivery,Mumbai
JAN_007350,CUST_02658,Mouse,4,22020,2026-01-29,Debit Card,Mumbai
JAN_007351,CUST_01593,Keyboard,4,29843,2026-01-04,Credit Card,Pune
JAN_007352,CUST_00720,Smartphone,3,25225,2026-01-22,Cash on Delivery,Pune
JAN_007353,CUST_00542,Mouse,1,35307,2026-01-17,Credit Card,Hyderabad
JAN_007354,CUST_02407,Smartwatch,3,40119,2026-01-06,UPI,Pune
JAN_007355,CUST_03682,Smartphone,4,21568,2026-01-08,UPI,Hyderabad
JAN_007356,CUST_01374,Keyboard,1,24690,2026-01-09,Cash on Delivery,Pune
JAN_007357,CUST_03844,Smartphone,2,7943,2026-01-08,UPI,Bangalore
JAN_007358,CUST_04200,Smartphone,2,25182,2026-01-04,UPI,Mumbai
JAN_007359,CUST_03606,Laptop,3,28525,2026-01-09,Debit Card,Bangalore
JAN_007360,CUST_02145,Laptop,3,44918,2026-01-20,UPI,Bangalore
JAN_007361,CUST_04955,Keyboard,5,16909,2026-01-04,Credit Card,Chennai
JAN_007362,CUST_04626,Smartphone,1,40979,2026-01-18,Credit Card,Chennai
JAN_007363,CUST_04382,Laptop,1,41070,2026-01-26,Cash on Delivery,Pune
JAN_007364,CUST_03464,Smartphone,3,20404,2026-01-02,UPI,Chennai
JAN_007365,CUST_03496,Smartwatch,1,6938,2026-01-29,Cash on Delivery,Chennai
JAN_007366,CUST_01247,Mouse,2,328,2026-01-22,Cash on Delivery,Chennai
JAN_007367,CUST_04564,Laptop,3,48721,2026-01-02,Debit Card,Hyderabad
JAN_007368,CUST_02295,Laptop,3,41033,2026-01-05,Cash on Delivery,Chennai
JAN_007369,CUST_04829,Monitor,4,11776,2026-01-23,Debit Card,Mumbai
JAN_007370,CUST_01889,Laptop,2,5673,2026-01-02,Debit Card,Mumbai
JAN_007371,CUST_04260,Smartwatch,1,29515,2026-01-24,Debit Card,Hyderabad
JAN_007372,CUST_04988,Smartwatch,2,10183,2026-01-18,Debit Card,Hyderabad
JAN_007373,CUST_03836,Smartwatch,3,42488,2026-01-10,UPI,Hyderabad
JAN_007374,CUST_04832,Monitor,5,14085,2026-01-09,Credit Card,Bangalore
JAN_007375,CUST_04908,Laptop,1,856,2026-01-03,Credit Card,Chennai
JAN_007376,CUST_01739,Mouse,5,8974,2026-01-08,Credit Card,Chennai
JAN_007377,CUST_03984,Tablet,1,35032,2026-01-30,Debit Card,Hyderabad
JAN_007378,CUST_01356,Smartwatch,5,11492,2026-01-10,Credit Card,Hyderabad
JAN_007379,CUST_02953,Monitor,3,13209,2026-01-22,Debit Card,Bangalore
JAN_007380,CUST_01490,Smartphone,2,34448,2026-01-18,UPI,Mumbai
JAN_007381,CUST_02567,Monitor,4,26768,2026-01-04,Debit Card,Mumbai
JAN_007382,CUST_03037,Smartphone,2,41000,2026-01-22,Debit Card,Bangalore
JAN_007383,CUST_02036,Headphones,2,31038,2026-01-26,Debit Card,Mumbai
JAN_007384,CUST_01768,Tablet,2,7894,2026-01-17,Cash on Delivery,Bangalore
JAN_007385,CUST_01367,Monitor,2,44858,2026-01-29,Credit Card,Delhi
JAN_007386,CUST_01923,Mouse,2,6491,2026-01-09,Credit Card,Hyderabad
JAN_007387,CUST_03954,Smartwatch,3,28850,2026-01-12,Credit Card,Hyderabad
JAN_007388,CUST_04021,Keyboard,2,24696,2026-01-01,UPI,Mumbai
JAN_007389,CUST_02122,Monitor,3,47414,2026-01-14,UPI,Bangalore
JAN_007390,CUST_04248,Headphones,5,19376,2026-01-26,UPI,Chennai
JAN_007391,CUST_04433,Headphones,5,25040,2026-01-28,Credit Card,Bangalore
JAN_007392,CUST_02846,Tablet,2,37984,2026-01-24,Credit Card,Pune
JAN_007393,CUST_03702,Laptop,4,49527,2026-01-24,Credit Card,Pune
JAN_007394,CUST_02959,Tablet,2,25138,2026-01-21,UPI,Hyderabad
JAN_007395,CUST_03009,Monitor,5,8914,2026-01-02,Credit Card,Chennai
JAN_007396,CUST_01662,Smartphone,4,30358,2026-01-05,Debit Card,Mumbai
JAN_007397,CUST_00692,Monitor,2,9091,2026-01-03,Cash on Delivery,Pune
JAN_007398,CUST_01762,Mouse,1,18916,2026-01-01,Cash on Delivery,Chennai
JAN_007399,CUST_02765,Smartwatch,5,33579,2026-01-30,Cash on Delivery,Delhi
JAN_007400,CUST_03995,Smartphone,2,29008,2026-01-24,Cash on Delivery,Mumbai
JAN_007401,CUST_00255,Monitor,2,33353,2026-01-17,Credit Card,Hyderabad
JAN_007402,CUST_04779,Smartphone,2,46367,2026-01-30,Credit Card,Pune
JAN_007403,CUST_01827,Smartwatch,3,29881,2026-01-26,Debit Card,Delhi
JAN_007404,CUST_03988,Smartwatch,3,19084,2026-01-25,Debit Card,Mumbai
JAN_007405,CUST_02685,Smartwatch,2,11277,2026-01-06,Credit Card,Mumbai
JAN_007406,CUST_01684,Mouse,4,17002,2026-01-18,Debit Card,Delhi
JAN_007407,CUST_04635,Smartwatch,1,13942,2026-01-19,UPI,Chennai
JAN_007408,CUST_04580,Smartwatch,1,47968,2026-01-03,Cash on Delivery,Hyderabad
JAN_007409,CUST_01659,Mouse,3,5065,2026-01-19,UPI,Chennai
JAN_007410,CUST_04336,Keyboard,5,47414,2026-01-22,Credit Card,Hyderabad
JAN_007411,CUST_00579,Smartwatch,2,38356,2026-01-05,Cash on Delivery,Mumbai
JAN_007412,CUST_01520,Tablet,5,24661,2026-01-10,Cash on Delivery,Mumbai
JAN_007413,CUST_00469,Keyboard,4,42859,2026-01-25,Credit Card,Pune
JAN_007414,CUST_02952,Smartwatch,5,22027,2026-01-01,Cash on Delivery,Delhi
JAN_007415,CUST_00284,Smartwatch,5,19866,2026-01-11,UPI,Delhi
JAN_007416,CUST_02615,Headphones,5,34848,2026-01-07,UPI,Pune
JAN_007417,CUST_04493,Smartwatch,1,34625,2026-01-31,UPI,Mumbai
JAN_007418,CUST_00030,Tablet,1,18703,2026-01-29,Credit Card,Delhi
JAN_007419,CUST_03279,Laptop,2,27331,2026-01-23,UPI,Hyderabad
JAN_007420,CUST_02734,Mouse,3,18025,2026-01-21,Credit Card,Chennai
JAN_007421,CUST_00926,Keyboard,2,28480,2026-01-05,Cash on Delivery,Chennai
JAN_007422,CUST_03414,Keyboard,5,14857,2026-01-28,UPI,Pune
JAN_007423,CUST_00622,Laptop,3,15465,2026-01-19,Debit Card,Pune
JAN_007424,CUST_00383,Tablet,5,32195,2026-01-08,Debit Card,Chennai
JAN_007425,CUST_02142,Headphones,1,36593,2026-01-17,UPI,Hyderabad
JAN_007426,CUST_00270,Smartphone,5,49147,2026-01-25,Cash on Delivery,Bangalore
JAN_007427,CUST_01361,Smartphone,2,7067,2026-01-15,UPI,Delhi
JAN_007428,CUST_03166,Monitor,5,45534,2026-01-31,Cash on Delivery,Bangalore
JAN_007429,CUST_00061,Keyboard,1,8794,2026-01-13,Credit Card,Mumbai
JAN_007430,CUST_00592,Tablet,5,7626,2026-01-05,Cash on Delivery,Mumbai
JAN_007431,CUST_01456,Keyboard,2,32570,2026-01-10,Debit Card,Hyderabad
JAN_007432,CUST_04518,Smartphone,1,35134,2026-01-18,Debit Card,Hyderabad
JAN_007433,CUST_01367,Laptop,4,14529,2026-01-26,UPI,Bangalore
JAN_007434,CUST_03122,Monitor,2,29922,2026-01-04,Credit Card,Chennai
JAN_007435,CUST_04533,Smartphone,1,37869,2026-01-03,Debit Card,Delhi
JAN_007436,CUST_00349,Laptop,1,30325,2026-01-04,Credit Card,Bangalore
JAN_007437,CUST_01848,Smartwatch,2,10430,2026-01-03,Credit Card,Hyderabad
JAN_007438,CUST_00148,Smartphone,2,43617,2026-01-21,Cash on Delivery,Mumbai
JAN_007439,CUST_00245,Smartphone,5,20629,2026-01-06,UPI,Mumbai
JAN_007440,CUST_02272,Smartwatch,5,25596,2026-01-28,UPI,Pune
JAN_007441,CUST_03302,Laptop,4,32662,2026-01-08,Credit Card,Chennai
JAN_007442,CUST_00298,Mouse,3,3382,2026-01-06,UPI,Chennai
JAN_007443,CUST_01677,Monitor,2,15992,2026-01-24,Credit Card,Bangalore
JAN_007444,CUST_00918,Smartwatch,2,27804,2026-01-01,Credit Card,Bangalore
JAN_007445,CUST_00293,Mouse,5,18032,2026-01-03,Cash on Delivery,Mumbai
JAN_007446,CUST_02001,Laptop,3,43816,2026-01-16,UPI,Pune
JAN_007447,CUST_02769,Smartphone,2,14705,2026-01-31,Credit Card,Mumbai
JAN_007448,CUST_03243,Tablet,2,3811,2026-01-19,Credit Card,Bangalore
JAN_007449,CUST_03914,Mouse,1,41993,2026-01-01,Credit Card,Bangalore
JAN_007450,CUST_03438,Smartwatch,3,15853,2026-01-19,Credit Card,Hyderabad
JAN_007451,CUST_01822,Smartwatch,2,43515,2026-01-02,Debit Card,Chennai
JAN_007452,CUST_01644,Keyboard,5,6830,2026-01-09,Debit Card,Hyderabad
JAN_007453,CUST_00096,Laptop,5,19758,2026-01-01,UPI,Chennai
JAN_007454,CUST_03090,Tablet,3,3070,2026-01-05,UPI,Pune
JAN_007455,CUST_03527,Keyboard,1,17762,2026-01-10,Cash on Delivery,Bangalore
JAN_007456,CUST_00146,Keyboard,5,16955,2026-01-01,Debit Card,Bangalore
JAN_007457,CUST_02380,Smartwatch,3,42328,2026-01-17,Credit Card,Mumbai
JAN_007458,CUST_04113,Smartphone,5,1593,2026-01-04,Credit Card,Delhi
JAN_007459,CUST_00018,Smartphone,4,23010,2026-01-06,UPI,Hyderabad
JAN_007460,CUST_04486,Laptop,4,48967,2026-01-17,UPI,Hyderabad
JAN_007461,CUST_03987,Monitor,1,30113,2026-01-04,Debit Card,Mumbai
JAN_007462,CUST_04739,Headphones,4,30443,2026-01-30,Cash on Delivery,Pune
JAN_007463,CUST_00172,Mouse,4,6369,2026-01-12,Cash on Delivery,Pune
JAN_007464,CUST_01191,Mouse,2,48262,2026-01-06,Cash on Delivery,Bangalore
JAN_007465,CUST_04407,Tablet,2,865,2026-01-14,Credit Card,Mumbai
JAN_007466,CUST_04553,Tablet,1,2157,2026-01-09,Credit Card,Chennai
JAN_007467,CUST_02781,Keyboard,3,32174,2026-01-26,Cash on Delivery,Bangalore
JAN_007468,CUST_02069,Mouse,2,47555,2026-01-03,Cash on Delivery,Mumbai
JAN_007469,CUST_04769,Tablet,3,22293,2026-01-22,Credit Card,Mumbai
JAN_007470,CUST_02430,Monitor,5,24330,2026-01-28,Debit Card,Mumbai
JAN_007471,CUST_04587,Laptop,1,9712,2026-01-31,UPI,Chennai
JAN_007472,CUST_04774,Monitor,3,31032,2026-01-24,Credit Card,Bangalore
JAN_007473,CUST_02084,Headphones,4,45284,2026-01-14,Credit Card,Hyderabad
JAN_007474,CUST_01665,Smartwatch,1,2691,2026-01-09,UPI,Hyderabad
JAN_007475,CUST_01307,Mouse,3,3915,2026-01-17,UPI,Bangalore
JAN_007476,CUST_03528,Mouse,4,2900,2026-01-23,Credit Card,Delhi
JAN_007477,CUST_00050,Tablet,3,7562,2026-01-14,Cash on Delivery,Mumbai
JAN_007478,CUST_03506,Laptop,2,11567,2026-01-26,Debit Card,Delhi
JAN_007479,CUST_02647,Keyboard,1,12534,2026-01-11,Debit Card,Pune
JAN_007480,CUST_03688,Smartwatch,2,12436,2026-01-03,UPI,Hyderabad
JAN_007481,CUST_02451,Smartphone,4,24446,2026-01-12,Debit Card,Pune
JAN_007482,CUST_00789,Smartwatch,2,29634,2026-01-02,UPI,Bangalore
JAN_007483,CUST_04501,Mouse,5,10995,2026-01-25,UPI,Chennai
JAN_007484,CUST_01673,Keyboard,5,48886,2026-01-07,Cash on Delivery,Hyderabad
JAN_007485,CUST_00847,Laptop,5,10923,2026-01-21,Cash on Delivery,Pune
JAN_007486,CUST_02900,Smartwatch,1,9153,2026-01-22,UPI,Chennai
JAN_007487,CUST_03166,Mouse,4,31625,2026-01-10,Cash on Delivery,Bangalore
JAN_007488,CUST_04547,Monitor,4,11313,2026-01-15,Debit Card,Mumbai
JAN_007489,CUST_02143,Monitor,1,49003,2026-01-18,UPI,Pune
JAN_007490,CUST_02505,Keyboard,5,38233,2026-01-28,Credit Card,Bangalore
JAN_007491,CUST_00128,Headphones,5,28506,2026-01-15,UPI,Mumbai
JAN_007492,CUST_04268,Monitor,3,7216,2026-01-05,Debit Card,Delhi
JAN_007493,CUST_01255,Monitor,3,9437,2026-01-17,UPI,Delhi
JAN_007494,CUST_04437,Smartwatch,3,37189,2026-01-06,UPI,Hyderabad
JAN_007495,CUST_01001,Laptop,3,12368,2026-01-25,Credit Card,Hyderabad
JAN_007496,CUST_00350,Monitor,2,1190,2026-01-25,Cash on Delivery,Chennai
JAN_007497,CUST_00123,Keyboard,1,15076,2026-01-08,Debit Card,Mumbai
JAN_007498,CUST_03529,Tablet,4,26535,2026-01-04,Credit Card,Pune
JAN_007499,CUST_00534,Smartphone,1,21720,2026-01-23,UPI,Chennai
JAN_007500,CUST_00832,Tablet,1,39644,2026-01-29,Debit Card,Chennai
JAN_007501,CUST_02512,Monitor,3,1805,2026-01-10,Cash on Delivery,Hyderabad
JAN_007502,CUST_00954,Mouse,2,33612,2026-01-31,Cash on Delivery,Chennai
JAN_007503,CUST_01698,Mouse,2,7831,2026-01-16,Debit Card,Pune
JAN_007504,CUST_03053,Smartwatch,4,28027,2026-01-26,Debit Card,Hyderabad
JAN_007505,CUST_03784,Headphones,5,24915,2026-01-30,Credit Card,Pune
JAN_007506,CUST_01857,Headphones,4,14515,2026-01-14,Credit Card,Bangalore
JAN_007507,CUST_01871,Tablet,1,12694,2026-01-31,UPI,Hyderabad
JAN_007508,CUST_00331,Monitor,4,26774,2026-01-22,Debit Card,Pune
JAN_007509,CUST_00895,Mouse,1,45107,2026-01-26,Credit Card,Bangalore
JAN_007510,CUST_00173,Tablet,4,34171,2026-01-07,Credit Card,Delhi
JAN_007511,CUST_04730,Tablet,4,45758,2026-01-31,UPI,Pune
JAN_007512,CUST_03535,Laptop,3,47449,2026-01-21,UPI,Hyderabad
JAN_007513,CUST_03857,Laptop,2,44810,2026-01-04,Debit Card,Delhi
JAN_007514,CUST_01948,Smartwatch,2,29129,2026-01-28,Debit Card,Pune
JAN_007515,CUST_01762,Tablet,2,35203,2026-01-22,UPI,Mumbai
JAN_007516,CUST_00617,Mouse,2,19024,2026-01-07,UPI,Delhi
JAN_007517,CUST_03945,Smartphone,4,49326,2026-01-12,Credit Card,Chennai
JAN_007518,CUST_00536,Smartphone,3,30429,2026-01-04,Cash on Delivery,Delhi
JAN_007519,CUST_03648,Keyboard,3,30429,2026-01-01,Cash on Delivery,Delhi
JAN_007520,CUST_02817,Mouse,1,18587,2026-01-24,Debit Card,Bangalore
JAN_007521,CUST_03421,Mouse,4,12913,2026-01-26,UPI,Pune
JAN_007522,CUST_03248,Monitor,5,11742,2026-01-04,Cash on Delivery,Chennai
JAN_007523,CUST_03879,Laptop,1,35945,2026-01-08,Debit Card,Delhi
JAN_007524,CUST_01593,Laptop,1,19743,2026-01-18,Debit Card,Chennai
JAN_007525,CUST_00853,Smartwatch,3,28614,2026-01-17,UPI,Hyderabad
JAN_007526,CUST_00387,Mouse,1,33509,2026-01-17,UPI,Pune
JAN_007527,CUST_02305,Mouse,4,47097,2026-01-05,Credit Card,Hyderabad
JAN_007528,CUST_01397,Smartwatch,1,30824,2026-01-17,Credit Card,Bangalore
JAN_007529,CUST_03093,Laptop,5,30183,2026-01-23,Credit Card,Chennai
JAN_007530,CUST_01652,Smartphone,3,37160,2026-01-27,Credit Card,Pune
JAN_007531,CUST_04230,Smartphone,2,29784,2026-01-03,Credit Card,Delhi
JAN_007532,CUST_01651,Laptop,3,22440,2026-01-19,UPI,Pune
JAN_007533,CUST_00027,Keyboard,3,37403,2026-01-08,UPI,Pune
JAN_007534,CUST_03292,Mouse,4,27228,2026-01-03,Debit Card,Hyderabad
JAN_007535,CUST_03910,Keyboard,5,45448,2026-01-06,Cash on Delivery,Hyderabad
JAN_007536,CUST_00785,Keyboard,2,47914,2026-01-26,Cash on Delivery,Pune
JAN_007537,CUST_01322,Tablet,5,6967,2026-01-05,UPI,Bangalore
JAN_007538,CUST_01701,Headphones,3,45313,2026-01-12,Credit Card,Mumbai
JAN_007539,CUST_01433,Smartphone,2,26252,2026-01-30,Cash on Delivery,Mumbai
JAN_007540,CUST_00421,Keyboard,2,33207,2026-01-14,Debit Card,Mumbai
JAN_007541,CUST_03880,Tablet,4,1074,2026-01-30,Credit Card,Hyderabad
JAN_007542,CUST_02538,Laptop,4,10676,2026-01-16,Cash on Delivery,Pune
JAN_007543,CUST_02056,Smartphone,1,22384,2026-01-22,UPI,Delhi
JAN_007544,CUST_00722,Smartwatch,4,35394,2026-01-19,UPI,Delhi
JAN_007545,CUST_04184,Keyboard,4,40149,2026-01-17,Credit Card,Hyderabad
JAN_007546,CUST_04425,Monitor,5,14833,2026-01-21,UPI,Hyderabad
JAN_007547,CUST_01272,Headphones,4,42552,2026-01-29,UPI,Bangalore
JAN_007548,CUST_04688,Monitor,2,39099,2026-01-14,Debit Card,Delhi
JAN_007549,CUST_03455,Headphones,2,11625,2026-01-27,UPI,Chennai
JAN_007550,CUST_02462,Smartwatch,1,44706,2026-01-06,UPI,Bangalore
JAN_007551,CUST_01305,Keyboard,1,45748,2026-01-14,Cash on Delivery,Chennai
JAN_007552,CUST_00241,Smartphone,5,18513,2026-01-18,Cash on Delivery,Chennai
JAN_007553,CUST_00694,Mouse,1,10057,2026-01-02,UPI,Bangalore
JAN_007554,CUST_03585,Smartphone,2,2634,2026-01-10,Credit Card,Chennai
JAN_007555,CUST_02335,Tablet,3,33216,2026-01-05,Debit Card,Chennai
JAN_007556,CUST_01754,Tablet,5,42571,2026-01-06,Cash on Delivery,Pune
JAN_007557,CUST_03930,Keyboard,2,29828,2026-01-03,Cash on Delivery,Chennai
JAN_007558,CUST_03408,Keyboard,5,42808,2026-01-01,Debit Card,Pune
JAN_007559,CUST_01968,Smartwatch,5,37490,2026-01-03,UPI,Chennai
JAN_007560,CUST_03888,Mouse,1,45946,2026-01-12,Cash on Delivery,Hyderabad
JAN_007561,CUST_02057,Keyboard,4,26720,2026-01-18,Credit Card,Pune
JAN_007562,CUST_03897,Monitor,4,5811,2026-01-08,Debit Card,Bangalore
JAN_007563,CUST_02808,Tablet,4,31766,2026-01-08,Cash on Delivery,Hyderabad
JAN_007564,CUST_04611,Headphones,5,18325,2026-01-12,Debit Card,Hyderabad
JAN_007565,CUST_03392,Smartphone,5,44839,2026-01-08,Credit Card,Chennai
JAN_007566,CUST_02557,Headphones,2,49914,2026-01-10,Cash on Delivery,Mumbai
JAN_007567,CUST_01070,Mouse,3,21459,2026-01-10,UPI,Delhi
JAN_007568,CUST_03195,Tablet,1,10384,2026-01-12,UPI,Chennai
JAN_007569,CUST_04236,Headphones,5,22014,2026-01-26,UPI,Chennai
JAN_007570,CUST_00889,Laptop,2,28915,2026-01-25,Cash on Delivery,Delhi
JAN_007571,CUST_01326,Mouse,1,14800,2026-01-25,UPI,Bangalore
JAN_007572,CUST_04022,Mouse,1,41168,2026-01-07,Credit Card,Chennai
JAN_007573,CUST_04497,Laptop,5,48116,2026-01-20,Cash on Delivery,Bangalore
JAN_007574,CUST_00985,Laptop,5,27279,2026-01-11,UPI,Hyderabad
JAN_007575,CUST_04863,Tablet,1,32707,2026-01-27,Credit Card,Hyderabad
JAN_007576,CUST_01693,Smartphone,2,8582,2026-01-26,Debit Card,Mumbai
JAN_007577,CUST_03859,Monitor,5,19266,2026-01-06,Credit Card,Bangalore
JAN_007578,CUST_00351,Smartphone,4,24676,2026-01-29,Cash on Delivery,Bangalore
JAN_007579,CUST_02617,Tablet,3,34372,2026-01-12,Cash on Delivery,Delhi
JAN_007580,CUST_01217,Smartphone,1,45124,2026-01-21,Cash on Delivery,Pune
JAN_007581,CUST_00027,Monitor,4,4087,2026-01-24,Debit Card,Bangalore
JAN_007582,CUST_01722,Mouse,1,3528,2026-01-16,Cash on Delivery,Mumbai
JAN_007583,CUST_00235,Smartwatch,4,7830,2026-01-25,Cash on Delivery,Pune
JAN_007584,CUST_00548,Monitor,2,5396,2026-01-28,Cash on Delivery,Chennai
JAN_007585,CUST_00171,Headphones,3,19328,2026-01-13,Debit Card,Chennai
JAN_007586,CUST_03794,Smartphone,5,5745,2026-01-20,Debit Card,Delhi
JAN_007587,CUST_03171,Tablet,3,30226,2026-01-08,Debit Card,Bangalore
JAN_007588,CUST_03222,Laptop,4,36676,2026-01-09,Credit Card,Bangalore
JAN_007589,CUST_01480,Smartwatch,1,24626,2026-01-25,Credit Card,Delhi
JAN_007590,CUST_04300,Headphones,3,40045,2026-01-28,Cash on Delivery,Hyderabad
JAN_007591,CUST_03090,Laptop,5,46350,2026-01-13,UPI,Hyderabad
JAN_007592,CUST_02624,Laptop,3,7276,2026-01-15,Debit Card,Pune
JAN_007593,CUST_01581,Smartwatch,2,20241,2026-01-01,Cash on Delivery,Bangalore
JAN_007594,CUST_00863,Headphones,4,8125,2026-01-11,Credit Card,Chennai
JAN_007595,CUST_00464,Headphones,2,43123,2026-01-20,Credit Card,Mumbai
JAN_007596,CUST_02386,Mouse,2,4797,2026-01-20,Credit Card,Mumbai
JAN_007597,CUST_01617,Mouse,3,21850,2026-01-26,Cash on Delivery,Hyderabad
JAN_007598,CUST_04888,Laptop,1,31359,2026-01-20,Credit Card,Bangalore
JAN_007599,CUST_03174,Tablet,2,16553,2026-01-13,UPI,Chennai
JAN_007600,CUST_01719,Smartwatch,3,29477,2026-01-21,Credit Card,Chennai
JAN_007601,CUST_00604,Monitor,1,3647,2026-01-23,Debit Card,Mumbai
JAN_007602,CUST_03269,Tablet,4,31871,2026-01-08,Cash on Delivery,Chennai
JAN_007603,CUST_02960,Keyboard,2,47354,2026-01-20,Credit Card,Bangalore
JAN_007604,CUST_04928,Smartwatch,4,14494,2026-01-28,Cash on Delivery,Mumbai
JAN_007605,CUST_03455,Tablet,3,21724,2026-01-19,Cash on Delivery,Hyderabad
JAN_007606,CUST_01083,Laptop,5,20236,2026-01-04,Debit Card,Bangalore
JAN_007607,CUST_00196,Headphones,5,46393,2026-01-22,Debit Card,Bangalore
JAN_007608,CUST_04587,Headphones,4,38735,2026-01-07,Cash on Delivery,Chennai
JAN_007609,CUST_02285,Smartphone,2,44442,2026-01-19,Cash on Delivery,Chennai
JAN_007610,CUST_02209,Smartwatch,5,39805,2026-01-16,Cash on Delivery,Hyderabad
JAN_007611,CUST_00067,Tablet,5,27979,2026-01-28,Credit Card,Hyderabad
JAN_007612,CUST_00645,Mouse,1,35539,2026-01-30,Credit Card,Bangalore
JAN_007613,CUST_00313,Mouse,5,3669,2026-01-19,Debit Card,Bangalore
JAN_007614,CUST_03822,Mouse,2,30218,2026-01-09,UPI,Chennai
JAN_007615,CUST_02968,Mouse,3,22717,2026-01-05,Credit Card,Chennai
JAN_007616,CUST_03375,Smartphone,1,39624,2026-01-18,Debit Card,Bangalore
JAN_007617,CUST_01337,Tablet,3,3792,2026-01-15,Cash on Delivery,Bangalore
JAN_007618,CUST_02013,Smartphone,3,25223,2026-01-03,UPI,Delhi
JAN_007619,CUST_04474,Headphones,5,2230,2026-01-15,Credit Card,Bangalore
JAN_007620,CUST_04287,Smartphone,1,36888,2026-01-14,Debit Card,Hyderabad
JAN_007621,CUST_03935,Tablet,1,47358,2026-01-16,Cash on Delivery,Bangalore
JAN_007622,CUST_00871,Keyboard,5,43063,2026-01-01,Credit Card,Hyderabad
JAN_007623,CUST_01421,Monitor,4,29812,2026-01-21,Cash on Delivery,Pune
JAN_007624,CUST_02495,Smartwatch,2,6228,2026-01-25,Cash on Delivery,Chennai
JAN_007625,CUST_04250,Smartwatch,2,26829,2026-01-03,Cash on Delivery,Pune
JAN_007626,CUST_04322,Smartwatch,1,26660,2026-01-15,Credit Card,Delhi
JAN_007627,CUST_04602,Smartwatch,2,35205,2026-01-25,UPI,Delhi
JAN_007628,CUST_01622,Headphones,4,8708,2026-01-01,Debit Card,Pune
JAN_007629,CUST_04225,Smartwatch,3,1984,2026-01-27,Debit Card,Chennai
JAN_007630,CUST_03001,Mouse,5,32083,2026-01-13,Cash on Delivery,Mumbai
JAN_007631,CUST_02563,Keyboard,4,19660,2026-01-25,Debit Card,Delhi
JAN_007632,CUST_02103,Monitor,3,6962,2026-01-27,Credit Card,Mumbai
JAN_007633,CUST_03810,Smartwatch,2,3371,2026-01-21,UPI,Mumbai
JAN_007634,CUST_01447,Keyboard,3,33471,2026-01-23,Credit Card,Hyderabad
JAN_007635,CUST_00194,Headphones,1,23488,2026-01-01,Credit Card,Chennai
JAN_007636,CUST_00213,Mouse,3,26374,2026-01-11,Cash on Delivery,Hyderabad
JAN_007637,CUST_04905,Laptop,1,5418,2026-01-14,Credit Card,Delhi
JAN_007638,CUST_00733,Monitor,2,19891,2026-01-07,UPI,Bangalore
JAN_007639,CUST_01007,Monitor,4,21633,2026-01-29,Debit Card,Pune
JAN_007640,CUST_01192,Tablet,4,34099,2026-01-26,Cash on Delivery,Mumbai
JAN_007641,CUST_01430,Tablet,4,47925,2026-01-21,Credit Card,Delhi
JAN_007642,CUST_01959,Monitor,4,40540,2026-01-08,Debit Card,Delhi
JAN_007643,CUST_00768,Mouse,3,21203,2026-01-01,Cash on Delivery,Chennai
JAN_007644,CUST_03099,Smartphone,4,47208,2026-01-31,Credit Card,Hyderabad
JAN_007645,CUST_02982,Laptop,4,18638,2026-01-27,UPI,Mumbai
JAN_007646,CUST_00638,Mouse,1,41901,2026-01-07,Cash on Delivery,Delhi
JAN_007647,CUST_01480,Smartwatch,3,9411,2026-01-22,Credit Card,Bangalore
JAN_007648,CUST_03507,Monitor,3,18644,2026-01-21,Cash on Delivery,Pune
JAN_007649,CUST_01045,Laptop,2,49962,2026-01-03,Debit Card,Pune
JAN_007650,CUST_03728,Headphones,4,17259,2026-01-14,Debit Card,Pune
JAN_007651,CUST_00624,Headphones,5,39627,2026-01-02,UPI,Bangalore
JAN_007652,CUST_01722,Monitor,2,22459,2026-01-22,Debit Card,Delhi
JAN_007653,CUST_03521,Headphones,5,44001,2026-01-11,Cash on Delivery,Pune
JAN_007654,CUST_00020,Tablet,5,5748,2026-01-21,Credit Card,Hyderabad
JAN_007655,CUST_03725,Monitor,1,16247,2026-01-10,Debit Card,Mumbai
JAN_007656,CUST_02239,Smartphone,5,48384,2026-01-15,Debit Card,Mumbai
JAN_007657,CUST_04389,Headphones,3,3594,2026-01-12,Debit Card,Pune
JAN_007658,CUST_02583,Mouse,4,46888,2026-01-30,Debit Card,Mumbai
JAN_007659,CUST_00488,Smartwatch,5,1712,2026-01-05,Cash on Delivery,Mumbai
JAN_007660,CUST_02858,Tablet,2,42089,2026-01-04,Cash on Delivery,Delhi
JAN_007661,CUST_01953,Laptop,2,7987,2026-01-11,Debit Card,Hyderabad
JAN_007662,CUST_03102,Mouse,2,39255,2026-01-09,Debit Card,Bangalore
JAN_007663,CUST_01047,Laptop,3,16857,2026-01-29,UPI,Mumbai
JAN_007664,CUST_01351,Keyboard,1,37882,2026-01-19,Debit Card,Mumbai
JAN_007665,CUST_03869,Tablet,2,1189,2026-01-31,Debit Card,Pune
JAN_007666,CUST_04767,Laptop,1,15921,2026-01-07,Debit Card,Pune
JAN_007667,CUST_01714,Headphones,5,10624,2026-01-24,Cash on Delivery,Delhi
JAN_007668,CUST_02711,Monitor,3,46524,2026-01-01,Debit Card,Pune
JAN_007669,CUST_01210,Mouse,5,32825,2026-01-13,Debit Card,Chennai
JAN_007670,CUST_02828,Tablet,5,45514,2026-01-26,Credit Card,Delhi
JAN_007671,CUST_01991,Mouse,2,4895,2026-01-20,UPI,Hyderabad
JAN_007672,CUST_02877,Smartphone,5,33268,2026-01-22,Debit Card,Chennai
JAN_007673,CUST_03604,Headphones,5,1191,2026-01-18,Debit Card,Chennai
JAN_007674,CUST_04176,Keyboard,5,29409,2026-01-06,Credit Card,Mumbai
JAN_007675,CUST_00584,Smartwatch,3,41563,2026-01-22,Debit Card,Chennai
JAN_007676,CUST_00146,Tablet,3,22578,2026-01-25,Cash on Delivery,Delhi
JAN_007677,CUST_02617,Smartwatch,4,432,2026-01-22,Credit Card,Delhi
JAN_007678,CUST_00815,Tablet,3,34305,2026-01-15,Cash on Delivery,Bangalore
JAN_007679,CUST_04750,Laptop,2,2464,2026-01-02,Cash on Delivery,Bangalore
JAN_007680,CUST_01040,Laptop,3,26439,2026-01-29,UPI,Chennai
JAN_007681,CUST_01706,Laptop,4,17219,2026-01-10,Debit Card,Chennai
JAN_007682,CUST_01558,Headphones,1,9967,2026-01-16,Debit Card,Pune
JAN_007683,CUST_02093,Mouse,1,44899,2026-01-26,Cash on Delivery,Delhi
JAN_007684,CUST_00830,Tablet,1,35682,2026-01-21,UPI,Mumbai
JAN_007685,CUST_01482,Laptop,2,49831,2026-01-03,Cash on Delivery,Chennai
JAN_007686,CUST_01473,Smartphone,4,40726,2026-01-30,Debit Card,Delhi
JAN_007687,CUST_03552,Smartphone,4,27404,2026-01-29,Cash on Delivery,Bangalore
JAN_007688,CUST_00543,Laptop,4,45706,2026-01-16,Credit Card,Bangalore
JAN_007689,CUST_03629,Monitor,4,24230,2026-01-06,Credit Card,Pune
JAN_007690,CUST_00205,Keyboard,1,45071,2026-01-23,Credit Card,Mumbai
JAN_007691,CUST_00043,Smartphone,4,5446,2026-01-21,Credit Card,Delhi
JAN_007692,CUST_02708,Headphones,5,3263,2026-01-03,UPI,Chennai
JAN_007693,CUST_00570,Smartwatch,4,46818,2026-01-10,Debit Card,Delhi
JAN_007694,CUST_00309,Smartwatch,1,19648,2026-01-31,Credit Card,Hyderabad
JAN_007695,CUST_01927,Smartphone,4,32360,2026-01-28,Credit Card,Delhi
JAN_007696,CUST_02464,Smartwatch,3,18600,2026-01-05,Cash on Delivery,Mumbai
JAN_007697,CUST_03120,Laptop,4,4217,2026-01-02,Cash on Delivery,Chennai
JAN_007698,CUST_01941,Tablet,4,34826,2026-01-31,Credit Card,Mumbai
JAN_007699,CUST_01002,Smartphone,1,4129,2026-01-09,Cash on Delivery,Delhi
JAN_007700,CUST_04982,Laptop,5,43499,2026-01-26,Debit Card,Chennai
JAN_007701,CUST_04367,Laptop,1,43145,2026-01-20,UPI,Chennai
JAN_007702,CUST_02825,Smartwatch,3,30671,2026-01-02,Cash on Delivery,Pune
JAN_007703,CUST_04419,Monitor,4,49767,2026-01-11,Debit Card,Chennai
JAN_007704,CUST_00175,Keyboard,2,26313,2026-01-19,Cash on Delivery,Pune
JAN_007705,CUST_04826,Mouse,4,39731,2026-01-11,UPI,Mumbai
JAN_007706,CUST_04777,Keyboard,4,34885,2026-01-27,Debit Card,Hyderabad
JAN_007707,CUST_03295,Monitor,2,14435,2026-01-23,UPI,Hyderabad
JAN_007708,CUST_02368,Monitor,2,12887,2026-01-01,Debit Card,Delhi
JAN_007709,CUST_02161,Headphones,1,30543,2026-01-01,UPI,Mumbai
JAN_007710,CUST_01261,Smartwatch,4,23105,2026-01-01,Debit Card,Bangalore
JAN_007711,CUST_02845,Keyboard,5,28653,2026-01-15,Debit Card,Pune
JAN_007712,CUST_03477,Keyboard,5,9342,2026-01-03,Debit Card,Mumbai
JAN_007713,CUST_03860,Headphones,2,3653,2026-01-04,Credit Card,Bangalore
JAN_007714,CUST_01343,Smartphone,4,11687,2026-01-17,Cash on Delivery,Delhi
JAN_007715,CUST_02034,Laptop,5,3668,2026-01-22,Debit Card,Hyderabad
JAN_007716,CUST_00107,Smartwatch,1,7232,2026-01-30,Credit Card,Bangalore
JAN_007717,CUST_00170,Mouse,3,46212,2026-01-17,Credit Card,Mumbai
JAN_007718,CUST_02610,Tablet,4,8514,2026-01-13,UPI,Mumbai
JAN_007719,CUST_03648,Smartphone,4,34051,2026-01-05,UPI,Mumbai
JAN_007720,CUST_04349,Smartphone,4,27434,2026-01-19,Cash on Delivery,Delhi
JAN_007721,CUST_03011,Headphones,1,22077,2026-01-30,Credit Card,Chennai
JAN_007722,CUST_01655,Tablet,1,4963,2026-01-16,UPI,Chennai
JAN_007723,CUST_00054,Smartwatch,5,27096,2026-01-25,Cash on Delivery,Bangalore
JAN_007724,CUST_02517,Smartphone,3,31176,2026-01-14,Credit Card,Bangalore
JAN_007725,CUST_04972,Mouse,4,36196,2026-01-28,Debit Card,Delhi
JAN_007726,CUST_03823,Mouse,2,22665,2026-01-21,Credit Card,Bangalore
JAN_007727,CUST_03640,Smartwatch,5,38403,2026-01-15,Cash on Delivery,Pune
JAN_007728,CUST_01812,Monitor,1,25629,2026-01-16,Cash on Delivery,Mumbai
JAN_007729,CUST_01320,Keyboard,4,48670,2026-01-08,UPI,Mumbai
JAN_007730,CUST_00140,Monitor,1,44691,2026-01-09,Cash on Delivery,Pune
JAN_007731,CUST_00629,Monitor,1,40896,2026-01-26,Cash on Delivery,Pune
JAN_007732,CUST_01823,Headphones,2,3998,2026-01-22,Debit Card,Chennai
JAN_007733,CUST_04025,Headphones,3,47237,2026-01-30,Cash on Delivery,Mumbai
JAN_007734,CUST_00750,Monitor,5,46412,2026-01-23,Debit Card,Pune
JAN_007735,CUST_01884,Keyboard,5,19284,2026-01-22,UPI,Chennai
JAN_007736,CUST_04749,Laptop,4,12336,2026-01-05,UPI,Bangalore
JAN_007737,CUST_03348,Smartwatch,1,43561,2026-01-24,Credit Card,Mumbai
JAN_007738,CUST_04717,Laptop,3,5695,2026-01-30,Credit Card,Bangalore
JAN_007739,CUST_01639,Mouse,5,13623,2026-01-30,Cash on Delivery,Delhi
JAN_007740,CUST_03565,Laptop,5,32887,2026-01-11,Cash on Delivery,Hyderabad
JAN_007741,CUST_02039,Mouse,4,9700,2026-01-21,Debit Card,Pune
JAN_007742,CUST_00771,Smartwatch,4,25604,2026-01-09,Credit Card,Mumbai
JAN_007743,CUST_04398,Tablet,3,16021,2026-01-26,UPI,Hyderabad
JAN_007744,CUST_02344,Tablet,3,8751,2026-01-14,Credit Card,Delhi
JAN_007745,CUST_04328,Keyboard,3,34442,2026-01-13,Cash on Delivery,Mumbai
JAN_007746,CUST_01412,Monitor,1,27766,2026-01-20,Credit Card,Hyderabad
JAN_007747,CUST_04827,Laptop,5,20658,2026-01-23,Debit Card,Bangalore
JAN_007748,CUST_01265,Smartwatch,2,28909,2026-01-17,Cash on Delivery,Delhi
JAN_007749,CUST_00837,Headphones,3,34358,2026-01-08,UPI,Delhi
JAN_007750,CUST_04591,Tablet,4,26573,2026-01-22,Credit Card,Bangalore
JAN_007751,CUST_02099,Smartphone,5,29188,2026-01-01,Debit Card,Bangalore
JAN_007752,CUST_03831,Smartwatch,3,47059,2026-01-30,Credit Card,Delhi
JAN_007753,CUST_03285,Smartwatch,5,21897,2026-01-10,UPI,Chennai
JAN_007754,CUST_01459,Smartphone,4,24494,2026-01-19,UPI,Chennai
JAN_007755,CUST_02028,Monitor,2,41421,2026-01-04,Debit Card,Bangalore
JAN_007756,CUST_03722,Laptop,3,665,2026-01-09,UPI,Bangalore
JAN_007757,CUST_03602,Mouse,3,46679,2026-01-26,UPI,Chennai
JAN_007758,CUST_03437,Mouse,5,30322,2026-01-14,Debit Card,Mumbai
JAN_007759,CUST_04470,Keyboard,1,11917,2026-01-08,Cash on Delivery,Chennai
JAN_007760,CUST_04059,Keyboard,2,23147,2026-01-02,Debit Card,Hyderabad
JAN_007761,CUST_01045,Mouse,3,8509,2026-01-06,Debit Card,Hyderabad
JAN_007762,CUST_00973,Smartwatch,1,43673,2026-01-18,Credit Card,Bangalore
JAN_007763,CUST_02035,Mouse,1,32129,2026-01-26,Cash on Delivery,Pune
JAN_007764,CUST_02891,Mouse,4,7188,2026-01-27,Debit Card,Mumbai
JAN_007765,CUST_04741,Smartphone,1,43068,2026-01-04,UPI,Bangalore
JAN_007766,CUST_03789,Keyboard,5,42200,2026-01-22,UPI,Pune
JAN_007767,CUST_04727,Keyboard,3,34264,2026-01-06,Debit Card,Bangalore
JAN_007768,CUST_00068,Smartphone,2,30260,2026-01-18,Cash on Delivery,Mumbai
JAN_007769,CUST_03625,Tablet,1,21282,2026-01-05,Cash on Delivery,Pune
JAN_007770,CUST_02770,Keyboard,5,494,2026-01-17,UPI,Pune
JAN_007771,CUST_02309,Mouse,4,37550,2026-01-15,Debit Card,Mumbai
JAN_007772,CUST_04311,Laptop,2,2087,2026-01-30,Credit Card,Delhi
JAN_007773,CUST_00367,Smartwatch,3,6549,2026-01-19,Cash on Delivery,Bangalore
JAN_007774,CUST_02421,Laptop,2,45717,2026-01-18,Credit Card,Chennai
JAN_007775,CUST_02063,Monitor,2,27460,2026-01-14,Debit Card,Hyderabad
JAN_007776,CUST_01061,Laptop,2,15797,2026-01-15,Cash on Delivery,Bangalore
JAN_007777,CUST_01462,Smartwatch,1,1076,2026-01-14,UPI,Bangalore
JAN_007778,CUST_04455,Laptop,1,34651,2026-01-19,UPI,Mumbai
JAN_007779,CUST_02027,Laptop,1,21969,2026-01-23,Credit Card,Chennai
JAN_007780,CUST_01260,Smartwatch,5,48445,2026-01-18,Cash on Delivery,Pune
JAN_007781,CUST_01267,Laptop,2,860,2026-01-06,Cash on Delivery,Mumbai
JAN_007782,CUST_04444,Smartphone,4,37627,2026-01-02,Credit Card,Delhi
JAN_007783,CUST_04836,Tablet,4,42637,2026-01-07,Cash on Delivery,Delhi
JAN_007784,CUST_03001,Mouse,1,23032,2026-01-04,UPI,Hyderabad
JAN_007785,CUST_00488,Tablet,1,44696,2026-01-18,Credit Card,Chennai
JAN_007786,CUST_01099,Headphones,5,20401,2026-01-24,Credit Card,Pune
JAN_007787,CUST_03350,Keyboard,3,35454,2026-01-18,Credit Card,Bangalore
JAN_007788,CUST_01373,Smartwatch,2,36863,2026-01-19,Cash on Delivery,Pune
JAN_007789,CUST_02207,Monitor,3,40111,2026-01-21,UPI,Mumbai
JAN_007790,CUST_01154,Keyboard,2,23757,2026-01-20,Debit Card,Hyderabad
JAN_007791,CUST_02855,Tablet,2,33981,2026-01-17,Credit Card,Bangalore
JAN_007792,CUST_01766,Smartphone,4,5550,2026-01-13,UPI,Bangalore
JAN_007793,CUST_04548,Tablet,3,13828,2026-01-11,UPI,Pune
JAN_007794,CUST_01226,Smartwatch,1,18017,2026-01-21,UPI,Pune
JAN_007795,CUST_04995,Mouse,1,28288,2026-01-28,Cash on Delivery,Hyderabad
JAN_007796,CUST_01285,Laptop,2,30621,2026-01-11,UPI,Bangalore
JAN_007797,CUST_02157,Smartphone,1,37059,2026-01-11,UPI,Chennai
JAN_007798,CUST_01325,Mouse,3,34022,2026-01-21,Debit Card,Hyderabad
JAN_007799,CUST_03963,Mouse,5,17073,2026-01-24,UPI,Mumbai
JAN_007800,CUST_01428,Smartwatch,2,36416,2026-01-19,Cash on Delivery,Bangalore
JAN_007801,CUST_04425,Laptop,4,43243,2026-01-24,Credit Card,Mumbai
JAN_007802,CUST_00458,Laptop,3,30138,2026-01-27,UPI,Mumbai
JAN_007803,CUST_04078,Mouse,2,43296,2026-01-19,Debit Card,Chennai
JAN_007804,CUST_01204,Headphones,3,22734,2026-01-11,Debit Card,Pune
JAN_007805,CUST_04098,Laptop,5,17798,2026-01-14,Cash on Delivery,Hyderabad
JAN_007806,CUST_00109,Laptop,1,22446,2026-01-24,UPI,Delhi
JAN_007807,CUST_01730,Smartwatch,2,18104,2026-01-25,Credit Card,Bangalore
JAN_007808,CUST_02339,Tablet,1,505,2026-01-20,Credit Card,Bangalore
JAN_007809,CUST_04688,Laptop,4,42855,2026-01-04,Cash on Delivery,Delhi
JAN_007810,CUST_02207,Smartwatch,1,40930,2026-01-10,Debit Card,Chennai
JAN_007811,CUST_03970,Headphones,3,35108,2026-01-23,Cash on Delivery,Chennai
JAN_007812,CUST_03753,Smartwatch,2,3762,2026-01-10,Credit Card,Bangalore
JAN_007813,CUST_01082,Laptop,5,6392,2026-01-15,UPI,Mumbai
JAN_007814,CUST_03421,Keyboard,3,42204,2026-01-23,Cash on Delivery,Bangalore
JAN_007815,CUST_00660,Laptop,3,9022,2026-01-21,UPI,Pune
JAN_007816,CUST_01286,Keyboard,1,20911,2026-01-05,Cash on Delivery,Bangalore
JAN_007817,CUST_02042,Keyboard,4,36589,2026-01-15,Credit Card,Hyderabad
JAN_007818,CUST_03934,Smartwatch,3,29646,2026-01-28,Debit Card,Pune
JAN_007819,CUST_02843,Headphones,3,33552,2026-01-12,Cash on Delivery,Hyderabad
JAN_007820,CUST_03148,Monitor,1,47695,2026-01-11,Cash on Delivery,Chennai
JAN_007821,CUST_04104,Tablet,5,11197,2026-01-09,Cash on Delivery,Bangalore
JAN_007822,CUST_04180,Tablet,1,14890,2026-01-28,UPI,Mumbai
JAN_007823,CUST_01440,Monitor,3,17317,2026-01-02,Cash on Delivery,Pune
JAN_007824,CUST_02790,Keyboard,2,18924,2026-01-09,Cash on Delivery,Hyderabad
JAN_007825,CUST_02861,Headphones,5,17600,2026-01-17,Debit Card,Bangalore
JAN_007826,CUST_00050,Mouse,1,45382,2026-01-15,Debit Card,Bangalore
JAN_007827,CUST_02695,Smartwatch,2,13033,2026-01-02,Cash on Delivery,Mumbai
JAN_007828,CUST_04943,Monitor,1,4503,2026-01-14,UPI,Hyderabad
JAN_007829,CUST_00989,Keyboard,5,42466,2026-01-13,Cash on Delivery,Bangalore
JAN_007830,CUST_02853,Monitor,5,18511,2026-01-21,Credit Card,Delhi
JAN_007831,CUST_04297,Smartphone,2,16331,2026-01-19,Credit Card,Bangalore
JAN_007832,CUST_03771,Tablet,1,5507,2026-01-03,UPI,Mumbai
JAN_007833,CUST_03092,Tablet,4,19501,2026-01-23,Credit Card,Chennai
JAN_007834,CUST_02163,Laptop,5,34263,2026-01-02,Debit Card,Hyderabad
JAN_007835,CUST_03593,Smartphone,3,14837,2026-01-05,Cash on Delivery,Hyderabad
JAN_007836,CUST_02223,Tablet,3,39813,2026-01-25,Credit Card,Pune
JAN_007837,CUST_03932,Smartwatch,5,35144,2026-01-10,Credit Card,Pune
JAN_007838,CUST_03424,Smartphone,4,41609,2026-01-17,UPI,Pune
JAN_007839,CUST_04313,Tablet,4,25306,2026-01-30,Debit Card,Pune
JAN_007840,CUST_04289,Laptop,5,19396,2026-01-11,Credit Card,Mumbai
JAN_007841,CUST_03394,Monitor,2,47755,2026-01-26,UPI,Pune
JAN_007842,CUST_04624,Laptop,1,21255,2026-01-15,Credit Card,Pune
JAN_007843,CUST_01100,Smartwatch,1,24481,2026-01-03,Debit Card,Pune
JAN_007844,CUST_04015,Mouse,1,9371,2026-01-28,Debit Card,Bangalore
JAN_007845,CUST_03010,Tablet,4,37766,2026-01-20,Debit Card,Bangalore
JAN_007846,CUST_00771,Headphones,4,34006,2026-01-19,UPI,Delhi
JAN_007847,CUST_04064,Keyboard,4,13943,2026-01-02,UPI,Hyderabad
JAN_007848,CUST_01981,Monitor,5,20322,2026-01-23,UPI,Delhi
JAN_007849,CUST_01933,Mouse,3,38407,2026-01-24,Credit Card,Delhi
JAN_007850,CUST_03030,Laptop,2,19138,2026-01-06,Debit Card,Bangalore
JAN_007851,CUST_04096,Smartphone,1,25314,2026-01-27,Credit Card,Pune
JAN_007852,CUST_02212,Keyboard,3,6929,2026-01-15,Debit Card,Hyderabad
JAN_007853,CUST_04214,Smartwatch,2,8968,2026-01-05,Cash on Delivery,Pune
JAN_007854,CUST_01261,Keyboard,1,30652,2026-01-02,Debit Card,Pune
JAN_007855,CUST_00273,Headphones,5,48933,2026-01-29,UPI,Mumbai
JAN_007856,CUST_03116,Laptop,4,25619,2026-01-31,Credit Card,Bangalore
JAN_007857,CUST_01703,Keyboard,3,44746,2026-01-09,Cash on Delivery,Mumbai
JAN_007858,CUST_03075,Keyboard,2,47684,2026-01-06,Debit Card,Chennai
JAN_007859,CUST_00605,Smartwatch,2,39024,2026-01-09,Cash on Delivery,Mumbai
JAN_007860,CUST_01402,Monitor,2,6402,2026-01-26,Debit Card,Pune
JAN_007861,CUST_00723,Mouse,2,23203,2026-01-24,UPI,Chennai
JAN_007862,CUST_01622,Smartwatch,5,24176,2026-01-05,UPI,Bangalore
JAN_007863,CUST_02556,Monitor,2,25658,2026-01-24,UPI,Pune
JAN_007864,CUST_01161,Keyboard,3,19028,2026-01-29,Cash on Delivery,Delhi
JAN_007865,CUST_01381,Mouse,1,21142,2026-01-29,Debit Card,Delhi
JAN_007866,CUST_03323,Smartphone,1,14990,2026-01-02,UPI,Mumbai
JAN_007867,CUST_02995,Headphones,4,24041,2026-01-09,Credit Card,Delhi
JAN_007868,CUST_00422,Tablet,1,49483,2026-01-09,Debit Card,Chennai
JAN_007869,CUST_01848,Keyboard,3,24185,2026-01-18,Debit Card,Chennai
JAN_007870,CUST_04171,Monitor,5,36560,2026-01-08,UPI,Hyderabad
JAN_007871,CUST_01261,Mouse,2,40342,2026-01-25,Cash on Delivery,Bangalore
JAN_007872,CUST_03192,Laptop,1,22825,2026-01-17,Debit Card,Chennai
JAN_007873,CUST_01709,Keyboard,5,416,2026-01-23,Cash on Delivery,Hyderabad
JAN_007874,CUST_01031,Smartwatch,4,263,2026-01-24,Debit Card,Mumbai
JAN_007875,CUST_02064,Tablet,3,1918,2026-01-10,UPI,Chennai
JAN_007876,CUST_02578,Laptop,3,27225,2026-01-26,Cash on Delivery,Bangalore
JAN_007877,CUST_02648,Laptop,4,21373,2026-01-26,Cash on Delivery,Hyderabad
JAN_007878,CUST_01091,Headphones,2,11291,2026-01-16,Debit Card,Delhi
JAN_007879,CUST_02065,Keyboard,1,4214,2026-01-02,Cash on Delivery,Delhi
JAN_007880,CUST_00525,Smartphone,1,28353,2026-01-23,Cash on Delivery,Mumbai
JAN_007881,CUST_02018,Smartwatch,2,22474,2026-01-24,UPI,Pune
JAN_007882,CUST_00745,Mouse,2,3438,2026-01-26,Credit Card,Hyderabad
JAN_007883,CUST_00892,Headphones,2,14375,2026-01-13,Credit Card,Hyderabad
JAN_007884,CUST_00989,Mouse,1,47108,2026-01-14,Credit Card,Pune
JAN_007885,CUST_02703,Mouse,2,9744,2026-01-10,Debit Card,Pune
JAN_007886,CUST_01280,Headphones,3,15919,2026-01-20,UPI,Delhi
JAN_007887,CUST_01078,Laptop,1,1984,2026-01-08,UPI,Delhi
JAN_007888,CUST_03667,Headphones,5,43407,2026-01-05,Credit Card,Bangalore
JAN_007889,CUST_01932,Monitor,1,42188,2026-01-22,Cash on Delivery,Hyderabad
JAN_007890,CUST_01912,Monitor,2,49937,2026-01-04,Credit Card,Hyderabad
JAN_007891,CUST_03119,Smartphone,4,27125,2026-01-11,Credit Card,Hyderabad
JAN_007892,CUST_04256,Mouse,4,48385,2026-01-09,Cash on Delivery,Chennai
JAN_007893,CUST_00459,Tablet,4,38212,2026-01-10,Debit Card,Delhi
JAN_007894,CUST_00567,Mouse,1,36364,2026-01-13,Credit Card,Mumbai
JAN_007895,CUST_03809,Laptop,5,3722,2026-01-21,Cash on Delivery,Delhi
JAN_007896,CUST_01946,Smartwatch,1,8644,2026-01-29,Cash on Delivery,Delhi
JAN_007897,CUST_01000,Monitor,4,30994,2026-01-30,Credit Card,Chennai
JAN_007898,CUST_04014,Keyboard,4,12456,2026-01-03,Credit Card,Bangalore
JAN_007899,CUST_04901,Tablet,4,30011,2026-01-11,Credit Card,Hyderabad
JAN_007900,CUST_01494,Mouse,2,33128,2026-01-24,Credit Card,Mumbai
JAN_007901,CUST_03541,Headphones,5,10684,2026-01-09,Credit Card,Delhi
JAN_007902,CUST_04343,Keyboard,2,34412,2026-01-06,UPI,Delhi
JAN_007903,CUST_02666,Headphones,2,14452,2026-01-17,Debit Card,Hyderabad
JAN_007904,CUST_03153,Headphones,4,44871,2026-01-01,UPI,Hyderabad
JAN_007905,CUST_02387,Laptop,1,18412,2026-01-28,Debit Card,Mumbai
JAN_007906,CUST_02552,Monitor,2,12358,2026-01-06,Credit Card,Bangalore
JAN_007907,CUST_03029,Smartwatch,4,44459,2026-01-26,UPI,Hyderabad
JAN_007908,CUST_04648,Keyboard,5,46483,2026-01-22,Credit Card,Pune
JAN_007909,CUST_02855,Laptop,3,27396,2026-01-21,Credit Card,Pune
JAN_007910,CUST_01550,Keyboard,4,18440,2026-01-31,UPI,Bangalore
JAN_007911,CUST_01612,Monitor,5,47871,2026-01-30,Credit Card,Delhi
JAN_007912,CUST_04279,Tablet,5,42400,2026-01-23,Debit Card,Hyderabad
JAN_007913,CUST_04993,Laptop,3,16079,2026-01-03,UPI,Hyderabad
JAN_007914,CUST_02196,Monitor,5,31802,2026-01-21,Debit Card,Hyderabad
JAN_007915,CUST_00485,Headphones,3,31460,2026-01-12,Credit Card,Delhi
JAN_007916,CUST_01566,Laptop,1,31791,2026-01-06,UPI,Hyderabad
JAN_007917,CUST_00574,Smartwatch,5,20090,2026-01-14,Debit Card,Chennai
JAN_007918,CUST_03739,Mouse,4,47326,2026-01-22,Debit Card,Delhi
JAN_007919,CUST_00803,Mouse,5,16558,2026-01-24,Debit Card,Pune
JAN_007920,CUST_02975,Laptop,5,42013,2026-01-13,Cash on Delivery,Hyderabad
JAN_007921,CUST_01142,Tablet,1,49108,2026-01-05,Credit Card,Bangalore
JAN_007922,CUST_01067,Monitor,3,41219,2026-01-27,UPI,Mumbai
JAN_007923,CUST_00509,Monitor,3,48622,2026-01-24,Cash on Delivery,Delhi
JAN_007924,CUST_02485,Smartphone,2,27909,2026-01-21,Cash on Delivery,Chennai
JAN_007925,CUST_04157,Laptop,5,17587,2026-01-14,UPI,Pune
JAN_007926,CUST_04657,Smartwatch,3,31911,2026-01-11,UPI,Delhi
JAN_007927,CUST_03476,Mouse,2,19143,2026-01-07,Debit Card,Delhi
JAN_007928,CUST_01277,Laptop,4,21182,2026-01-23,Debit Card,Pune
JAN_007929,CUST_01843,Headphones,4,41744,2026-01-24,UPI,Bangalore
JAN_007930,CUST_02445,Laptop,2,31556,2026-01-08,UPI,Bangalore
JAN_007931,CUST_02184,Keyboard,1,3018,2026-01-05,UPI,Bangalore
JAN_007932,CUST_03370,Keyboard,1,40773,2026-01-22,Debit Card,Delhi
JAN_007933,CUST_00640,Headphones,2,24019,2026-01-24,Credit Card,Pune
JAN_007934,CUST_03292,Mouse,5,29312,2026-01-28,Debit Card,Chennai
JAN_007935,CUST_03798,Laptop,4,28925,2026-01-18,Cash on Delivery,Bangalore
JAN_007936,CUST_01338,Smartwatch,2,2625,2026-01-10,Cash on Delivery,Pune
JAN_007937,CUST_00246,Tablet,5,5399,2026-01-24,UPI,Pune
JAN_007938,CUST_00301,Smartphone,2,19488,2026-01-03,Debit Card,Hyderabad
JAN_007939,CUST_00076,Monitor,4,39914,2026-01-25,Debit Card,Delhi
JAN_007940,CUST_00922,Tablet,3,47153,2026-01-04,UPI,Mumbai
JAN_007941,CUST_02099,Smartphone,1,43315,2026-01-09,UPI,Chennai
JAN_007942,CUST_01576,Smartphone,3,37556,2026-01-06,Credit Card,Mumbai
JAN_007943,CUST_04657,Keyboard,1,46923,2026-01-10,Cash on Delivery,Bangalore
JAN_007944,CUST_02171,Smartphone,2,5009,2026-01-02,UPI,Chennai
JAN_007945,CUST_02249,Keyboard,1,2115,2026-01-02,Debit Card,Bangalore
JAN_007946,CUST_00077,Keyboard,1,24083,2026-01-26,Cash on Delivery,Hyderabad
JAN_007947,CUST_00319,Smartwatch,4,1210,2026-01-11,Cash on Delivery,Chennai
JAN_007948,CUST_02931,Smartphone,3,7803,2026-01-31,Debit Card,Hyderabad
JAN_007949,CUST_02831,Smartphone,3,26620,2026-01-08,UPI,Hyderabad
JAN_007950,CUST_00987,Mouse,2,30204,2026-01-12,Cash on Delivery,Mumbai
JAN_007951,CUST_01279,Smartphone,3,15295,2026-01-22,Cash on Delivery,Mumbai
JAN_007952,CUST_02744,Smartphone,1,5395,2026-01-04,Cash on Delivery,Delhi
JAN_007953,CUST_03858,Smartphone,3,13818,2026-01-28,Debit Card,Hyderabad
JAN_007954,CUST_02157,Smartphone,1,25948,2026-01-07,UPI,Pune
JAN_007955,CUST_03456,Monitor,1,41605,2026-01-28,Debit Card,Pune
JAN_007956,CUST_04088,Headphones,3,22990,2026-01-28,Credit Card,Mumbai
JAN_007957,CUST_00296,Tablet,2,32919,2026-01-28,UPI,Delhi
JAN_007958,CUST_00057,Tablet,2,21296,2026-01-05,UPI,Hyderabad
JAN_007959,CUST_02509,Monitor,2,19902,2026-01-21,UPI,Hyderabad
JAN_007960,CUST_03580,Laptop,5,28283,2026-01-17,Credit Card,Bangalore
JAN_007961,CUST_01887,Keyboard,4,2754,2026-01-25,UPI,Pune
JAN_007962,CUST_04771,Keyboard,1,38917,2026-01-01,UPI,Pune
JAN_007963,CUST_02203,Laptop,1,39199,2026-01-27,UPI,Delhi
JAN_007964,CUST_03701,Smartphone,5,9094,2026-01-27,Credit Card,Hyderabad
JAN_007965,CUST_03666,Mouse,1,22182,2026-01-17,Debit Card,Hyderabad
JAN_007966,CUST_02916,Mouse,2,19720,2026-01-05,Debit Card,Mumbai
JAN_007967,CUST_03320,Smartwatch,3,42455,2026-01-05,Credit Card,Chennai
JAN_007968,CUST_04363,Smartwatch,5,26002,2026-01-08,Cash on Delivery,Bangalore
JAN_007969,CUST_00513,Smartphone,1,22107,2026-01-18,UPI,Delhi
JAN_007970,CUST_01112,Tablet,2,17966,2026-01-19,Credit Card,Mumbai
JAN_007971,CUST_03491,Tablet,4,32816,2026-01-24,Credit Card,Pune
JAN_007972,CUST_03732,Tablet,5,4567,2026-01-13,UPI,Chennai
JAN_007973,CUST_04184,Headphones,3,3726,2026-01-01,Credit Card,Pune
JAN_007974,CUST_00682,Keyboard,2,48853,2026-01-12,UPI,Bangalore
JAN_007975,CUST_04722,Headphones,1,37026,2026-01-15,Credit Card,Pune
JAN_007976,CUST_03542,Smartwatch,1,46761,2026-01-08,Cash on Delivery,Pune
JAN_007977,CUST_00133,Smartphone,4,10097,2026-01-06,Debit Card,Pune
JAN_007978,CUST_01151,Smartwatch,4,3997,2026-01-04,Cash on Delivery,Hyderabad
JAN_007979,CUST_00905,Smartphone,1,36551,2026-01-14,Debit Card,Mumbai
JAN_007980,CUST_01961,Laptop,5,12031,2026-01-22,Cash on Delivery,Chennai
JAN_007981,CUST_03961,Keyboard,4,1552,2026-01-29,Cash on Delivery,Delhi
JAN_007982,CUST_01694,Keyboard,5,39228,2026-01-29,Debit Card,Mumbai
JAN_007983,CUST_03204,Smartwatch,4,28263,2026-01-13,UPI,Pune
JAN_007984,CUST_02902,Laptop,5,42509,2026-01-11,UPI,Pune
JAN_007985,CUST_02784,Laptop,5,3695,2026-01-02,Credit Card,Mumbai
JAN_007986,CUST_01531,Monitor,1,45540,2026-01-14,UPI,Bangalore
JAN_007987,CUST_03038,Smartwatch,3,20622,2026-01-31,UPI,Hyderabad
JAN_007988,CUST_02359,Smartphone,2,17321,2026-01-19,Credit Card,Chennai
JAN_007989,CUST_03215,Laptop,3,1042,2026-01-03,Credit Card,Hyderabad
JAN_007990,CUST_04788,Laptop,4,26344,2026-01-21,UPI,Hyderabad
JAN_007991,CUST_04135,Smartphone,3,40262,2026-01-04,Credit Card,Chennai
JAN_007992,CUST_04276,Mouse,5,1140,2026-01-16,Credit Card,Delhi
JAN_007993,CUST_00768,Tablet,4,18489,2026-01-27,UPI,Mumbai
JAN_007994,CUST_03918,Smartwatch,4,22013,2026-01-25,Debit Card,Mumbai
JAN_007995,CUST_00333,Mouse,2,32555,2026-01-23,Debit Card,Pune
JAN_007996,CUST_01631,Smartphone,3,29414,2026-01-28,Debit Card,Pune
JAN_007997,CUST_01084,Headphones,5,21318,2026-01-31,UPI,Pune
JAN_007998,CUST_02030,Smartwatch,1,13165,2026-01-18,UPI,Delhi
JAN_007999,CUST_04061,Mouse,5,28337,2026-01-14,Cash on Delivery,Bangalore
JAN_008000,CUST_03242,Tablet,3,13528,2026-01-29,Debit Card,Mumbai
JAN_008001,CUST_02585,Keyboard,3,43545,2026-01-29,Cash on Delivery,Bangalore
JAN_008002,CUST_04903,Headphones,4,268,2026-01-07,UPI,Delhi
JAN_008003,CUST_03754,Laptop,1,13797,2026-01-02,Cash on Delivery,Hyderabad
JAN_008004,CUST_00018,Smartphone,1,16523,2026-01-03,Credit Card,Mumbai
JAN_008005,CUST_01248,Keyboard,3,6546,2026-01-17,Cash on Delivery,Mumbai
JAN_008006,CUST_00202,Tablet,3,32251,2026-01-20,Debit Card,Mumbai
JAN_008007,CUST_03282,Smartwatch,1,37064,2026-01-29,UPI,Chennai
JAN_008008,CUST_03247,Mouse,3,17623,2026-01-29,UPI,Bangalore
JAN_008009,CUST_04834,Mouse,4,47223,2026-01-08,UPI,Chennai
JAN_008010,CUST_01158,Headphones,2,30755,2026-01-31,Cash on Delivery,Delhi
JAN_008011,CUST_00858,Laptop,3,17800,2026-01-14,UPI,Delhi
JAN_008012,CUST_03126,Laptop,2,34489,2026-01-24,Debit Card,Chennai
JAN_008013,CUST_02713,Headphones,1,46552,2026-01-12,Debit Card,Chennai
JAN_008014,CUST_04155,Smartwatch,3,41144,2026-01-18,Credit Card,Delhi
JAN_008015,CUST_04793,Tablet,3,23286,2026-01-22,Credit Card,Hyderabad
JAN_008016,CUST_00520,Laptop,2,15488,2026-01-31,Debit Card,Hyderabad
JAN_008017,CUST_03364,Smartphone,3,20100,2026-01-15,Debit Card,Delhi
JAN_008018,CUST_01840,Tablet,2,24955,2026-01-24,UPI,Hyderabad
JAN_008019,CUST_00508,Monitor,4,22446,2026-01-28,Credit Card,Pune
JAN_008020,CUST_04939,Mouse,4,25912,2026-01-15,Credit Card,Mumbai
JAN_008021,CUST_01785,Mouse,2,46762,2026-01-17,UPI,Mumbai
JAN_008022,CUST_02339,Headphones,4,35407,2026-01-06,Debit Card,Delhi
JAN_008023,CUST_01661,Mouse,4,47677,2026-01-28,UPI,Bangalore
JAN_008024,CUST_01308,Smartphone,4,32439,2026-01-03,Cash on Delivery,Pune
JAN_008025,CUST_04285,Smartwatch,1,6008,2026-01-01,UPI,Chennai
JAN_008026,CUST_03500,Monitor,5,40942,2026-01-31,Cash on Delivery,Hyderabad
JAN_008027,CUST_01312,Mouse,2,48372,2026-01-22,Debit Card,Chennai
JAN_008028,CUST_04525,Headphones,5,14521,2026-01-12,Debit Card,Bangalore
JAN_008029,CUST_00341,Mouse,3,41225,2026-01-23,Debit Card,Mumbai
JAN_008030,CUST_01906,Smartwatch,2,34737,2026-01-23,Credit Card,Pune
JAN_008031,CUST_03089,Smartwatch,5,49711,2026-01-09,UPI,Hyderabad
JAN_008032,CUST_02110,Mouse,5,35003,2026-01-04,Cash on Delivery,Mumbai
JAN_008033,CUST_04957,Smartwatch,3,14954,2026-01-05,Credit Card,Pune
JAN_008034,CUST_01827,Smartphone,3,43637,2026-01-18,Credit Card,Mumbai
JAN_008035,CUST_00137,Tablet,5,7042,2026-01-16,UPI,Bangalore
JAN_008036,CUST_04317,Tablet,5,28041,2026-01-23,UPI,Mumbai
JAN_008037,CUST_00509,Keyboard,2,18363,2026-01-12,Debit Card,Mumbai
JAN_008038,CUST_04966,Headphones,5,42509,2026-01-06,Debit Card,Bangalore
JAN_008039,CUST_00713,Keyboard,2,32717,2026-01-09,UPI,Bangalore
JAN_008040,CUST_04026,Mouse,2,23141,2026-01-21,UPI,Chennai
JAN_008041,CUST_02528,Keyboard,5,8908,2026-01-26,UPI,Delhi
JAN_008042,CUST_02913,Laptop,1,29251,2026-01-20,Cash on Delivery,Chennai
JAN_008043,CUST_02728,Monitor,1,2465,2026-01-15,Debit Card,Delhi
JAN_008044,CUST_02611,Tablet,4,46925,2026-01-24,UPI,Pune
JAN_008045,CUST_03216,Tablet,2,14439,2026-01-08,Cash on Delivery,Mumbai
JAN_008046,CUST_01481,Mouse,4,18605,2026-01-09,UPI,Bangalore
JAN_008047,CUST_00764,Smartwatch,2,10019,2026-01-25,Debit Card,Chennai
JAN_008048,CUST_00528,Mouse,5,45452,2026-01-14,Credit Card,Pune
JAN_008049,CUST_01984,Smartwatch,3,35961,2026-01-09,Debit Card,Mumbai
JAN_008050,CUST_04322,Headphones,4,44842,2026-01-15,Debit Card,Pune
JAN_008051,CUST_03884,Keyboard,1,25550,2026-01-16,UPI,Bangalore
JAN_008052,CUST_03204,Laptop,1,32483,2026-01-28,Debit Card,Mumbai
JAN_008053,CUST_03096,Mouse,1,47759,2026-01-20,UPI,Mumbai
JAN_008054,CUST_04819,Headphones,3,27221,2026-01-27,Credit Card,Pune
JAN_008055,CUST_04920,Smartwatch,2,29436,2026-01-11,Credit Card,Pune
JAN_008056,CUST_04562,Tablet,4,31561,2026-01-26,Cash on Delivery,Bangalore
JAN_008057,CUST_00002,Headphones,2,19707,2026-01-09,Cash on Delivery,Mumbai
JAN_008058,CUST_02823,Smartphone,2,29802,2026-01-10,Debit Card,Pune
JAN_008059,CUST_00054,Headphones,5,42634,2026-01-29,Credit Card,Chennai
JAN_008060,CUST_02917,Smartwatch,3,12051,2026-01-27,Credit Card,Pune
JAN_008061,CUST_03922,Monitor,4,11914,2026-01-13,Cash on Delivery,Bangalore
JAN_008062,CUST_02063,Monitor,3,1109,2026-01-25,Credit Card,Bangalore
JAN_008063,CUST_04180,Keyboard,5,29621,2026-01-19,Debit Card,Hyderabad
JAN_008064,CUST_02698,Keyboard,4,43237,2026-01-12,Debit Card,Pune
JAN_008065,CUST_01389,Headphones,1,38104,2026-01-31,Debit Card,Chennai
JAN_008066,CUST_02718,Mouse,3,32632,2026-01-02,Cash on Delivery,Bangalore
JAN_008067,CUST_01646,Laptop,1,37044,2026-01-17,Cash on Delivery,Chennai
JAN_008068,CUST_04970,Headphones,4,4291,2026-01-25,Debit Card,Delhi
JAN_008069,CUST_04426,Monitor,2,34243,2026-01-17,Cash on Delivery,Mumbai
JAN_008070,CUST_02894,Keyboard,3,42892,2026-01-28,Debit Card,Delhi
JAN_008071,CUST_01077,Tablet,2,36186,2026-01-01,Debit Card,Bangalore
JAN_008072,CUST_01448,Mouse,1,10412,2026-01-09,Debit Card,Hyderabad
JAN_008073,CUST_00061,Mouse,4,33987,2026-01-25,Cash on Delivery,Pune
JAN_008074,CUST_04571,Laptop,5,46873,2026-01-24,Cash on Delivery,Chennai
JAN_008075,CUST_02089,Headphones,4,11049,2026-01-07,Debit Card,Chennai
JAN_008076,CUST_03813,Smartphone,1,23200,2026-01-26,Cash on Delivery,Hyderabad
JAN_008077,CUST_01586,Tablet,5,5775,2026-01-15,Debit Card,Chennai
JAN_008078,CUST_03307,Headphones,1,48732,2026-01-04,Cash on Delivery,Delhi
JAN_008079,CUST_03881,Smartphone,2,48831,2026-01-13,Cash on Delivery,Delhi
JAN_008080,CUST_02391,Laptop,2,5139,2026-01-03,UPI,Chennai
JAN_008081,CUST_03403,Smartphone,4,11315,2026-01-14,Debit Card,Pune
JAN_008082,CUST_03254,Smartwatch,4,25974,2026-01-22,Credit Card,Pune
JAN_008083,CUST_04115,Headphones,2,20648,2026-01-03,Cash on Delivery,Hyderabad
JAN_008084,CUST_01486,Headphones,3,32577,2026-01-21,Cash on Delivery,Pune
JAN_008085,CUST_04523,Smartwatch,4,2979,2026-01-29,Cash on Delivery,Mumbai
JAN_008086,CUST_03631,Smartphone,3,34200,2026-01-13,Debit Card,Chennai
JAN_008087,CUST_01155,Monitor,4,35378,2026-01-20,Debit Card,Pune
JAN_008088,CUST_01576,Monitor,2,39367,2026-01-06,UPI,Mumbai
JAN_008089,CUST_01550,Mouse,1,14795,2026-01-26,Cash on Delivery,Delhi
JAN_008090,CUST_02795,Mouse,2,18940,2026-01-09,Cash on Delivery,Mumbai
JAN_008091,CUST_00537,Monitor,3,34140,2026-01-31,Credit Card,Delhi
JAN_008092,CUST_00543,Smartphone,5,22039,2026-01-31,UPI,Chennai
JAN_008093,CUST_04946,Laptop,4,1904,2026-01-03,Cash on Delivery,Chennai
JAN_008094,CUST_03502,Keyboard,1,13931,2026-01-16,UPI,Chennai
JAN_008095,CUST_02440,Monitor,2,36476,2026-01-29,Credit Card,Delhi
JAN_008096,CUST_02425,Headphones,3,21328,2026-01-13,UPI,Delhi
JAN_008097,CUST_02956,Keyboard,2,45705,2026-01-31,Credit Card,Pune
JAN_008098,CUST_00271,Smartphone,2,22305,2026-01-03,Debit Card,Pune
JAN_008099,CUST_03696,Monitor,5,4722,2026-01-13,Debit Card,Hyderabad
JAN_008100,CUST_04959,Monitor,5,49782,2026-01-19,Cash on Delivery,Chennai
JAN_008101,CUST_01905,Smartphone,4,322,2026-01-02,Debit Card,Chennai
JAN_008102,CUST_01032,Monitor,5,13056,2026-01-18,Credit Card,Mumbai
JAN_008103,CUST_02178,Keyboard,3,20294,2026-01-03,Debit Card,Chennai
JAN_008104,CUST_01581,Smartwatch,4,40575,2026-01-26,Credit Card,Chennai
JAN_008105,CUST_03552,Keyboard,4,41665,2026-01-17,Debit Card,Pune
JAN_008106,CUST_02535,Smartphone,1,43564,2026-01-10,Cash on Delivery,Delhi
JAN_008107,CUST_01084,Smartwatch,4,12840,2026-01-25,Credit Card,Pune
JAN_008108,CUST_03089,Laptop,3,9414,2026-01-01,Debit Card,Delhi
JAN_008109,CUST_04996,Headphones,1,6070,2026-01-20,Credit Card,Bangalore
JAN_008110,CUST_02152,Keyboard,3,3485,2026-01-15,Cash on Delivery,Hyderabad
JAN_008111,CUST_03960,Headphones,1,37938,2026-01-22,Credit Card,Hyderabad
JAN_008112,CUST_01101,Smartphone,1,9270,2026-01-16,UPI,Delhi
JAN_008113,CUST_01238,Keyboard,5,49791,2026-01-17,UPI,Mumbai
JAN_008114,CUST_00022,Monitor,5,23096,2026-01-12,Debit Card,Chennai
JAN_008115,CUST_00645,Smartwatch,5,49481,2026-01-14,UPI,Pune
JAN_008116,CUST_03181,Laptop,2,2698,2026-01-21,Debit Card,Pune
JAN_008117,CUST_00253,Laptop,3,44905,2026-01-31,Debit Card,Chennai
JAN_008118,CUST_00139,Smartphone,2,7966,2026-01-17,Debit Card,Delhi
JAN_008119,CUST_01969,Smartwatch,1,23643,2026-01-30,Cash on Delivery,Bangalore
JAN_008120,CUST_01522,Smartphone,1,8045,2026-01-07,Debit Card,Bangalore
JAN_008121,CUST_02723,Headphones,5,5574,2026-01-19,Cash on Delivery,Hyderabad
JAN_008122,CUST_00883,Smartwatch,5,43319,2026-01-24,UPI,Hyderabad
JAN_008123,CUST_00545,Keyboard,4,19388,2026-01-28,UPI,Chennai
JAN_008124,CUST_03411,Monitor,5,8643,2026-01-21,UPI,Bangalore
JAN_008125,CUST_02480,Keyboard,4,1842,2026-01-19,UPI,Mumbai
JAN_008126,CUST_04259,Laptop,1,49766,2026-01-14,UPI,Bangalore
JAN_008127,CUST_01776,Smartwatch,1,41098,2026-01-29,Cash on Delivery,Bangalore
JAN_008128,CUST_04985,Mouse,3,41596,2026-01-07,Credit Card,Pune
JAN_008129,CUST_04979,Tablet,2,8464,2026-01-09,UPI,Mumbai
JAN_008130,CUST_04780,Smartwatch,1,7837,2026-01-28,Debit Card,Delhi
JAN_008131,CUST_01651,Laptop,3,14646,2026-01-11,Credit Card,Bangalore
JAN_008132,CUST_03540,Headphones,3,44578,2026-01-31,UPI,Bangalore
JAN_008133,CUST_04059,Laptop,3,27187,2026-01-20,Debit Card,Hyderabad
JAN_008134,CUST_02708,Monitor,3,6574,2026-01-29,Cash on Delivery,Hyderabad
JAN_008135,CUST_01723,Headphones,3,2270,2026-01-24,Debit Card,Pune
JAN_008136,CUST_03691,Mouse,1,5479,2026-01-29,Credit Card,Bangalore
JAN_008137,CUST_04644,Smartphone,1,15564,2026-01-07,UPI,Pune
JAN_008138,CUST_03280,Tablet,4,45237,2026-01-13,UPI,Hyderabad
JAN_008139,CUST_02952,Headphones,1,33450,2026-01-28,Debit Card,Pune
JAN_008140,CUST_03103,Laptop,3,45750,2026-01-17,Credit Card,Hyderabad
JAN_008141,CUST_01183,Laptop,1,33936,2026-01-09,Credit Card,Bangalore
JAN_008142,CUST_04423,Monitor,4,33880,2026-01-25,Credit Card,Hyderabad
JAN_008143,CUST_04460,Laptop,2,31543,2026-01-23,UPI,Delhi
JAN_008144,CUST_03863,Keyboard,1,10253,2026-01-15,UPI,Bangalore
JAN_008145,CUST_04521,Smartwatch,5,42304,2026-01-31,Debit Card,Hyderabad
JAN_008146,CUST_01682,Laptop,4,16715,2026-01-12,Cash on Delivery,Hyderabad
JAN_008147,CUST_01548,Mouse,1,47569,2026-01-03,Debit Card,Pune
JAN_008148,CUST_00964,Mouse,1,21133,2026-01-21,UPI,Pune
JAN_008149,CUST_04535,Smartphone,2,46757,2026-01-03,Cash on Delivery,Mumbai
JAN_008150,CUST_00275,Laptop,1,18297,2026-01-16,Debit Card,Bangalore
JAN_008151,CUST_00895,Headphones,2,43810,2026-01-24,Debit Card,Hyderabad
JAN_008152,CUST_00849,Laptop,5,18839,2026-01-30,Debit Card,Delhi
JAN_008153,CUST_02678,Keyboard,5,25443,2026-01-11,Credit Card,Bangalore
JAN_008154,CUST_02959,Smartwatch,1,17997,2026-01-27,Debit Card,Mumbai
JAN_008155,CUST_01273,Tablet,1,4306,2026-01-30,UPI,Hyderabad
JAN_008156,CUST_01059,Smartphone,3,9745,2026-01-07,Debit Card,Mumbai
JAN_008157,CUST_03534,Smartphone,1,6507,2026-01-16,Debit Card,Hyderabad
JAN_008158,CUST_01291,Mouse,1,39450,2026-01-08,Cash on Delivery,Pune
JAN_008159,CUST_01111,Smartwatch,1,8832,2026-01-11,UPI,Chennai
JAN_008160,CUST_03383,Mouse,5,5969,2026-01-27,UPI,Mumbai
JAN_008161,CUST_00527,Headphones,2,14568,2026-01-03,UPI,Mumbai
JAN_008162,CUST_03726,Smartwatch,3,24361,2026-01-14,Cash on Delivery,Pune
JAN_008163,CUST_02014,Headphones,2,36136,2026-01-15,Credit Card,Chennai
JAN_008164,CUST_02519,Smartphone,3,15984,2026-01-17,Debit Card,Bangalore
JAN_008165,CUST_01392,Headphones,5,1682,2026-01-13,Cash on Delivery,Bangalore
JAN_008166,CUST_04938,Laptop,3,13288,2026-01-22,UPI,Bangalore
JAN_008167,CUST_03009,Laptop,5,48002,2026-01-24,Debit Card,Delhi
JAN_008168,CUST_00563,Smartwatch,5,15367,2026-01-17,Cash on Delivery,Delhi
JAN_008169,CUST_03651,Tablet,2,5821,2026-01-11,UPI,Pune
JAN_008170,CUST_04018,Headphones,4,18988,2026-01-17,UPI,Mumbai
JAN_008171,CUST_03054,Smartphone,3,48772,2026-01-27,Cash on Delivery,Hyderabad
JAN_008172,CUST_00689,Monitor,3,22230,2026-01-17,UPI,Hyderabad
JAN_008173,CUST_04858,Monitor,3,11175,2026-01-10,Cash on Delivery,Bangalore
JAN_008174,CUST_02601,Headphones,2,6493,2026-01-08,Cash on Delivery,Delhi
JAN_008175,CUST_04520,Mouse,2,17533,2026-01-05,Cash on Delivery,Pune
JAN_008176,CUST_01406,Laptop,2,1674,2026-01-22,Credit Card,Hyderabad
JAN_008177,CUST_03760,Headphones,4,20801,2026-01-03,UPI,Pune
JAN_008178,CUST_01999,Mouse,2,2346,2026-01-21,Debit Card,Pune
JAN_008179,CUST_04020,Smartphone,2,7192,2026-01-11,Debit Card,Bangalore
JAN_008180,CUST_03111,Headphones,3,15085,2026-01-31,UPI,Delhi
JAN_008181,CUST_01135,Mouse,1,14592,2026-01-02,UPI,Mumbai
JAN_008182,CUST_00927,Keyboard,1,18660,2026-01-04,Cash on Delivery,Bangalore
JAN_008183,CUST_02519,Headphones,1,18680,2026-01-27,Credit Card,Chennai
JAN_008184,CUST_03917,Laptop,3,22208,2026-01-21,Credit Card,Pune
JAN_008185,CUST_03920,Tablet,1,43492,2026-01-05,Credit Card,Chennai
JAN_008186,CUST_02505,Tablet,4,41025,2026-01-02,Cash on Delivery,Hyderabad
JAN_008187,CUST_04245,Tablet,2,23238,2026-01-19,Cash on Delivery,Pune
JAN_008188,CUST_03573,Mouse,1,4370,2026-01-19,Credit Card,Bangalore
JAN_008189,CUST_03669,Smartwatch,3,40709,2026-01-01,Cash on Delivery,Chennai
JAN_008190,CUST_03664,Smartwatch,2,14471,2026-01-06,Cash on Delivery,Hyderabad
JAN_008191,CUST_00329,Tablet,1,7144,2026-01-01,Debit Card,Chennai
JAN_008192,CUST_00391,Monitor,2,8597,2026-01-11,UPI,Mumbai
JAN_008193,CUST_01180,Tablet,1,48186,2026-01-03,Debit Card,Delhi
JAN_008194,CUST_03026,Keyboard,2,42729,2026-01-05,Credit Card,Delhi
JAN_008195,CUST_04522,Smartphone,3,15423,2026-01-25,Credit Card,Mumbai
JAN_008196,CUST_00610,Smartwatch,4,48608,2026-01-14,Cash on Delivery,Bangalore
JAN_008197,CUST_02519,Smartwatch,5,32087,2026-01-22,UPI,Chennai
JAN_008198,CUST_00918,Monitor,1,7405,2026-01-04,UPI,Bangalore
JAN_008199,CUST_04466,Tablet,2,15920,2026-01-16,UPI,Delhi
JAN_008200,CUST_00963,Monitor,3,34002,2026-01-16,Cash on Delivery,Mumbai
JAN_008201,CUST_03296,Mouse,2,13977,2026-01-06,Cash on Delivery,Delhi
JAN_008202,CUST_02477,Monitor,5,35440,2026-01-24,Debit Card,Pune
JAN_008203,CUST_04758,Keyboard,4,4734,2026-01-13,Debit Card,Chennai
JAN_008204,CUST_04518,Tablet,3,1891,2026-01-21,UPI,Bangalore
JAN_008205,CUST_03765,Smartphone,1,32818,2026-01-21,Debit Card,Pune
JAN_008206,CUST_02287,Laptop,1,10433,2026-01-10,Cash on Delivery,Bangalore
JAN_008207,CUST_04170,Mouse,2,18299,2026-01-25,Debit Card,Delhi
JAN_008208,CUST_04977,Keyboard,4,25741,2026-01-15,Cash on Delivery,Mumbai
JAN_008209,CUST_02536,Smartwatch,4,7849,2026-01-10,UPI,Hyderabad
JAN_008210,CUST_00623,Smartwatch,1,34677,2026-01-17,Credit Card,Pune
JAN_008211,CUST_03609,Keyboard,3,29389,2026-01-16,Cash on Delivery,Bangalore
JAN_008212,CUST_03422,Tablet,5,48752,2026-01-19,Debit Card,Bangalore
JAN_008213,CUST_01028,Tablet,2,45525,2026-01-23,Credit Card,Pune
JAN_008214,CUST_00839,Smartphone,3,27423,2026-01-21,Cash on Delivery,Bangalore
JAN_008215,CUST_02334,Smartphone,2,22162,2026-01-28,Debit Card,Pune
JAN_008216,CUST_02883,Monitor,4,39336,2026-01-25,Cash on Delivery,Pune
JAN_008217,CUST_00245,Tablet,5,47332,2026-01-26,UPI,Chennai
JAN_008218,CUST_03621,Laptop,3,41547,2026-01-29,Debit Card,Bangalore
JAN_008219,CUST_01725,Laptop,1,4868,2026-01-31,Cash on Delivery,Delhi
JAN_008220,CUST_02148,Smartphone,2,31051,2026-01-04,Credit Card,Bangalore
JAN_008221,CUST_01437,Smartphone,2,37863,2026-01-19,Debit Card,Chennai
JAN_008222,CUST_01042,Mouse,1,24233,2026-01-15,Debit Card,Bangalore
JAN_008223,CUST_01332,Monitor,1,32841,2026-01-26,Cash on Delivery,Bangalore
JAN_008224,CUST_04357,Monitor,4,21218,2026-01-21,Credit Card,Pune
JAN_008225,CUST_02524,Headphones,3,14357,2026-01-13,Cash on Delivery,Bangalore
JAN_008226,CUST_04140,Headphones,2,1751,2026-01-05,Credit Card,Delhi
JAN_008227,CUST_02255,Smartphone,1,27619,2026-01-02,Debit Card,Hyderabad
JAN_008228,CUST_00344,Tablet,2,24840,2026-01-13,Debit Card,Delhi
JAN_008229,CUST_00506,Smartphone,3,33855,2026-01-23,Cash on Delivery,Chennai
JAN_008230,CUST_03369,Tablet,2,28978,2026-01-02,Credit Card,Bangalore
JAN_008231,CUST_00451,Keyboard,2,7881,2026-01-02,Debit Card,Chennai
JAN_008232,CUST_01599,Headphones,1,24742,2026-01-24,UPI,Chennai
JAN_008233,CUST_02846,Laptop,4,37445,2026-01-24,Cash on Delivery,Pune
JAN_008234,CUST_02751,Mouse,3,44072,2026-01-04,Debit Card,Delhi
JAN_008235,CUST_03252,Mouse,5,17526,2026-01-07,UPI,Mumbai
JAN_008236,CUST_00224,Laptop,2,2374,2026-01-29,Cash on Delivery,Chennai
JAN_008237,CUST_00280,Mouse,1,27195,2026-01-13,Credit Card,Delhi
JAN_008238,CUST_01528,Smartphone,3,8052,2026-01-31,Cash on Delivery,Bangalore
JAN_008239,CUST_04935,Smartwatch,4,38882,2026-01-04,Credit Card,Hyderabad
JAN_008240,CUST_00225,Monitor,5,28407,2026-01-14,Debit Card,Delhi
JAN_008241,CUST_02217,Keyboard,3,11874,2026-01-03,Credit Card,Mumbai
JAN_008242,CUST_00383,Mouse,2,5355,2026-01-16,UPI,Chennai
JAN_008243,CUST_01380,Headphones,2,36989,2026-01-15,Cash on Delivery,Bangalore
JAN_008244,CUST_04895,Monitor,5,37320,2026-01-20,Credit Card,Pune
JAN_008245,CUST_03987,Mouse,2,35637,2026-01-13,Cash on Delivery,Mumbai
JAN_008246,CUST_03983,Smartwatch,4,43957,2026-01-03,Cash on Delivery,Delhi
JAN_008247,CUST_04118,Laptop,1,7004,2026-01-29,UPI,Delhi
JAN_008248,CUST_02868,Headphones,5,10056,2026-01-02,Credit Card,Hyderabad
JAN_008249,CUST_02983,Headphones,2,13987,2026-01-08,Cash on Delivery,Chennai
JAN_008250,CUST_00363,Mouse,3,34559,2026-01-11,UPI,Chennai
JAN_008251,CUST_01984,Headphones,3,18462,2026-01-21,Cash on Delivery,Hyderabad
JAN_008252,CUST_03357,Laptop,3,7385,2026-01-09,Credit Card,Chennai
JAN_008253,CUST_03245,Monitor,3,41553,2026-01-04,Debit Card,Delhi
JAN_008254,CUST_04797,Keyboard,2,43367,2026-01-15,Cash on Delivery,Mumbai
JAN_008255,CUST_00990,Mouse,4,5272,2026-01-05,Cash on Delivery,Hyderabad
JAN_008256,CUST_00286,Mouse,4,44069,2026-01-27,Cash on Delivery,Mumbai
JAN_008257,CUST_01220,Smartwatch,3,17471,2026-01-02,Debit Card,Mumbai
JAN_008258,CUST_00365,Mouse,2,32265,2026-01-19,Cash on Delivery,Mumbai
JAN_008259,CUST_03396,Tablet,1,21836,2026-01-06,UPI,Delhi
JAN_008260,CUST_03388,Headphones,2,29763,2026-01-11,Credit Card,Bangalore
JAN_008261,CUST_02200,Monitor,4,829,2026-01-13,Debit Card,Hyderabad
JAN_008262,CUST_02927,Smartphone,1,38548,2026-01-25,UPI,Chennai
JAN_008263,CUST_03219,Keyboard,2,12398,2026-01-11,Cash on Delivery,Chennai
JAN_008264,CUST_00584,Smartphone,1,32403,2026-01-20,Debit Card,Mumbai
JAN_008265,CUST_02848,Headphones,4,11901,2026-01-06,UPI,Chennai
JAN_008266,CUST_02386,Headphones,2,8768,2026-01-20,Credit Card,Bangalore
JAN_008267,CUST_04476,Mouse,1,36373,2026-01-08,Cash on Delivery,Bangalore
JAN_008268,CUST_03920,Smartwatch,1,32309,2026-01-26,Cash on Delivery,Bangalore
JAN_008269,CUST_03970,Headphones,2,44101,2026-01-22,Debit Card,Bangalore
JAN_008270,CUST_04267,Keyboard,4,28569,2026-01-27,UPI,Chennai
JAN_008271,CUST_04585,Keyboard,2,43643,2026-01-19,Debit Card,Mumbai
JAN_008272,CUST_01647,Keyboard,4,33704,2026-01-17,Credit Card,Chennai
JAN_008273,CUST_00921,Monitor,5,12160,2026-01-28,Cash on Delivery,Chennai
JAN_008274,CUST_03325,Smartwatch,5,1746,2026-01-17,UPI,Chennai
JAN_008275,CUST_03025,Smartwatch,3,15835,2026-01-19,UPI,Mumbai
JAN_008276,CUST_01528,Headphones,4,24094,2026-01-02,UPI,Hyderabad
JAN_008277,CUST_03352,Laptop,3,31024,2026-01-07,UPI,Hyderabad
JAN_008278,CUST_04591,Laptop,2,14756,2026-01-05,Cash on Delivery,Mumbai
JAN_008279,CUST_01164,Smartphone,2,31150,2026-01-09,Debit Card,Chennai
JAN_008280,CUST_01447,Tablet,5,15120,2026-01-27,Credit Card,Pune
JAN_008281,CUST_03340,Mouse,5,21678,2026-01-05,Debit Card,Delhi
JAN_008282,CUST_03413,Headphones,5,16346,2026-01-16,Credit Card,Chennai
JAN_008283,CUST_04704,Keyboard,2,49483,2026-01-24,Debit Card,Mumbai
JAN_008284,CUST_03862,Headphones,5,5801,2026-01-22,Debit Card,Hyderabad
JAN_008285,CUST_00859,Smartwatch,1,43767,2026-01-17,UPI,Hyderabad
JAN_008286,CUST_04147,Laptop,5,35213,2026-01-26,UPI,Bangalore
JAN_008287,CUST_01703,Keyboard,4,47594,2026-01-01,Credit Card,Chennai
JAN_008288,CUST_02202,Mouse,3,8524,2026-01-05,Credit Card,Chennai
JAN_008289,CUST_04934,Mouse,2,25739,2026-01-12,Cash on Delivery,Delhi
JAN_008290,CUST_01097,Tablet,2,12348,2026-01-26,Credit Card,Mumbai
JAN_008291,CUST_02584,Monitor,2,9768,2026-01-26,Debit Card,Mumbai
JAN_008292,CUST_00790,Smartwatch,5,38110,2026-01-25,Credit Card,Delhi
JAN_008293,CUST_03626,Mouse,3,6530,2026-01-19,UPI,Pune
JAN_008294,CUST_03233,Monitor,1,27861,2026-01-22,UPI,Hyderabad
JAN_008295,CUST_01422,Mouse,5,21498,2026-01-13,UPI,Delhi
JAN_008296,CUST_04761,Smartwatch,4,47487,2026-01-07,UPI,Pune
JAN_008297,CUST_02794,Tablet,3,9960,2026-01-31,Cash on Delivery,Chennai
JAN_008298,CUST_02498,Tablet,1,44777,2026-01-24,UPI,Hyderabad
JAN_008299,CUST_01739,Headphones,1,29918,2026-01-03,Credit Card,Delhi
JAN_008300,CUST_04697,Smartphone,5,46718,2026-01-24,UPI,Hyderabad
JAN_008301,CUST_03274,Monitor,3,3753,2026-01-09,Cash on Delivery,Delhi
JAN_008302,CUST_04754,Monitor,1,24986,2026-01-14,Cash on Delivery,Pune
JAN_008303,CUST_03445,Monitor,3,40835,2026-01-28,UPI,Hyderabad
JAN_008304,CUST_03379,Tablet,4,4226,2026-01-13,Credit Card,Delhi
JAN_008305,CUST_03099,Mouse,3,37693,2026-01-07,Debit Card,Pune
JAN_008306,CUST_02371,Keyboard,4,43888,2026-01-04,UPI,Pune
JAN_008307,CUST_01615,Mouse,2,19648,2026-01-09,UPI,Chennai
JAN_008308,CUST_03522,Keyboard,1,32800,2026-01-05,Cash on Delivery,Chennai
JAN_008309,CUST_02225,Mouse,2,12068,2026-01-25,Credit Card,Mumbai
JAN_008310,CUST_01524,Mouse,2,42517,2026-01-28,UPI,Pune
JAN_008311,CUST_04837,Tablet,2,33833,2026-01-26,UPI,Pune
JAN_008312,CUST_04722,Laptop,2,17067,2026-01-24,Cash on Delivery,Delhi
JAN_008313,CUST_03717,Monitor,1,2248,2026-01-04,Credit Card,Hyderabad
JAN_008314,CUST_02993,Keyboard,5,21625,2026-01-30,UPI,Hyderabad
JAN_008315,CUST_01686,Keyboard,2,31261,2026-01-24,UPI,Mumbai
JAN_008316,CUST_02573,Keyboard,3,5939,2026-01-10,Credit Card,Bangalore
JAN_008317,CUST_03494,Keyboard,3,14956,2026-01-21,UPI,Pune
JAN_008318,CUST_00638,Smartphone,4,15288,2026-01-15,Credit Card,Bangalore
JAN_008319,CUST_03656,Smartphone,3,17270,2026-01-09,Credit Card,Delhi
JAN_008320,CUST_04145,Headphones,3,20037,2026-01-30,UPI,Chennai
JAN_008321,CUST_03361,Headphones,2,2336,2026-01-26,Cash on Delivery,Hyderabad
JAN_008322,CUST_04667,Mouse,3,36314,2026-01-05,UPI,Delhi
JAN_008323,CUST_04197,Mouse,3,30403,2026-01-30,UPI,Pune
JAN_008324,CUST_03422,Smartphone,5,43703,2026-01-18,UPI,Chennai
JAN_008325,CUST_01442,Monitor,3,39319,2026-01-24,Credit Card,Mumbai
JAN_008326,CUST_02478,Monitor,2,48018,2026-01-30,Cash on Delivery,Bangalore
JAN_008327,CUST_01641,Keyboard,5,28617,2026-01-04,UPI,Delhi
JAN_008328,CUST_03818,Mouse,4,5556,2026-01-14,Cash on Delivery,Mumbai
JAN_008329,CUST_00089,Monitor,3,15994,2026-01-14,Credit Card,Chennai
JAN_008330,CUST_00163,Tablet,2,25271,2026-01-22,Cash on Delivery,Mumbai
JAN_008331,CUST_04081,Mouse,4,466,2026-01-05,Cash on Delivery,Hyderabad
JAN_008332,CUST_03071,Keyboard,1,11608,2026-01-25,UPI,Chennai
JAN_008333,CUST_04331,Mouse,1,43653,2026-01-26,Cash on Delivery,Hyderabad
JAN_008334,CUST_03696,Headphones,5,28130,2026-01-25,Cash on Delivery,Delhi
JAN_008335,CUST_00432,Mouse,1,36547,2026-01-28,Cash on Delivery,Delhi
JAN_008336,CUST_01601,Smartphone,5,49739,2026-01-20,UPI,Pune
JAN_008337,CUST_03636,Tablet,3,48918,2026-01-13,Cash on Delivery,Pune
JAN_008338,CUST_04026,Mouse,1,7869,2026-01-09,Credit Card,Pune
JAN_008339,CUST_02823,Keyboard,1,29891,2026-01-12,Debit Card,Bangalore
JAN_008340,CUST_00010,Mouse,4,6937,2026-01-26,Cash on Delivery,Mumbai
JAN_008341,CUST_01917,Mouse,1,15056,2026-01-10,Cash on Delivery,Delhi
JAN_008342,CUST_03102,Tablet,3,18638,2026-01-28,Debit Card,Chennai
JAN_008343,CUST_04825,Laptop,5,19485,2026-01-14,UPI,Bangalore
JAN_008344,CUST_02915,Laptop,5,23310,2026-01-05,Cash on Delivery,Delhi
JAN_008345,CUST_00461,Keyboard,5,21832,2026-01-14,Debit Card,Delhi
JAN_008346,CUST_04284,Headphones,2,7794,2026-01-17,Credit Card,Delhi
JAN_008347,CUST_03503,Tablet,5,14367,2026-01-20,Debit Card,Delhi
JAN_008348,CUST_02941,Monitor,5,38142,2026-01-30,UPI,Hyderabad
JAN_008349,CUST_03819,Smartwatch,2,33770,2026-01-15,Debit Card,Hyderabad
JAN_008350,CUST_03210,Headphones,2,22095,2026-01-30,Debit Card,Delhi
JAN_008351,CUST_03335,Keyboard,4,26758,2026-01-16,Credit Card,Hyderabad
JAN_008352,CUST_00795,Smartphone,4,7793,2026-01-16,Cash on Delivery,Bangalore
JAN_008353,CUST_01739,Monitor,5,49835,2026-01-28,Debit Card,Bangalore
JAN_008354,CUST_04961,Mouse,3,3323,2026-01-07,Cash on Delivery,Pune
JAN_008355,CUST_04272,Monitor,5,43278,2026-01-19,Credit Card,Hyderabad
JAN_008356,CUST_04409,Smartwatch,2,4206,2026-01-09,Cash on Delivery,Pune
JAN_008357,CUST_04265,Monitor,3,45713,2026-01-05,Debit Card,Mumbai
JAN_008358,CUST_04755,Keyboard,5,19808,2026-01-15,Credit Card,Mumbai
JAN_008359,CUST_04637,Smartphone,3,10612,2026-01-10,UPI,Bangalore
JAN_008360,CUST_02540,Laptop,5,26504,2026-01-09,Cash on Delivery,Chennai
JAN_008361,CUST_02551,Headphones,5,23840,2026-01-05,Cash on Delivery,Bangalore
JAN_008362,CUST_02534,Laptop,3,10612,2026-01-02,Cash on Delivery,Pune
JAN_008363,CUST_03812,Laptop,2,24329,2026-01-23,Debit Card,Chennai
JAN_008364,CUST_03116,Keyboard,1,29873,2026-01-14,Cash on Delivery,Hyderabad
JAN_008365,CUST_04978,Tablet,3,5240,2026-01-26,UPI,Hyderabad
JAN_008366,CUST_03238,Monitor,1,40927,2026-01-01,Debit Card,Mumbai
JAN_008367,CUST_01390,Keyboard,3,26947,2026-01-16,UPI,Bangalore
JAN_008368,CUST_00343,Mouse,1,46870,2026-01-24,UPI,Chennai
JAN_008369,CUST_04206,Headphones,5,10131,2026-01-02,Credit Card,Mumbai
JAN_008370,CUST_01176,Monitor,1,49814,2026-01-19,Credit Card,Hyderabad
JAN_008371,CUST_00036,Headphones,5,45305,2026-01-01,Debit Card,Mumbai
JAN_008372,CUST_00768,Mouse,4,17024,2026-01-03,Cash on Delivery,Delhi
JAN_008373,CUST_04688,Laptop,3,24457,2026-01-20,Debit Card,Delhi
JAN_008374,CUST_03946,Keyboard,5,2029,2026-01-08,Debit Card,Hyderabad
JAN_008375,CUST_04052,Monitor,4,46222,2026-01-31,Debit Card,Bangalore
JAN_008376,CUST_04458,Mouse,3,9139,2026-01-13,Cash on Delivery,Delhi
JAN_008377,CUST_01727,Keyboard,5,35853,2026-01-07,Debit Card,Pune
JAN_008378,CUST_03395,Monitor,1,37603,2026-01-28,UPI,Delhi
JAN_008379,CUST_02384,Keyboard,1,36844,2026-01-23,Credit Card,Bangalore
JAN_008380,CUST_01708,Laptop,1,27871,2026-01-03,UPI,Chennai
JAN_008381,CUST_02087,Mouse,5,2888,2026-01-22,Credit Card,Bangalore
JAN_008382,CUST_04637,Keyboard,3,7982,2026-01-21,Cash on Delivery,Pune
JAN_008383,CUST_01593,Keyboard,3,47274,2026-01-16,Credit Card,Pune
JAN_008384,CUST_00348,Tablet,1,36051,2026-01-21,Credit Card,Mumbai
JAN_008385,CUST_04353,Headphones,1,25294,2026-01-21,UPI,Chennai
JAN_008386,CUST_01543,Headphones,2,4592,2026-01-22,Cash on Delivery,Chennai
JAN_008387,CUST_04269,Smartphone,1,43546,2026-01-21,UPI,Hyderabad
JAN_008388,CUST_00498,Headphones,2,35698,2026-01-26,Credit Card,Chennai
JAN_008389,CUST_03930,Laptop,2,44117,2026-01-19,Debit Card,Chennai
JAN_008390,CUST_02593,Keyboard,3,27927,2026-01-20,Debit Card,Bangalore
JAN_008391,CUST_00523,Smartphone,5,43157,2026-01-22,Credit Card,Bangalore
JAN_008392,CUST_03698,Headphones,5,25804,2026-01-10,Credit Card,Hyderabad
JAN_008393,CUST_03213,Headphones,3,1291,2026-01-19,Credit Card,Delhi
JAN_008394,CUST_02150,Headphones,1,14976,2026-01-17,UPI,Chennai
JAN_008395,CUST_02827,Smartphone,3,21222,2026-01-21,UPI,Hyderabad
JAN_008396,CUST_04928,Laptop,2,40969,2026-01-02,Debit Card,Chennai
JAN_008397,CUST_04270,Smartwatch,5,16028,2026-01-05,Debit Card,Delhi
JAN_008398,CUST_00735,Laptop,4,47249,2026-01-19,Cash on Delivery,Delhi
JAN_008399,CUST_01746,Headphones,4,25365,2026-01-08,Debit Card,Delhi
JAN_008400,CUST_02421,Laptop,2,45567,2026-01-31,Debit Card,Hyderabad
JAN_008401,CUST_03205,Headphones,2,36725,2026-01-13,Debit Card,Hyderabad
JAN_008402,CUST_02714,Headphones,1,5012,2026-01-12,UPI,Pune
JAN_008403,CUST_00917,Monitor,3,20040,2026-01-30,Debit Card,Hyderabad
JAN_008404,CUST_02540,Tablet,5,9453,2026-01-28,UPI,Chennai
JAN_008405,CUST_00467,Monitor,1,47898,2026-01-09,Cash on Delivery,Mumbai
JAN_008406,CUST_01104,Headphones,1,47554,2026-01-07,Cash on Delivery,Chennai
JAN_008407,CUST_00448,Headphones,3,16658,2026-01-11,Credit Card,Hyderabad
JAN_008408,CUST_00214,Keyboard,2,608,2026-01-03,Debit Card,Mumbai
JAN_008409,CUST_00428,Keyboard,4,8800,2026-01-24,UPI,Mumbai
JAN_008410,CUST_04895,Tablet,2,39222,2026-01-05,Debit Card,Chennai
JAN_008411,CUST_02927,Smartphone,2,28466,2026-01-11,Credit Card,Chennai
JAN_008412,CUST_00457,Tablet,5,28141,2026-01-02,Credit Card,Delhi
JAN_008413,CUST_00190,Headphones,2,23068,2026-01-23,UPI,Chennai
JAN_008414,CUST_03518,Smartwatch,5,41028,2026-01-13,Credit Card,Mumbai
JAN_008415,CUST_01346,Tablet,3,27587,2026-01-29,Credit Card,Mumbai
JAN_008416,CUST_01704,Keyboard,3,24082,2026-01-28,Debit Card,Hyderabad
JAN_008417,CUST_03011,Smartwatch,3,26267,2026-01-06,Credit Card,Mumbai
JAN_008418,CUST_01402,Monitor,5,2354,2026-01-19,Debit Card,Bangalore
JAN_008419,CUST_02446,Tablet,3,13834,2026-01-03,Cash on Delivery,Chennai
JAN_008420,CUST_01606,Tablet,5,46728,2026-01-28,Credit Card,Bangalore
JAN_008421,CUST_03420,Mouse,5,23392,2026-01-31,Cash on Delivery,Bangalore
JAN_008422,CUST_03580,Smartwatch,5,23668,2026-01-16,Debit Card,Pune
JAN_008423,CUST_03983,Laptop,3,7907,2026-01-16,Cash on Delivery,Bangalore
JAN_008424,CUST_00429,Smartwatch,4,39461,2026-01-31,Cash on Delivery,Bangalore
JAN_008425,CUST_02762,Smartphone,1,24714,2026-01-28,UPI,Bangalore
JAN_008426,CUST_01126,Monitor,4,33169,2026-01-20,Cash on Delivery,Mumbai
JAN_008427,CUST_01358,Smartwatch,3,24966,2026-01-10,Cash on Delivery,Hyderabad
JAN_008428,CUST_00380,Laptop,3,45330,2026-01-12,Cash on Delivery,Chennai
JAN_008429,CUST_00056,Smartwatch,2,33441,2026-01-27,Credit Card,Hyderabad
JAN_008430,CUST_00260,Mouse,1,27563,2026-01-12,Credit Card,Chennai
JAN_008431,CUST_00001,Headphones,1,42103,2026-01-11,Credit Card,Delhi
JAN_008432,CUST_01432,Smartphone,2,14894,2026-01-11,UPI,Delhi
JAN_008433,CUST_02308,Mouse,4,9009,2026-01-19,Cash on Delivery,Chennai
JAN_008434,CUST_02656,Smartphone,3,33721,2026-01-08,Cash on Delivery,Bangalore
JAN_008435,CUST_03861,Smartphone,3,44133,2026-01-19,UPI,Delhi
JAN_008436,CUST_04894,Monitor,3,24428,2026-01-22,Credit Card,Pune
JAN_008437,CUST_02566,Keyboard,2,21924,2026-01-18,Debit Card,Hyderabad
JAN_008438,CUST_04940,Smartphone,4,38891,2026-01-20,Debit Card,Delhi
JAN_008439,CUST_02853,Monitor,2,8947,2026-01-31,Cash on Delivery,Pune
JAN_008440,CUST_02636,Smartphone,2,659,2026-01-22,UPI,Mumbai
JAN_008441,CUST_00736,Tablet,3,49618,2026-01-18,Cash on Delivery,Delhi
JAN_008442,CUST_00519,Smartphone,1,19017,2026-01-25,Cash on Delivery,Delhi
JAN_008443,CUST_03471,Laptop,5,35771,2026-01-07,UPI,Mumbai
JAN_008444,CUST_00024,Mouse,3,39860,2026-01-11,Cash on Delivery,Pune
JAN_008445,CUST_00836,Tablet,3,4236,2026-01-28,UPI,Pune
JAN_008446,CUST_04021,Monitor,5,13827,2026-01-12,Debit Card,Pune
JAN_008447,CUST_02930,Mouse,2,6033,2026-01-10,UPI,Pune
JAN_008448,CUST_01335,Laptop,5,19494,2026-01-10,UPI,Hyderabad
JAN_008449,CUST_04468,Smartwatch,3,17988,2026-01-06,UPI,Chennai
JAN_008450,CUST_03629,Headphones,3,21758,2026-01-18,UPI,Pune
JAN_008451,CUST_02547,Smartphone,3,8116,2026-01-12,UPI,Hyderabad
JAN_008452,CUST_03752,Monitor,4,49950,2026-01-07,Cash on Delivery,Mumbai
JAN_008453,CUST_03628,Smartwatch,1,44880,2026-01-27,Cash on Delivery,Mumbai
JAN_008454,CUST_03472,Mouse,1,14044,2026-01-30,Debit Card,Mumbai
JAN_008455,CUST_04440,Mouse,5,13633,2026-01-06,Cash on Delivery,Hyderabad
JAN_008456,CUST_02950,Monitor,5,10693,2026-01-11,Cash on Delivery,Chennai
JAN_008457,CUST_00505,Smartwatch,5,40791,2026-01-24,Credit Card,Delhi
JAN_008458,CUST_04908,Smartphone,3,25671,2026-01-14,Debit Card,Hyderabad
JAN_008459,CUST_03564,Laptop,5,42470,2026-01-01,Credit Card,Chennai
JAN_008460,CUST_01020,Laptop,1,11322,2026-01-14,Credit Card,Bangalore
JAN_008461,CUST_00631,Headphones,1,41088,2026-01-27,Debit Card,Bangalore
JAN_008462,CUST_03144,Smartphone,3,30958,2026-01-19,Credit Card,Pune
JAN_008463,CUST_04923,Mouse,2,37061,2026-01-09,Debit Card,Pune
JAN_008464,CUST_03467,Keyboard,2,31438,2026-01-22,Debit Card,Hyderabad
JAN_008465,CUST_04194,Mouse,5,45597,2026-01-28,UPI,Delhi
JAN_008466,CUST_04429,Tablet,5,32837,2026-01-24,UPI,Mumbai
JAN_008467,CUST_04226,Smartphone,1,8063,2026-01-18,Credit Card,Delhi
JAN_008468,CUST_03877,Monitor,2,13861,2026-01-26,Credit Card,Mumbai
JAN_008469,CUST_01927,Headphones,3,5543,2026-01-09,Cash on Delivery,Mumbai
JAN_008470,CUST_03812,Smartphone,2,32291,2026-01-22,Cash on Delivery,Hyderabad
JAN_008471,CUST_01966,Keyboard,5,32005,2026-01-14,UPI,Hyderabad
JAN_008472,CUST_00562,Keyboard,2,11516,2026-01-24,UPI,Hyderabad
JAN_008473,CUST_01161,Headphones,1,20204,2026-01-31,Debit Card,Hyderabad
JAN_008474,CUST_01960,Monitor,1,39765,2026-01-10,Cash on Delivery,Hyderabad
JAN_008475,CUST_04603,Smartphone,4,16938,2026-01-25,Debit Card,Chennai
JAN_008476,CUST_00282,Mouse,2,44018,2026-01-04,Debit Card,Hyderabad
JAN_008477,CUST_00140,Laptop,2,33702,2026-01-19,Debit Card,Delhi
JAN_008478,CUST_02253,Smartphone,4,3064,2026-01-05,UPI,Hyderabad
JAN_008479,CUST_01829,Smartphone,2,32602,2026-01-26,Cash on Delivery,Pune
JAN_008480,CUST_01718,Mouse,1,14890,2026-01-09,UPI,Bangalore
JAN_008481,CUST_03875,Headphones,3,46547,2026-01-24,UPI,Chennai
JAN_008482,CUST_01827,Keyboard,3,34315,2026-01-08,UPI,Delhi
JAN_008483,CUST_04103,Headphones,2,3272,2026-01-14,UPI,Pune
JAN_008484,CUST_02742,Headphones,5,45346,2026-01-29,Cash on Delivery,Hyderabad
JAN_008485,CUST_04531,Monitor,3,26679,2026-01-14,Credit Card,Mumbai
JAN_008486,CUST_03157,Tablet,1,41741,2026-01-03,UPI,Chennai
JAN_008487,CUST_00357,Headphones,1,8897,2026-01-06,Debit Card,Mumbai
JAN_008488,CUST_03093,Smartwatch,3,47322,2026-01-15,Debit Card,Pune
JAN_008489,CUST_01746,Smartwatch,2,37885,2026-01-27,Credit Card,Mumbai
JAN_008490,CUST_02009,Monitor,1,41683,2026-01-25,UPI,Mumbai
JAN_008491,CUST_02219,Mouse,5,24905,2026-01-08,Debit Card,Mumbai
JAN_008492,CUST_01087,Smartphone,5,18897,2026-01-19,Debit Card,Bangalore
JAN_008493,CUST_04784,Mouse,5,28981,2026-01-09,Credit Card,Bangalore
JAN_008494,CUST_03820,Headphones,1,19129,2026-01-10,Cash on Delivery,Bangalore
JAN_008495,CUST_02512,Headphones,1,29544,2026-01-26,Debit Card,Chennai
JAN_008496,CUST_04662,Mouse,5,324,2026-01-08,Debit Card,Chennai
JAN_008497,CUST_00827,Mouse,3,17147,2026-01-11,Debit Card,Chennai
JAN_008498,CUST_02975,Tablet,3,34069,2026-01-23,UPI,Bangalore
JAN_008499,CUST_02607,Headphones,3,9023,2026-01-24,Cash on Delivery,Bangalore
JAN_008500,CUST_02606,Laptop,5,40201,2026-01-13,Credit Card,Mumbai
JAN_008501,CUST_01952,Smartphone,4,36775,2026-01-09,Debit Card,Delhi
JAN_008502,CUST_01947,Smartphone,2,28830,2026-01-03,Cash on Delivery,Bangalore
JAN_008503,CUST_04317,Keyboard,5,14267,2026-01-09,Cash on Delivery,Chennai
JAN_008504,CUST_01086,Tablet,1,23927,2026-01-16,Debit Card,Delhi
JAN_008505,CUST_02109,Smartphone,2,20997,2026-01-06,UPI,Pune
JAN_008506,CUST_04318,Keyboard,3,49828,2026-01-07,UPI,Delhi
JAN_008507,CUST_03890,Headphones,2,15245,2026-01-10,Cash on Delivery,Delhi
JAN_008508,CUST_03642,Mouse,1,39469,2026-01-02,Cash on Delivery,Bangalore
JAN_008509,CUST_03912,Laptop,1,28354,2026-01-07,Credit Card,Delhi
JAN_008510,CUST_04881,Tablet,4,13945,2026-01-08,Credit Card,Bangalore
JAN_008511,CUST_00795,Laptop,5,22578,2026-01-06,Credit Card,Pune
JAN_008512,CUST_02996,Monitor,5,11945,2026-01-15,Cash on Delivery,Delhi
JAN_008513,CUST_00718,Mouse,3,6759,2026-01-06,UPI,Hyderabad
JAN_008514,CUST_02840,Smartphone,5,8225,2026-01-17,UPI,Hyderabad
JAN_008515,CUST_02215,Headphones,5,8071,2026-01-20,Cash on Delivery,Pune
JAN_008516,CUST_01927,Mouse,2,42308,2026-01-18,UPI,Chennai
JAN_008517,CUST_01555,Keyboard,5,49037,2026-01-09,Debit Card,Bangalore
JAN_008518,CUST_02529,Keyboard,2,18798,2026-01-07,Cash on Delivery,Pune
JAN_008519,CUST_04881,Tablet,2,41189,2026-01-04,UPI,Bangalore
JAN_008520,CUST_04630,Keyboard,2,19273,2026-01-02,Credit Card,Bangalore
JAN_008521,CUST_01606,Laptop,1,40367,2026-01-25,UPI,Pune
JAN_008522,CUST_03765,Keyboard,1,24853,2026-01-24,Credit Card,Delhi
JAN_008523,CUST_02404,Keyboard,1,43300,2026-01-05,Cash on Delivery,Delhi
JAN_008524,CUST_02085,Tablet,5,15870,2026-01-10,UPI,Chennai
JAN_008525,CUST_01109,Smartphone,2,24173,2026-01-04,Cash on Delivery,Hyderabad
JAN_008526,CUST_04422,Smartwatch,5,5319,2026-01-26,UPI,Delhi
JAN_008527,CUST_00914,Headphones,4,10871,2026-01-10,Debit Card,Bangalore
JAN_008528,CUST_02949,Headphones,1,29078,2026-01-21,Cash on Delivery,Hyderabad
JAN_008529,CUST_00632,Monitor,2,35617,2026-01-19,Credit Card,Mumbai
JAN_008530,CUST_04633,Tablet,4,33409,2026-01-03,Debit Card,Mumbai
JAN_008531,CUST_03324,Monitor,1,7185,2026-01-14,UPI,Mumbai
JAN_008532,CUST_02262,Mouse,1,49445,2026-01-12,Credit Card,Chennai
JAN_008533,CUST_03194,Laptop,1,43805,2026-01-15,Credit Card,Delhi
JAN_008534,CUST_03187,Headphones,3,31090,2026-01-04,Debit Card,Mumbai
JAN_008535,CUST_00276,Laptop,2,25492,2026-01-01,Cash on Delivery,Hyderabad
JAN_008536,CUST_03863,Mouse,2,38576,2026-01-12,Cash on Delivery,Pune
JAN_008537,CUST_04495,Mouse,4,42070,2026-01-08,UPI,Pune
JAN_008538,CUST_04480,Mouse,3,33159,2026-01-23,UPI,Chennai
JAN_008539,CUST_00389,Headphones,1,11605,2026-01-08,UPI,Hyderabad
JAN_008540,CUST_01573,Smartwatch,2,31302,2026-01-06,Credit Card,Bangalore
JAN_008541,CUST_00928,Smartphone,2,39243,2026-01-27,UPI,Pune
JAN_008542,CUST_01685,Smartphone,1,10307,2026-01-28,Cash on Delivery,Delhi
JAN_008543,CUST_03610,Laptop,3,2628,2026-01-08,Cash on Delivery,Chennai
JAN_008544,CUST_02416,Headphones,3,10690,2026-01-22,Credit Card,Hyderabad
JAN_008545,CUST_02671,Mouse,4,22263,2026-01-06,Debit Card,Chennai
JAN_008546,CUST_01824,Smartphone,4,39646,2026-01-13,UPI,Bangalore
JAN_008547,CUST_02900,Laptop,2,25423,2026-01-12,Debit Card,Delhi
JAN_008548,CUST_02312,Headphones,2,29099,2026-01-12,Credit Card,Bangalore
JAN_008549,CUST_03475,Tablet,4,49047,2026-01-14,Credit Card,Delhi
JAN_008550,CUST_03948,Smartwatch,1,32509,2026-01-14,Debit Card,Pune
JAN_008551,CUST_04818,Laptop,3,23508,2026-01-15,Debit Card,Delhi
JAN_008552,CUST_01170,Mouse,2,45556,2026-01-25,UPI,Bangalore
JAN_008553,CUST_03497,Mouse,2,24200,2026-01-20,Debit Card,Hyderabad
JAN_008554,CUST_04362,Laptop,4,18013,2026-01-15,Credit Card,Chennai
JAN_008555,CUST_03262,Laptop,2,19208,2026-01-03,Cash on Delivery,Delhi
JAN_008556,CUST_00890,Smartwatch,1,8251,2026-01-03,Debit Card,Chennai
JAN_008557,CUST_02812,Keyboard,5,39717,2026-01-28,Debit Card,Delhi
JAN_008558,CUST_00754,Smartphone,3,18547,2026-01-30,Credit Card,Bangalore
JAN_008559,CUST_00766,Monitor,1,44541,2026-01-01,Debit Card,Delhi
JAN_008560,CUST_03812,Laptop,5,27455,2026-01-27,UPI,Hyderabad
JAN_008561,CUST_04193,Keyboard,3,34757,2026-01-26,Debit Card,Bangalore
JAN_008562,CUST_01839,Smartwatch,3,21216,2026-01-17,Debit Card,Pune
JAN_008563,CUST_03673,Monitor,5,29622,2026-01-18,Cash on Delivery,Bangalore
JAN_008564,CUST_02863,Mouse,2,41621,2026-01-05,UPI,Pune
JAN_008565,CUST_02485,Keyboard,4,34946,2026-01-25,Credit Card,Chennai
JAN_008566,CUST_03307,Mouse,5,32623,2026-01-11,Debit Card,Mumbai
JAN_008567,CUST_03712,Smartwatch,4,12082,2026-01-26,Debit Card,Delhi
JAN_008568,CUST_04191,Smartphone,3,34930,2026-01-02,UPI,Hyderabad
JAN_008569,CUST_03311,Tablet,5,44414,2026-01-28,Debit Card,Bangalore
JAN_008570,CUST_00881,Keyboard,2,18773,2026-01-04,Cash on Delivery,Chennai
JAN_008571,CUST_04610,Headphones,4,22233,2026-01-03,Credit Card,Delhi
JAN_008572,CUST_00865,Laptop,1,47638,2026-01-15,Credit Card,Pune
JAN_008573,CUST_03016,Smartwatch,2,21051,2026-01-26,UPI,Hyderabad
JAN_008574,CUST_03981,Monitor,4,3843,2026-01-28,Debit Card,Delhi
JAN_008575,CUST_01484,Laptop,5,47276,2026-01-27,Credit Card,Chennai
JAN_008576,CUST_01813,Laptop,1,19107,2026-01-03,Debit Card,Chennai
JAN_008577,CUST_00888,Tablet,2,46733,2026-01-09,Debit Card,Mumbai
JAN_008578,CUST_00470,Keyboard,4,32513,2026-01-22,Debit Card,Hyderabad
JAN_008579,CUST_00117,Smartwatch,5,47387,2026-01-31,Credit Card,Delhi
JAN_008580,CUST_04296,Mouse,1,4842,2026-01-23,UPI,Chennai
JAN_008581,CUST_01554,Laptop,2,46527,2026-01-03,Cash on Delivery,Mumbai
JAN_008582,CUST_03768,Smartphone,5,17532,2026-01-20,Cash on Delivery,Chennai
JAN_008583,CUST_00468,Tablet,4,45946,2026-01-19,Credit Card,Chennai
JAN_008584,CUST_00865,Smartwatch,5,9584,2026-01-07,Cash on Delivery,Bangalore
JAN_008585,CUST_01388,Tablet,3,27317,2026-01-20,UPI,Mumbai
JAN_008586,CUST_00133,Smartwatch,5,42917,2026-01-02,Cash on Delivery,Chennai
JAN_008587,CUST_00423,Laptop,5,45356,2026-01-10,Cash on Delivery,Mumbai
JAN_008588,CUST_04208,Keyboard,2,24474,2026-01-03,Cash on Delivery,Chennai
JAN_008589,CUST_00585,Laptop,4,6344,2026-01-24,UPI,Hyderabad
JAN_008590,CUST_02775,Keyboard,4,2887,2026-01-30,UPI,Chennai
JAN_008591,CUST_00170,Smartphone,1,10008,2026-01-02,Credit Card,Delhi
JAN_008592,CUST_00957,Headphones,4,36874,2026-01-24,Credit Card,Hyderabad
JAN_008593,CUST_02611,Smartphone,1,8188,2026-01-02,UPI,Hyderabad
JAN_008594,CUST_00559,Smartwatch,5,13040,2026-01-30,Debit Card,Pune
JAN_008595,CUST_00917,Laptop,4,30556,2026-01-19,Cash on Delivery,Hyderabad
JAN_008596,CUST_03907,Smartphone,1,7401,2026-01-17,Debit Card,Hyderabad
JAN_008597,CUST_00651,Smartphone,4,15232,2026-01-10,Credit Card,Hyderabad
JAN_008598,CUST_01244,Monitor,1,37386,2026-01-05,Cash on Delivery,Bangalore
JAN_008599,CUST_01107,Monitor,5,41561,2026-01-25,Cash on Delivery,Mumbai
JAN_008600,CUST_03655,Headphones,1,4323,2026-01-14,Cash on Delivery,Mumbai
JAN_008601,CUST_01278,Monitor,3,19954,2026-01-28,Cash on Delivery,Bangalore
JAN_008602,CUST_00296,Headphones,3,48619,2026-01-11,Credit Card,Pune
JAN_008603,CUST_04246,Headphones,3,17460,2026-01-03,UPI,Bangalore
JAN_008604,CUST_03823,Monitor,5,21740,2026-01-23,UPI,Delhi
JAN_008605,CUST_01161,Mouse,2,27655,2026-01-10,Credit Card,Delhi
JAN_008606,CUST_03071,Headphones,2,7760,2026-01-31,Cash on Delivery,Pune
JAN_008607,CUST_02356,Tablet,4,8388,2026-01-11,Credit Card,Delhi
JAN_008608,CUST_01267,Laptop,4,6104,2026-01-01,Credit Card,Hyderabad
JAN_008609,CUST_01068,Laptop,2,7138,2026-01-26,Cash on Delivery,Chennai
JAN_008610,CUST_03787,Mouse,3,34151,2026-01-14,Credit Card,Delhi
JAN_008611,CUST_04008,Laptop,4,12999,2026-01-17,UPI,Mumbai
JAN_008612,CUST_02452,Smartwatch,2,2250,2026-01-30,Cash on Delivery,Chennai
JAN_008613,CUST_03680,Smartwatch,2,37402,2026-01-13,Cash on Delivery,Mumbai
JAN_008614,CUST_01284,Smartwatch,3,40173,2026-01-21,UPI,Pune
JAN_008615,CUST_02106,Tablet,1,27399,2026-01-02,Debit Card,Hyderabad
JAN_008616,CUST_02106,Monitor,5,17546,2026-01-11,Debit Card,Chennai
JAN_008617,CUST_03833,Tablet,1,16264,2026-01-12,Cash on Delivery,Mumbai
JAN_008618,CUST_01619,Mouse,2,30712,2026-01-12,Credit Card,Pune
JAN_008619,CUST_01430,Tablet,2,9769,2026-01-27,Credit Card,Chennai
JAN_008620,CUST_03094,Smartwatch,3,17046,2026-01-25,Debit Card,Delhi
JAN_008621,CUST_02500,Mouse,4,45327,2026-01-16,Debit Card,Bangalore
JAN_008622,CUST_02254,Laptop,2,48011,2026-01-21,UPI,Pune
JAN_008623,CUST_01273,Smartphone,3,15514,2026-01-01,Cash on Delivery,Chennai
JAN_008624,CUST_04616,Mouse,3,13388,2026-01-11,Credit Card,Delhi
JAN_008625,CUST_02039,Mouse,3,47598,2026-01-05,Credit Card,Delhi
JAN_008626,CUST_03176,Smartwatch,5,10811,2026-01-12,Credit Card,Hyderabad
JAN_008627,CUST_03403,Monitor,4,44164,2026-01-20,Debit Card,Bangalore
JAN_008628,CUST_01219,Laptop,2,46064,2026-01-20,UPI,Mumbai
JAN_008629,CUST_01907,Tablet,4,4998,2026-01-07,UPI,Bangalore
JAN_008630,CUST_03744,Tablet,1,6707,2026-01-22,Debit Card,Mumbai
JAN_008631,CUST_00648,Monitor,5,7274,2026-01-04,Cash on Delivery,Delhi
JAN_008632,CUST_00567,Monitor,2,40147,2026-01-07,Debit Card,Delhi
JAN_008633,CUST_00601,Smartphone,3,35940,2026-01-18,Cash on Delivery,Pune
JAN_008634,CUST_03318,Monitor,1,38004,2026-01-30,UPI,Chennai
JAN_008635,CUST_04917,Tablet,3,1686,2026-01-07,Debit Card,Chennai
JAN_008636,CUST_04961,Headphones,1,24490,2026-01-27,UPI,Mumbai
JAN_008637,CUST_04945,Smartphone,1,2194,2026-01-21,Debit Card,Bangalore
JAN_008638,CUST_00124,Laptop,2,30309,2026-01-08,Cash on Delivery,Delhi
JAN_008639,CUST_00116,Smartwatch,3,26216,2026-01-05,Debit Card,Delhi
JAN_008640,CUST_03384,Keyboard,5,758,2026-01-15,Credit Card,Chennai
JAN_008641,CUST_01620,Headphones,4,29380,2026-01-28,Cash on Delivery,Pune
JAN_008642,CUST_00823,Smartphone,3,16353,2026-01-08,UPI,Pune
JAN_008643,CUST_03759,Monitor,2,39307,2026-01-02,Cash on Delivery,Mumbai
JAN_008644,CUST_00892,Mouse,2,28503,2026-01-09,Debit Card,Delhi
JAN_008645,CUST_01809,Laptop,4,44126,2026-01-19,Debit Card,Pune
JAN_008646,CUST_00918,Mouse,2,33375,2026-01-13,Credit Card,Pune
JAN_008647,CUST_00519,Smartwatch,4,19891,2026-01-17,Credit Card,Pune
JAN_008648,CUST_04875,Monitor,3,3549,2026-01-18,Debit Card,Hyderabad
JAN_008649,CUST_03888,Mouse,2,36745,2026-01-10,Debit Card,Chennai
JAN_008650,CUST_02753,Headphones,5,38829,2026-01-29,Cash on Delivery,Delhi
JAN_008651,CUST_02501,Monitor,5,30231,2026-01-21,Credit Card,Delhi
JAN_008652,CUST_02358,Monitor,3,45546,2026-01-30,Debit Card,Mumbai
JAN_008653,CUST_02291,Headphones,1,1597,2026-01-24,UPI,Mumbai
JAN_008654,CUST_04846,Smartwatch,1,7377,2026-01-10,Cash on Delivery,Chennai
JAN_008655,CUST_02636,Mouse,3,13880,2026-01-17,UPI,Pune
JAN_008656,CUST_03606,Smartwatch,4,8592,2026-01-12,Cash on Delivery,Hyderabad
JAN_008657,CUST_01761,Keyboard,5,22377,2026-01-06,Credit Card,Pune
JAN_008658,CUST_00069,Laptop,2,43083,2026-01-27,Debit Card,Pune
JAN_008659,CUST_01601,Monitor,2,42116,2026-01-12,Debit Card,Chennai
JAN_008660,CUST_01689,Tablet,4,43990,2026-01-23,Credit Card,Mumbai
JAN_008661,CUST_02940,Headphones,3,23933,2026-01-06,Cash on Delivery,Mumbai
JAN_008662,CUST_01810,Smartphone,1,4296,2026-01-04,Cash on Delivery,Bangalore
JAN_008663,CUST_04019,Keyboard,2,24110,2026-01-04,Credit Card,Chennai
JAN_008664,CUST_02409,Headphones,1,22279,2026-01-05,UPI,Bangalore
JAN_008665,CUST_04745,Mouse,3,14636,2026-01-14,Cash on Delivery,Hyderabad
JAN_008666,CUST_00573,Tablet,1,15337,2026-01-16,Debit Card,Pune
JAN_008667,CUST_04986,Keyboard,3,45833,2026-01-29,UPI,Mumbai
JAN_008668,CUST_02866,Mouse,5,11610,2026-01-30,Debit Card,Chennai
JAN_008669,CUST_03965,Keyboard,5,28022,2026-01-06,Debit Card,Delhi
JAN_008670,CUST_01656,Smartphone,4,5603,2026-01-22,Credit Card,Mumbai
JAN_008671,CUST_04911,Headphones,5,27770,2026-01-21,Cash on Delivery,Hyderabad
JAN_008672,CUST_01255,Tablet,4,21860,2026-01-10,UPI,Bangalore
JAN_008673,CUST_03253,Tablet,2,3289,2026-01-08,Cash on Delivery,Pune
JAN_008674,CUST_02898,Laptop,4,24808,2026-01-31,UPI,Pune
JAN_008675,CUST_01053,Monitor,4,34146,2026-01-30,Debit Card,Hyderabad
JAN_008676,CUST_02256,Mouse,1,27749,2026-01-28,Debit Card,Hyderabad
JAN_008677,CUST_01684,Smartphone,1,5911,2026-01-08,Debit Card,Chennai
JAN_008678,CUST_04440,Monitor,3,2066,2026-01-25,Credit Card,Chennai
JAN_008679,CUST_01026,Smartphone,5,2905,2026-01-24,Cash on Delivery,Pune
JAN_008680,CUST_00081,Keyboard,4,16572,2026-01-23,Credit Card,Delhi
JAN_008681,CUST_03026,Smartphone,5,21521,2026-01-22,Credit Card,Delhi
JAN_008682,CUST_00729,Smartwatch,3,26347,2026-01-20,UPI,Delhi
JAN_008683,CUST_00507,Tablet,2,40840,2026-01-23,Cash on Delivery,Mumbai
JAN_008684,CUST_02384,Mouse,3,17956,2026-01-21,Debit Card,Delhi
JAN_008685,CUST_00033,Tablet,3,22280,2026-01-01,Cash on Delivery,Pune
JAN_008686,CUST_03842,Mouse,1,42683,2026-01-16,Debit Card,Chennai
JAN_008687,CUST_02838,Smartphone,5,13960,2026-01-27,UPI,Chennai
JAN_008688,CUST_01644,Headphones,3,14728,2026-01-08,Credit Card,Pune
JAN_008689,CUST_01613,Laptop,3,30134,2026-01-14,Debit Card,Chennai
JAN_008690,CUST_04143,Smartwatch,4,3855,2026-01-23,Cash on Delivery,Mumbai
JAN_008691,CUST_02758,Laptop,4,47324,2026-01-06,Cash on Delivery,Chennai
JAN_008692,CUST_00366,Smartwatch,5,42191,2026-01-14,Debit Card,Mumbai
JAN_008693,CUST_02958,Headphones,4,5565,2026-01-17,UPI,Chennai
JAN_008694,CUST_03357,Monitor,3,48385,2026-01-17,Credit Card,Delhi
JAN_008695,CUST_02087,Tablet,3,7231,2026-01-13,Debit Card,Mumbai
JAN_008696,CUST_02229,Laptop,3,13011,2026-01-06,Cash on Delivery,Hyderabad
JAN_008697,CUST_04218,Keyboard,3,38411,2026-01-10,Cash on Delivery,Mumbai
JAN_008698,CUST_00044,Smartphone,5,43459,2026-01-01,Credit Card,Mumbai
JAN_008699,CUST_04208,Tablet,1,25593,2026-01-29,Credit Card,Hyderabad
JAN_008700,CUST_04518,Smartphone,5,14324,2026-01-29,Credit Card,Chennai
JAN_008701,CUST_04640,Smartphone,5,39024,2026-01-03,Credit Card,Hyderabad
JAN_008702,CUST_00867,Tablet,5,8626,2026-01-27,UPI,Chennai
JAN_008703,CUST_00023,Smartphone,5,5050,2026-01-11,Cash on Delivery,Pune
JAN_008704,CUST_03741,Smartwatch,1,6920,2026-01-12,UPI,Hyderabad
JAN_008705,CUST_03601,Monitor,2,8466,2026-01-14,Cash on Delivery,Delhi
JAN_008706,CUST_04892,Smartphone,3,8634,2026-01-10,Credit Card,Delhi
JAN_008707,CUST_00880,Smartwatch,4,22285,2026-01-17,UPI,Chennai
JAN_008708,CUST_04008,Keyboard,1,13715,2026-01-31,UPI,Hyderabad
JAN_008709,CUST_03776,Mouse,5,16320,2026-01-25,UPI,Delhi
JAN_008710,CUST_01128,Tablet,4,12151,2026-01-11,Debit Card,Bangalore
JAN_008711,CUST_02024,Tablet,4,43403,2026-01-20,Debit Card,Mumbai
JAN_008712,CUST_04249,Headphones,3,28858,2026-01-03,Cash on Delivery,Pune
JAN_008713,CUST_02766,Smartphone,4,14257,2026-01-25,UPI,Chennai
JAN_008714,CUST_03841,Smartphone,3,16704,2026-01-06,Credit Card,Chennai
JAN_008715,CUST_04383,Smartphone,2,19030,2026-01-06,UPI,Delhi
JAN_008716,CUST_02735,Laptop,2,13417,2026-01-26,Debit Card,Chennai
JAN_008717,CUST_03879,Mouse,5,27451,2026-01-01,Cash on Delivery,Bangalore
JAN_008718,CUST_02471,Mouse,4,46065,2026-01-15,Debit Card,Bangalore
JAN_008719,CUST_02073,Headphones,1,33969,2026-01-23,Cash on Delivery,Delhi
JAN_008720,CUST_04569,Headphones,1,49885,2026-01-20,Credit Card,Bangalore
JAN_008721,CUST_02671,Tablet,4,18517,2026-01-29,UPI,Bangalore
JAN_008722,CUST_01786,Smartphone,3,4544,2026-01-02,Credit Card,Bangalore
JAN_008723,CUST_03107,Monitor,1,35947,2026-01-25,Cash on Delivery,Bangalore
JAN_008724,CUST_03426,Smartwatch,2,35950,2026-01-23,Cash on Delivery,Bangalore
JAN_008725,CUST_03927,Tablet,1,15173,2026-01-10,Debit Card,Mumbai
JAN_008726,CUST_02781,Keyboard,5,45818,2026-01-06,Credit Card,Bangalore
JAN_008727,CUST_00715,Laptop,4,24359,2026-01-28,Cash on Delivery,Delhi
JAN_008728,CUST_03650,Smartwatch,4,24231,2026-01-20,Cash on Delivery,Delhi
JAN_008729,CUST_00350,Smartwatch,4,41603,2026-01-31,UPI,Delhi
JAN_008730,CUST_04972,Keyboard,2,24832,2026-01-29,Cash on Delivery,Pune
JAN_008731,CUST_03721,Mouse,3,6423,2026-01-16,UPI,Pune
JAN_008732,CUST_04577,Mouse,2,38565,2026-01-29,Cash on Delivery,Mumbai
JAN_008733,CUST_00918,Headphones,1,1002,2026-01-24,Credit Card,Pune
JAN_008734,CUST_02256,Laptop,5,48417,2026-01-30,Credit Card,Bangalore
JAN_008735,CUST_04188,Headphones,4,48434,2026-01-24,UPI,Chennai
JAN_008736,CUST_01108,Laptop,2,5425,2026-01-07,UPI,Chennai
JAN_008737,CUST_03233,Mouse,4,46227,2026-01-13,Debit Card,Mumbai
JAN_008738,CUST_04109,Mouse,4,33543,2026-01-27,Cash on Delivery,Pune
JAN_008739,CUST_03826,Mouse,3,33005,2026-01-29,Cash on Delivery,Hyderabad
JAN_008740,CUST_02913,Tablet,5,31466,2026-01-24,UPI,Mumbai
JAN_008741,CUST_04906,Smartphone,4,39627,2026-01-10,Debit Card,Chennai
JAN_008742,CUST_00444,Smartwatch,5,46630,2026-01-03,Credit Card,Delhi
JAN_008743,CUST_04679,Monitor,1,1559,2026-01-21,Credit Card,Delhi
JAN_008744,CUST_04041,Smartwatch,4,34293,2026-01-25,Cash on Delivery,Hyderabad
JAN_008745,CUST_04968,Mouse,2,1362,2026-01-22,UPI,Delhi
JAN_008746,CUST_03157,Monitor,1,42239,2026-01-06,Credit Card,Mumbai
JAN_008747,CUST_02596,Headphones,3,6346,2026-01-29,UPI,Bangalore
JAN_008748,CUST_01380,Laptop,4,26873,2026-01-25,Debit Card,Mumbai
JAN_008749,CUST_01827,Keyboard,3,11851,2026-01-26,Debit Card,Hyderabad
JAN_008750,CUST_03903,Smartwatch,1,16499,2026-01-12,Cash on Delivery,Pune
JAN_008751,CUST_00249,Mouse,5,10986,2026-01-03,Cash on Delivery,Mumbai
JAN_008752,CUST_02600,Keyboard,5,27997,2026-01-10,Cash on Delivery,Chennai
JAN_008753,CUST_01176,Tablet,4,32372,2026-01-03,Cash on Delivery,Delhi
JAN_008754,CUST_01607,Monitor,3,41554,2026-01-04,Debit Card,Chennai
JAN_008755,CUST_00560,Mouse,2,8096,2026-01-25,Debit Card,Pune
JAN_008756,CUST_04196,Keyboard,3,36800,2026-01-07,Debit Card,Delhi
JAN_008757,CUST_00544,Headphones,1,2289,2026-01-30,Debit Card,Hyderabad
JAN_008758,CUST_00349,Mouse,1,2135,2026-01-30,Credit Card,Bangalore
JAN_008759,CUST_03696,Laptop,2,26706,2026-01-04,Debit Card,Delhi
JAN_008760,CUST_01996,Tablet,2,14469,2026-01-29,UPI,Delhi
JAN_008761,CUST_01222,Mouse,1,19359,2026-01-10,Cash on Delivery,Mumbai
JAN_008762,CUST_04200,Tablet,4,10846,2026-01-26,UPI,Chennai
JAN_008763,CUST_03843,Mouse,2,42260,2026-01-26,Credit Card,Mumbai
JAN_008764,CUST_00849,Tablet,2,32688,2026-01-02,Debit Card,Hyderabad
JAN_008765,CUST_01093,Smartphone,3,5894,2026-01-25,Cash on Delivery,Bangalore
JAN_008766,CUST_04017,Smartwatch,2,5454,2026-01-01,Credit Card,Delhi
JAN_008767,CUST_00495,Mouse,5,25725,2026-01-09,UPI,Hyderabad
JAN_008768,CUST_03439,Monitor,1,40198,2026-01-29,Cash on Delivery,Chennai
JAN_008769,CUST_03944,Smartphone,3,23196,2026-01-06,Cash on Delivery,Mumbai
JAN_008770,CUST_02593,Smartwatch,5,28765,2026-01-14,Credit Card,Delhi
JAN_008771,CUST_04191,Monitor,4,30509,2026-01-15,UPI,Pune
JAN_008772,CUST_03794,Smartphone,2,4514,2026-01-29,Credit Card,Pune
JAN_008773,CUST_04957,Smartphone,4,25082,2026-01-21,Cash on Delivery,Mumbai
JAN_008774,CUST_04010,Laptop,1,8520,2026-01-22,Credit Card,Pune
JAN_008775,CUST_04731,Smartwatch,2,48471,2026-01-15,Debit Card,Bangalore
JAN_008776,CUST_01500,Tablet,5,19219,2026-01-11,Credit Card,Mumbai
JAN_008777,CUST_00088,Keyboard,5,35923,2026-01-23,Cash on Delivery,Hyderabad
JAN_008778,CUST_00328,Smartwatch,3,27963,2026-01-21,Debit Card,Hyderabad
JAN_008779,CUST_04890,Smartphone,5,27371,2026-01-10,Debit Card,Hyderabad
JAN_008780,CUST_04188,Tablet,3,39667,2026-01-21,Credit Card,Pune
JAN_008781,CUST_00064,Keyboard,5,9454,2026-01-06,Credit Card,Chennai
JAN_008782,CUST_03299,Tablet,1,42678,2026-01-18,Credit Card,Chennai
JAN_008783,CUST_03049,Tablet,5,24319,2026-01-12,Debit Card,Bangalore
JAN_008784,CUST_03167,Monitor,2,478,2026-01-16,Credit Card,Bangalore
JAN_008785,CUST_03429,Mouse,2,1383,2026-01-24,UPI,Delhi
JAN_008786,CUST_01230,Headphones,3,30378,2026-01-05,Debit Card,Mumbai
JAN_008787,CUST_00623,Headphones,2,27827,2026-01-09,Cash on Delivery,Bangalore
JAN_008788,CUST_01955,Monitor,1,37686,2026-01-25,Debit Card,Bangalore
JAN_008789,CUST_03634,Keyboard,1,18974,2026-01-12,Credit Card,Pune
JAN_008790,CUST_03473,Smartwatch,2,9734,2026-01-31,Debit Card,Chennai
JAN_008791,CUST_03511,Laptop,2,36600,2026-01-15,Credit Card,Pune
JAN_008792,CUST_04115,Laptop,4,4805,2026-01-31,UPI,Mumbai
JAN_008793,CUST_02090,Monitor,5,47126,2026-01-05,Cash on Delivery,Bangalore
JAN_008794,CUST_03767,Keyboard,5,39718,2026-01-04,Cash on Delivery,Hyderabad
JAN_008795,CUST_04941,Keyboard,2,49735,2026-01-16,Credit Card,Delhi
JAN_008796,CUST_01604,Keyboard,5,29436,2026-01-17,Cash on Delivery,Hyderabad
JAN_008797,CUST_01723,Smartwatch,5,38266,2026-01-17,Credit Card,Bangalore
JAN_008798,CUST_01006,Tablet,2,36722,2026-01-17,Cash on Delivery,Hyderabad
JAN_008799,CUST_03104,Monitor,2,48878,2026-01-04,Credit Card,Delhi
JAN_008800,CUST_00305,Tablet,5,46785,2026-01-11,Credit Card,Chennai
JAN_008801,CUST_04019,Keyboard,3,8920,2026-01-18,UPI,Hyderabad
JAN_008802,CUST_04283,Laptop,4,34043,2026-01-20,Debit Card,Hyderabad
JAN_008803,CUST_00250,Keyboard,2,19160,2026-01-13,Credit Card,Hyderabad
JAN_008804,CUST_02875,Laptop,5,26061,2026-01-30,Cash on Delivery,Delhi
JAN_008805,CUST_01264,Smartwatch,4,12330,2026-01-24,UPI,Mumbai
JAN_008806,CUST_03311,Tablet,4,48762,2026-01-15,Cash on Delivery,Hyderabad
JAN_008807,CUST_03386,Tablet,2,46155,2026-01-28,Cash on Delivery,Mumbai
JAN_008808,CUST_00554,Laptop,3,42933,2026-01-18,Cash on Delivery,Bangalore
JAN_008809,CUST_03525,Keyboard,2,2362,2026-01-30,Debit Card,Delhi
JAN_008810,CUST_03981,Mouse,1,44019,2026-01-23,Cash on Delivery,Delhi
JAN_008811,CUST_01150,Smartwatch,1,3826,2026-01-09,Credit Card,Delhi
JAN_008812,CUST_02291,Tablet,4,12508,2026-01-05,Cash on Delivery,Bangalore
JAN_008813,CUST_04327,Mouse,5,7476,2026-01-04,Cash on Delivery,Chennai
JAN_008814,CUST_01733,Headphones,5,19935,2026-01-03,UPI,Chennai
JAN_008815,CUST_02985,Tablet,2,17528,2026-01-08,Cash on Delivery,Chennai
JAN_008816,CUST_01671,Monitor,4,9861,2026-01-28,Cash on Delivery,Pune
JAN_008817,CUST_04288,Monitor,1,936,2026-01-23,Cash on Delivery,Delhi
JAN_008818,CUST_02450,Keyboard,5,42689,2026-01-18,Debit Card,Hyderabad
JAN_008819,CUST_00068,Laptop,5,40957,2026-01-25,Cash on Delivery,Chennai
JAN_008820,CUST_04657,Headphones,3,42462,2026-01-29,Debit Card,Pune
JAN_008821,CUST_02677,Smartphone,3,40592,2026-01-01,UPI,Bangalore
JAN_008822,CUST_03828,Keyboard,3,47440,2026-01-17,Cash on Delivery,Bangalore
JAN_008823,CUST_01849,Mouse,3,15591,2026-01-09,Cash on Delivery,Bangalore
JAN_008824,CUST_04632,Smartwatch,1,47111,2026-01-20,UPI,Chennai
JAN_008825,CUST_04702,Tablet,4,9533,2026-01-16,Credit Card,Delhi
JAN_008826,CUST_03517,Mouse,4,48071,2026-01-05,UPI,Bangalore
JAN_008827,CUST_01983,Keyboard,1,886,2026-01-30,Credit Card,Chennai
JAN_008828,CUST_01113,Tablet,3,48837,2026-01-01,UPI,Chennai
JAN_008829,CUST_03437,Tablet,4,45668,2026-01-27,Credit Card,Hyderabad
JAN_008830,CUST_00318,Monitor,1,16724,2026-01-23,Debit Card,Delhi
JAN_008831,CUST_04540,Smartwatch,5,44600,2026-01-28,UPI,Mumbai
JAN_008832,CUST_03563,Smartphone,2,2656,2026-01-30,Cash on Delivery,Bangalore
JAN_008833,CUST_00053,Laptop,1,26581,2026-01-28,UPI,Bangalore
JAN_008834,CUST_04340,Monitor,5,14555,2026-01-12,Credit Card,Delhi
JAN_008835,CUST_02117,Mouse,3,23525,2026-01-28,Cash on Delivery,Bangalore
JAN_008836,CUST_01738,Headphones,2,6485,2026-01-06,Debit Card,Pune
JAN_008837,CUST_02533,Mouse,1,12621,2026-01-18,Debit Card,Pune
JAN_008838,CUST_03664,Smartwatch,5,39501,2026-01-03,Credit Card,Delhi
JAN_008839,CUST_00425,Keyboard,5,5386,2026-01-31,Debit Card,Chennai
JAN_008840,CUST_02680,Laptop,4,1069,2026-01-19,Debit Card,Pune
JAN_008841,CUST_03567,Monitor,1,1053,2026-01-22,Cash on Delivery,Delhi
JAN_008842,CUST_00918,Smartphone,2,34206,2026-01-14,Cash on Delivery,Bangalore
JAN_008843,CUST_04117,Smartphone,1,29912,2026-01-02,Credit Card,Mumbai
JAN_008844,CUST_03079,Keyboard,5,9720,2026-01-22,UPI,Bangalore
JAN_008845,CUST_01085,Tablet,5,38407,2026-01-11,Cash on Delivery,Delhi
JAN_008846,CUST_04721,Keyboard,1,42257,2026-01-17,Credit Card,Hyderabad
JAN_008847,CUST_00463,Monitor,2,5096,2026-01-10,Debit Card,Mumbai
JAN_008848,CUST_03141,Laptop,5,12637,2026-01-11,UPI,Hyderabad
JAN_008849,CUST_01227,Smartwatch,1,17414,2026-01-04,Debit Card,Pune
JAN_008850,CUST_04647,Smartwatch,3,17465,2026-01-17,UPI,Hyderabad
JAN_008851,CUST_02232,Laptop,5,16047,2026-01-09,Cash on Delivery,Bangalore
JAN_008852,CUST_03761,Smartphone,5,12438,2026-01-10,Cash on Delivery,Pune
JAN_008853,CUST_00422,Monitor,3,33646,2026-01-28,Cash on Delivery,Bangalore
JAN_008854,CUST_03867,Laptop,3,26356,2026-01-17,Cash on Delivery,Delhi
JAN_008855,CUST_00225,Laptop,3,25922,2026-01-08,UPI,Hyderabad
JAN_008856,CUST_02530,Mouse,4,7282,2026-01-21,Debit Card,Mumbai
JAN_008857,CUST_00798,Headphones,2,22123,2026-01-28,UPI,Chennai
JAN_008858,CUST_03072,Smartwatch,4,3823,2026-01-13,Debit Card,Mumbai
JAN_008859,CUST_00171,Monitor,3,45828,2026-01-12,Cash on Delivery,Chennai
JAN_008860,CUST_03971,Keyboard,4,37747,2026-01-11,Credit Card,Hyderabad
JAN_008861,CUST_04931,Mouse,4,17668,2026-01-04,Credit Card,Chennai
JAN_008862,CUST_04645,Laptop,2,21538,2026-01-05,Credit Card,Mumbai
JAN_008863,CUST_04641,Smartwatch,1,39029,2026-01-23,UPI,Mumbai
JAN_008864,CUST_03733,Smartwatch,3,32777,2026-01-05,UPI,Bangalore
JAN_008865,CUST_02058,Keyboard,2,5486,2026-01-06,UPI,Mumbai
JAN_008866,CUST_04759,Laptop,2,28829,2026-01-27,Cash on Delivery,Pune
JAN_008867,CUST_01922,Tablet,4,12792,2026-01-05,UPI,Delhi
JAN_008868,CUST_02043,Laptop,5,35408,2026-01-31,Credit Card,Mumbai
JAN_008869,CUST_03031,Headphones,2,32363,2026-01-09,UPI,Delhi
JAN_008870,CUST_03162,Keyboard,2,48552,2026-01-10,Credit Card,Hyderabad
JAN_008871,CUST_02165,Headphones,3,27518,2026-01-15,Debit Card,Chennai
JAN_008872,CUST_04526,Smartwatch,4,35030,2026-01-31,UPI,Pune
JAN_008873,CUST_02734,Laptop,1,3451,2026-01-22,Debit Card,Hyderabad
JAN_008874,CUST_02865,Keyboard,5,7791,2026-01-19,Debit Card,Chennai
JAN_008875,CUST_03052,Laptop,1,20776,2026-01-27,Debit Card,Delhi
JAN_008876,CUST_04453,Monitor,4,35619,2026-01-22,UPI,Hyderabad
JAN_008877,CUST_00405,Tablet,4,40897,2026-01-21,Debit Card,Hyderabad
JAN_008878,CUST_00874,Mouse,5,34253,2026-01-30,UPI,Bangalore
JAN_008879,CUST_00936,Mouse,3,28228,2026-01-22,Cash on Delivery,Mumbai
JAN_008880,CUST_04888,Monitor,3,7443,2026-01-29,Cash on Delivery,Mumbai
JAN_008881,CUST_00031,Smartwatch,3,27399,2026-01-02,Credit Card,Chennai
JAN_008882,CUST_03508,Monitor,3,20758,2026-01-13,Debit Card,Delhi
JAN_008883,CUST_03269,Keyboard,4,32724,2026-01-25,Cash on Delivery,Chennai
JAN_008884,CUST_04952,Monitor,5,39490,2026-01-12,UPI,Delhi
JAN_008885,CUST_01873,Mouse,3,8901,2026-01-22,Credit Card,Hyderabad
JAN_008886,CUST_03506,Headphones,2,25182,2026-01-04,Cash on Delivery,Bangalore
JAN_008887,CUST_02538,Smartphone,5,42675,2026-01-17,Cash on Delivery,Mumbai
JAN_008888,CUST_03154,Headphones,5,34064,2026-01-10,Credit Card,Chennai
JAN_008889,CUST_02746,Laptop,3,49474,2026-01-07,Credit Card,Delhi
JAN_008890,CUST_02956,Smartphone,2,5261,2026-01-03,Credit Card,Bangalore
JAN_008891,CUST_00932,Smartphone,4,515,2026-01-14,Credit Card,Chennai
JAN_008892,CUST_02372,Tablet,2,19671,2026-01-17,Debit Card,Chennai
JAN_008893,CUST_04733,Keyboard,4,11394,2026-01-27,Credit Card,Delhi
JAN_008894,CUST_00904,Tablet,4,5190,2026-01-25,Cash on Delivery,Hyderabad
JAN_008895,CUST_01394,Monitor,5,36001,2026-01-06,Debit Card,Pune
JAN_008896,CUST_04282,Mouse,2,8072,2026-01-31,Credit Card,Pune
JAN_008897,CUST_02574,Tablet,3,1190,2026-01-23,Cash on Delivery,Bangalore
JAN_008898,CUST_02244,Laptop,4,12999,2026-01-15,Cash on Delivery,Delhi
JAN_008899,CUST_03440,Smartphone,4,22954,2026-01-19,Cash on Delivery,Bangalore
JAN_008900,CUST_03974,Laptop,4,8372,2026-01-15,Credit Card,Pune
JAN_008901,CUST_02151,Headphones,3,8347,2026-01-10,UPI,Hyderabad
JAN_008902,CUST_04894,Monitor,3,22072,2026-01-02,Debit Card,Mumbai
JAN_008903,CUST_01033,Mouse,1,24391,2026-01-19,Credit Card,Hyderabad
JAN_008904,CUST_03539,Keyboard,3,36058,2026-01-31,Debit Card,Mumbai
JAN_008905,CUST_03490,Smartphone,4,3342,2026-01-03,Cash on Delivery,Bangalore
JAN_008906,CUST_00961,Mouse,3,21527,2026-01-20,Credit Card,Delhi
JAN_008907,CUST_02864,Headphones,1,6515,2026-01-16,Debit Card,Chennai
JAN_008908,CUST_00784,Mouse,4,44317,2026-01-20,UPI,Chennai
JAN_008909,CUST_02448,Smartphone,3,31266,2026-01-22,Credit Card,Delhi
JAN_008910,CUST_03486,Mouse,1,47637,2026-01-16,UPI,Delhi
JAN_008911,CUST_00588,Tablet,5,4708,2026-01-09,UPI,Hyderabad
JAN_008912,CUST_03990,Smartphone,5,24732,2026-01-01,Cash on Delivery,Pune
JAN_008913,CUST_02451,Monitor,1,20622,2026-01-04,Debit Card,Mumbai
JAN_008914,CUST_04772,Monitor,3,35079,2026-01-09,Credit Card,Hyderabad
JAN_008915,CUST_01743,Smartwatch,5,2577,2026-01-16,Cash on Delivery,Delhi
JAN_008916,CUST_03229,Smartwatch,1,34112,2026-01-20,UPI,Hyderabad
JAN_008917,CUST_01977,Smartphone,4,35647,2026-01-09,Debit Card,Hyderabad
JAN_008918,CUST_03838,Headphones,2,42938,2026-01-05,UPI,Hyderabad
JAN_008919,CUST_00258,Tablet,1,20629,2026-01-20,Cash on Delivery,Bangalore
JAN_008920,CUST_02789,Laptop,2,1635,2026-01-09,UPI,Chennai
JAN_008921,CUST_00022,Mouse,3,46940,2026-01-22,UPI,Pune
JAN_008922,CUST_00390,Smartphone,5,31618,2026-01-20,Credit Card,Delhi
JAN_008923,CUST_00234,Headphones,4,42021,2026-01-02,Cash on Delivery,Delhi
JAN_008924,CUST_01137,Tablet,2,11100,2026-01-23,Credit Card,Chennai
JAN_008925,CUST_03496,Monitor,1,17352,2026-01-08,Credit Card,Delhi
JAN_008926,CUST_03161,Laptop,3,38547,2026-01-30,UPI,Bangalore
JAN_008927,CUST_01916,Monitor,2,21654,2026-01-15,Credit Card,Delhi
JAN_008928,CUST_02999,Mouse,5,13702,2026-01-14,UPI,Bangalore
JAN_008929,CUST_01714,Tablet,2,20203,2026-01-28,Debit Card,Mumbai
JAN_008930,CUST_02841,Smartwatch,3,9707,2026-01-07,Cash on Delivery,Mumbai
JAN_008931,CUST_03112,Laptop,1,40181,2026-01-21,Cash on Delivery,Delhi
JAN_008932,CUST_02092,Laptop,3,6079,2026-01-15,Debit Card,Pune
JAN_008933,CUST_01986,Smartphone,4,19268,2026-01-23,UPI,Mumbai
JAN_008934,CUST_00730,Keyboard,4,24263,2026-01-20,Cash on Delivery,Bangalore
JAN_008935,CUST_00405,Headphones,3,19109,2026-01-23,Credit Card,Chennai
JAN_008936,CUST_00346,Smartwatch,2,35590,2026-01-02,Credit Card,Delhi
JAN_008937,CUST_04266,Mouse,2,23792,2026-01-07,Cash on Delivery,Hyderabad
JAN_008938,CUST_01538,Monitor,5,19900,2026-01-30,Debit Card,Hyderabad
JAN_008939,CUST_01370,Headphones,3,4380,2026-01-19,Cash on Delivery,Bangalore
JAN_008940,CUST_03983,Monitor,2,39291,2026-01-28,Debit Card,Hyderabad
JAN_008941,CUST_03756,Monitor,4,24200,2026-01-15,Debit Card,Mumbai
JAN_008942,CUST_04219,Monitor,4,13428,2026-01-06,Credit Card,Chennai
JAN_008943,CUST_03342,Smartwatch,3,29957,2026-01-16,UPI,Delhi
JAN_008944,CUST_00027,Smartphone,2,8563,2026-01-03,UPI,Delhi
JAN_008945,CUST_04226,Tablet,3,13976,2026-01-08,Debit Card,Delhi
JAN_008946,CUST_02469,Mouse,5,14256,2026-01-03,Debit Card,Bangalore
JAN_008947,CUST_02717,Tablet,3,37155,2026-01-22,Credit Card,Hyderabad
JAN_008948,CUST_04263,Keyboard,5,45625,2026-01-14,Credit Card,Bangalore
JAN_008949,CUST_03045,Mouse,2,2553,2026-01-05,Credit Card,Bangalore
JAN_008950,CUST_02039,Monitor,2,4398,2026-01-23,Debit Card,Mumbai
JAN_008951,CUST_01604,Mouse,4,27723,2026-01-16,UPI,Chennai
JAN_008952,CUST_04363,Headphones,3,31016,2026-01-31,UPI,Bangalore
JAN_008953,CUST_02629,Smartwatch,1,1326,2026-01-16,UPI,Pune
JAN_008954,CUST_00630,Laptop,2,1527,2026-01-30,Credit Card,Delhi
JAN_008955,CUST_00841,Headphones,2,38350,2026-01-29,Debit Card,Bangalore
JAN_008956,CUST_01466,Smartphone,4,39279,2026-01-04,Credit Card,Delhi
JAN_008957,CUST_01256,Monitor,3,6669,2026-01-07,Debit Card,Delhi
JAN_008958,CUST_01346,Smartwatch,2,41350,2026-01-30,Credit Card,Chennai
JAN_008959,CUST_01046,Smartphone,3,17506,2026-01-24,Debit Card,Delhi
JAN_008960,CUST_03890,Smartphone,3,42536,2026-01-30,UPI,Bangalore
JAN_008961,CUST_01022,Smartwatch,4,35822,2026-01-11,Cash on Delivery,Chennai
JAN_008962,CUST_04097,Laptop,1,44698,2026-01-18,UPI,Pune
JAN_008963,CUST_04961,Smartphone,2,11905,2026-01-12,Cash on Delivery,Hyderabad
JAN_008964,CUST_01526,Keyboard,2,46485,2026-01-10,Cash on Delivery,Delhi
JAN_008965,CUST_02911,Mouse,4,40231,2026-01-11,UPI,Delhi
JAN_008966,CUST_03170,Keyboard,1,2500,2026-01-07,Debit Card,Chennai
JAN_008967,CUST_04650,Tablet,2,11733,2026-01-03,Credit Card,Pune
JAN_008968,CUST_00821,Monitor,3,22530,2026-01-18,Debit Card,Delhi
JAN_008969,CUST_04581,Tablet,4,42067,2026-01-15,Credit Card,Pune
JAN_008970,CUST_00055,Headphones,2,21809,2026-01-13,Cash on Delivery,Bangalore
JAN_008971,CUST_04779,Keyboard,1,40998,2026-01-01,Cash on Delivery,Hyderabad
JAN_008972,CUST_00642,Monitor,1,31768,2026-01-20,Cash on Delivery,Chennai
JAN_008973,CUST_04662,Smartwatch,5,37649,2026-01-31,Credit Card,Pune
JAN_008974,CUST_00887,Smartphone,5,19231,2026-01-17,Cash on Delivery,Bangalore
JAN_008975,CUST_00965,Headphones,2,43416,2026-01-13,UPI,Hyderabad
JAN_008976,CUST_00072,Laptop,2,19144,2026-01-23,UPI,Bangalore
JAN_008977,CUST_00927,Tablet,3,34259,2026-01-11,Cash on Delivery,Delhi
JAN_008978,CUST_03712,Keyboard,3,13593,2026-01-29,Credit Card,Delhi
JAN_008979,CUST_03880,Laptop,2,33275,2026-01-29,Cash on Delivery,Chennai
JAN_008980,CUST_03560,Smartwatch,5,24381,2026-01-31,Debit Card,Delhi
JAN_008981,CUST_00729,Smartwatch,2,4592,2026-01-03,UPI,Pune
JAN_008982,CUST_03319,Monitor,1,20168,2026-01-22,Debit Card,Chennai
JAN_008983,CUST_03298,Monitor,3,49289,2026-01-07,Credit Card,Mumbai
JAN_008984,CUST_02785,Monitor,4,32658,2026-01-01,UPI,Pune
JAN_008985,CUST_01679,Laptop,2,30408,2026-01-02,Debit Card,Hyderabad
JAN_008986,CUST_00340,Monitor,5,25303,2026-01-14,Cash on Delivery,Hyderabad
JAN_008987,CUST_02718,Mouse,2,16967,2026-01-07,Credit Card,Delhi
JAN_008988,CUST_02145,Mouse,3,11148,2026-01-04,UPI,Delhi
JAN_008989,CUST_04491,Smartwatch,1,28004,2026-01-12,Credit Card,Pune
JAN_008990,CUST_00041,Smartphone,5,3116,2026-01-25,Debit Card,Mumbai
JAN_008991,CUST_04705,Smartphone,3,8334,2026-01-21,Debit Card,Pune
JAN_008992,CUST_02391,Laptop,3,4104,2026-01-04,Debit Card,Mumbai
JAN_008993,CUST_00649,Keyboard,3,31604,2026-01-22,Debit Card,Pune
JAN_008994,CUST_04927,Smartwatch,2,27373,2026-01-06,Debit Card,Mumbai
JAN_008995,CUST_01497,Headphones,4,20071,2026-01-29,Cash on Delivery,Delhi
JAN_008996,CUST_02187,Keyboard,5,48683,2026-01-11,Credit Card,Bangalore
JAN_008997,CUST_01736,Smartwatch,1,19155,2026-01-11,Credit Card,Bangalore
JAN_008998,CUST_04399,Smartphone,4,18758,2026-01-01,Debit Card,Delhi
JAN_008999,CUST_01944,Smartwatch,5,42886,2026-01-12,Debit Card,Pune
JAN_009000,CUST_03705,Smartwatch,5,11795,2026-01-06,UPI,Hyderabad
JAN_009001,CUST_04490,Smartphone,2,10188,2026-01-04,Debit Card,Chennai
JAN_009002,CUST_01008,Mouse,2,35386,2026-01-13,UPI,Hyderabad
JAN_009003,CUST_04000,Laptop,2,724,2026-01-26,Cash on Delivery,Hyderabad
JAN_009004,CUST_00126,Smartwatch,2,23658,2026-01-23,UPI,Pune
JAN_009005,CUST_00635,Smartphone,4,22585,2026-01-11,Credit Card,Delhi
JAN_009006,CUST_03604,Laptop,2,44155,2026-01-04,Debit Card,Delhi
JAN_009007,CUST_04087,Tablet,1,35024,2026-01-08,Cash on Delivery,Mumbai
JAN_009008,CUST_01931,Tablet,4,22848,2026-01-10,Cash on Delivery,Delhi
JAN_009009,CUST_03013,Keyboard,4,5863,2026-01-25,Cash on Delivery,Delhi
JAN_009010,CUST_00941,Monitor,2,15936,2026-01-02,Credit Card,Mumbai
JAN_009011,CUST_01636,Headphones,3,25287,2026-01-01,Cash on Delivery,Bangalore
JAN_009012,CUST_02060,Smartphone,2,15659,2026-01-15,UPI,Mumbai
JAN_009013,CUST_00750,Smartwatch,5,15063,2026-01-12,Debit Card,Hyderabad
JAN_009014,CUST_02467,Headphones,2,27217,2026-01-25,Cash on Delivery,Delhi
JAN_009015,CUST_03015,Mouse,2,1354,2026-01-03,UPI,Delhi
JAN_009016,CUST_02550,Smartphone,2,5185,2026-01-21,Debit Card,Chennai
JAN_009017,CUST_02807,Keyboard,4,28518,2026-01-21,Cash on Delivery,Mumbai
JAN_009018,CUST_03285,Mouse,4,46458,2026-01-07,Credit Card,Bangalore
JAN_009019,CUST_02470,Monitor,2,12242,2026-01-03,Credit Card,Delhi
JAN_009020,CUST_02664,Keyboard,3,33722,2026-01-05,Debit Card,Pune
JAN_009021,CUST_04880,Tablet,5,37432,2026-01-06,Credit Card,Pune
JAN_009022,CUST_04884,Smartwatch,3,28913,2026-01-09,Cash on Delivery,Bangalore
JAN_009023,CUST_01966,Keyboard,3,11752,2026-01-18,UPI,Pune
JAN_009024,CUST_04065,Laptop,4,19480,2026-01-20,UPI,Chennai
JAN_009025,CUST_00724,Headphones,2,45555,2026-01-10,UPI,Bangalore
JAN_009026,CUST_00336,Headphones,3,17323,2026-01-09,Cash on Delivery,Hyderabad
JAN_009027,CUST_00069,Tablet,3,1152,2026-01-07,UPI,Chennai
JAN_009028,CUST_01162,Tablet,1,12623,2026-01-07,Debit Card,Hyderabad
JAN_009029,CUST_02071,Smartphone,1,44486,2026-01-04,Debit Card,Delhi
JAN_009030,CUST_04958,Smartwatch,2,27293,2026-01-13,Debit Card,Delhi
JAN_009031,CUST_01252,Smartphone,2,26822,2026-01-15,Debit Card,Pune
JAN_009032,CUST_02334,Keyboard,4,32079,2026-01-11,Cash on Delivery,Hyderabad
JAN_009033,CUST_03941,Smartwatch,4,43395,2026-01-21,Debit Card,Chennai
JAN_009034,CUST_01524,Smartwatch,5,33873,2026-01-16,Cash on Delivery,Pune
JAN_009035,CUST_00040,Smartphone,2,13708,2026-01-07,Credit Card,Delhi
JAN_009036,CUST_04596,Headphones,1,29835,2026-01-16,UPI,Delhi
JAN_009037,CUST_03417,Tablet,1,39719,2026-01-21,Cash on Delivery,Mumbai
JAN_009038,CUST_04940,Mouse,5,6361,2026-01-10,Debit Card,Mumbai
JAN_009039,CUST_03766,Monitor,4,8272,2026-01-10,Cash on Delivery,Pune
JAN_009040,CUST_01711,Mouse,5,21583,2026-01-02,Credit Card,Chennai
JAN_009041,CUST_03431,Headphones,2,33081,2026-01-01,Cash on Delivery,Hyderabad
JAN_009042,CUST_03310,Smartphone,3,5746,2026-01-11,UPI,Hyderabad
JAN_009043,CUST_03116,Smartwatch,1,44267,2026-01-30,Debit Card,Hyderabad
JAN_009044,CUST_01557,Headphones,3,29808,2026-01-06,UPI,Hyderabad
JAN_009045,CUST_02745,Laptop,4,37454,2026-01-17,UPI,Delhi
JAN_009046,CUST_01824,Mouse,4,48481,2026-01-02,UPI,Mumbai
JAN_009047,CUST_00404,Headphones,4,14131,2026-01-06,UPI,Pune
JAN_009048,CUST_01920,Monitor,5,21863,2026-01-05,UPI,Pune
JAN_009049,CUST_01142,Headphones,1,30654,2026-01-22,Credit Card,Delhi
JAN_009050,CUST_00375,Keyboard,2,24559,2026-01-07,Credit Card,Delhi
JAN_009051,CUST_04722,Monitor,1,7118,2026-01-08,UPI,Delhi
JAN_009052,CUST_04773,Tablet,4,16167,2026-01-21,Cash on Delivery,Hyderabad
JAN_009053,CUST_03597,Tablet,4,28879,2026-01-06,Credit Card,Delhi
JAN_009054,CUST_00063,Mouse,2,8735,2026-01-13,Cash on Delivery,Chennai
JAN_009055,CUST_00853,Mouse,3,45177,2026-01-11,Debit Card,Hyderabad
JAN_009056,CUST_02776,Tablet,3,13173,2026-01-13,UPI,Chennai
JAN_009057,CUST_00191,Smartwatch,5,4432,2026-01-05,Debit Card,Pune
JAN_009058,CUST_04564,Mouse,5,40465,2026-01-22,UPI,Hyderabad
JAN_009059,CUST_03597,Headphones,1,11549,2026-01-17,UPI,Mumbai
JAN_009060,CUST_00083,Laptop,5,18005,2026-01-07,Credit Card,Pune
JAN_009061,CUST_04793,Smartphone,3,5716,2026-01-07,UPI,Mumbai
JAN_009062,CUST_03589,Smartwatch,2,12980,2026-01-23,UPI,Pune
JAN_009063,CUST_00011,Tablet,3,37651,2026-01-11,Debit Card,Mumbai
JAN_009064,CUST_02313,Mouse,2,11394,2026-01-28,Cash on Delivery,Mumbai
JAN_009065,CUST_04839,Headphones,5,36798,2026-01-27,UPI,Delhi
JAN_009066,CUST_04261,Mouse,3,7505,2026-01-23,Cash on Delivery,Mumbai
JAN_009067,CUST_03095,Keyboard,4,11922,2026-01-22,Debit Card,Mumbai
JAN_009068,CUST_04311,Monitor,1,43111,2026-01-17,Cash on Delivery,Delhi
JAN_009069,CUST_01971,Smartphone,2,32313,2026-01-05,UPI,Pune
JAN_009070,CUST_03955,Mouse,1,2668,2026-01-11,Credit Card,Chennai
JAN_009071,CUST_01301,Headphones,4,47999,2026-01-14,Debit Card,Hyderabad
JAN_009072,CUST_01001,Monitor,2,23801,2026-01-09,Credit Card,Hyderabad
JAN_009073,CUST_00686,Smartwatch,2,20832,2026-01-12,Cash on Delivery,Hyderabad
JAN_009074,CUST_00972,Smartwatch,3,18421,2026-01-03,Cash on Delivery,Chennai
JAN_009075,CUST_04100,Mouse,4,7172,2026-01-27,Credit Card,Delhi
JAN_009076,CUST_00481,Smartphone,1,11849,2026-01-22,UPI,Bangalore
JAN_009077,CUST_02793,Smartphone,1,36304,2026-01-17,Debit Card,Hyderabad
JAN_009078,CUST_00990,Laptop,1,18893,2026-01-03,Cash on Delivery,Mumbai
JAN_009079,CUST_01568,Monitor,2,22341,2026-01-05,Cash on Delivery,Hyderabad
JAN_009080,CUST_04180,Laptop,1,17939,2026-01-06,UPI,Hyderabad
JAN_009081,CUST_01152,Keyboard,3,28301,2026-01-04,Credit Card,Mumbai
JAN_009082,CUST_04057,Smartwatch,4,3415,2026-01-13,Credit Card,Chennai
JAN_009083,CUST_03253,Headphones,4,34847,2026-01-04,Debit Card,Chennai
JAN_009084,CUST_03768,Smartphone,5,5227,2026-01-17,Credit Card,Hyderabad
JAN_009085,CUST_02517,Tablet,4,49166,2026-01-08,UPI,Bangalore
JAN_009086,CUST_00104,Mouse,4,15443,2026-01-03,UPI,Pune
JAN_009087,CUST_00251,Headphones,5,10987,2026-01-18,UPI,Delhi
JAN_009088,CUST_00645,Mouse,5,11518,2026-01-04,Debit Card,Pune
JAN_009089,CUST_00757,Mouse,2,1570,2026-01-29,Debit Card,Bangalore
JAN_009090,CUST_03128,Tablet,5,41276,2026-01-10,Debit Card,Delhi
JAN_009091,CUST_02685,Smartwatch,2,19881,2026-01-26,UPI,Mumbai
JAN_009092,CUST_00750,Tablet,4,34668,2026-01-30,Credit Card,Delhi
JAN_009093,CUST_02947,Laptop,1,17129,2026-01-09,UPI,Hyderabad
JAN_009094,CUST_00732,Smartphone,2,41463,2026-01-12,UPI,Delhi
JAN_009095,CUST_03632,Smartwatch,4,4822,2026-01-01,Cash on Delivery,Mumbai
JAN_009096,CUST_00871,Smartwatch,4,36661,2026-01-13,Debit Card,Chennai
JAN_009097,CUST_04412,Headphones,1,39476,2026-01-10,Cash on Delivery,Delhi
JAN_009098,CUST_02536,Smartphone,5,7120,2026-01-17,Cash on Delivery,Hyderabad
JAN_009099,CUST_04951,Headphones,2,18601,2026-01-13,Debit Card,Bangalore
JAN_009100,CUST_02676,Monitor,4,9518,2026-01-02,Debit Card,Chennai
JAN_009101,CUST_03779,Headphones,1,14777,2026-01-25,Cash on Delivery,Delhi
JAN_009102,CUST_03308,Headphones,1,46544,2026-01-21,UPI,Chennai
JAN_009103,CUST_02233,Mouse,1,31465,2026-01-01,Credit Card,Delhi
JAN_009104,CUST_00235,Smartphone,4,3863,2026-01-03,Cash on Delivery,Chennai
JAN_009105,CUST_04318,Smartwatch,2,28896,2026-01-27,Credit Card,Mumbai
JAN_009106,CUST_04470,Monitor,5,37946,2026-01-23,Credit Card,Bangalore
JAN_009107,CUST_02050,Laptop,3,31750,2026-01-17,UPI,Bangalore
JAN_009108,CUST_03741,Smartphone,2,27497,2026-01-23,Debit Card,Chennai
JAN_009109,CUST_02839,Smartwatch,3,6808,2026-01-31,Cash on Delivery,Bangalore
JAN_009110,CUST_03193,Smartwatch,4,6434,2026-01-13,Debit Card,Chennai
JAN_009111,CUST_00919,Smartphone,1,9397,2026-01-25,UPI,Chennai
JAN_009112,CUST_00857,Laptop,3,41225,2026-01-01,Credit Card,Bangalore
JAN_009113,CUST_03464,Tablet,5,12374,2026-01-19,Cash on Delivery,Delhi
JAN_009114,CUST_02778,Headphones,3,30374,2026-01-12,Cash on Delivery,Mumbai
JAN_009115,CUST_00232,Keyboard,2,22955,2026-01-12,Debit Card,Hyderabad
JAN_009116,CUST_04225,Smartwatch,1,33228,2026-01-02,Cash on Delivery,Pune
JAN_009117,CUST_04232,Keyboard,1,16772,2026-01-25,Credit Card,Bangalore
JAN_009118,CUST_01189,Headphones,5,39712,2026-01-31,Cash on Delivery,Hyderabad
JAN_009119,CUST_01777,Headphones,1,45481,2026-01-12,UPI,Mumbai
JAN_009120,CUST_01970,Keyboard,5,35860,2026-01-23,Credit Card,Mumbai
JAN_009121,CUST_00113,Mouse,1,3308,2026-01-19,Credit Card,Chennai
JAN_009122,CUST_03444,Monitor,5,20468,2026-01-30,UPI,Mumbai
JAN_009123,CUST_02491,Laptop,3,28554,2026-01-29,Debit Card,Pune
JAN_009124,CUST_01213,Monitor,4,36131,2026-01-01,Cash on Delivery,Mumbai
JAN_009125,CUST_04898,Laptop,5,21493,2026-01-22,UPI,Delhi
JAN_009126,CUST_03777,Laptop,3,25818,2026-01-22,Credit Card,Chennai
JAN_009127,CUST_00558,Smartphone,5,12842,2026-01-20,Cash on Delivery,Bangalore
JAN_009128,CUST_04431,Keyboard,4,8921,2026-01-17,Cash on Delivery,Hyderabad
JAN_009129,CUST_03397,Smartphone,4,46106,2026-01-30,Credit Card,Chennai
JAN_009130,CUST_03647,Tablet,1,30046,2026-01-31,Cash on Delivery,Bangalore
JAN_009131,CUST_04897,Smartwatch,5,46508,2026-01-06,Debit Card,Pune
JAN_009132,CUST_01474,Smartwatch,5,6705,2026-01-26,Debit Card,Bangalore
JAN_009133,CUST_04426,Tablet,5,35864,2026-01-23,UPI,Pune
JAN_009134,CUST_02170,Smartphone,2,17096,2026-01-21,Debit Card,Delhi
JAN_009135,CUST_03643,Tablet,1,23898,2026-01-26,UPI,Hyderabad
JAN_009136,CUST_03871,Monitor,3,2883,2026-01-26,Debit Card,Chennai
JAN_009137,CUST_02176,Mouse,5,5465,2026-01-06,Cash on Delivery,Chennai
JAN_009138,CUST_04848,Monitor,1,6846,2026-01-17,Credit Card,Hyderabad
JAN_009139,CUST_04727,Keyboard,5,30431,2026-01-04,UPI,Chennai
JAN_009140,CUST_02281,Smartphone,3,11225,2026-01-30,UPI,Mumbai
JAN_009141,CUST_02265,Mouse,2,36382,2026-01-08,Credit Card,Hyderabad
JAN_009142,CUST_00616,Mouse,1,19399,2026-01-22,Cash on Delivery,Delhi
JAN_009143,CUST_03890,Smartwatch,2,23643,2026-01-10,Cash on Delivery,Delhi
JAN_009144,CUST_03364,Headphones,4,15092,2026-01-07,Credit Card,Mumbai
JAN_009145,CUST_04674,Laptop,2,20241,2026-01-17,Debit Card,Bangalore
JAN_009146,CUST_03251,Mouse,2,11907,2026-01-10,UPI,Pune
JAN_009147,CUST_00345,Monitor,3,39607,2026-01-31,Cash on Delivery,Hyderabad
JAN_009148,CUST_00834,Tablet,4,47251,2026-01-14,Credit Card,Mumbai
JAN_009149,CUST_03869,Laptop,5,40857,2026-01-26,UPI,Pune
JAN_009150,CUST_04679,Mouse,4,29423,2026-01-28,Cash on Delivery,Mumbai
JAN_009151,CUST_00158,Monitor,1,6273,2026-01-15,UPI,Delhi
JAN_009152,CUST_02877,Smartwatch,2,21074,2026-01-23,Cash on Delivery,Pune
JAN_009153,CUST_01090,Smartphone,1,47793,2026-01-13,UPI,Delhi
JAN_009154,CUST_00212,Monitor,4,49883,2026-01-17,Debit Card,Bangalore
JAN_009155,CUST_00197,Laptop,3,19717,2026-01-01,Debit Card,Mumbai
JAN_009156,CUST_03494,Smartwatch,2,2904,2026-01-12,Debit Card,Pune
JAN_009157,CUST_01282,Tablet,3,28629,2026-01-15,Credit Card,Delhi
JAN_009158,CUST_01342,Smartphone,4,21126,2026-01-01,Credit Card,Hyderabad
JAN_009159,CUST_04624,Laptop,3,12906,2026-01-07,Cash on Delivery,Mumbai
JAN_009160,CUST_01859,Tablet,4,46233,2026-01-04,UPI,Pune
JAN_009161,CUST_01514,Laptop,2,10204,2026-01-15,Debit Card,Hyderabad
JAN_009162,CUST_01584,Headphones,2,42670,2026-01-20,Cash on Delivery,Chennai
JAN_009163,CUST_02996,Smartwatch,4,31385,2026-01-30,Debit Card,Chennai
JAN_009164,CUST_04468,Monitor,2,12405,2026-01-13,Debit Card,Mumbai
JAN_009165,CUST_02405,Mouse,2,27631,2026-01-31,UPI,Chennai
JAN_009166,CUST_02941,Tablet,3,28853,2026-01-15,Debit Card,Hyderabad
JAN_009167,CUST_03597,Monitor,4,19814,2026-01-11,Debit Card,Mumbai
JAN_009168,CUST_04766,Headphones,3,9214,2026-01-25,Cash on Delivery,Hyderabad
JAN_009169,CUST_02174,Smartwatch,5,44857,2026-01-08,Credit Card,Pune
JAN_009170,CUST_04584,Monitor,1,26316,2026-01-20,Debit Card,Delhi
JAN_009171,CUST_04272,Tablet,2,21580,2026-01-06,UPI,Mumbai
JAN_009172,CUST_03826,Tablet,5,25975,2026-01-18,Credit Card,Bangalore
JAN_009173,CUST_00557,Mouse,3,36886,2026-01-21,Cash on Delivery,Pune
JAN_009174,CUST_03616,Mouse,4,26911,2026-01-16,Credit Card,Hyderabad
JAN_009175,CUST_00634,Laptop,2,4611,2026-01-15,Cash on Delivery,Delhi
JAN_009176,CUST_03986,Smartwatch,1,27057,2026-01-16,Cash on Delivery,Chennai
JAN_009177,CUST_02317,Headphones,1,21860,2026-01-22,UPI,Pune
JAN_009178,CUST_02658,Tablet,5,19600,2026-01-27,Cash on Delivery,Delhi
JAN_009179,CUST_00571,Smartwatch,2,17361,2026-01-05,Cash on Delivery,Bangalore
JAN_009180,CUST_04353,Smartwatch,3,7624,2026-01-03,Debit Card,Delhi
JAN_009181,CUST_01087,Smartphone,3,4901,2026-01-03,Credit Card,Pune
JAN_009182,CUST_01027,Tablet,5,3273,2026-01-17,Cash on Delivery,Pune
JAN_009183,CUST_03500,Monitor,1,42077,2026-01-17,Debit Card,Chennai
JAN_009184,CUST_03358,Laptop,1,32584,2026-01-27,UPI,Pune
JAN_009185,CUST_04643,Keyboard,5,27383,2026-01-12,Cash on Delivery,Mumbai
JAN_009186,CUST_02743,Monitor,2,12257,2026-01-04,Cash on Delivery,Bangalore
JAN_009187,CUST_01096,Mouse,4,24714,2026-01-03,Debit Card,Delhi
JAN_009188,CUST_04925,Monitor,4,36981,2026-01-23,Cash on Delivery,Delhi
JAN_009189,CUST_02599,Smartphone,4,35785,2026-01-30,Credit Card,Delhi
JAN_009190,CUST_01474,Headphones,4,47163,2026-01-01,UPI,Mumbai
JAN_009191,CUST_00662,Laptop,1,9579,2026-01-07,UPI,Pune
JAN_009192,CUST_04922,Laptop,1,47373,2026-01-09,Debit Card,Chennai
JAN_009193,CUST_02581,Monitor,3,29471,2026-01-22,Cash on Delivery,Delhi
JAN_009194,CUST_01775,Headphones,5,12027,2026-01-10,Credit Card,Hyderabad
JAN_009195,CUST_01543,Headphones,1,36231,2026-01-03,Credit Card,Chennai
JAN_009196,CUST_04753,Mouse,5,34116,2026-01-13,Credit Card,Bangalore
JAN_009197,CUST_04203,Laptop,5,17995,2026-01-19,Cash on Delivery,Hyderabad
JAN_009198,CUST_04074,Keyboard,2,38055,2026-01-17,Cash on Delivery,Bangalore
JAN_009199,CUST_02236,Monitor,4,9484,2026-01-17,Cash on Delivery,Mumbai
JAN_009200,CUST_01553,Tablet,1,41168,2026-01-29,Credit Card,Bangalore
JAN_009201,CUST_02449,Smartwatch,5,34620,2026-01-30,Debit Card,Bangalore
JAN_009202,CUST_04439,Laptop,5,4216,2026-01-19,Cash on Delivery,Chennai
JAN_009203,CUST_00231,Mouse,4,34570,2026-01-30,Credit Card,Mumbai
JAN_009204,CUST_03414,Headphones,4,19271,2026-01-27,Cash on Delivery,Pune
JAN_009205,CUST_04113,Tablet,2,17736,2026-01-11,Debit Card,Bangalore
JAN_009206,CUST_01987,Smartphone,2,47901,2026-01-13,Debit Card,Delhi
JAN_009207,CUST_00352,Headphones,4,20235,2026-01-22,Credit Card,Pune
JAN_009208,CUST_00363,Smartphone,1,9587,2026-01-19,Credit Card,Mumbai
JAN_009209,CUST_00607,Monitor,1,9275,2026-01-06,Debit Card,Mumbai
JAN_009210,CUST_03140,Mouse,1,21479,2026-01-07,Debit Card,Mumbai
JAN_009211,CUST_03177,Monitor,2,15268,2026-01-23,Cash on Delivery,Mumbai
JAN_009212,CUST_04403,Tablet,4,31402,2026-01-01,Debit Card,Mumbai
JAN_009213,CUST_00442,Laptop,2,11728,2026-01-20,Credit Card,Pune
JAN_009214,CUST_00218,Tablet,2,19004,2026-01-14,Cash on Delivery,Hyderabad
JAN_009215,CUST_02351,Keyboard,2,28128,2026-01-24,Cash on Delivery,Bangalore
JAN_009216,CUST_04358,Mouse,4,18036,2026-01-29,Credit Card,Mumbai
JAN_009217,CUST_00507,Keyboard,2,14504,2026-01-25,Credit Card,Hyderabad
JAN_009218,CUST_02900,Mouse,2,29467,2026-01-30,Cash on Delivery,Chennai
JAN_009219,CUST_00452,Monitor,5,22669,2026-01-08,Credit Card,Mumbai
JAN_009220,CUST_03464,Mouse,3,39686,2026-01-20,Cash on Delivery,Hyderabad
JAN_009221,CUST_01136,Mouse,2,6306,2026-01-05,Credit Card,Pune
JAN_009222,CUST_00655,Headphones,3,24165,2026-01-22,Credit Card,Pune
JAN_009223,CUST_01380,Keyboard,1,31472,2026-01-20,UPI,Bangalore
JAN_009224,CUST_01046,Monitor,4,1559,2026-01-04,Cash on Delivery,Chennai
JAN_009225,CUST_00480,Tablet,4,40817,2026-01-29,Credit Card,Bangalore
JAN_009226,CUST_02815,Mouse,4,21556,2026-01-09,Cash on Delivery,Mumbai
JAN_009227,CUST_01889,Smartphone,3,49662,2026-01-04,Cash on Delivery,Hyderabad
JAN_009228,CUST_03986,Keyboard,1,44356,2026-01-27,UPI,Delhi
JAN_009229,CUST_01289,Smartwatch,3,20994,2026-01-10,Cash on Delivery,Delhi
JAN_009230,CUST_02292,Smartwatch,5,18990,2026-01-19,Debit Card,Hyderabad
JAN_009231,CUST_00816,Laptop,5,1154,2026-01-07,Credit Card,Bangalore
JAN_009232,CUST_02826,Tablet,2,24973,2026-01-18,Credit Card,Pune
JAN_009233,CUST_03880,Monitor,1,12475,2026-01-06,Cash on Delivery,Pune
JAN_009234,CUST_04964,Headphones,4,20234,2026-01-03,Credit Card,Mumbai
JAN_009235,CUST_00055,Headphones,2,36231,2026-01-24,Cash on Delivery,Delhi
JAN_009236,CUST_04230,Laptop,4,16545,2026-01-30,Cash on Delivery,Chennai
JAN_009237,CUST_02520,Tablet,1,25022,2026-01-30,Debit Card,Hyderabad
JAN_009238,CUST_00022,Smartphone,5,26721,2026-01-23,Debit Card,Delhi
JAN_009239,CUST_01964,Monitor,4,9607,2026-01-24,Credit Card,Hyderabad
JAN_009240,CUST_00219,Headphones,1,5266,2026-01-11,UPI,Hyderabad
JAN_009241,CUST_00044,Laptop,1,2827,2026-01-16,Credit Card,Delhi
JAN_009242,CUST_00452,Monitor,2,8802,2026-01-05,Credit Card,Mumbai
JAN_009243,CUST_04805,Keyboard,5,47287,2026-01-18,Debit Card,Chennai
JAN_009244,CUST_00404,Laptop,3,28031,2026-01-25,Cash on Delivery,Mumbai
JAN_009245,CUST_03662,Smartphone,1,6239,2026-01-28,Debit Card,Chennai
JAN_009246,CUST_04396,Headphones,3,30725,2026-01-28,Debit Card,Hyderabad
JAN_009247,CUST_00817,Smartphone,4,12747,2026-01-20,UPI,Chennai
JAN_009248,CUST_02656,Laptop,4,33944,2026-01-14,Debit Card,Chennai
JAN_009249,CUST_03520,Laptop,2,30664,2026-01-23,Credit Card,Mumbai
JAN_009250,CUST_00163,Keyboard,3,3686,2026-01-14,Credit Card,Pune
JAN_009251,CUST_02788,Laptop,4,13257,2026-01-10,Credit Card,Pune
JAN_009252,CUST_00499,Monitor,2,18247,2026-01-15,UPI,Pune
JAN_009253,CUST_03502,Mouse,3,28463,2026-01-31,Debit Card,Chennai
JAN_009254,CUST_03406,Smartwatch,4,26188,2026-01-18,Debit Card,Chennai
JAN_009255,CUST_00984,Mouse,2,47011,2026-01-20,Debit Card,Mumbai
JAN_009256,CUST_00042,Laptop,1,14075,2026-01-01,Cash on Delivery,Bangalore
JAN_009257,CUST_03665,Mouse,4,48150,2026-01-07,UPI,Mumbai
JAN_009258,CUST_03889,Keyboard,5,11884,2026-01-25,Credit Card,Delhi
JAN_009259,CUST_02664,Keyboard,2,31715,2026-01-05,Cash on Delivery,Delhi
JAN_009260,CUST_01158,Keyboard,2,17801,2026-01-21,Debit Card,Mumbai
JAN_009261,CUST_02805,Mouse,1,31048,2026-01-04,Cash on Delivery,Chennai
JAN_009262,CUST_03784,Smartwatch,4,5345,2026-01-12,UPI,Pune
JAN_009263,CUST_00414,Laptop,1,23235,2026-01-21,UPI,Mumbai
JAN_009264,CUST_03123,Headphones,3,32940,2026-01-17,Credit Card,Hyderabad
JAN_009265,CUST_01689,Mouse,5,43762,2026-01-07,UPI,Bangalore
JAN_009266,CUST_01052,Smartwatch,5,42283,2026-01-02,Cash on Delivery,Delhi
JAN_009267,CUST_02622,Monitor,3,44507,2026-01-03,UPI,Pune
JAN_009268,CUST_04124,Tablet,3,32855,2026-01-01,Debit Card,Chennai
JAN_009269,CUST_00808,Keyboard,1,33555,2026-01-11,Credit Card,Pune
JAN_009270,CUST_04519,Headphones,2,32391,2026-01-24,UPI,Pune
JAN_009271,CUST_04404,Mouse,3,16985,2026-01-24,Cash on Delivery,Hyderabad
JAN_009272,CUST_02619,Laptop,1,43953,2026-01-30,Credit Card,Pune
JAN_009273,CUST_00718,Keyboard,5,24243,2026-01-18,Debit Card,Mumbai
JAN_009274,CUST_02529,Headphones,5,14996,2026-01-18,Credit Card,Chennai
JAN_009275,CUST_02293,Monitor,4,3210,2026-01-24,UPI,Chennai
JAN_009276,CUST_03677,Keyboard,2,32126,2026-01-28,UPI,Mumbai
JAN_009277,CUST_03459,Monitor,2,26521,2026-01-02,UPI,Bangalore
JAN_009278,CUST_04629,Tablet,1,12248,2026-01-10,Cash on Delivery,Hyderabad
JAN_009279,CUST_00648,Laptop,5,10410,2026-01-08,Cash on Delivery,Delhi
JAN_009280,CUST_03937,Tablet,3,27620,2026-01-21,UPI,Chennai
JAN_009281,CUST_00181,Mouse,1,33324,2026-01-23,Cash on Delivery,Hyderabad
JAN_009282,CUST_03181,Laptop,5,23754,2026-01-27,Cash on Delivery,Chennai
JAN_009283,CUST_00822,Smartphone,5,12446,2026-01-28,Credit Card,Mumbai
JAN_009284,CUST_00143,Tablet,3,33142,2026-01-23,Cash on Delivery,Bangalore
JAN_009285,CUST_02958,Keyboard,1,38549,2026-01-08,Cash on Delivery,Bangalore
JAN_009286,CUST_01624,Smartwatch,2,7597,2026-01-08,Debit Card,Hyderabad
JAN_009287,CUST_01103,Smartwatch,5,6389,2026-01-28,Cash on Delivery,Mumbai
JAN_009288,CUST_03891,Monitor,4,35947,2026-01-22,Cash on Delivery,Delhi
JAN_009289,CUST_02599,Mouse,5,25237,2026-01-09,Debit Card,Pune
JAN_009290,CUST_01390,Headphones,1,27466,2026-01-22,Credit Card,Bangalore
JAN_009291,CUST_02811,Keyboard,1,910,2026-01-25,Credit Card,Bangalore
JAN_009292,CUST_00484,Tablet,3,26788,2026-01-18,Credit Card,Bangalore
JAN_009293,CUST_02375,Smartphone,1,33423,2026-01-24,Debit Card,Delhi
JAN_009294,CUST_04568,Keyboard,1,40044,2026-01-10,Credit Card,Chennai
JAN_009295,CUST_01341,Tablet,4,33366,2026-01-24,Credit Card,Bangalore
JAN_009296,CUST_04069,Keyboard,2,33095,2026-01-02,UPI,Hyderabad
JAN_009297,CUST_03164,Tablet,1,32383,2026-01-03,Cash on Delivery,Pune
JAN_009298,CUST_00977,Laptop,2,18844,2026-01-04,UPI,Delhi
JAN_009299,CUST_04026,Keyboard,4,4528,2026-01-02,Cash on Delivery,Bangalore
JAN_009300,CUST_03728,Mouse,1,31246,2026-01-11,UPI,Hyderabad
JAN_009301,CUST_04330,Laptop,1,4274,2026-01-09,UPI,Mumbai
JAN_009302,CUST_00740,Keyboard,2,4065,2026-01-29,Credit Card,Pune
JAN_009303,CUST_02264,Laptop,3,726,2026-01-04,UPI,Mumbai
JAN_009304,CUST_02026,Headphones,1,23480,2026-01-24,UPI,Hyderabad
JAN_009305,CUST_03819,Tablet,2,17669,2026-01-05,Debit Card,Delhi
JAN_009306,CUST_03673,Smartwatch,3,21322,2026-01-21,Cash on Delivery,Mumbai
JAN_009307,CUST_02542,Smartwatch,5,37778,2026-01-17,UPI,Bangalore
JAN_009308,CUST_04468,Keyboard,2,26229,2026-01-29,Debit Card,Hyderabad
JAN_009309,CUST_03631,Mouse,4,3116,2026-01-25,UPI,Bangalore
JAN_009310,CUST_03780,Smartphone,5,12332,2026-01-17,UPI,Hyderabad
JAN_009311,CUST_01837,Keyboard,5,8805,2026-01-26,Cash on Delivery,Bangalore
JAN_009312,CUST_00994,Tablet,5,41819,2026-01-14,Cash on Delivery,Hyderabad
JAN_009313,CUST_00578,Headphones,4,26621,2026-01-29,Cash on Delivery,Pune
JAN_009314,CUST_04754,Smartphone,4,48018,2026-01-20,Credit Card,Pune
JAN_009315,CUST_03749,Tablet,1,44441,2026-01-23,Cash on Delivery,Pune
JAN_009316,CUST_03087,Monitor,4,19627,2026-01-26,Cash on Delivery,Bangalore
JAN_009317,CUST_04892,Tablet,4,43690,2026-01-27,Debit Card,Hyderabad
JAN_009318,CUST_03801,Tablet,4,31814,2026-01-30,Credit Card,Pune
JAN_009319,CUST_04154,Laptop,1,30501,2026-01-22,Debit Card,Mumbai
JAN_009320,CUST_03371,Headphones,2,43169,2026-01-24,Credit Card,Chennai
JAN_009321,CUST_01835,Keyboard,3,30846,2026-01-08,Debit Card,Pune
JAN_009322,CUST_01440,Smartwatch,4,37056,2026-01-03,Cash on Delivery,Bangalore
JAN_009323,CUST_00428,Tablet,2,42455,2026-01-15,Debit Card,Bangalore
JAN_009324,CUST_03299,Laptop,3,10384,2026-01-27,UPI,Chennai
JAN_009325,CUST_01722,Headphones,1,16488,2026-01-29,Credit Card,Mumbai
JAN_009326,CUST_02722,Tablet,5,38459,2026-01-21,Credit Card,Pune
JAN_009327,CUST_04304,Laptop,2,47009,2026-01-17,Credit Card,Hyderabad
JAN_009328,CUST_02839,Monitor,4,26306,2026-01-22,Credit Card,Mumbai
JAN_009329,CUST_04282,Keyboard,4,45005,2026-01-17,UPI,Chennai
JAN_009330,CUST_04769,Smartphone,5,47800,2026-01-20,UPI,Chennai
JAN_009331,CUST_01544,Smartphone,3,48754,2026-01-05,Debit Card,Delhi
JAN_009332,CUST_02512,Mouse,5,5360,2026-01-25,Cash on Delivery,Bangalore
JAN_009333,CUST_03721,Laptop,5,18895,2026-01-29,Cash on Delivery,Chennai
JAN_009334,CUST_00916,Tablet,2,19411,2026-01-04,Debit Card,Hyderabad
JAN_009335,CUST_01963,Mouse,2,27888,2026-01-13,Debit Card,Pune
JAN_009336,CUST_00386,Mouse,1,27564,2026-01-28,Credit Card,Pune
JAN_009337,CUST_03210,Tablet,2,17632,2026-01-23,UPI,Hyderabad
JAN_009338,CUST_03109,Headphones,5,43763,2026-01-20,Cash on Delivery,Mumbai
JAN_009339,CUST_02021,Headphones,1,24591,2026-01-03,Cash on Delivery,Chennai
JAN_009340,CUST_00507,Smartphone,5,5221,2026-01-15,Cash on Delivery,Mumbai
JAN_009341,CUST_00911,Laptop,3,22063,2026-01-15,Credit Card,Pune
JAN_009342,CUST_00370,Tablet,1,33997,2026-01-29,UPI,Delhi
JAN_009343,CUST_00646,Keyboard,1,36589,2026-01-06,Cash on Delivery,Mumbai
JAN_009344,CUST_00287,Keyboard,3,25417,2026-01-11,UPI,Pune
JAN_009345,CUST_03881,Keyboard,3,6091,2026-01-03,Cash on Delivery,Pune
JAN_009346,CUST_00721,Mouse,4,22839,2026-01-09,Debit Card,Bangalore
JAN_009347,CUST_00704,Headphones,2,13729,2026-01-11,Debit Card,Bangalore
JAN_009348,CUST_00615,Smartwatch,3,49089,2026-01-19,UPI,Bangalore
JAN_009349,CUST_03365,Smartwatch,2,1740,2026-01-21,Credit Card,Chennai
JAN_009350,CUST_01907,Smartwatch,3,33555,2026-01-07,Cash on Delivery,Bangalore
JAN_009351,CUST_00447,Tablet,3,17364,2026-01-01,Credit Card,Bangalore
JAN_009352,CUST_02598,Laptop,1,37336,2026-01-06,UPI,Chennai
JAN_009353,CUST_01893,Smartwatch,3,30414,2026-01-12,UPI,Chennai
JAN_009354,CUST_03565,Smartwatch,4,32014,2026-01-21,UPI,Delhi
JAN_009355,CUST_00529,Mouse,3,10010,2026-01-09,Debit Card,Bangalore
JAN_009356,CUST_03549,Mouse,5,4448,2026-01-18,Debit Card,Delhi
JAN_009357,CUST_00201,Laptop,3,13067,2026-01-12,Debit Card,Pune
JAN_009358,CUST_00622,Mouse,1,25013,2026-01-25,Credit Card,Hyderabad
JAN_009359,CUST_04924,Mouse,4,24054,2026-01-05,UPI,Delhi
JAN_009360,CUST_03734,Smartphone,1,2463,2026-01-05,Debit Card,Hyderabad
JAN_009361,CUST_04775,Smartphone,2,28332,2026-01-21,Debit Card,Delhi
JAN_009362,CUST_04231,Mouse,4,46817,2026-01-31,UPI,Pune
JAN_009363,CUST_04596,Smartphone,5,10569,2026-01-20,UPI,Bangalore
JAN_009364,CUST_04962,Smartphone,4,14045,2026-01-02,Credit Card,Hyderabad
JAN_009365,CUST_01241,Keyboard,4,8528,2026-01-22,Debit Card,Hyderabad
JAN_009366,CUST_01099,Smartwatch,3,32286,2026-01-08,UPI,Mumbai
JAN_009367,CUST_04977,Headphones,3,37810,2026-01-23,UPI,Delhi
JAN_009368,CUST_01736,Laptop,1,28223,2026-01-17,Credit Card,Delhi
JAN_009369,CUST_04359,Smartphone,5,14083,2026-01-25,Credit Card,Bangalore
JAN_009370,CUST_00950,Smartwatch,4,37589,2026-01-12,UPI,Chennai
JAN_009371,CUST_03277,Smartphone,5,28820,2026-01-15,UPI,Chennai
JAN_009372,CUST_00700,Smartphone,4,9417,2026-01-20,Credit Card,Delhi
JAN_009373,CUST_02673,Smartphone,2,48149,2026-01-08,Credit Card,Bangalore
JAN_009374,CUST_00675,Monitor,2,23283,2026-01-07,Cash on Delivery,Delhi
JAN_009375,CUST_04452,Tablet,2,47278,2026-01-23,Debit Card,Bangalore
JAN_009376,CUST_00181,Mouse,1,37851,2026-01-23,Debit Card,Mumbai
JAN_009377,CUST_03657,Tablet,1,49748,2026-01-09,Cash on Delivery,Hyderabad
JAN_009378,CUST_04357,Headphones,1,35337,2026-01-06,Credit Card,Bangalore
JAN_009379,CUST_03164,Headphones,1,26426,2026-01-10,Credit Card,Chennai
JAN_009380,CUST_04898,Tablet,1,14089,2026-01-05,Cash on Delivery,Pune
JAN_009381,CUST_03598,Keyboard,2,47165,2026-01-10,Credit Card,Delhi
JAN_009382,CUST_01140,Headphones,3,10601,2026-01-29,Cash on Delivery,Delhi
JAN_009383,CUST_04557,Keyboard,4,33783,2026-01-15,UPI,Delhi
JAN_009384,CUST_02060,Smartphone,3,22636,2026-01-11,Credit Card,Hyderabad
JAN_009385,CUST_03975,Mouse,4,22952,2026-01-25,UPI,Bangalore
JAN_009386,CUST_03815,Mouse,1,29218,2026-01-09,Cash on Delivery,Bangalore
JAN_009387,CUST_02238,Mouse,1,429,2026-01-07,Debit Card,Chennai
JAN_009388,CUST_02454,Laptop,4,45511,2026-01-19,Debit Card,Delhi
JAN_009389,CUST_02866,Keyboard,2,38147,2026-01-25,Credit Card,Pune
JAN_009390,CUST_02197,Mouse,3,43634,2026-01-05,Credit Card,Bangalore
JAN_009391,CUST_03066,Smartphone,5,38684,2026-01-24,Debit Card,Bangalore
JAN_009392,CUST_00043,Tablet,4,21049,2026-01-30,Debit Card,Chennai
JAN_009393,CUST_04455,Smartphone,3,44030,2026-01-05,Cash on Delivery,Mumbai
JAN_009394,CUST_03506,Smartwatch,2,22893,2026-01-30,UPI,Mumbai
JAN_009395,CUST_03513,Headphones,2,1922,2026-01-23,Debit Card,Delhi
JAN_009396,CUST_03675,Tablet,1,17176,2026-01-22,Debit Card,Hyderabad
JAN_009397,CUST_03899,Headphones,3,34147,2026-01-30,Debit Card,Hyderabad
JAN_009398,CUST_01060,Smartwatch,1,23038,2026-01-31,Credit Card,Hyderabad
JAN_009399,CUST_01948,Laptop,3,49448,2026-01-28,Cash on Delivery,Hyderabad
JAN_009400,CUST_00421,Laptop,5,11707,2026-01-05,UPI,Pune
JAN_009401,CUST_04115,Laptop,5,33068,2026-01-16,Credit Card,Delhi
JAN_009402,CUST_04754,Headphones,3,11795,2026-01-02,UPI,Mumbai
JAN_009403,CUST_04861,Mouse,2,13014,2026-01-21,Debit Card,Pune
JAN_009404,CUST_04024,Smartphone,2,3453,2026-01-09,Credit Card,Chennai
JAN_009405,CUST_04760,Headphones,5,38224,2026-01-28,UPI,Delhi
JAN_009406,CUST_00712,Laptop,1,44277,2026-01-11,Credit Card,Delhi
JAN_009407,CUST_04897,Headphones,3,30583,2026-01-16,Credit Card,Bangalore
JAN_009408,CUST_02054,Keyboard,2,28459,2026-01-26,UPI,Delhi
JAN_009409,CUST_01399,Mouse,1,36307,2026-01-06,UPI,Pune
JAN_009410,CUST_03880,Laptop,1,15468,2026-01-15,Cash on Delivery,Hyderabad
JAN_009411,CUST_04020,Smartphone,3,3425,2026-01-04,Cash on Delivery,Hyderabad
JAN_009412,CUST_01216,Mouse,4,1084,2026-01-11,Debit Card,Hyderabad
JAN_009413,CUST_00410,Monitor,1,23671,2026-01-06,UPI,Delhi
JAN_009414,CUST_04180,Smartwatch,4,3177,2026-01-05,UPI,Hyderabad
JAN_009415,CUST_03742,Mouse,5,18593,2026-01-19,UPI,Mumbai
JAN_009416,CUST_03622,Smartphone,3,38388,2026-01-25,UPI,Delhi
JAN_009417,CUST_02423,Tablet,2,31082,2026-01-13,Credit Card,Pune
JAN_009418,CUST_00176,Smartphone,2,20915,2026-01-12,Cash on Delivery,Hyderabad
JAN_009419,CUST_04270,Keyboard,3,15224,2026-01-09,Credit Card,Hyderabad
JAN_009420,CUST_03618,Smartwatch,4,5076,2026-01-30,Debit Card,Bangalore
JAN_009421,CUST_01509,Monitor,5,39188,2026-01-31,Debit Card,Chennai
JAN_009422,CUST_04764,Mouse,4,44207,2026-01-03,Cash on Delivery,Mumbai
JAN_009423,CUST_03832,Smartphone,5,5669,2026-01-02,UPI,Delhi
JAN_009424,CUST_01546,Keyboard,4,14799,2026-01-12,Debit Card,Hyderabad
JAN_009425,CUST_00938,Tablet,2,13437,2026-01-05,Debit Card,Mumbai
JAN_009426,CUST_02773,Smartphone,3,21206,2026-01-31,Cash on Delivery,Chennai
JAN_009427,CUST_00903,Mouse,2,35718,2026-01-08,Cash on Delivery,Mumbai
JAN_009428,CUST_00901,Smartphone,3,20116,2026-01-13,Credit Card,Mumbai
JAN_009429,CUST_04276,Monitor,5,17028,2026-01-04,UPI,Hyderabad
JAN_009430,CUST_03166,Monitor,5,22207,2026-01-05,UPI,Chennai
JAN_009431,CUST_01907,Smartwatch,4,27924,2026-01-07,Debit Card,Hyderabad
JAN_009432,CUST_02283,Keyboard,1,14487,2026-01-04,Cash on Delivery,Bangalore
JAN_009433,CUST_00006,Smartphone,5,36036,2026-01-01,UPI,Mumbai
JAN_009434,CUST_00881,Laptop,4,16454,2026-01-27,Credit Card,Delhi
JAN_009435,CUST_02224,Keyboard,2,25394,2026-01-09,Debit Card,Bangalore
JAN_009436,CUST_04658,Monitor,1,43848,2026-01-31,UPI,Pune
JAN_009437,CUST_03991,Monitor,3,4463,2026-01-19,Cash on Delivery,Hyderabad
JAN_009438,CUST_02838,Mouse,2,26460,2026-01-04,UPI,Pune
JAN_009439,CUST_01750,Mouse,3,39682,2026-01-29,Debit Card,Hyderabad
JAN_009440,CUST_04870,Keyboard,1,18787,2026-01-31,Debit Card,Mumbai
JAN_009441,CUST_00383,Smartphone,1,576,2026-01-17,Cash on Delivery,Hyderabad
JAN_009442,CUST_03283,Smartphone,5,35313,2026-01-11,Credit Card,Delhi
JAN_009443,CUST_01562,Smartphone,4,31043,2026-01-30,Credit Card,Chennai
JAN_009444,CUST_03153,Mouse,1,46074,2026-01-26,Credit Card,Pune
JAN_009445,CUST_03662,Monitor,1,22270,2026-01-02,UPI,Pune
JAN_009446,CUST_03528,Mouse,1,34009,2026-01-31,UPI,Mumbai
JAN_009447,CUST_03666,Smartphone,1,37897,2026-01-13,UPI,Chennai
JAN_009448,CUST_03079,Monitor,1,1357,2026-01-20,Debit Card,Hyderabad
JAN_009449,CUST_00209,Smartwatch,3,14299,2026-01-06,Cash on Delivery,Bangalore
JAN_009450,CUST_02225,Monitor,3,46913,2026-01-19,Credit Card,Hyderabad
JAN_009451,CUST_00698,Monitor,4,25445,2026-01-07,Debit Card,Bangalore
JAN_009452,CUST_04627,Keyboard,3,30492,2026-01-29,UPI,Delhi
JAN_009453,CUST_03362,Smartphone,1,30933,2026-01-25,Cash on Delivery,Pune
JAN_009454,CUST_01953,Headphones,1,5503,2026-01-21,Cash on Delivery,Mumbai
JAN_009455,CUST_01786,Laptop,4,41323,2026-01-21,UPI,Chennai
JAN_009456,CUST_03472,Headphones,2,47278,2026-01-24,Credit Card,Bangalore
JAN_009457,CUST_04351,Smartphone,1,42590,2026-01-11,UPI,Delhi
JAN_009458,CUST_03604,Tablet,4,6655,2026-01-24,Debit Card,Mumbai
JAN_009459,CUST_00242,Tablet,5,17638,2026-01-18,Debit Card,Delhi
JAN_009460,CUST_03187,Tablet,4,46068,2026-01-09,UPI,Mumbai
JAN_009461,CUST_01139,Monitor,5,29282,2026-01-09,Cash on Delivery,Bangalore
JAN_009462,CUST_00758,Headphones,3,17018,2026-01-16,Debit Card,Bangalore
JAN_009463,CUST_02469,Tablet,5,43754,2026-01-18,Debit Card,Mumbai
JAN_009464,CUST_03203,Smartphone,3,37794,2026-01-20,UPI,Mumbai
JAN_009465,CUST_02168,Laptop,5,1606,2026-01-27,Debit Card,Bangalore
JAN_009466,CUST_02464,Mouse,5,27907,2026-01-30,Credit Card,Pune
JAN_009467,CUST_03065,Headphones,1,27790,2026-01-24,Debit Card,Delhi
JAN_009468,CUST_03742,Keyboard,5,44304,2026-01-18,UPI,Chennai
JAN_009469,CUST_03308,Smartwatch,4,32054,2026-01-29,Debit Card,Pune
JAN_009470,CUST_02104,Mouse,2,1124,2026-01-05,Credit Card,Mumbai
JAN_009471,CUST_02628,Tablet,5,39110,2026-01-27,Cash on Delivery,Mumbai
JAN_009472,CUST_02844,Smartphone,1,8782,2026-01-13,Debit Card,Bangalore
JAN_009473,CUST_00479,Tablet,4,36288,2026-01-25,Credit Card,Chennai
JAN_009474,CUST_02682,Laptop,5,27824,2026-01-08,UPI,Mumbai
JAN_009475,CUST_01140,Headphones,4,8048,2026-01-19,Cash on Delivery,Chennai
JAN_009476,CUST_01691,Keyboard,3,12010,2026-01-06,Cash on Delivery,Mumbai
JAN_009477,CUST_03778,Tablet,2,27506,2026-01-03,Debit Card,Bangalore
JAN_009478,CUST_00552,Keyboard,2,28682,2026-01-17,UPI,Delhi
JAN_009479,CUST_02130,Headphones,4,556,2026-01-11,UPI,Pune
JAN_009480,CUST_04513,Headphones,2,13454,2026-01-27,Credit Card,Pune
JAN_009481,CUST_00471,Laptop,2,21453,2026-01-21,Credit Card,Mumbai
JAN_009482,CUST_03270,Tablet,3,1318,2026-01-09,Cash on Delivery,Mumbai
JAN_009483,CUST_03050,Keyboard,2,7618,2026-01-18,UPI,Bangalore
JAN_009484,CUST_02417,Keyboard,3,27378,2026-01-13,Credit Card,Pune
JAN_009485,CUST_03775,Monitor,2,45186,2026-01-18,UPI,Hyderabad
JAN_009486,CUST_04448,Keyboard,2,25018,2026-01-09,Debit Card,Hyderabad
JAN_009487,CUST_00908,Monitor,2,46314,2026-01-05,Cash on Delivery,Bangalore
JAN_009488,CUST_04268,Tablet,1,24986,2026-01-12,Cash on Delivery,Delhi
JAN_009489,CUST_01715,Laptop,2,8888,2026-01-21,Credit Card,Mumbai
JAN_009490,CUST_04523,Laptop,4,404,2026-01-14,UPI,Hyderabad
JAN_009491,CUST_00686,Monitor,3,32270,2026-01-05,Debit Card,Pune
JAN_009492,CUST_01097,Monitor,1,11891,2026-01-03,UPI,Hyderabad
JAN_009493,CUST_01561,Keyboard,3,1197,2026-01-18,UPI,Chennai
JAN_009494,CUST_00593,Mouse,3,45901,2026-01-19,Debit Card,Pune
JAN_009495,CUST_03879,Smartwatch,4,38336,2026-01-12,Cash on Delivery,Delhi
JAN_009496,CUST_01652,Smartwatch,4,6967,2026-01-12,UPI,Chennai
JAN_009497,CUST_01117,Laptop,2,20193,2026-01-04,Debit Card,Pune
JAN_009498,CUST_02199,Smartphone,4,22533,2026-01-16,Cash on Delivery,Bangalore
JAN_009499,CUST_01415,Keyboard,1,3300,2026-01-28,Credit Card,Delhi
JAN_009500,CUST_01461,Headphones,2,29697,2026-01-10,UPI,Chennai
JAN_009501,CUST_02549,Keyboard,2,43589,2026-01-13,Credit Card,Pune
JAN_009502,CUST_02914,Smartphone,5,41000,2026-01-26,Cash on Delivery,Pune
JAN_009503,CUST_01310,Smartphone,1,4703,2026-01-24,Debit Card,Delhi
JAN_009504,CUST_01325,Tablet,1,40538,2026-01-31,Credit Card,Pune
JAN_009505,CUST_03455,Tablet,4,41523,2026-01-02,Debit Card,Delhi
JAN_009506,CUST_00956,Smartphone,4,49971,2026-01-02,Credit Card,Mumbai
JAN_009507,CUST_00638,Laptop,5,7718,2026-01-02,UPI,Pune
JAN_009508,CUST_02150,Smartwatch,1,3349,2026-01-25,Debit Card,Delhi
JAN_009509,CUST_00384,Mouse,5,22509,2026-01-21,Cash on Delivery,Chennai
JAN_009510,CUST_03281,Monitor,1,1567,2026-01-18,Credit Card,Hyderabad
JAN_009511,CUST_04893,Monitor,2,31144,2026-01-27,Credit Card,Delhi
JAN_009512,CUST_04337,Keyboard,5,12170,2026-01-15,UPI,Delhi
JAN_009513,CUST_01757,Headphones,3,17754,2026-01-11,UPI,Chennai
JAN_009514,CUST_03353,Smartwatch,3,30520,2026-01-25,Cash on Delivery,Chennai
JAN_009515,CUST_02555,Keyboard,5,23301,2026-01-11,Credit Card,Hyderabad
JAN_009516,CUST_00820,Mouse,4,15668,2026-01-19,UPI,Delhi
JAN_009517,CUST_02421,Monitor,2,17184,2026-01-28,Cash on Delivery,Bangalore
JAN_009518,CUST_00540,Smartphone,4,2432,2026-01-19,Debit Card,Pune
JAN_009519,CUST_03814,Smartphone,5,10563,2026-01-26,Credit Card,Delhi
JAN_009520,CUST_02184,Mouse,5,19177,2026-01-07,Debit Card,Chennai
JAN_009521,CUST_02475,Mouse,5,23471,2026-01-26,Cash on Delivery,Hyderabad
JAN_009522,CUST_02543,Mouse,3,5467,2026-01-26,Debit Card,Delhi
JAN_009523,CUST_03015,Tablet,2,40874,2026-01-04,UPI,Bangalore
JAN_009524,CUST_03109,Laptop,4,4408,2026-01-05,Credit Card,Delhi
JAN_009525,CUST_04746,Smartphone,3,15555,2026-01-26,Credit Card,Chennai
JAN_009526,CUST_02308,Smartwatch,1,8870,2026-01-13,Credit Card,Pune
JAN_009527,CUST_02881,Monitor,3,24246,2026-01-20,Credit Card,Bangalore
JAN_009528,CUST_04679,Smartphone,2,29133,2026-01-24,Credit Card,Mumbai
JAN_009529,CUST_03386,Tablet,4,42047,2026-01-27,Credit Card,Mumbai
JAN_009530,CUST_03776,Laptop,2,40277,2026-01-31,Credit Card,Bangalore
JAN_009531,CUST_04582,Smartwatch,2,3533,2026-01-13,Cash on Delivery,Bangalore
JAN_009532,CUST_01738,Smartphone,5,5915,2026-01-31,Credit Card,Hyderabad
JAN_009533,CUST_01296,Smartphone,5,47466,2026-01-30,Credit Card,Pune
JAN_009534,CUST_00108,Tablet,2,40990,2026-01-11,Debit Card,Hyderabad
JAN_009535,CUST_02637,Monitor,1,24005,2026-01-21,UPI,Chennai
JAN_009536,CUST_00975,Monitor,1,45071,2026-01-17,UPI,Bangalore
JAN_009537,CUST_01091,Tablet,5,22067,2026-01-14,Cash on Delivery,Pune
JAN_009538,CUST_01320,Smartphone,4,46483,2026-01-14,Cash on Delivery,Delhi
JAN_009539,CUST_03786,Headphones,3,15276,2026-01-22,UPI,Bangalore
JAN_009540,CUST_02971,Smartwatch,3,5658,2026-01-09,Debit Card,Hyderabad
JAN_009541,CUST_03706,Monitor,2,42811,2026-01-20,UPI,Mumbai
JAN_009542,CUST_02127,Smartwatch,2,16198,2026-01-10,Debit Card,Bangalore
JAN_009543,CUST_02326,Monitor,1,6049,2026-01-11,Credit Card,Pune
JAN_009544,CUST_01146,Smartphone,5,45206,2026-01-05,Debit Card,Hyderabad
JAN_009545,CUST_01676,Smartphone,2,3717,2026-01-04,Debit Card,Hyderabad
JAN_009546,CUST_00459,Keyboard,1,37285,2026-01-08,Credit Card,Pune
JAN_009547,CUST_01519,Headphones,1,11008,2026-01-30,Debit Card,Mumbai
JAN_009548,CUST_04095,Smartwatch,4,39005,2026-01-26,Cash on Delivery,Mumbai
JAN_009549,CUST_03309,Keyboard,5,10613,2026-01-27,Credit Card,Chennai
JAN_009550,CUST_03349,Tablet,3,4156,2026-01-23,UPI,Pune
JAN_009551,CUST_04902,Tablet,4,14708,2026-01-01,Debit Card,Pune
JAN_009552,CUST_02406,Smartwatch,2,24143,2026-01-28,Debit Card,Hyderabad
JAN_009553,CUST_00945,Headphones,1,14446,2026-01-01,Debit Card,Bangalore
JAN_009554,CUST_01548,Laptop,1,10803,2026-01-30,Debit Card,Delhi
JAN_009555,CUST_01627,Smartwatch,3,25682,2026-01-09,Cash on Delivery,Hyderabad
JAN_009556,CUST_03810,Laptop,4,31366,2026-01-08,Debit Card,Chennai
JAN_009557,CUST_02380,Laptop,2,41476,2026-01-10,UPI,Bangalore
JAN_009558,CUST_01438,Headphones,1,5052,2026-01-17,Debit Card,Bangalore
JAN_009559,CUST_04046,Headphones,1,22941,2026-01-31,Debit Card,Bangalore
JAN_009560,CUST_01334,Smartphone,4,48436,2026-01-08,Debit Card,Bangalore
JAN_009561,CUST_00007,Headphones,4,39245,2026-01-11,Debit Card,Bangalore
JAN_009562,CUST_02889,Keyboard,4,3724,2026-01-01,Cash on Delivery,Delhi
JAN_009563,CUST_04592,Mouse,5,37988,2026-01-05,Credit Card,Hyderabad
JAN_009564,CUST_04359,Smartwatch,4,33324,2026-01-05,UPI,Mumbai
JAN_009565,CUST_03277,Monitor,2,34949,2026-01-01,Debit Card,Bangalore
JAN_009566,CUST_02553,Keyboard,1,20779,2026-01-31,Credit Card,Pune
JAN_009567,CUST_03484,Smartphone,3,6465,2026-01-07,Cash on Delivery,Delhi
JAN_009568,CUST_03647,Laptop,4,42010,2026-01-21,Credit Card,Chennai
JAN_009569,CUST_02136,Headphones,1,3154,2026-01-30,Debit Card,Mumbai
JAN_009570,CUST_02407,Laptop,4,37563,2026-01-06,Credit Card,Hyderabad
JAN_009571,CUST_03628,Tablet,5,33793,2026-01-30,UPI,Mumbai
JAN_009572,CUST_02152,Monitor,5,6773,2026-01-30,Debit Card,Hyderabad
JAN_009573,CUST_02940,Mouse,2,19592,2026-01-01,Cash on Delivery,Hyderabad
JAN_009574,CUST_00361,Mouse,1,20339,2026-01-10,Cash on Delivery,Mumbai
JAN_009575,CUST_00052,Tablet,4,37973,2026-01-09,Debit Card,Mumbai
JAN_009576,CUST_03282,Headphones,2,38966,2026-01-11,UPI,Pune
JAN_009577,CUST_03737,Laptop,1,26281,2026-01-07,Debit Card,Pune
JAN_009578,CUST_02525,Tablet,4,45395,2026-01-01,Credit Card,Delhi
JAN_009579,CUST_04767,Mouse,4,42216,2026-01-01,UPI,Bangalore
JAN_009580,CUST_02576,Headphones,5,19990,2026-01-04,Credit Card,Chennai
JAN_009581,CUST_03114,Tablet,4,18429,2026-01-29,UPI,Chennai
JAN_009582,CUST_01983,Tablet,3,26946,2026-01-11,Cash on Delivery,Chennai
JAN_009583,CUST_02815,Smartwatch,2,45018,2026-01-18,Cash on Delivery,Mumbai
JAN_009584,CUST_02430,Keyboard,4,4660,2026-01-13,UPI,Mumbai
JAN_009585,CUST_03317,Monitor,5,24548,2026-01-31,Credit Card,Bangalore
JAN_009586,CUST_04049,Smartphone,4,34419,2026-01-03,Cash on Delivery,Bangalore
JAN_009587,CUST_04487,Headphones,3,26858,2026-01-16,Credit Card,Bangalore
JAN_009588,CUST_01672,Headphones,3,5954,2026-01-24,UPI,Mumbai
JAN_009589,CUST_00671,Laptop,2,43324,2026-01-28,Credit Card,Pune
JAN_009590,CUST_02195,Smartphone,3,5217,2026-01-04,UPI,Mumbai
JAN_009591,CUST_01059,Laptop,1,42598,2026-01-03,Cash on Delivery,Bangalore
JAN_009592,CUST_02116,Smartphone,3,45193,2026-01-15,Cash on Delivery,Hyderabad
JAN_009593,CUST_00791,Mouse,2,12574,2026-01-14,UPI,Delhi
JAN_009594,CUST_00555,Headphones,3,21310,2026-01-24,Credit Card,Bangalore
JAN_009595,CUST_03915,Laptop,5,1843,2026-01-28,Cash on Delivery,Mumbai
JAN_009596,CUST_01479,Tablet,5,42389,2026-01-19,Debit Card,Chennai
JAN_009597,CUST_01582,Smartwatch,3,10920,2026-01-09,Debit Card,Bangalore
JAN_009598,CUST_02537,Tablet,1,11487,2026-01-06,Cash on Delivery,Hyderabad
JAN_009599,CUST_00886,Monitor,3,26315,2026-01-29,Cash on Delivery,Chennai
JAN_009600,CUST_01079,Laptop,4,46010,2026-01-20,Credit Card,Hyderabad
JAN_009601,CUST_01222,Headphones,2,46126,2026-01-15,UPI,Pune
JAN_009602,CUST_04287,Tablet,1,33542,2026-01-30,Cash on Delivery,Pune
JAN_009603,CUST_01705,Mouse,3,23164,2026-01-08,Credit Card,Hyderabad
JAN_009604,CUST_02949,Laptop,5,11497,2026-01-15,UPI,Pune
JAN_009605,CUST_04208,Monitor,4,46104,2026-01-07,UPI,Delhi
JAN_009606,CUST_02484,Mouse,1,10268,2026-01-18,Cash on Delivery,Hyderabad
JAN_009607,CUST_03440,Headphones,4,36387,2026-01-07,Debit Card,Hyderabad
JAN_009608,CUST_02426,Smartphone,3,30202,2026-01-29,UPI,Bangalore
JAN_009609,CUST_03734,Monitor,1,22889,2026-01-10,Credit Card,Chennai
JAN_009610,CUST_04962,Headphones,4,42012,2026-01-21,UPI,Chennai
JAN_009611,CUST_04423,Headphones,2,44991,2026-01-01,Credit Card,Mumbai
JAN_009612,CUST_00134,Laptop,2,39133,2026-01-31,Cash on Delivery,Hyderabad
JAN_009613,CUST_03451,Tablet,5,9304,2026-01-01,Debit Card,Chennai
JAN_009614,CUST_02569,Keyboard,1,40151,2026-01-11,Credit Card,Delhi
JAN_009615,CUST_01393,Smartphone,2,33886,2026-01-06,UPI,Chennai
JAN_009616,CUST_00172,Keyboard,3,35361,2026-01-20,Credit Card,Delhi
JAN_009617,CUST_01225,Keyboard,2,32632,2026-01-23,Credit Card,Delhi
JAN_009618,CUST_02123,Headphones,3,4879,2026-01-10,Cash on Delivery,Mumbai
JAN_009619,CUST_01756,Smartphone,3,49839,2026-01-17,Debit Card,Hyderabad
JAN_009620,CUST_01367,Headphones,2,45142,2026-01-31,Credit Card,Delhi
JAN_009621,CUST_04114,Mouse,4,49635,2026-01-06,Cash on Delivery,Mumbai
JAN_009622,CUST_04782,Tablet,1,3175,2026-01-20,UPI,Hyderabad
JAN_009623,CUST_01613,Headphones,1,15921,2026-01-13,Credit Card,Chennai
JAN_009624,CUST_02606,Headphones,1,17236,2026-01-30,Debit Card,Pune
JAN_009625,CUST_02474,Mouse,4,8800,2026-01-12,Credit Card,Chennai
JAN_009626,CUST_00421,Mouse,5,40205,2026-01-01,Cash on Delivery,Bangalore
JAN_009627,CUST_02083,Headphones,2,43298,2026-01-25,Debit Card,Hyderabad
JAN_009628,CUST_03707,Keyboard,1,14511,2026-01-22,Cash on Delivery,Bangalore
JAN_009629,CUST_02988,Laptop,5,14095,2026-01-17,Cash on Delivery,Bangalore
JAN_009630,CUST_01822,Headphones,1,49467,2026-01-28,UPI,Chennai
JAN_009631,CUST_00037,Keyboard,1,42081,2026-01-22,Cash on Delivery,Chennai
JAN_009632,CUST_03562,Smartwatch,4,24017,2026-01-08,Debit Card,Hyderabad
JAN_009633,CUST_03619,Tablet,1,47857,2026-01-17,Debit Card,Chennai
JAN_009634,CUST_01920,Keyboard,2,21983,2026-01-27,Credit Card,Hyderabad
JAN_009635,CUST_04087,Laptop,2,16364,2026-01-07,Debit Card,Pune
JAN_009636,CUST_02675,Smartwatch,5,48133,2026-01-02,Debit Card,Pune
JAN_009637,CUST_03757,Smartwatch,1,40302,2026-01-27,Credit Card,Chennai
JAN_009638,CUST_04297,Smartphone,2,48902,2026-01-31,UPI,Chennai
JAN_009639,CUST_03284,Headphones,3,35652,2026-01-20,UPI,Hyderabad
JAN_009640,CUST_02894,Headphones,2,17382,2026-01-26,Credit Card,Chennai
JAN_009641,CUST_03496,Smartphone,4,47165,2026-01-11,Credit Card,Chennai
JAN_009642,CUST_00446,Smartphone,4,47838,2026-01-05,UPI,Mumbai
JAN_009643,CUST_03656,Monitor,3,22019,2026-01-04,Cash on Delivery,Chennai
JAN_009644,CUST_02411,Tablet,2,24341,2026-01-15,UPI,Mumbai
JAN_009645,CUST_03430,Tablet,3,19670,2026-01-29,Debit Card,Pune
JAN_009646,CUST_04961,Laptop,4,8356,2026-01-20,Cash on Delivery,Chennai
JAN_009647,CUST_04028,Laptop,2,1389,2026-01-21,Credit Card,Bangalore
JAN_009648,CUST_04716,Headphones,2,44404,2026-01-25,UPI,Mumbai
JAN_009649,CUST_01757,Keyboard,3,8107,2026-01-18,Cash on Delivery,Mumbai
JAN_009650,CUST_02623,Monitor,1,13043,2026-01-25,Credit Card,Mumbai
JAN_009651,CUST_01883,Laptop,2,49450,2026-01-25,Debit Card,Bangalore
JAN_009652,CUST_00864,Keyboard,4,48412,2026-01-07,Credit Card,Mumbai
JAN_009653,CUST_04680,Monitor,1,17931,2026-01-05,UPI,Hyderabad
JAN_009654,CUST_04085,Monitor,5,37299,2026-01-18,Cash on Delivery,Delhi
JAN_009655,CUST_01454,Headphones,4,34618,2026-01-05,UPI,Hyderabad
JAN_009656,CUST_01174,Keyboard,5,35556,2026-01-19,Cash on Delivery,Delhi
JAN_009657,CUST_04735,Smartphone,1,27695,2026-01-28,Credit Card,Mumbai
JAN_009658,CUST_03514,Tablet,5,27380,2026-01-09,Credit Card,Mumbai
JAN_009659,CUST_01824,Smartphone,4,38132,2026-01-25,UPI,Hyderabad
JAN_009660,CUST_02109,Smartwatch,4,2760,2026-01-25,Cash on Delivery,Pune
JAN_009661,CUST_04406,Smartwatch,3,18062,2026-01-13,Debit Card,Hyderabad
JAN_009662,CUST_00984,Monitor,1,2970,2026-01-03,UPI,Bangalore
JAN_009663,CUST_01364,Tablet,2,21363,2026-01-09,Debit Card,Chennai
JAN_009664,CUST_00121,Smartphone,5,49148,2026-01-08,UPI,Hyderabad
JAN_009665,CUST_01111,Monitor,5,19954,2026-01-16,Credit Card,Delhi
JAN_009666,CUST_01075,Headphones,4,11976,2026-01-01,Cash on Delivery,Pune
JAN_009667,CUST_03051,Headphones,1,45239,2026-01-30,Debit Card,Delhi
JAN_009668,CUST_01206,Keyboard,1,8101,2026-01-16,Debit Card,Delhi
JAN_009669,CUST_00556,Smartwatch,4,15526,2026-01-10,Credit Card,Chennai
JAN_009670,CUST_03598,Monitor,5,28981,2026-01-15,Credit Card,Chennai
JAN_009671,CUST_03819,Smartphone,5,33553,2026-01-15,Debit Card,Chennai
JAN_009672,CUST_02888,Keyboard,3,26025,2026-01-01,Debit Card,Pune
JAN_009673,CUST_03608,Mouse,1,40423,2026-01-30,Cash on Delivery,Hyderabad
JAN_009674,CUST_02127,Smartwatch,5,33227,2026-01-08,Cash on Delivery,Mumbai
JAN_009675,CUST_02379,Smartwatch,2,40455,2026-01-14,Credit Card,Hyderabad
JAN_009676,CUST_04076,Tablet,2,25732,2026-01-03,UPI,Bangalore
JAN_009677,CUST_04891,Laptop,5,4418,2026-01-08,UPI,Mumbai
JAN_009678,CUST_00262,Tablet,4,35617,2026-01-01,Credit Card,Mumbai
JAN_009679,CUST_04247,Headphones,4,13527,2026-01-27,Cash on Delivery,Pune
JAN_009680,CUST_00580,Tablet,1,13816,2026-01-09,Credit Card,Delhi
JAN_009681,CUST_00464,Smartphone,5,13232,2026-01-11,Credit Card,Hyderabad
JAN_009682,CUST_01230,Headphones,4,17121,2026-01-22,Debit Card,Bangalore
JAN_009683,CUST_02868,Mouse,3,31802,2026-01-09,Credit Card,Chennai
JAN_009684,CUST_04050,Headphones,3,18726,2026-01-17,Cash on Delivery,Pune
JAN_009685,CUST_03766,Smartphone,4,20634,2026-01-24,UPI,Chennai
JAN_009686,CUST_03211,Smartwatch,4,37454,2026-01-30,Debit Card,Delhi
JAN_009687,CUST_00048,Smartwatch,1,14532,2026-01-28,Cash on Delivery,Chennai
JAN_009688,CUST_04358,Headphones,2,29864,2026-01-20,Cash on Delivery,Mumbai
JAN_009689,CUST_04595,Headphones,3,47421,2026-01-27,Credit Card,Mumbai
JAN_009690,CUST_04034,Tablet,5,2105,2026-01-18,UPI,Delhi
JAN_009691,CUST_00629,Headphones,1,10774,2026-01-17,Cash on Delivery,Delhi
JAN_009692,CUST_04550,Smartphone,3,28664,2026-01-11,Cash on Delivery,Mumbai
JAN_009693,CUST_01418,Smartwatch,2,11371,2026-01-02,Debit Card,Pune
JAN_009694,CUST_04980,Keyboard,2,20969,2026-01-04,Cash on Delivery,Delhi
JAN_009695,CUST_04158,Mouse,3,15261,2026-01-26,Cash on Delivery,Pune
JAN_009696,CUST_04433,Headphones,5,16855,2026-01-06,UPI,Pune
JAN_009697,CUST_00814,Headphones,3,45888,2026-01-29,Credit Card,Mumbai
JAN_009698,CUST_02174,Keyboard,2,3251,2026-01-02,UPI,Hyderabad
JAN_009699,CUST_04099,Smartphone,2,19312,2026-01-06,Cash on Delivery,Hyderabad
JAN_009700,CUST_03432,Smartwatch,4,33824,2026-01-13,Credit Card,Mumbai
JAN_009701,CUST_00799,Tablet,2,39307,2026-01-07,Debit Card,Mumbai
JAN_009702,CUST_04993,Keyboard,4,23158,2026-01-20,UPI,Delhi
JAN_009703,CUST_03407,Mouse,5,7561,2026-01-16,Debit Card,Pune
JAN_009704,CUST_00834,Smartwatch,4,37120,2026-01-21,UPI,Hyderabad
JAN_009705,CUST_02674,Smartphone,5,10250,2026-01-10,UPI,Hyderabad
JAN_009706,CUST_02227,Smartwatch,3,16566,2026-01-24,Debit Card,Mumbai
JAN_009707,CUST_04670,Mouse,1,24658,2026-01-30,Cash on Delivery,Hyderabad
JAN_009708,CUST_02843,Keyboard,3,3772,2026-01-10,UPI,Mumbai
JAN_009709,CUST_03784,Monitor,2,36166,2026-01-27,Cash on Delivery,Pune
JAN_009710,CUST_04984,Tablet,2,9322,2026-01-27,Debit Card,Chennai
JAN_009711,CUST_02629,Laptop,2,11649,2026-01-26,Debit Card,Hyderabad
JAN_009712,CUST_00964,Headphones,2,31323,2026-01-08,Credit Card,Bangalore
JAN_009713,CUST_02339,Monitor,3,41172,2026-01-09,UPI,Delhi
JAN_009714,CUST_00110,Tablet,5,20987,2026-01-22,Credit Card,Bangalore
JAN_009715,CUST_03506,Tablet,4,9932,2026-01-09,Credit Card,Hyderabad
JAN_009716,CUST_03619,Tablet,5,12734,2026-01-13,UPI,Chennai
JAN_009717,CUST_00660,Smartwatch,2,35817,2026-01-11,UPI,Chennai
JAN_009718,CUST_01483,Smartwatch,4,40931,2026-01-14,Debit Card,Mumbai
JAN_009719,CUST_04738,Laptop,4,13872,2026-01-20,Cash on Delivery,Pune
JAN_009720,CUST_01392,Smartphone,4,25770,2026-01-05,Debit Card,Hyderabad
JAN_009721,CUST_01782,Smartwatch,1,18924,2026-01-01,Debit Card,Bangalore
JAN_009722,CUST_00208,Headphones,5,5432,2026-01-09,Debit Card,Chennai
JAN_009723,CUST_00159,Monitor,5,18600,2026-01-11,Debit Card,Mumbai
JAN_009724,CUST_02223,Headphones,2,35441,2026-01-21,Credit Card,Bangalore
JAN_009725,CUST_03290,Laptop,2,9036,2026-01-23,Credit Card,Bangalore
JAN_009726,CUST_00525,Smartphone,4,19864,2026-01-29,Cash on Delivery,Delhi
JAN_009727,CUST_01988,Laptop,3,35516,2026-01-14,Debit Card,Chennai
JAN_009728,CUST_00273,Tablet,1,43526,2026-01-31,Debit Card,Delhi
JAN_009729,CUST_00860,Tablet,3,39930,2026-01-11,Credit Card,Mumbai
JAN_009730,CUST_01315,Smartwatch,1,2386,2026-01-15,Debit Card,Bangalore
JAN_009731,CUST_01647,Smartphone,3,29485,2026-01-13,Cash on Delivery,Mumbai
JAN_009732,CUST_01471,Smartwatch,3,3486,2026-01-25,Cash on Delivery,Bangalore
JAN_009733,CUST_04143,Monitor,2,31181,2026-01-11,Cash on Delivery,Hyderabad
JAN_009734,CUST_04191,Smartphone,4,46817,2026-01-30,Cash on Delivery,Hyderabad
JAN_009735,CUST_00354,Smartwatch,3,5315,2026-01-21,UPI,Hyderabad
JAN_009736,CUST_04157,Tablet,3,42400,2026-01-18,Debit Card,Pune
JAN_009737,CUST_01591,Headphones,1,31310,2026-01-16,Cash on Delivery,Hyderabad
JAN_009738,CUST_02646,Mouse,3,30436,2026-01-25,Debit Card,Chennai
JAN_009739,CUST_03786,Laptop,4,2799,2026-01-30,Debit Card,Pune
JAN_009740,CUST_04523,Keyboard,3,35608,2026-01-11,Debit Card,Chennai
JAN_009741,CUST_01898,Headphones,4,46470,2026-01-10,Debit Card,Bangalore
JAN_009742,CUST_00582,Monitor,4,24047,2026-01-03,Credit Card,Chennai
JAN_009743,CUST_00420,Smartphone,3,25288,2026-01-15,Credit Card,Chennai
JAN_009744,CUST_04625,Smartphone,5,3924,2026-01-13,Debit Card,Delhi
JAN_009745,CUST_04816,Headphones,1,3154,2026-01-15,Debit Card,Bangalore
JAN_009746,CUST_01952,Smartphone,4,47323,2026-01-13,Debit Card,Pune
JAN_009747,CUST_03352,Laptop,4,45172,2026-01-30,Cash on Delivery,Pune
JAN_009748,CUST_04622,Keyboard,2,15846,2026-01-10,Cash on Delivery,Bangalore
JAN_009749,CUST_04414,Keyboard,5,34325,2026-01-11,Credit Card,Pune
JAN_009750,CUST_01843,Keyboard,1,17463,2026-01-26,Credit Card,Pune
JAN_009751,CUST_02930,Mouse,5,21479,2026-01-05,Credit Card,Hyderabad
JAN_009752,CUST_01425,Laptop,4,28356,2026-01-26,Cash on Delivery,Bangalore
JAN_009753,CUST_02120,Tablet,5,29590,2026-01-07,UPI,Mumbai
JAN_009754,CUST_00175,Laptop,2,35388,2026-01-19,UPI,Mumbai
JAN_009755,CUST_00161,Keyboard,2,49188,2026-01-02,Cash on Delivery,Chennai
JAN_009756,CUST_00738,Tablet,5,1057,2026-01-14,Cash on Delivery,Bangalore
JAN_009757,CUST_04755,Smartphone,4,9613,2026-01-10,Cash on Delivery,Pune
JAN_009758,CUST_03392,Monitor,1,9880,2026-01-16,Debit Card,Delhi
JAN_009759,CUST_00512,Smartphone,2,8923,2026-01-12,UPI,Bangalore
JAN_009760,CUST_01650,Monitor,2,30117,2026-01-31,Debit Card,Hyderabad
JAN_009761,CUST_01281,Tablet,1,39019,2026-01-29,Cash on Delivery,Chennai
JAN_009762,CUST_03231,Smartphone,4,11158,2026-01-24,Debit Card,Delhi
JAN_009763,CUST_01556,Keyboard,5,1830,2026-01-20,UPI,Pune
JAN_009764,CUST_03887,Laptop,1,28939,2026-01-02,Cash on Delivery,Bangalore
JAN_009765,CUST_03247,Laptop,5,14686,2026-01-10,Debit Card,Hyderabad
JAN_009766,CUST_03075,Mouse,5,7873,2026-01-30,Cash on Delivery,Pune
JAN_009767,CUST_00079,Tablet,5,49944,2026-01-11,Credit Card,Mumbai
JAN_009768,CUST_01082,Keyboard,2,7755,2026-01-30,Debit Card,Pune
JAN_009769,CUST_02235,Tablet,4,11542,2026-01-08,UPI,Chennai
JAN_009770,CUST_00586,Laptop,2,29857,2026-01-10,Debit Card,Mumbai
JAN_009771,CUST_00873,Smartwatch,3,36974,2026-01-10,Cash on Delivery,Pune
JAN_009772,CUST_04328,Headphones,2,40146,2026-01-13,Cash on Delivery,Pune
JAN_009773,CUST_01579,Headphones,4,34879,2026-01-28,Cash on Delivery,Mumbai
JAN_009774,CUST_04307,Mouse,5,27274,2026-01-06,Credit Card,Bangalore
JAN_009775,CUST_02915,Laptop,1,9451,2026-01-12,UPI,Pune
JAN_009776,CUST_04643,Smartphone,3,44551,2026-01-20,Debit Card,Delhi
JAN_009777,CUST_01568,Monitor,5,24142,2026-01-11,Credit Card,Mumbai
JAN_009778,CUST_04689,Smartwatch,3,17998,2026-01-03,Cash on Delivery,Mumbai
JAN_009779,CUST_02376,Mouse,3,44631,2026-01-11,UPI,Bangalore
JAN_009780,CUST_01211,Smartphone,1,9166,2026-01-11,UPI,Pune
JAN_009781,CUST_01678,Tablet,1,41591,2026-01-25,Cash on Delivery,Mumbai
JAN_009782,CUST_03519,Laptop,3,8812,2026-01-08,UPI,Delhi
JAN_009783,CUST_00814,Laptop,1,18963,2026-01-31,Cash on Delivery,Hyderabad
JAN_009784,CUST_04987,Tablet,3,9654,2026-01-16,UPI,Mumbai
JAN_009785,CUST_00496,Mouse,5,28486,2026-01-29,Debit Card,Bangalore
JAN_009786,CUST_02844,Monitor,4,46371,2026-01-06,Cash on Delivery,Delhi
JAN_009787,CUST_01355,Laptop,3,17650,2026-01-06,Debit Card,Mumbai
JAN_009788,CUST_00726,Laptop,3,25284,2026-01-15,Cash on Delivery,Delhi
JAN_009789,CUST_01177,Keyboard,4,49618,2026-01-20,UPI,Chennai
JAN_009790,CUST_03113,Mouse,5,42544,2026-01-01,Cash on Delivery,Delhi
JAN_009791,CUST_01969,Monitor,5,49891,2026-01-23,Credit Card,Hyderabad
JAN_009792,CUST_04717,Monitor,1,30485,2026-01-21,Debit Card,Pune
JAN_009793,CUST_00446,Mouse,4,31862,2026-01-05,UPI,Mumbai
JAN_009794,CUST_04269,Keyboard,1,45229,2026-01-10,Cash on Delivery,Chennai
JAN_009795,CUST_03786,Keyboard,2,23920,2026-01-05,Debit Card,Delhi
JAN_009796,CUST_01292,Tablet,3,14355,2026-01-18,Credit Card,Delhi
JAN_009797,CUST_03234,Headphones,2,22305,2026-01-23,UPI,Chennai
JAN_009798,CUST_01706,Mouse,5,14022,2026-01-28,Cash on Delivery,Delhi
JAN_009799,CUST_01122,Keyboard,1,4873,2026-01-29,Debit Card,Chennai
JAN_009800,CUST_03474,Tablet,3,2158,2026-01-09,Credit Card,Hyderabad
JAN_009801,CUST_04934,Monitor,3,5776,2026-01-02,Debit Card,Pune
JAN_009802,CUST_00506,Keyboard,5,32639,2026-01-06,UPI,Mumbai
JAN_009803,CUST_00991,Laptop,3,49720,2026-01-27,Debit Card,Delhi
JAN_009804,CUST_00294,Monitor,1,38467,2026-01-07,UPI,Hyderabad
JAN_009805,CUST_01978,Mouse,1,43690,2026-01-19,Cash on Delivery,Pune
JAN_009806,CUST_00450,Tablet,4,33218,2026-01-01,Debit Card,Pune
JAN_009807,CUST_03214,Monitor,3,34371,2026-01-17,Debit Card,Delhi
JAN_009808,CUST_02880,Headphones,4,29025,2026-01-06,Cash on Delivery,Hyderabad
JAN_009809,CUST_03831,Monitor,3,45624,2026-01-12,Cash on Delivery,Bangalore
JAN_009810,CUST_01160,Headphones,4,32554,2026-01-10,Debit Card,Mumbai
JAN_009811,CUST_04940,Keyboard,2,23764,2026-01-03,Credit Card,Pune
JAN_009812,CUST_03615,Mouse,5,18505,2026-01-14,Credit Card,Delhi
JAN_009813,CUST_01418,Smartphone,4,25456,2026-01-25,UPI,Hyderabad
JAN_009814,CUST_02911,Headphones,2,33571,2026-01-31,UPI,Bangalore
JAN_009815,CUST_04486,Tablet,1,45357,2026-01-20,Debit Card,Delhi
JAN_009816,CUST_00179,Keyboard,3,30119,2026-01-24,Cash on Delivery,Chennai
JAN_009817,CUST_01806,Smartphone,2,16810,2026-01-20,UPI,Bangalore
JAN_009818,CUST_02011,Smartwatch,2,24777,2026-01-19,Credit Card,Delhi
JAN_009819,CUST_04018,Monitor,3,13574,2026-01-03,Credit Card,Pune
JAN_009820,CUST_01640,Mouse,4,30866,2026-01-15,Cash on Delivery,Delhi
JAN_009821,CUST_03559,Monitor,5,23533,2026-01-02,Credit Card,Chennai
JAN_009822,CUST_03532,Monitor,3,41451,2026-01-29,Cash on Delivery,Hyderabad
JAN_009823,CUST_00556,Monitor,5,37554,2026-01-19,Cash on Delivery,Delhi
JAN_009824,CUST_00234,Keyboard,4,49561,2026-01-21,Debit Card,Hyderabad
JAN_009825,CUST_00843,Mouse,3,41982,2026-01-30,Credit Card,Hyderabad
JAN_009826,CUST_01634,Smartwatch,5,30835,2026-01-17,Cash on Delivery,Mumbai
JAN_009827,CUST_00173,Tablet,3,1745,2026-01-20,Debit Card,Chennai
JAN_009828,CUST_00813,Monitor,3,24042,2026-01-03,UPI,Mumbai
JAN_009829,CUST_02450,Smartphone,5,34356,2026-01-16,Cash on Delivery,Hyderabad
JAN_009830,CUST_03123,Smartphone,1,24594,2026-01-28,UPI,Mumbai
JAN_009831,CUST_00590,Tablet,2,39042,2026-01-16,Cash on Delivery,Mumbai
JAN_009832,CUST_00649,Headphones,4,33427,2026-01-27,Credit Card,Pune
JAN_009833,CUST_02918,Smartwatch,2,42676,2026-01-04,Debit Card,Delhi
JAN_009834,CUST_03198,Laptop,3,42077,2026-01-02,UPI,Mumbai
JAN_009835,CUST_03945,Smartwatch,5,888,2026-01-13,Debit Card,Bangalore
JAN_009836,CUST_02734,Headphones,4,36358,2026-01-08,Credit Card,Pune
JAN_009837,CUST_00551,Mouse,4,5676,2026-01-31,UPI,Pune
JAN_009838,CUST_02026,Headphones,4,46486,2026-01-05,UPI,Mumbai
JAN_009839,CUST_03882,Keyboard,2,22488,2026-01-31,Cash on Delivery,Bangalore
JAN_009840,CUST_01148,Smartphone,2,15934,2026-01-20,UPI,Delhi
JAN_009841,CUST_02452,Laptop,3,27050,2026-01-28,Debit Card,Delhi
JAN_009842,CUST_00669,Tablet,2,5352,2026-01-29,UPI,Pune
JAN_009843,CUST_02293,Smartwatch,2,4569,2026-01-21,UPI,Hyderabad
JAN_009844,CUST_03165,Tablet,1,42926,2026-01-23,UPI,Hyderabad
JAN_009845,CUST_04055,Keyboard,3,1510,2026-01-18,Debit Card,Bangalore
JAN_009846,CUST_02419,Monitor,5,12622,2026-01-30,UPI,Hyderabad
JAN_009847,CUST_01822,Smartphone,2,23728,2026-01-04,Debit Card,Chennai
JAN_009848,CUST_04730,Tablet,2,16971,2026-01-01,UPI,Delhi
JAN_009849,CUST_00176,Monitor,3,45582,2026-01-12,UPI,Chennai
JAN_009850,CUST_03374,Mouse,4,7380,2026-01-29,Cash on Delivery,Pune
JAN_009851,CUST_04812,Mouse,2,27006,2026-01-05,UPI,Delhi
JAN_009852,CUST_02422,Monitor,2,49593,2026-01-03,Debit Card,Hyderabad
JAN_009853,CUST_00069,Tablet,2,1677,2026-01-21,Cash on Delivery,Hyderabad
JAN_009854,CUST_02050,Monitor,5,18354,2026-01-28,Debit Card,Hyderabad
JAN_009855,CUST_00444,Headphones,2,10791,2026-01-10,Cash on Delivery,Pune
JAN_009856,CUST_03104,Laptop,2,6478,2026-01-16,UPI,Chennai
JAN_009857,CUST_03554,Tablet,2,22203,2026-01-25,Credit Card,Chennai
JAN_009858,CUST_01573,Mouse,3,17960,2026-01-19,Debit Card,Mumbai
JAN_009859,CUST_04824,Laptop,4,29039,2026-01-23,Cash on Delivery,Bangalore
JAN_009860,CUST_01178,Smartphone,1,49889,2026-01-21,Credit Card,Mumbai
JAN_009861,CUST_01709,Mouse,3,13300,2026-01-14,Cash on Delivery,Mumbai
JAN_009862,CUST_04251,Mouse,2,21937,2026-01-01,Cash on Delivery,Pune
JAN_009863,CUST_02209,Headphones,2,30359,2026-01-12,Credit Card,Bangalore
JAN_009864,CUST_02115,Tablet,2,20614,2026-01-07,Cash on Delivery,Hyderabad
JAN_009865,CUST_04176,Keyboard,2,10771,2026-01-20,Debit Card,Delhi
JAN_009866,CUST_00216,Headphones,2,29513,2026-01-11,Cash on Delivery,Bangalore
JAN_009867,CUST_03241,Laptop,2,15276,2026-01-21,Debit Card,Chennai
JAN_009868,CUST_00907,Keyboard,4,823,2026-01-28,Debit Card,Hyderabad
JAN_009869,CUST_04048,Tablet,3,9400,2026-01-29,Credit Card,Delhi
JAN_009870,CUST_00676,Headphones,1,2398,2026-01-26,Debit Card,Mumbai
JAN_009871,CUST_01232,Keyboard,3,8907,2026-01-21,UPI,Delhi
JAN_009872,CUST_04465,Tablet,2,36442,2026-01-08,Debit Card,Bangalore
JAN_009873,CUST_01722,Monitor,1,3760,2026-01-30,Credit Card,Mumbai
JAN_009874,CUST_03370,Keyboard,5,13193,2026-01-11,Cash on Delivery,Chennai
JAN_009875,CUST_04636,Mouse,2,26879,2026-01-14,Debit Card,Hyderabad
JAN_009876,CUST_02492,Smartphone,5,38014,2026-01-13,Cash on Delivery,Hyderabad
JAN_009877,CUST_02631,Smartphone,2,46713,2026-01-23,Debit Card,Bangalore
JAN_009878,CUST_02583,Monitor,2,45830,2026-01-26,Credit Card,Hyderabad
JAN_009879,CUST_04080,Tablet,2,32417,2026-01-13,Debit Card,Hyderabad
JAN_009880,CUST_01280,Keyboard,1,33196,2026-01-10,Cash on Delivery,Mumbai
JAN_009881,CUST_03431,Smartwatch,2,16181,2026-01-13,Debit Card,Delhi
JAN_009882,CUST_04196,Laptop,5,5555,2026-01-26,UPI,Bangalore
JAN_009883,CUST_00921,Smartwatch,5,11487,2026-01-09,Debit Card,Hyderabad
JAN_009884,CUST_03805,Tablet,1,49756,2026-01-26,Debit Card,Pune
JAN_009885,CUST_04702,Smartphone,1,44409,2026-01-09,Debit Card,Mumbai
JAN_009886,CUST_03512,Monitor,3,32577,2026-01-31,Cash on Delivery,Bangalore
JAN_009887,CUST_01487,Smartwatch,4,45044,2026-01-04,Debit Card,Hyderabad
JAN_009888,CUST_00144,Tablet,3,14987,2026-01-29,Debit Card,Mumbai
JAN_009889,CUST_04207,Keyboard,3,24166,2026-01-07,Cash on Delivery,Delhi
JAN_009890,CUST_04631,Keyboard,2,19990,2026-01-27,Debit Card,Chennai
JAN_009891,CUST_02710,Smartphone,3,45576,2026-01-28,Credit Card,Delhi
JAN_009892,CUST_01751,Laptop,5,19817,2026-01-23,Cash on Delivery,Chennai
JAN_009893,CUST_02803,Smartwatch,4,26957,2026-01-02,Debit Card,Pune
JAN_009894,CUST_03546,Smartphone,2,18101,2026-01-25,Credit Card,Delhi
JAN_009895,CUST_02446,Mouse,1,20664,2026-01-25,Cash on Delivery,Chennai
JAN_009896,CUST_04752,Smartwatch,5,48171,2026-01-26,Credit Card,Hyderabad
JAN_009897,CUST_01227,Monitor,2,40513,2026-01-19,UPI,Bangalore
JAN_009898,CUST_04878,Keyboard,4,14172,2026-01-21,Debit Card,Pune
JAN_009899,CUST_01308,Laptop,5,14925,2026-01-21,UPI,Pune
JAN_009900,CUST_03202,Smartwatch,4,45408,2026-01-03,Debit Card,Bangalore
JAN_009901,CUST_03671,Smartwatch,5,29717,2026-01-25,Credit Card,Delhi
JAN_009902,CUST_03748,Smartphone,5,5879,2026-01-01,UPI,Chennai
JAN_009903,CUST_02075,Mouse,1,43661,2026-01-20,Credit Card,Chennai
JAN_009904,CUST_04939,Tablet,1,33252,2026-01-25,Cash on Delivery,Pune
JAN_009905,CUST_00934,Monitor,2,47391,2026-01-02,Cash on Delivery,Bangalore
JAN_009906,CUST_00172,Monitor,3,5262,2026-01-31,UPI,Hyderabad
JAN_009907,CUST_04799,Mouse,5,35209,2026-01-26,Debit Card,Pune
JAN_009908,CUST_00995,Smartphone,4,19117,2026-01-26,Credit Card,Chennai
JAN_009909,CUST_02552,Headphones,2,29290,2026-01-03,Debit Card,Mumbai
JAN_009910,CUST_02932,Smartphone,2,11107,2026-01-10,Debit Card,Hyderabad
JAN_009911,CUST_01792,Tablet,1,36873,2026-01-19,UPI,Mumbai
JAN_009912,CUST_01933,Monitor,4,44993,2026-01-24,Debit Card,Delhi
JAN_009913,CUST_00716,Smartphone,1,2138,2026-01-30,Debit Card,Pune
JAN_009914,CUST_04771,Headphones,3,26546,2026-01-28,UPI,Mumbai
JAN_009915,CUST_01235,Monitor,3,43946,2026-01-29,Cash on Delivery,Delhi
JAN_009916,CUST_01868,Smartphone,3,3646,2026-01-13,UPI,Mumbai
JAN_009917,CUST_03563,Smartwatch,4,3659,2026-01-18,Debit Card,Pune
JAN_009918,CUST_01060,Monitor,4,39441,2026-01-25,UPI,Delhi
JAN_009919,CUST_02284,Laptop,4,17951,2026-01-11,Credit Card,Pune
JAN_009920,CUST_04328,Headphones,2,23786,2026-01-21,Debit Card,Hyderabad
JAN_009921,CUST_03976,Smartwatch,5,43639,2026-01-17,UPI,Hyderabad
JAN_009922,CUST_03430,Mouse,5,45679,2026-01-23,Debit Card,Mumbai
JAN_009923,CUST_00660,Headphones,2,18662,2026-01-06,Cash on Delivery,Mumbai
JAN_009924,CUST_04934,Keyboard,4,2975,2026-01-12,Cash on Delivery,Delhi
JAN_009925,CUST_01174,Keyboard,3,9325,2026-01-15,Cash on Delivery,Bangalore
JAN_009926,CUST_01719,Smartwatch,1,7466,2026-01-23,Credit Card,Hyderabad
JAN_009927,CUST_04373,Tablet,1,46561,2026-01-26,Debit Card,Chennai
JAN_009928,CUST_03543,Headphones,5,33420,2026-01-04,Debit Card,Chennai
JAN_009929,CUST_03062,Mouse,5,32501,2026-01-24,UPI,Pune
JAN_009930,CUST_00432,Smartwatch,3,27191,2026-01-26,UPI,Bangalore
JAN_009931,CUST_04697,Mouse,5,16243,2026-01-13,Debit Card,Chennai
JAN_009932,CUST_00362,Smartphone,4,27903,2026-01-24,Debit Card,Hyderabad
JAN_009933,CUST_03389,Tablet,4,34718,2026-01-30,Debit Card,Delhi
JAN_009934,CUST_01124,Mouse,5,29725,2026-01-24,Debit Card,Delhi
JAN_009935,CUST_01714,Laptop,2,42237,2026-01-20,Cash on Delivery,Mumbai
JAN_009936,CUST_04675,Keyboard,2,24977,2026-01-28,UPI,Delhi
JAN_009937,CUST_04439,Smartwatch,1,41643,2026-01-26,Debit Card,Pune
JAN_009938,CUST_02338,Headphones,2,25952,2026-01-15,Credit Card,Chennai
JAN_009939,CUST_04297,Laptop,2,29829,2026-01-24,UPI,Chennai
JAN_009940,CUST_04505,Smartwatch,3,35468,2026-01-03,UPI,Chennai
JAN_009941,CUST_03304,Smartphone,2,2776,2026-01-10,Debit Card,Chennai
JAN_009942,CUST_02478,Monitor,4,21008,2026-01-11,Cash on Delivery,Chennai
JAN_009943,CUST_03158,Keyboard,4,12981,2026-01-08,UPI,Delhi
JAN_009944,CUST_01172,Headphones,2,14015,2026-01-30,UPI,Bangalore
JAN_009945,CUST_01500,Smartphone,1,15332,2026-01-31,Cash on Delivery,Hyderabad
JAN_009946,CUST_04676,Headphones,1,20007,2026-01-24,Cash on Delivery,Hyderabad
JAN_009947,CUST_01761,Tablet,1,49784,2026-01-31,UPI,Delhi
JAN_009948,CUST_01646,Monitor,4,46180,2026-01-08,Credit Card,Pune
JAN_009949,CUST_03860,Monitor,5,648,2026-01-16,UPI,Delhi
JAN_009950,CUST_01064,Headphones,5,10342,2026-01-20,UPI,Mumbai
JAN_009951,CUST_01714,Tablet,1,48971,2026-01-08,Debit Card,Bangalore
JAN_009952,CUST_03886,Mouse,1,43588,2026-01-29,Debit Card,Mumbai
JAN_009953,CUST_03871,Mouse,5,42045,2026-01-30,UPI,Mumbai
JAN_009954,CUST_04948,Headphones,5,9014,2026-01-08,Credit Card,Chennai
JAN_009955,CUST_03462,Mouse,5,15898,2026-01-19,Credit Card,Chennai
JAN_009956,CUST_01838,Smartphone,2,36167,2026-01-18,UPI,Pune
JAN_009957,CUST_01787,Keyboard,5,13156,2026-01-01,Credit Card,Chennai
JAN_009958,CUST_03736,Keyboard,4,4797,2026-01-24,Debit Card,Pune
JAN_009959,CUST_00512,Mouse,4,44320,2026-01-31,Cash on Delivery,Mumbai
JAN_009960,CUST_02364,Monitor,4,5916,2026-01-20,Debit Card,Hyderabad
JAN_009961,CUST_04138,Smartphone,1,965,2026-01-04,Cash on Delivery,Pune
JAN_009962,CUST_04994,Mouse,2,38112,2026-01-31,Credit Card,Delhi
JAN_009963,CUST_01933,Smartphone,5,32340,2026-01-30,Debit Card,Pune
JAN_009964,CUST_04282,Keyboard,2,2946,2026-01-22,UPI,Mumbai
JAN_009965,CUST_04584,Smartphone,1,31708,2026-01-22,Credit Card,Delhi
JAN_009966,CUST_01161,Tablet,3,48720,2026-01-05,Cash on Delivery,Hyderabad
JAN_009967,CUST_00284,Smartphone,5,20449,2026-01-08,Debit Card,Mumbai
JAN_009968,CUST_04170,Keyboard,3,17856,2026-01-01,Debit Card,Delhi
JAN_009969,CUST_02033,Tablet,3,9287,2026-01-11,Debit Card,Hyderabad
JAN_009970,CUST_02459,Smartphone,4,33044,2026-01-25,Debit Card,Hyderabad
JAN_009971,CUST_03896,Tablet,1,10377,2026-01-09,Credit Card,Hyderabad
JAN_009972,CUST_04153,Keyboard,1,3823,2026-01-05,UPI,Bangalore
JAN_009973,CUST_00562,Smartphone,1,19346,2026-01-15,Credit Card,Pune
JAN_009974,CUST_03643,Headphones,2,20533,2026-01-19,UPI,Mumbai
JAN_009975,CUST_01250,Mouse,2,23019,2026-01-22,UPI,Bangalore
JAN_009976,CUST_03196,Keyboard,1,3869,2026-01-20,Cash on Delivery,Delhi
JAN_009977,CUST_04591,Mouse,3,4540,2026-01-14,Cash on Delivery,Chennai
JAN_009978,CUST_03539,Smartwatch,1,45405,2026-01-26,Cash on Delivery,Chennai
JAN_009979,CUST_04369,Tablet,2,37097,2026-01-21,Cash on Delivery,Delhi
JAN_009980,CUST_00163,Mouse,2,38650,2026-01-24,Cash on Delivery,Bangalore
JAN_009981,CUST_04474,Smartphone,1,6326,2026-01-26,Debit Card,Mumbai
JAN_009982,CUST_00239,Headphones,3,39017,2026-01-02,Credit Card,Delhi
JAN_009983,CUST_03170,Monitor,1,7789,2026-01-02,Cash on Delivery,Chennai
JAN_009984,CUST_01320,Monitor,1,21170,2026-01-18,Credit Card,Hyderabad
JAN_009985,CUST_00215,Laptop,3,40103,2026-01-17,Cash on Delivery,Mumbai
JAN_009986,CUST_02988,Mouse,4,37156,2026-01-27,UPI,Bangalore
JAN_009987,CUST_00353,Mouse,5,48732,2026-01-27,Debit Card,Pune
JAN_009988,CUST_03889,Laptop,3,8442,2026-01-03,UPI,Bangalore
JAN_009989,CUST_01726,Laptop,5,29036,2026-01-16,Cash on Delivery,Bangalore
JAN_009990,CUST_01040,Smartwatch,2,10755,2026-01-30,Credit Card,Pune
JAN_009991,CUST_02084,Mouse,1,15465,2026-01-17,Credit Card,Pune
JAN_009992,CUST_02635,Laptop,2,44982,2026-01-07,UPI,Mumbai
JAN_009993,CUST_03935,Tablet,1,2041,2026-01-07,Credit Card,Delhi
JAN_009994,CUST_01758,Monitor,5,9335,2026-01-27,Credit Card,Bangalore
JAN_009995,CUST_00193,Smartwatch,2,30900,2026-01-26,Debit Card,Pune
JAN_009996,CUST_03032,Tablet,1,33496,2026-01-03,Credit Card,Delhi
JAN_009997,CUST_03221,Laptop,3,6474,2026-01-17,Cash on Delivery,Mumbai
JAN_009998,CUST_01842,Monitor,3,14607,2026-01-10,Debit Card,Hyderabad
JAN_009999,CUST_00920,Headphones,3,22873,2026-01-30,Debit Card,Chennai
JAN_010000,CUST_02346,Smartwatch,3,47608,2026-01-24,Credit Card,Delhi
