Order_ID,Customer_ID,Product,Quantity,Price,Order_Date,Payment_Method,Location
MAR_000001,CUST_02050,Tablet,5,28492,2026-03-29,Debit Card,Bangalore
MAR_000002,CUST_04603,Mouse,4,7883,2026-03-12,Credit Card,Delhi
MAR_000003,CUST_00906,Keyboard,5,45165,2026-03-13,UPI,Mumbai
MAR_000004,CUST_02959,Monitor,4,25122,2026-03-30,Credit Card,Mumbai
MAR_000005,CUST_02755,Tablet,1,13909,2026-03-13,Credit Card,Pune
MAR_000006,CUST_03518,Smartphone,5,33158,2026-03-22,UPI,Chennai
MAR_000007,CUST_01908,Smartwatch,4,38321,2026-03-15,Credit Card,Delhi
MAR_000008,CUST_04900,Headphones,5,2127,2026-03-14,Cash on Delivery,Delhi
MAR_000009,CUST_01165,Smartphone,2,45875,2026-03-06,Debit Card,Pune
MAR_000010,CUST_04242,Mouse,3,2961,2026-03-31,Debit Card,Delhi
MAR_000011,CUST_02753,Keyboard,4,3541,2026-03-29,Debit Card,Pune
MAR_000012,CUST_04207,Monitor,3,27001,2026-03-30,Cash on Delivery,Delhi
MAR_000013,CUST_02961,Keyboard,5,29854,2026-03-20,Debit Card,Pune
MAR_000014,CUST_03113,Mouse,3,4386,2026-03-30,UPI,Delhi
MAR_000015,CUST_01556,Tablet,2,28750,2026-03-25,UPI,Mumbai
MAR_000016,CUST_03777,Monitor,3,30700,2026-03-22,Debit Card,Delhi
MAR_000017,CUST_03716,Keyboard,1,36112,2026-03-03,UPI,Chennai
MAR_000018,CUST_03389,Mouse,1,16285,2026-03-17,Debit Card,Chennai
MAR_000019,CUST_01696,Laptop,4,32599,2026-03-23,Credit Card,Hyderabad
MAR_000020,CUST_02521,Tablet,4,24690,2026-03-05,Credit Card,Pune
MAR_000021,CUST_02622,Keyboard,5,28083,2026-03-25,Credit Card,Mumbai
MAR_000022,CUST_01749,Smartphone,3,15242,2026-03-14,Credit Card,Pune
MAR_000023,CUST_00204,Smartphone,5,37719,2026-03-04,Cash on Delivery,Delhi
MAR_000024,CUST_03809,Smartphone,3,44045,2026-03-26,Cash on Delivery,Bangalore
MAR_000025,CUST_04348,Headphones,3,45100,2026-03-26,Credit Card,Chennai
MAR_000026,CUST_01670,Headphones,5,1023,2026-03-30,Debit Card,Pune
MAR_000027,CUST_02839,Tablet,2,11458,2026-03-05,Credit Card,Hyderabad
MAR_000028,CUST_00948,Keyboard,2,35452,2026-03-11,Debit Card,Pune
MAR_000029,CUST_01978,Keyboard,4,37434,2026-03-29,Cash on Delivery,Delhi
MAR_000030,CUST_04003,Tablet,1,11313,2026-03-17,Cash on Delivery,Pune
MAR_000031,CUST_01195,Keyboard,2,47867,2026-03-16,Credit Card,Delhi
MAR_000032,CUST_03128,Tablet,5,32309,2026-03-04,Cash on Delivery,Chennai
MAR_000033,CUST_04754,Laptop,2,4518,2026-03-20,UPI,Chennai
MAR_000034,CUST_02605,Mouse,1,19229,2026-03-09,Credit Card,Hyderabad
MAR_000035,CUST_01011,Tablet,3,28439,2026-03-12,Credit Card,Pune
MAR_000036,CUST_01085,Laptop,5,43601,2026-03-16,Credit Card,Pune
MAR_000037,CUST_00507,Smartphone,4,24063,2026-03-23,Credit Card,Chennai
MAR_000038,CUST_00117,Monitor,4,25817,2026-03-03,Credit Card,Hyderabad
MAR_000039,CUST_00214,Tablet,2,15217,2026-03-08,Debit Card,Chennai
MAR_000040,CUST_03039,Mouse,1,27729,2026-03-24,UPI,Hyderabad
MAR_000041,CUST_02886,Headphones,5,10463,2026-03-05,Credit Card,Bangalore
MAR_000042,CUST_01464,Headphones,1,21702,2026-03-25,UPI,Hyderabad
MAR_000043,CUST_01557,Smartphone,1,17279,2026-03-27,Debit Card,Delhi
MAR_000044,CUST_04567,Monitor,5,14635,2026-03-08,UPI,Bangalore
MAR_000045,CUST_02123,Laptop,4,22035,2026-03-17,UPI,Delhi
MAR_000046,CUST_02151,Mouse,4,29852,2026-03-31,Credit Card,Mumbai
MAR_000047,CUST_01452,Mouse,5,43094,2026-03-22,Cash on Delivery,Hyderabad
MAR_000048,CUST_00826,Tablet,1,19192,2026-03-01,Credit Card,Hyderabad
MAR_000049,CUST_04917,Tablet,1,23292,2026-03-12,Cash on Delivery,Hyderabad
MAR_000050,CUST_02500,Mouse,5,7796,2026-03-18,Credit Card,Mumbai
MAR_000051,CUST_01659,Smartphone,5,47366,2026-03-10,UPI,Hyderabad
MAR_000052,CUST_01989,Tablet,3,43600,2026-03-19,Debit Card,Bangalore
MAR_000053,CUST_01932,Tablet,2,25805,2026-03-05,UPI,Pune
MAR_000054,CUST_04510,Laptop,2,43092,2026-03-31,Debit Card,Pune
MAR_000055,CUST_04870,Laptop,2,32126,2026-03-05,Credit Card,Delhi
MAR_000056,CUST_01473,Smartphone,1,14104,2026-03-27,UPI,Mumbai
MAR_000057,CUST_01591,Monitor,3,9357,2026-03-24,Cash on Delivery,Bangalore
MAR_000058,CUST_01402,Monitor,3,4276,2026-03-25,Cash on Delivery,Pune
MAR_000059,CUST_04033,Keyboard,5,48932,2026-03-05,Debit Card,Mumbai
MAR_000060,CUST_04157,Tablet,2,2784,2026-03-13,Credit Card,Mumbai
MAR_000061,CUST_01089,Headphones,2,46381,2026-03-06,Debit Card,Pune
MAR_000062,CUST_02884,Monitor,3,42022,2026-03-16,Credit Card,Mumbai
MAR_000063,CUST_03026,Tablet,5,15803,2026-03-25,Debit Card,Bangalore
MAR_000064,CUST_00018,Smartwatch,2,28928,2026-03-12,Cash on Delivery,Chennai
MAR_000065,CUST_03181,Mouse,1,5512,2026-03-20,Credit Card,Hyderabad
MAR_000066,CUST_01837,Keyboard,5,6403,2026-03-26,Credit Card,Hyderabad
MAR_000067,CUST_01524,Headphones,1,30316,2026-03-01,Debit Card,Hyderabad
MAR_000068,CUST_01634,Headphones,1,1355,2026-03-30,Debit Card,Delhi
MAR_000069,CUST_02650,Smartphone,3,39556,2026-03-22,Debit Card,Delhi
MAR_000070,CUST_01270,Smartphone,1,46938,2026-03-29,UPI,Delhi
MAR_000071,CUST_01131,Laptop,4,37858,2026-03-23,UPI,Chennai
MAR_000072,CUST_04159,Keyboard,3,31575,2026-03-31,Credit Card,Chennai
MAR_000073,CUST_02212,Smartwatch,2,23120,2026-03-28,Cash on Delivery,Chennai
MAR_000074,CUST_01954,Headphones,2,10034,2026-03-19,UPI,Chennai
MAR_000075,CUST_00451,Headphones,2,18410,2026-03-09,Cash on Delivery,Bangalore
MAR_000076,CUST_01205,Smartwatch,5,7991,2026-03-23,Credit Card,Delhi
MAR_000077,CUST_03097,Tablet,3,35754,2026-03-09,Cash on Delivery,Hyderabad
MAR_000078,CUST_02281,Monitor,3,38565,2026-03-26,Credit Card,Hyderabad
MAR_000079,CUST_04615,Tablet,1,1070,2026-03-09,Credit Card,Bangalore
MAR_000080,CUST_01128,Smartwatch,4,21217,2026-03-19,Cash on Delivery,Delhi
MAR_000081,CUST_01599,Keyboard,3,19447,2026-03-03,Credit Card,Chennai
MAR_000082,CUST_00692,Monitor,2,15945,2026-03-30,Credit Card,Chennai
MAR_000083,CUST_00840,Keyboard,4,35792,2026-03-28,UPI,Bangalore
MAR_000084,CUST_02619,Mouse,5,6897,2026-03-25,Credit Card,Delhi
MAR_000085,CUST_01991,Keyboard,3,43245,2026-03-09,Cash on Delivery,Hyderabad
MAR_000086,CUST_00640,Headphones,2,31115,2026-03-13,Debit Card,Mumbai
MAR_000087,CUST_02274,Monitor,2,46799,2026-03-08,Debit Card,Pune
MAR_000088,CUST_02432,Headphones,2,24826,2026-03-01,UPI,Pune
MAR_000089,CUST_02962,Laptop,5,46682,2026-03-12,Cash on Delivery,Chennai
MAR_000090,CUST_00883,Headphones,5,18177,2026-03-21,Credit Card,Chennai
MAR_000091,CUST_01143,Smartphone,3,31464,2026-03-08,UPI,Chennai
MAR_000092,CUST_01022,Smartwatch,5,40463,2026-03-05,Credit Card,Delhi
MAR_000093,CUST_03477,Laptop,5,17197,2026-03-28,Credit Card,Mumbai
MAR_000094,CUST_00468,Keyboard,3,25353,2026-03-16,Cash on Delivery,Bangalore
MAR_000095,CUST_01101,Laptop,2,38375,2026-03-23,Cash on Delivery,Pune
MAR_000096,CUST_03861,Headphones,4,13099,2026-03-03,Cash on Delivery,Mumbai
MAR_000097,CUST_01258,Keyboard,5,8020,2026-03-23,Credit Card,Mumbai
MAR_000098,CUST_01995,Smartphone,1,8518,2026-03-10,Credit Card,Pune
MAR_000099,CUST_04788,Smartphone,5,20692,2026-03-25,Debit Card,Chennai
MAR_000100,CUST_04415,Keyboard,4,23679,2026-03-21,UPI,Bangalore
MAR_000101,CUST_01886,Tablet,4,30434,2026-03-24,UPI,Hyderabad
MAR_000102,CUST_00670,Smartwatch,3,2605,2026-03-07,Cash on Delivery,Pune
MAR_000103,CUST_02295,Mouse,5,26989,2026-03-27,Credit Card,Pune
MAR_000104,CUST_03947,Laptop,1,41651,2026-03-23,Credit Card,Chennai
MAR_000105,CUST_04529,Laptop,4,7145,2026-03-24,Credit Card,Delhi
MAR_000106,CUST_02998,Monitor,1,31818,2026-03-13,Debit Card,Mumbai
MAR_000107,CUST_03394,Laptop,3,15087,2026-03-22,Cash on Delivery,Delhi
MAR_000108,CUST_01784,Headphones,5,13720,2026-03-11,Credit Card,Bangalore
MAR_000109,CUST_00463,Headphones,2,43341,2026-03-15,Cash on Delivery,Hyderabad
MAR_000110,CUST_01384,Keyboard,5,21376,2026-03-30,UPI,Chennai
MAR_000111,CUST_01233,Monitor,4,48611,2026-03-15,Debit Card,Chennai
MAR_000112,CUST_04892,Headphones,4,9391,2026-03-05,UPI,Mumbai
MAR_000113,CUST_01893,Smartphone,3,20128,2026-03-03,UPI,Bangalore
MAR_000114,CUST_01372,Smartwatch,2,18205,2026-03-24,UPI,Bangalore
MAR_000115,CUST_01086,Smartphone,1,16556,2026-03-31,Debit Card,Hyderabad
MAR_000116,CUST_01925,Mouse,4,6584,2026-03-08,UPI,Delhi
MAR_000117,CUST_04521,Smartphone,5,25928,2026-03-18,Debit Card,Pune
MAR_000118,CUST_04255,Smartphone,2,336,2026-03-22,UPI,Mumbai
MAR_000119,CUST_01586,Keyboard,5,37490,2026-03-26,Credit Card,Pune
MAR_000120,CUST_00324,Smartwatch,1,34898,2026-03-05,Cash on Delivery,Bangalore
MAR_000121,CUST_01427,Keyboard,2,7840,2026-03-27,Debit Card,Mumbai
MAR_000122,CUST_01092,Laptop,1,37937,2026-03-17,UPI,Bangalore
MAR_000123,CUST_03308,Smartwatch,3,19416,2026-03-28,UPI,Pune
MAR_000124,CUST_03985,Monitor,5,40323,2026-03-19,Credit Card,Hyderabad
MAR_000125,CUST_00826,Smartwatch,2,33974,2026-03-11,Cash on Delivery,Mumbai
MAR_000126,CUST_02702,Smartphone,1,9487,2026-03-27,Credit Card,Bangalore
MAR_000127,CUST_00296,Monitor,3,36096,2026-03-04,Debit Card,Hyderabad
MAR_000128,CUST_04478,Keyboard,2,23710,2026-03-16,Credit Card,Hyderabad
MAR_000129,CUST_00056,Mouse,4,24255,2026-03-26,Cash on Delivery,Bangalore
MAR_000130,CUST_00940,Tablet,2,35248,2026-03-05,Debit Card,Mumbai
MAR_000131,CUST_00993,Tablet,3,10908,2026-03-08,UPI,Chennai
MAR_000132,CUST_04481,Tablet,1,7549,2026-03-16,UPI,Chennai
MAR_000133,CUST_04347,Monitor,2,2782,2026-03-25,UPI,Hyderabad
MAR_000134,CUST_02483,Smartwatch,2,26357,2026-03-03,Debit Card,Bangalore
MAR_000135,CUST_04952,Monitor,1,48476,2026-03-18,Cash on Delivery,Delhi
MAR_000136,CUST_03181,Smartwatch,2,16531,2026-03-10,Credit Card,Chennai
MAR_000137,CUST_01904,Keyboard,3,17715,2026-03-08,Credit Card,Hyderabad
MAR_000138,CUST_02497,Keyboard,5,41159,2026-03-12,Credit Card,Hyderabad
MAR_000139,CUST_02167,Mouse,5,10078,2026-03-31,Credit Card,Bangalore
MAR_000140,CUST_02966,Smartwatch,2,22472,2026-03-14,Debit Card,Pune
MAR_000141,CUST_02247,Laptop,1,45900,2026-03-07,UPI,Chennai
MAR_000142,CUST_01038,Mouse,1,21525,2026-03-17,UPI,Delhi
MAR_000143,CUST_04136,Smartphone,1,31053,2026-03-11,UPI,Chennai
MAR_000144,CUST_03696,Monitor,2,18389,2026-03-05,Debit Card,Pune
MAR_000145,CUST_00254,Laptop,4,45068,2026-03-29,Cash on Delivery,Pune
MAR_000146,CUST_00836,Headphones,1,24649,2026-03-19,Credit Card,Bangalore
MAR_000147,CUST_00727,Monitor,1,38692,2026-03-06,Cash on Delivery,Delhi
MAR_000148,CUST_02321,Mouse,4,9432,2026-03-21,Cash on Delivery,Delhi
MAR_000149,CUST_03944,Mouse,5,18585,2026-03-16,Credit Card,Bangalore
MAR_000150,CUST_04947,Smartphone,2,28050,2026-03-01,UPI,Pune
MAR_000151,CUST_00719,Laptop,5,28492,2026-03-03,UPI,Pune
MAR_000152,CUST_03421,Tablet,5,14302,2026-03-30,Credit Card,Hyderabad
MAR_000153,CUST_00534,Keyboard,4,37035,2026-03-19,Credit Card,Pune
MAR_000154,CUST_03114,Laptop,2,28657,2026-03-02,Debit Card,Hyderabad
MAR_000155,CUST_03387,Smartwatch,5,23242,2026-03-08,Cash on Delivery,Delhi
MAR_000156,CUST_00349,Headphones,1,39023,2026-03-05,Debit Card,Bangalore
MAR_000157,CUST_03722,Mouse,4,33280,2026-03-29,Cash on Delivery,Mumbai
MAR_000158,CUST_02914,Smartwatch,4,12415,2026-03-09,Credit Card,Hyderabad
MAR_000159,CUST_01171,Mouse,5,32744,2026-03-30,Debit Card,Delhi
MAR_000160,CUST_04207,Laptop,1,8222,2026-03-10,UPI,Bangalore
MAR_000161,CUST_04578,Laptop,2,43223,2026-03-04,Credit Card,Chennai
MAR_000162,CUST_00877,Monitor,3,2930,2026-03-13,UPI,Chennai
MAR_000163,CUST_00438,Smartphone,2,44467,2026-03-13,UPI,Delhi
MAR_000164,CUST_04070,Tablet,3,14093,2026-03-10,Credit Card,Chennai
MAR_000165,CUST_04411,Headphones,5,32051,2026-03-11,Cash on Delivery,Mumbai
MAR_000166,CUST_01230,Headphones,5,19089,2026-03-25,UPI,Bangalore
MAR_000167,CUST_01876,Headphones,1,21563,2026-03-17,Credit Card,Hyderabad
MAR_000168,CUST_02652,Mouse,3,26801,2026-03-10,Cash on Delivery,Pune
MAR_000169,CUST_00767,Headphones,1,6114,2026-03-12,Cash on Delivery,Delhi
MAR_000170,CUST_01736,Keyboard,3,40364,2026-03-25,Cash on Delivery,Delhi
MAR_000171,CUST_02077,Monitor,5,45507,2026-03-21,UPI,Delhi
MAR_000172,CUST_04794,Smartphone,4,43313,2026-03-14,Debit Card,Mumbai
MAR_000173,CUST_03845,Mouse,3,1763,2026-03-01,UPI,Bangalore
MAR_000174,CUST_00653,Laptop,3,33231,2026-03-03,Credit Card,Hyderabad
MAR_000175,CUST_03951,Laptop,3,49935,2026-03-11,Debit Card,Delhi
MAR_000176,CUST_03750,Laptop,5,47989,2026-03-03,Debit Card,Mumbai
MAR_000177,CUST_02092,Monitor,1,26604,2026-03-17,UPI,Bangalore
MAR_000178,CUST_01919,Laptop,1,4281,2026-03-26,Credit Card,Mumbai
MAR_000179,CUST_02551,Monitor,2,43810,2026-03-04,Credit Card,Pune
MAR_000180,CUST_02429,Mouse,1,47155,2026-03-25,Debit Card,Delhi
MAR_000181,CUST_02957,Smartphone,3,15194,2026-03-11,Cash on Delivery,Bangalore
MAR_000182,CUST_00749,Keyboard,4,23008,2026-03-16,Cash on Delivery,Pune
MAR_000183,CUST_03598,Smartwatch,4,27738,2026-03-31,Cash on Delivery,Mumbai
MAR_000184,CUST_00292,Monitor,5,20241,2026-03-30,Cash on Delivery,Hyderabad
MAR_000185,CUST_04968,Keyboard,1,35408,2026-03-25,Debit Card,Chennai
MAR_000186,CUST_00390,Mouse,4,18536,2026-03-17,Cash on Delivery,Pune
MAR_000187,CUST_02325,Smartphone,5,25657,2026-03-26,UPI,Chennai
MAR_000188,CUST_01320,Smartwatch,2,2629,2026-03-16,Cash on Delivery,Pune
MAR_000189,CUST_00634,Headphones,2,490,2026-03-10,Debit Card,Pune
MAR_000190,CUST_01260,Mouse,5,30239,2026-03-28,Cash on Delivery,Hyderabad
MAR_000191,CUST_02310,Smartphone,1,40663,2026-03-03,Cash on Delivery,Mumbai
MAR_000192,CUST_04408,Headphones,1,549,2026-03-16,Credit Card,Mumbai
MAR_000193,CUST_04607,Smartphone,3,34117,2026-03-02,Debit Card,Pune
MAR_000194,CUST_04754,Headphones,1,29630,2026-03-17,UPI,Pune
MAR_000195,CUST_03923,Tablet,3,17056,2026-03-08,Credit Card,Pune
MAR_000196,CUST_00046,Monitor,2,2715,2026-03-02,Credit Card,Hyderabad
MAR_000197,CUST_01193,Smartwatch,3,49524,2026-03-05,Debit Card,Pune
MAR_000198,CUST_04427,Smartphone,1,25117,2026-03-31,Cash on Delivery,Hyderabad
MAR_000199,CUST_01230,Smartphone,5,32783,2026-03-28,Credit Card,Delhi
MAR_000200,CUST_00677,Keyboard,5,8442,2026-03-30,Cash on Delivery,Chennai
MAR_000201,CUST_02957,Keyboard,3,47430,2026-03-04,Debit Card,Delhi
MAR_000202,CUST_00910,Keyboard,5,28146,2026-03-21,Credit Card,Bangalore
MAR_000203,CUST_04434,Smartphone,3,44419,2026-03-11,Debit Card,Mumbai
MAR_000204,CUST_04603,Monitor,2,16704,2026-03-27,Credit Card,Hyderabad
MAR_000205,CUST_04327,Headphones,4,40925,2026-03-27,Credit Card,Hyderabad
MAR_000206,CUST_01663,Laptop,3,14981,2026-03-25,Cash on Delivery,Mumbai
MAR_000207,CUST_04948,Keyboard,3,6015,2026-03-06,Debit Card,Bangalore
MAR_000208,CUST_02489,Laptop,3,47296,2026-03-12,UPI,Delhi
MAR_000209,CUST_01421,Keyboard,5,7382,2026-03-20,UPI,Hyderabad
MAR_000210,CUST_03604,Monitor,1,46771,2026-03-03,Credit Card,Mumbai
MAR_000211,CUST_00277,Mouse,5,34588,2026-03-14,Cash on Delivery,Pune
MAR_000212,CUST_02439,Tablet,4,40492,2026-03-25,Debit Card,Chennai
MAR_000213,CUST_04722,Monitor,2,31001,2026-03-05,Credit Card,Hyderabad
MAR_000214,CUST_00003,Smartphone,5,35344,2026-03-03,Cash on Delivery,Pune
MAR_000215,CUST_03555,Headphones,4,35799,2026-03-03,Debit Card,Hyderabad
MAR_000216,CUST_01288,Monitor,1,31810,2026-03-21,Credit Card,Pune
MAR_000217,CUST_03057,Laptop,5,46579,2026-03-31,Debit Card,Hyderabad
MAR_000218,CUST_04352,Monitor,4,6440,2026-03-25,Cash on Delivery,Pune
MAR_000219,CUST_00574,Tablet,4,218,2026-03-24,Cash on Delivery,Bangalore
MAR_000220,CUST_04313,Smartphone,4,8870,2026-03-23,UPI,Chennai
MAR_000221,CUST_04750,Smartphone,2,42253,2026-03-02,UPI,Mumbai
MAR_000222,CUST_01379,Laptop,2,35217,2026-03-03,Debit Card,Hyderabad
MAR_000223,CUST_02279,Tablet,1,16255,2026-03-16,Credit Card,Bangalore
MAR_000224,CUST_00123,Headphones,5,32759,2026-03-01,Cash on Delivery,Hyderabad
MAR_000225,CUST_04427,Mouse,5,39768,2026-03-05,Cash on Delivery,Delhi
MAR_000226,CUST_03220,Keyboard,5,7606,2026-03-09,Credit Card,Hyderabad
MAR_000227,CUST_01714,Keyboard,4,13091,2026-03-15,Cash on Delivery,Pune
MAR_000228,CUST_01693,Smartphone,3,49668,2026-03-27,Debit Card,Bangalore
MAR_000229,CUST_01888,Laptop,4,39994,2026-03-03,Cash on Delivery,Chennai
MAR_000230,CUST_02958,Headphones,3,27467,2026-03-13,Debit Card,Mumbai
MAR_000231,CUST_00349,Headphones,1,10976,2026-03-25,Credit Card,Mumbai
MAR_000232,CUST_01508,Monitor,3,34855,2026-03-21,Cash on Delivery,Hyderabad
MAR_000233,CUST_03287,Monitor,1,15153,2026-03-29,Credit Card,Pune
MAR_000234,CUST_02347,Mouse,5,42225,2026-03-29,Cash on Delivery,Chennai
MAR_000235,CUST_03446,Tablet,4,10363,2026-03-06,UPI,Chennai
MAR_000236,CUST_03858,Smartwatch,2,32804,2026-03-23,Debit Card,Bangalore
MAR_000237,CUST_02991,Monitor,5,10493,2026-03-09,Debit Card,Chennai
MAR_000238,CUST_03371,Mouse,2,35784,2026-03-25,UPI,Delhi
MAR_000239,CUST_04436,Monitor,4,10465,2026-03-22,UPI,Delhi
MAR_000240,CUST_01246,Headphones,5,18063,2026-03-13,Debit Card,Hyderabad
MAR_000241,CUST_02298,Smartphone,3,15344,2026-03-03,Cash on Delivery,Pune
MAR_000242,CUST_01852,Keyboard,4,30791,2026-03-31,Debit Card,Delhi
MAR_000243,CUST_01703,Keyboard,3,12572,2026-03-28,Cash on Delivery,Mumbai
MAR_000244,CUST_00333,Keyboard,5,2521,2026-03-10,UPI,Mumbai
MAR_000245,CUST_01766,Smartwatch,5,24055,2026-03-09,Credit Card,Mumbai
MAR_000246,CUST_02912,Tablet,1,36321,2026-03-04,UPI,Hyderabad
MAR_000247,CUST_03695,Tablet,4,16230,2026-03-14,Cash on Delivery,Delhi
MAR_000248,CUST_03279,Headphones,3,44919,2026-03-27,UPI,Pune
MAR_000249,CUST_03184,Smartwatch,1,45562,2026-03-31,UPI,Chennai
MAR_000250,CUST_01423,Headphones,4,14518,2026-03-09,Credit Card,Delhi
MAR_000251,CUST_03174,Headphones,4,36013,2026-03-01,Debit Card,Delhi
MAR_000252,CUST_03585,Smartwatch,5,23398,2026-03-01,Credit Card,Hyderabad
MAR_000253,CUST_00140,Laptop,1,37392,2026-03-01,Credit Card,Bangalore
MAR_000254,CUST_01717,Mouse,4,25170,2026-03-30,Cash on Delivery,Chennai
MAR_000255,CUST_01476,Tablet,2,42939,2026-03-16,Debit Card,Pune
MAR_000256,CUST_03915,Laptop,3,16985,2026-03-09,Credit Card,Hyderabad
MAR_000257,CUST_04091,Keyboard,4,11147,2026-03-01,Credit Card,Hyderabad
MAR_000258,CUST_00371,Smartphone,3,21398,2026-03-19,Debit Card,Chennai
MAR_000259,CUST_01672,Headphones,5,35357,2026-03-09,Cash on Delivery,Delhi
MAR_000260,CUST_00566,Headphones,1,34366,2026-03-29,Credit Card,Mumbai
MAR_000261,CUST_03786,Laptop,1,41229,2026-03-07,Debit Card,Chennai
MAR_000262,CUST_02164,Keyboard,2,9501,2026-03-23,Debit Card,Pune
MAR_000263,CUST_01297,Headphones,1,27813,2026-03-05,Credit Card,Hyderabad
MAR_000264,CUST_00127,Mouse,1,205,2026-03-04,Credit Card,Delhi
MAR_000265,CUST_00662,Keyboard,3,27580,2026-03-27,UPI,Hyderabad
MAR_000266,CUST_03834,Keyboard,1,22606,2026-03-27,Credit Card,Hyderabad
MAR_000267,CUST_01148,Laptop,2,11659,2026-03-30,Cash on Delivery,Hyderabad
MAR_000268,CUST_02113,Smartwatch,2,41373,2026-03-19,Cash on Delivery,Chennai
MAR_000269,CUST_01575,Keyboard,4,21378,2026-03-07,Credit Card,Delhi
MAR_000270,CUST_04640,Smartphone,5,11184,2026-03-23,UPI,Pune
MAR_000271,CUST_00058,Tablet,3,6601,2026-03-18,UPI,Mumbai
MAR_000272,CUST_01394,Laptop,5,17632,2026-03-23,Credit Card,Bangalore
MAR_000273,CUST_04443,Mouse,5,30017,2026-03-31,Credit Card,Mumbai
MAR_000274,CUST_04078,Headphones,3,31708,2026-03-11,UPI,Hyderabad
MAR_000275,CUST_03997,Smartwatch,5,28089,2026-03-05,Credit Card,Pune
MAR_000276,CUST_02513,Laptop,2,48330,2026-03-03,UPI,Hyderabad
MAR_000277,CUST_03896,Smartwatch,2,48642,2026-03-03,Debit Card,Bangalore
MAR_000278,CUST_04126,Mouse,4,38578,2026-03-11,Cash on Delivery,Chennai
MAR_000279,CUST_00908,Mouse,3,32935,2026-03-10,UPI,Mumbai
MAR_000280,CUST_01197,Smartwatch,1,45037,2026-03-25,Cash on Delivery,Chennai
MAR_000281,CUST_00334,Headphones,5,34948,2026-03-26,UPI,Hyderabad
MAR_000282,CUST_00057,Keyboard,2,26364,2026-03-12,Debit Card,Chennai
MAR_000283,CUST_04688,Laptop,4,4617,2026-03-30,Cash on Delivery,Mumbai
MAR_000284,CUST_00317,Laptop,2,34708,2026-03-12,UPI,Bangalore
MAR_000285,CUST_02033,Smartphone,2,37026,2026-03-15,Debit Card,Mumbai
MAR_000286,CUST_00571,Headphones,5,18225,2026-03-28,Cash on Delivery,Mumbai
MAR_000287,CUST_01118,Smartphone,5,31890,2026-03-25,Debit Card,Delhi
MAR_000288,CUST_02209,Headphones,1,47155,2026-03-10,Debit Card,Chennai
MAR_000289,CUST_01149,Keyboard,4,21403,2026-03-01,Cash on Delivery,Delhi
MAR_000290,CUST_00668,Laptop,2,33763,2026-03-02,Debit Card,Mumbai
MAR_000291,CUST_01835,Tablet,5,39194,2026-03-17,UPI,Chennai
MAR_000292,CUST_02795,Monitor,1,28389,2026-03-28,Debit Card,Bangalore
MAR_000293,CUST_01838,Mouse,4,18000,2026-03-26,Debit Card,Pune
MAR_000294,CUST_00739,Monitor,4,31142,2026-03-27,Credit Card,Hyderabad
MAR_000295,CUST_02397,Headphones,4,31232,2026-03-10,Credit Card,Delhi
MAR_000296,CUST_02934,Keyboard,2,1734,2026-03-06,Credit Card,Chennai
MAR_000297,CUST_02221,Mouse,1,18073,2026-03-06,Cash on Delivery,Hyderabad
MAR_000298,CUST_02138,Smartwatch,5,9413,2026-03-31,Cash on Delivery,Pune
MAR_000299,CUST_01046,Smartwatch,2,36371,2026-03-09,Debit Card,Delhi
MAR_000300,CUST_01091,Laptop,2,10180,2026-03-17,Credit Card,Bangalore
MAR_000301,CUST_02390,Keyboard,3,33611,2026-03-07,UPI,Chennai
MAR_000302,CUST_01492,Headphones,5,39726,2026-03-11,Debit Card,Hyderabad
MAR_000303,CUST_01240,Tablet,2,16506,2026-03-25,Cash on Delivery,Chennai
MAR_000304,CUST_01092,Mouse,3,26336,2026-03-25,UPI,Mumbai
MAR_000305,CUST_00370,Mouse,3,33388,2026-03-10,Cash on Delivery,Bangalore
MAR_000306,CUST_00081,Smartphone,4,2336,2026-03-15,Credit Card,Chennai
MAR_000307,CUST_00073,Smartphone,3,2450,2026-03-09,Cash on Delivery,Pune
MAR_000308,CUST_01138,Smartphone,4,8019,2026-03-29,UPI,Chennai
MAR_000309,CUST_00608,Smartwatch,2,14875,2026-03-12,UPI,Chennai
MAR_000310,CUST_02375,Headphones,2,22965,2026-03-07,Credit Card,Chennai
MAR_000311,CUST_01152,Laptop,4,13105,2026-03-09,Cash on Delivery,Delhi
MAR_000312,CUST_02641,Smartwatch,4,38609,2026-03-17,Cash on Delivery,Pune
MAR_000313,CUST_02209,Keyboard,4,16290,2026-03-17,UPI,Mumbai
MAR_000314,CUST_02786,Smartphone,5,26070,2026-03-01,UPI,Bangalore
MAR_000315,CUST_03386,Smartwatch,5,27575,2026-03-20,Credit Card,Pune
MAR_000316,CUST_00739,Tablet,2,44952,2026-03-03,Debit Card,Mumbai
MAR_000317,CUST_03870,Smartwatch,3,15504,2026-03-11,Debit Card,Bangalore
MAR_000318,CUST_03674,Smartwatch,3,2028,2026-03-10,UPI,Pune
MAR_000319,CUST_03576,Keyboard,1,35337,2026-03-03,Credit Card,Pune
MAR_000320,CUST_02086,Monitor,1,45093,2026-03-07,Credit Card,Bangalore
MAR_000321,CUST_01930,Smartphone,1,23212,2026-03-27,UPI,Pune
MAR_000322,CUST_00850,Smartphone,5,794,2026-03-01,Debit Card,Hyderabad
MAR_000323,CUST_00433,Tablet,1,10312,2026-03-04,Credit Card,Chennai
MAR_000324,CUST_02567,Mouse,3,12766,2026-03-17,Cash on Delivery,Pune
MAR_000325,CUST_01338,Smartwatch,1,7367,2026-03-11,UPI,Mumbai
MAR_000326,CUST_04548,Laptop,1,42066,2026-03-08,Credit Card,Mumbai
MAR_000327,CUST_03981,Tablet,3,39755,2026-03-20,Credit Card,Pune
MAR_000328,CUST_00414,Keyboard,1,49188,2026-03-08,UPI,Hyderabad
MAR_000329,CUST_01211,Monitor,2,40588,2026-03-30,Cash on Delivery,Bangalore
MAR_000330,CUST_03416,Mouse,1,33206,2026-03-10,Debit Card,Chennai
MAR_000331,CUST_04031,Keyboard,5,12082,2026-03-31,UPI,Bangalore
MAR_000332,CUST_04905,Keyboard,1,16631,2026-03-23,Cash on Delivery,Mumbai
MAR_000333,CUST_02489,Headphones,2,22471,2026-03-29,Cash on Delivery,Hyderabad
MAR_000334,CUST_04464,Smartphone,3,3249,2026-03-29,Credit Card,Mumbai
MAR_000335,CUST_00836,Smartwatch,2,612,2026-03-06,UPI,Chennai
MAR_000336,CUST_04748,Smartwatch,4,21925,2026-03-29,Credit Card,Pune
MAR_000337,CUST_02152,Mouse,4,23874,2026-03-31,Cash on Delivery,Mumbai
MAR_000338,CUST_02716,Keyboard,1,32791,2026-03-20,Credit Card,Delhi
MAR_000339,CUST_00675,Mouse,4,22603,2026-03-13,Credit Card,Hyderabad
MAR_000340,CUST_01166,Laptop,2,40034,2026-03-19,Credit Card,Hyderabad
MAR_000341,CUST_01539,Smartwatch,5,8282,2026-03-22,Debit Card,Mumbai
MAR_000342,CUST_04099,Smartphone,5,28033,2026-03-09,Credit Card,Hyderabad
MAR_000343,CUST_01911,Laptop,1,12534,2026-03-17,Debit Card,Pune
MAR_000344,CUST_03024,Tablet,3,9384,2026-03-15,Cash on Delivery,Chennai
MAR_000345,CUST_02330,Smartwatch,4,43911,2026-03-08,UPI,Delhi
MAR_000346,CUST_03914,Smartwatch,4,16710,2026-03-05,Debit Card,Bangalore
MAR_000347,CUST_02938,Headphones,4,7108,2026-03-16,UPI,Pune
MAR_000348,CUST_01715,Laptop,2,31974,2026-03-22,UPI,Pune
MAR_000349,CUST_02471,Keyboard,5,7311,2026-03-11,UPI,Bangalore
MAR_000350,CUST_04657,Laptop,5,32308,2026-03-17,Debit Card,Mumbai
MAR_000351,CUST_03512,Smartphone,2,19929,2026-03-03,Debit Card,Chennai
MAR_000352,CUST_00263,Keyboard,1,30201,2026-03-28,UPI,Delhi
MAR_000353,CUST_03309,Laptop,2,11861,2026-03-15,UPI,Delhi
MAR_000354,CUST_02254,Laptop,3,25481,2026-03-29,Debit Card,Pune
MAR_000355,CUST_02423,Keyboard,2,16460,2026-03-14,Debit Card,Hyderabad
MAR_000356,CUST_03024,Monitor,2,30534,2026-03-20,Credit Card,Mumbai
MAR_000357,CUST_01043,Smartphone,3,41371,2026-03-01,Debit Card,Mumbai
MAR_000358,CUST_04418,Smartwatch,3,25888,2026-03-24,Credit Card,Bangalore
MAR_000359,CUST_01149,Laptop,3,44943,2026-03-23,Cash on Delivery,Delhi
MAR_000360,CUST_01565,Laptop,4,20463,2026-03-08,Credit Card,Delhi
MAR_000361,CUST_04067,Monitor,3,33379,2026-03-01,Debit Card,Delhi
MAR_000362,CUST_02648,Tablet,5,9488,2026-03-16,Cash on Delivery,Delhi
MAR_000363,CUST_01772,Mouse,3,47395,2026-03-23,Debit Card,Pune
MAR_000364,CUST_03025,Mouse,1,34794,2026-03-15,Cash on Delivery,Pune
MAR_000365,CUST_02935,Smartwatch,1,12839,2026-03-20,UPI,Pune
MAR_000366,CUST_00215,Tablet,4,18874,2026-03-02,UPI,Delhi
MAR_000367,CUST_00966,Keyboard,3,23036,2026-03-18,UPI,Mumbai
MAR_000368,CUST_01679,Headphones,2,31992,2026-03-18,Debit Card,Delhi
MAR_000369,CUST_01288,Mouse,1,42071,2026-03-06,Debit Card,Chennai
MAR_000370,CUST_00568,Mouse,4,20869,2026-03-07,Debit Card,Delhi
MAR_000371,CUST_03284,Tablet,1,43247,2026-03-31,UPI,Mumbai
MAR_000372,CUST_03581,Laptop,2,7107,2026-03-16,Cash on Delivery,Mumbai
MAR_000373,CUST_00418,Laptop,5,36777,2026-03-13,Cash on Delivery,Bangalore
MAR_000374,CUST_04880,Monitor,5,19850,2026-03-06,UPI,Hyderabad
MAR_000375,CUST_02942,Mouse,5,49231,2026-03-28,Cash on Delivery,Hyderabad
MAR_000376,CUST_00642,Smartwatch,3,32192,2026-03-31,UPI,Mumbai
MAR_000377,CUST_00850,Headphones,3,12350,2026-03-13,Debit Card,Pune
MAR_000378,CUST_03744,Mouse,3,3503,2026-03-03,Debit Card,Delhi
MAR_000379,CUST_02143,Smartphone,3,11982,2026-03-20,UPI,Chennai
MAR_000380,CUST_01968,Headphones,3,20339,2026-03-16,Debit Card,Delhi
MAR_000381,CUST_02776,Laptop,5,21375,2026-03-17,Cash on Delivery,Chennai
MAR_000382,CUST_03465,Laptop,5,18646,2026-03-03,Cash on Delivery,Chennai
MAR_000383,CUST_01352,Mouse,3,45755,2026-03-03,Cash on Delivery,Pune
MAR_000384,CUST_00119,Smartwatch,1,21213,2026-03-03,Credit Card,Chennai
MAR_000385,CUST_00494,Smartwatch,5,35006,2026-03-05,Debit Card,Mumbai
MAR_000386,CUST_02435,Smartwatch,5,18964,2026-03-06,Cash on Delivery,Delhi
MAR_000387,CUST_03712,Laptop,3,41421,2026-03-25,UPI,Chennai
MAR_000388,CUST_00892,Keyboard,2,16327,2026-03-07,Cash on Delivery,Pune
MAR_000389,CUST_04127,Headphones,1,7614,2026-03-01,UPI,Mumbai
MAR_000390,CUST_00106,Tablet,3,6236,2026-03-05,Cash on Delivery,Chennai
MAR_000391,CUST_04397,Smartwatch,2,47103,2026-03-17,UPI,Delhi
MAR_000392,CUST_04993,Headphones,1,4367,2026-03-03,Cash on Delivery,Hyderabad
MAR_000393,CUST_04673,Smartwatch,4,40947,2026-03-08,UPI,Delhi
MAR_000394,CUST_01804,Monitor,4,15463,2026-03-02,Cash on Delivery,Hyderabad
MAR_000395,CUST_00276,Monitor,2,38879,2026-03-23,Cash on Delivery,Hyderabad
MAR_000396,CUST_03690,Tablet,1,7982,2026-03-23,Cash on Delivery,Pune
MAR_000397,CUST_01589,Smartphone,3,28853,2026-03-19,Credit Card,Mumbai
MAR_000398,CUST_00923,Tablet,3,49022,2026-03-15,Debit Card,Chennai
MAR_000399,CUST_03620,Keyboard,5,26107,2026-03-08,Debit Card,Chennai
MAR_000400,CUST_02994,Mouse,4,39908,2026-03-08,UPI,Hyderabad
MAR_000401,CUST_01862,Keyboard,1,47063,2026-03-08,UPI,Mumbai
MAR_000402,CUST_01848,Smartwatch,5,26477,2026-03-10,Debit Card,Bangalore
MAR_000403,CUST_00136,Laptop,4,30900,2026-03-09,UPI,Mumbai
MAR_000404,CUST_04696,Smartwatch,5,25946,2026-03-25,Cash on Delivery,Pune
MAR_000405,CUST_02198,Monitor,2,23387,2026-03-24,Cash on Delivery,Chennai
MAR_000406,CUST_01901,Smartphone,1,39883,2026-03-07,Cash on Delivery,Chennai
MAR_000407,CUST_04645,Mouse,3,43415,2026-03-26,Cash on Delivery,Pune
MAR_000408,CUST_01506,Monitor,2,39093,2026-03-13,Credit Card,Mumbai
MAR_000409,CUST_00736,Keyboard,4,11596,2026-03-28,Cash on Delivery,Delhi
MAR_000410,CUST_03592,Headphones,1,32514,2026-03-01,Debit Card,Chennai
MAR_000411,CUST_02472,Headphones,3,22217,2026-03-28,UPI,Delhi
MAR_000412,CUST_02232,Keyboard,1,11513,2026-03-25,Credit Card,Delhi
MAR_000413,CUST_02606,Keyboard,4,34829,2026-03-07,Credit Card,Hyderabad
MAR_000414,CUST_02571,Keyboard,3,47374,2026-03-22,Credit Card,Bangalore
MAR_000415,CUST_02317,Monitor,3,7731,2026-03-29,Credit Card,Chennai
MAR_000416,CUST_02238,Smartwatch,1,48530,2026-03-22,UPI,Chennai
MAR_000417,CUST_00586,Keyboard,4,26439,2026-03-29,Debit Card,Mumbai
MAR_000418,CUST_01731,Smartwatch,1,2947,2026-03-02,Credit Card,Mumbai
MAR_000419,CUST_03004,Mouse,5,48267,2026-03-27,Debit Card,Mumbai
MAR_000420,CUST_02596,Mouse,5,4689,2026-03-10,Debit Card,Chennai
MAR_000421,CUST_02210,Monitor,1,29377,2026-03-28,Cash on Delivery,Hyderabad
MAR_000422,CUST_04423,Mouse,5,22953,2026-03-29,Cash on Delivery,Mumbai
MAR_000423,CUST_03903,Laptop,4,22045,2026-03-18,Cash on Delivery,Hyderabad
MAR_000424,CUST_01167,Tablet,1,13350,2026-03-30,UPI,Hyderabad
MAR_000425,CUST_02440,Laptop,5,31103,2026-03-09,Cash on Delivery,Mumbai
MAR_000426,CUST_02759,Laptop,5,11981,2026-03-18,Cash on Delivery,Pune
MAR_000427,CUST_03582,Smartwatch,2,48893,2026-03-08,Credit Card,Bangalore
MAR_000428,CUST_04142,Keyboard,5,14751,2026-03-14,Debit Card,Bangalore
MAR_000429,CUST_02946,Headphones,2,23414,2026-03-29,Cash on Delivery,Bangalore
MAR_000430,CUST_04090,Monitor,5,47388,2026-03-09,Cash on Delivery,Pune
MAR_000431,CUST_02273,Mouse,2,43532,2026-03-17,Cash on Delivery,Hyderabad
MAR_000432,CUST_01585,Headphones,4,35390,2026-03-16,Cash on Delivery,Chennai
MAR_000433,CUST_04413,Headphones,3,17598,2026-03-13,Credit Card,Hyderabad
MAR_000434,CUST_02926,Tablet,4,14642,2026-03-05,Debit Card,Mumbai
MAR_000435,CUST_04900,Mouse,4,24511,2026-03-01,Debit Card,Delhi
MAR_000436,CUST_03688,Keyboard,1,19969,2026-03-10,UPI,Pune
MAR_000437,CUST_03878,Mouse,5,31356,2026-03-30,Cash on Delivery,Delhi
MAR_000438,CUST_02828,Smartwatch,4,36616,2026-03-24,UPI,Chennai
MAR_000439,CUST_00030,Keyboard,5,39688,2026-03-18,Cash on Delivery,Hyderabad
MAR_000440,CUST_03039,Monitor,4,12531,2026-03-16,UPI,Bangalore
MAR_000441,CUST_03269,Mouse,1,1610,2026-03-04,UPI,Pune
MAR_000442,CUST_04382,Mouse,3,17024,2026-03-10,Credit Card,Mumbai
MAR_000443,CUST_04758,Smartwatch,5,16457,2026-03-18,UPI,Pune
MAR_000444,CUST_00806,Smartphone,3,27796,2026-03-05,Debit Card,Chennai
MAR_000445,CUST_03102,Tablet,3,30129,2026-03-30,UPI,Chennai
MAR_000446,CUST_03308,Laptop,4,2070,2026-03-19,Debit Card,Mumbai
MAR_000447,CUST_04581,Laptop,2,13893,2026-03-03,Credit Card,Bangalore
MAR_000448,CUST_03664,Keyboard,4,28606,2026-03-19,Cash on Delivery,Pune
MAR_000449,CUST_02825,Monitor,3,25399,2026-03-26,Cash on Delivery,Mumbai
MAR_000450,CUST_04931,Headphones,4,14978,2026-03-02,Credit Card,Bangalore
MAR_000451,CUST_00506,Mouse,2,47485,2026-03-17,Debit Card,Mumbai
MAR_000452,CUST_03155,Keyboard,3,42038,2026-03-27,Credit Card,Bangalore
MAR_000453,CUST_03684,Tablet,3,26454,2026-03-12,Credit Card,Hyderabad
MAR_000454,CUST_00805,Smartphone,2,42228,2026-03-22,UPI,Delhi
MAR_000455,CUST_02632,Mouse,4,17619,2026-03-11,Cash on Delivery,Bangalore
MAR_000456,CUST_00320,Keyboard,2,43471,2026-03-31,Debit Card,Hyderabad
MAR_000457,CUST_04383,Headphones,1,45061,2026-03-04,Credit Card,Hyderabad
MAR_000458,CUST_03749,Keyboard,3,17522,2026-03-28,UPI,Mumbai
MAR_000459,CUST_02573,Mouse,2,23130,2026-03-23,Credit Card,Chennai
MAR_000460,CUST_01193,Smartwatch,3,2736,2026-03-23,Credit Card,Delhi
MAR_000461,CUST_02342,Tablet,3,45562,2026-03-09,UPI,Chennai
MAR_000462,CUST_00166,Laptop,5,13703,2026-03-08,Cash on Delivery,Hyderabad
MAR_000463,CUST_01615,Headphones,2,12701,2026-03-10,Debit Card,Hyderabad
MAR_000464,CUST_01095,Headphones,1,825,2026-03-09,UPI,Pune
MAR_000465,CUST_01182,Keyboard,5,28982,2026-03-18,UPI,Delhi
MAR_000466,CUST_00791,Smartwatch,2,42540,2026-03-10,UPI,Delhi
MAR_000467,CUST_00131,Smartwatch,2,5327,2026-03-26,Debit Card,Delhi
MAR_000468,CUST_00368,Monitor,3,7737,2026-03-27,UPI,Bangalore
MAR_000469,CUST_05000,Headphones,5,18466,2026-03-28,Cash on Delivery,Hyderabad
MAR_000470,CUST_00286,Smartwatch,5,9742,2026-03-01,Credit Card,Hyderabad
MAR_000471,CUST_00489,Mouse,4,40919,2026-03-26,Debit Card,Delhi
MAR_000472,CUST_04635,Smartwatch,5,35702,2026-03-20,UPI,Hyderabad
MAR_000473,CUST_04102,Mouse,3,26062,2026-03-01,Credit Card,Pune
MAR_000474,CUST_00692,Keyboard,3,27810,2026-03-03,UPI,Delhi
MAR_000475,CUST_02956,Mouse,2,1137,2026-03-03,Debit Card,Bangalore
MAR_000476,CUST_00119,Mouse,1,13217,2026-03-10,UPI,Bangalore
MAR_000477,CUST_00365,Smartphone,2,5361,2026-03-13,Credit Card,Bangalore
MAR_000478,CUST_02699,Smartphone,1,2736,2026-03-24,Credit Card,Bangalore
MAR_000479,CUST_04212,Monitor,1,38538,2026-03-20,UPI,Pune
MAR_000480,CUST_00610,Headphones,1,24807,2026-03-05,UPI,Hyderabad
MAR_000481,CUST_04943,Smartwatch,5,397,2026-03-16,Credit Card,Pune
MAR_000482,CUST_02499,Monitor,2,25772,2026-03-06,Credit Card,Pune
MAR_000483,CUST_03003,Mouse,2,15499,2026-03-03,Cash on Delivery,Chennai
MAR_000484,CUST_01351,Smartwatch,3,6195,2026-03-07,Credit Card,Bangalore
MAR_000485,CUST_03063,Keyboard,1,18546,2026-03-13,Credit Card,Bangalore
MAR_000486,CUST_01124,Tablet,2,7320,2026-03-22,Debit Card,Hyderabad
MAR_000487,CUST_03373,Smartphone,5,4003,2026-03-18,Debit Card,Bangalore
MAR_000488,CUST_01997,Smartwatch,3,25849,2026-03-05,Cash on Delivery,Chennai
MAR_000489,CUST_00755,Mouse,4,19116,2026-03-17,Debit Card,Chennai
MAR_000490,CUST_01812,Smartwatch,4,14868,2026-03-07,Debit Card,Pune
MAR_000491,CUST_01029,Laptop,5,42951,2026-03-15,Debit Card,Bangalore
MAR_000492,CUST_04648,Mouse,1,38066,2026-03-25,Debit Card,Hyderabad
MAR_000493,CUST_01106,Headphones,4,42238,2026-03-21,UPI,Chennai
MAR_000494,CUST_00856,Smartphone,1,14988,2026-03-21,Cash on Delivery,Chennai
MAR_000495,CUST_01456,Keyboard,5,1791,2026-03-20,Credit Card,Pune
MAR_000496,CUST_02150,Laptop,3,18487,2026-03-30,UPI,Mumbai
MAR_000497,CUST_04664,Headphones,5,12523,2026-03-18,Credit Card,Chennai
MAR_000498,CUST_01102,Laptop,5,24088,2026-03-08,Debit Card,Bangalore
MAR_000499,CUST_00784,Tablet,1,32351,2026-03-12,Cash on Delivery,Pune
MAR_000500,CUST_04899,Monitor,3,5838,2026-03-07,Cash on Delivery,Chennai
MAR_000501,CUST_02011,Headphones,5,17516,2026-03-13,Cash on Delivery,Pune
MAR_000502,CUST_01381,Smartwatch,5,21879,2026-03-16,Debit Card,Pune
MAR_000503,CUST_01551,Headphones,5,19866,2026-03-25,Debit Card,Chennai
MAR_000504,CUST_04917,Keyboard,5,24962,2026-03-05,UPI,Hyderabad
MAR_000505,CUST_02995,Mouse,5,2305,2026-03-08,Cash on Delivery,Hyderabad
MAR_000506,CUST_01984,Keyboard,4,36201,2026-03-20,Debit Card,Bangalore
MAR_000507,CUST_00874,Mouse,2,3133,2026-03-13,Debit Card,Delhi
MAR_000508,CUST_02324,Laptop,5,49580,2026-03-08,Cash on Delivery,Hyderabad
MAR_000509,CUST_04766,Keyboard,5,14176,2026-03-07,Credit Card,Bangalore
MAR_000510,CUST_02876,Monitor,3,744,2026-03-01,UPI,Delhi
MAR_000511,CUST_01574,Keyboard,1,42100,2026-03-27,Credit Card,Chennai
MAR_000512,CUST_04950,Mouse,5,28294,2026-03-08,Debit Card,Bangalore
MAR_000513,CUST_03646,Smartphone,2,45356,2026-03-23,Cash on Delivery,Pune
MAR_000514,CUST_01808,Laptop,1,46069,2026-03-09,Debit Card,Mumbai
MAR_000515,CUST_01796,Mouse,2,7269,2026-03-08,Debit Card,Delhi
MAR_000516,CUST_04964,Monitor,4,7964,2026-03-30,Debit Card,Hyderabad
MAR_000517,CUST_04169,Tablet,2,17203,2026-03-26,Debit Card,Delhi
MAR_000518,CUST_03478,Headphones,2,41900,2026-03-31,UPI,Mumbai
MAR_000519,CUST_01647,Smartphone,4,5751,2026-03-14,Debit Card,Pune
MAR_000520,CUST_03026,Mouse,5,31448,2026-03-29,Cash on Delivery,Delhi
MAR_000521,CUST_02205,Mouse,4,28456,2026-03-13,Cash on Delivery,Bangalore
MAR_000522,CUST_02893,Smartwatch,4,9278,2026-03-15,Cash on Delivery,Hyderabad
MAR_000523,CUST_03545,Laptop,1,17700,2026-03-31,Credit Card,Delhi
MAR_000524,CUST_03969,Mouse,5,49285,2026-03-26,Cash on Delivery,Delhi
MAR_000525,CUST_04537,Smartphone,3,3967,2026-03-16,Credit Card,Pune
MAR_000526,CUST_04608,Laptop,2,4769,2026-03-31,Cash on Delivery,Chennai
MAR_000527,CUST_02078,Mouse,3,28228,2026-03-18,Debit Card,Pune
MAR_000528,CUST_03269,Smartphone,2,29057,2026-03-27,Credit Card,Chennai
MAR_000529,CUST_03233,Mouse,4,7859,2026-03-12,Debit Card,Pune
MAR_000530,CUST_00329,Mouse,4,41984,2026-03-22,Cash on Delivery,Mumbai
MAR_000531,CUST_02321,Monitor,3,7456,2026-03-28,Debit Card,Hyderabad
MAR_000532,CUST_02986,Mouse,5,28696,2026-03-04,UPI,Mumbai
MAR_000533,CUST_03340,Tablet,4,45734,2026-03-07,Cash on Delivery,Hyderabad
MAR_000534,CUST_03228,Monitor,3,12853,2026-03-05,Credit Card,Pune
MAR_000535,CUST_05000,Headphones,5,25808,2026-03-21,UPI,Delhi
MAR_000536,CUST_00539,Keyboard,3,16204,2026-03-16,Cash on Delivery,Delhi
MAR_000537,CUST_04319,Monitor,4,17720,2026-03-28,Credit Card,Pune
MAR_000538,CUST_03142,Keyboard,4,2977,2026-03-04,Cash on Delivery,Pune
MAR_000539,CUST_02525,Monitor,5,13452,2026-03-27,Debit Card,Pune
MAR_000540,CUST_00749,Smartphone,3,23052,2026-03-18,Credit Card,Bangalore
MAR_000541,CUST_03517,Keyboard,1,4499,2026-03-02,Cash on Delivery,Chennai
MAR_000542,CUST_03487,Monitor,3,20860,2026-03-21,UPI,Bangalore
MAR_000543,CUST_01165,Smartphone,3,28920,2026-03-06,Debit Card,Bangalore
MAR_000544,CUST_01876,Smartphone,2,34797,2026-03-09,UPI,Mumbai
MAR_000545,CUST_00946,Keyboard,3,17783,2026-03-11,Credit Card,Hyderabad
MAR_000546,CUST_01151,Mouse,4,8603,2026-03-10,Debit Card,Delhi
MAR_000547,CUST_03641,Laptop,1,4904,2026-03-26,Cash on Delivery,Mumbai
MAR_000548,CUST_02827,Mouse,5,43566,2026-03-07,Cash on Delivery,Pune
MAR_000549,CUST_03515,Smartphone,3,450,2026-03-17,Cash on Delivery,Bangalore
MAR_000550,CUST_02962,Laptop,3,16791,2026-03-19,Credit Card,Pune
MAR_000551,CUST_02302,Mouse,1,4105,2026-03-25,Credit Card,Bangalore
MAR_000552,CUST_04404,Smartwatch,2,21875,2026-03-12,Debit Card,Delhi
MAR_000553,CUST_01317,Smartwatch,2,26491,2026-03-19,UPI,Chennai
MAR_000554,CUST_02152,Tablet,5,44301,2026-03-25,Debit Card,Hyderabad
MAR_000555,CUST_01652,Laptop,4,29955,2026-03-14,Cash on Delivery,Chennai
MAR_000556,CUST_03917,Laptop,2,11632,2026-03-05,Cash on Delivery,Pune
MAR_000557,CUST_03074,Tablet,2,36423,2026-03-02,Credit Card,Delhi
MAR_000558,CUST_00634,Monitor,3,6462,2026-03-18,Credit Card,Delhi
MAR_000559,CUST_02253,Headphones,4,16414,2026-03-10,UPI,Mumbai
MAR_000560,CUST_01428,Headphones,5,21933,2026-03-18,UPI,Pune
MAR_000561,CUST_01555,Laptop,4,21020,2026-03-29,UPI,Pune
MAR_000562,CUST_00035,Tablet,2,43432,2026-03-10,UPI,Mumbai
MAR_000563,CUST_04371,Smartwatch,2,8290,2026-03-27,Debit Card,Chennai
MAR_000564,CUST_02966,Headphones,4,28710,2026-03-04,UPI,Pune
MAR_000565,CUST_00198,Laptop,1,12186,2026-03-19,Credit Card,Chennai
MAR_000566,CUST_04471,Monitor,4,35282,2026-03-07,UPI,Delhi
MAR_000567,CUST_04297,Laptop,1,11913,2026-03-22,UPI,Delhi
MAR_000568,CUST_03145,Keyboard,5,36002,2026-03-10,Debit Card,Hyderabad
MAR_000569,CUST_01707,Tablet,5,10568,2026-03-16,Credit Card,Chennai
MAR_000570,CUST_00437,Smartphone,4,7396,2026-03-17,UPI,Chennai
MAR_000571,CUST_00690,Smartphone,1,22161,2026-03-05,Cash on Delivery,Chennai
MAR_000572,CUST_02434,Keyboard,1,21822,2026-03-25,Debit Card,Hyderabad
MAR_000573,CUST_04102,Smartphone,1,18227,2026-03-23,Cash on Delivery,Delhi
MAR_000574,CUST_02678,Smartphone,1,37796,2026-03-13,UPI,Chennai
MAR_000575,CUST_03854,Smartphone,3,254,2026-03-13,Credit Card,Chennai
MAR_000576,CUST_00468,Smartwatch,2,18757,2026-03-10,Cash on Delivery,Mumbai
MAR_000577,CUST_03296,Smartwatch,5,7976,2026-03-06,UPI,Delhi
MAR_000578,CUST_02115,Mouse,5,48734,2026-03-03,Cash on Delivery,Hyderabad
MAR_000579,CUST_02834,Smartwatch,4,4195,2026-03-14,UPI,Bangalore
MAR_000580,CUST_01085,Headphones,3,46643,2026-03-28,Credit Card,Chennai
MAR_000581,CUST_04315,Keyboard,1,19244,2026-03-21,Credit Card,Hyderabad
MAR_000582,CUST_00578,Tablet,5,13216,2026-03-06,UPI,Bangalore
MAR_000583,CUST_02919,Tablet,4,36811,2026-03-29,Credit Card,Mumbai
MAR_000584,CUST_01564,Keyboard,2,24823,2026-03-08,Credit Card,Mumbai
MAR_000585,CUST_03443,Monitor,4,14384,2026-03-20,Credit Card,Delhi
MAR_000586,CUST_03010,Smartphone,1,23517,2026-03-07,Cash on Delivery,Delhi
MAR_000587,CUST_02111,Tablet,3,36852,2026-03-09,Cash on Delivery,Hyderabad
MAR_000588,CUST_00732,Mouse,1,48517,2026-03-13,Credit Card,Pune
MAR_000589,CUST_04400,Monitor,4,34611,2026-03-02,Credit Card,Hyderabad
MAR_000590,CUST_02039,Mouse,3,34846,2026-03-17,Credit Card,Chennai
MAR_000591,CUST_02859,Smartphone,5,20818,2026-03-30,Cash on Delivery,Chennai
MAR_000592,CUST_03717,Tablet,3,19592,2026-03-16,UPI,Chennai
MAR_000593,CUST_04386,Monitor,5,31125,2026-03-05,UPI,Bangalore
MAR_000594,CUST_02427,Tablet,1,44110,2026-03-16,Credit Card,Bangalore
MAR_000595,CUST_04466,Keyboard,3,18943,2026-03-22,Debit Card,Delhi
MAR_000596,CUST_00760,Monitor,2,21605,2026-03-03,Cash on Delivery,Pune
MAR_000597,CUST_00032,Keyboard,1,40971,2026-03-17,UPI,Chennai
MAR_000598,CUST_01206,Headphones,1,29635,2026-03-17,Debit Card,Hyderabad
MAR_000599,CUST_02340,Mouse,2,4334,2026-03-10,Debit Card,Pune
MAR_000600,CUST_01604,Mouse,3,14777,2026-03-25,Debit Card,Bangalore
MAR_000601,CUST_01293,Mouse,5,39943,2026-03-30,Cash on Delivery,Delhi
MAR_000602,CUST_02810,Monitor,4,42416,2026-03-01,UPI,Mumbai
MAR_000603,CUST_01580,Tablet,5,30242,2026-03-28,Cash on Delivery,Delhi
MAR_000604,CUST_02349,Smartwatch,4,6724,2026-03-20,Debit Card,Hyderabad
MAR_000605,CUST_02983,Headphones,3,19510,2026-03-02,Debit Card,Chennai
MAR_000606,CUST_04163,Keyboard,4,16347,2026-03-05,UPI,Chennai
MAR_000607,CUST_04722,Monitor,1,49827,2026-03-09,Credit Card,Delhi
MAR_000608,CUST_02921,Mouse,3,38101,2026-03-26,Cash on Delivery,Pune
MAR_000609,CUST_00449,Smartwatch,2,47780,2026-03-24,Debit Card,Chennai
MAR_000610,CUST_01551,Smartphone,5,8642,2026-03-31,UPI,Hyderabad
MAR_000611,CUST_03022,Headphones,5,6183,2026-03-01,Cash on Delivery,Delhi
MAR_000612,CUST_02263,Keyboard,4,21626,2026-03-03,UPI,Delhi
MAR_000613,CUST_00075,Mouse,5,47636,2026-03-12,Cash on Delivery,Pune
MAR_000614,CUST_01450,Monitor,2,33037,2026-03-20,Cash on Delivery,Chennai
MAR_000615,CUST_02871,Laptop,4,14245,2026-03-11,Cash on Delivery,Bangalore
MAR_000616,CUST_03720,Smartwatch,1,44708,2026-03-09,Credit Card,Hyderabad
MAR_000617,CUST_00254,Mouse,3,26081,2026-03-08,Cash on Delivery,Pune
MAR_000618,CUST_01588,Keyboard,1,6275,2026-03-12,UPI,Delhi
MAR_000619,CUST_01343,Monitor,2,42832,2026-03-19,Credit Card,Mumbai
MAR_000620,CUST_00841,Headphones,1,16415,2026-03-18,UPI,Bangalore
MAR_000621,CUST_01736,Smartwatch,3,6948,2026-03-31,UPI,Bangalore
MAR_000622,CUST_00562,Headphones,1,825,2026-03-12,UPI,Pune
MAR_000623,CUST_00724,Smartwatch,4,39125,2026-03-09,UPI,Hyderabad
MAR_000624,CUST_02590,Monitor,3,48823,2026-03-23,UPI,Chennai
MAR_000625,CUST_04995,Laptop,3,39782,2026-03-31,Cash on Delivery,Delhi
MAR_000626,CUST_04026,Smartphone,2,16448,2026-03-23,UPI,Mumbai
MAR_000627,CUST_00066,Keyboard,5,44484,2026-03-28,Cash on Delivery,Delhi
MAR_000628,CUST_03368,Smartphone,1,18433,2026-03-25,Credit Card,Pune
MAR_000629,CUST_00611,Smartwatch,4,32156,2026-03-09,Debit Card,Pune
MAR_000630,CUST_01736,Smartwatch,2,42033,2026-03-12,Credit Card,Pune
MAR_000631,CUST_01196,Keyboard,4,6779,2026-03-28,Debit Card,Chennai
MAR_000632,CUST_01322,Smartwatch,4,2365,2026-03-14,Debit Card,Mumbai
MAR_000633,CUST_01126,Keyboard,3,31262,2026-03-20,Cash on Delivery,Pune
MAR_000634,CUST_01443,Keyboard,5,22908,2026-03-07,UPI,Hyderabad
MAR_000635,CUST_04865,Smartwatch,3,10040,2026-03-27,UPI,Hyderabad
MAR_000636,CUST_03042,Keyboard,1,25408,2026-03-21,Cash on Delivery,Delhi
MAR_000637,CUST_04843,Keyboard,2,15647,2026-03-11,UPI,Chennai
MAR_000638,CUST_00409,Keyboard,3,20741,2026-03-17,Cash on Delivery,Pune
MAR_000639,CUST_00446,Keyboard,1,3108,2026-03-20,Cash on Delivery,Delhi
MAR_000640,CUST_02887,Headphones,1,14473,2026-03-18,Credit Card,Bangalore
MAR_000641,CUST_03898,Keyboard,3,32953,2026-03-04,Credit Card,Mumbai
MAR_000642,CUST_01261,Tablet,5,48491,2026-03-28,UPI,Pune
MAR_000643,CUST_03584,Keyboard,2,44208,2026-03-19,Cash on Delivery,Pune
MAR_000644,CUST_03651,Monitor,4,32295,2026-03-17,Credit Card,Delhi
MAR_000645,CUST_02936,Smartphone,3,25475,2026-03-31,Cash on Delivery,Bangalore
MAR_000646,CUST_03552,Mouse,5,39802,2026-03-13,Cash on Delivery,Mumbai
MAR_000647,CUST_03918,Laptop,4,13508,2026-03-03,UPI,Pune
MAR_000648,CUST_01951,Smartwatch,1,19299,2026-03-20,Cash on Delivery,Mumbai
MAR_000649,CUST_00967,Laptop,2,5871,2026-03-23,Cash on Delivery,Pune
MAR_000650,CUST_04265,Mouse,5,42203,2026-03-10,Cash on Delivery,Hyderabad
MAR_000651,CUST_02985,Mouse,1,21060,2026-03-29,UPI,Delhi
MAR_000652,CUST_01748,Laptop,2,16205,2026-03-21,Debit Card,Pune
MAR_000653,CUST_02570,Smartphone,1,43612,2026-03-06,Debit Card,Pune
MAR_000654,CUST_02688,Laptop,2,13054,2026-03-11,Debit Card,Pune
MAR_000655,CUST_01281,Mouse,3,34431,2026-03-17,Debit Card,Chennai
MAR_000656,CUST_00119,Laptop,1,19398,2026-03-10,UPI,Hyderabad
MAR_000657,CUST_02691,Tablet,1,20736,2026-03-25,Cash on Delivery,Mumbai
MAR_000658,CUST_04824,Smartphone,1,14458,2026-03-21,UPI,Hyderabad
MAR_000659,CUST_04315,Keyboard,1,35449,2026-03-19,Credit Card,Chennai
MAR_000660,CUST_03694,Headphones,2,14014,2026-03-25,Credit Card,Pune
MAR_000661,CUST_02002,Monitor,4,13028,2026-03-04,Credit Card,Bangalore
MAR_000662,CUST_03436,Smartwatch,5,21074,2026-03-31,Cash on Delivery,Bangalore
MAR_000663,CUST_01714,Laptop,3,33082,2026-03-24,UPI,Pune
MAR_000664,CUST_02298,Smartphone,3,26670,2026-03-02,Cash on Delivery,Mumbai
MAR_000665,CUST_00043,Laptop,1,24888,2026-03-04,UPI,Hyderabad
MAR_000666,CUST_02930,Smartphone,5,22337,2026-03-08,Credit Card,Chennai
MAR_000667,CUST_03848,Monitor,1,18480,2026-03-18,Credit Card,Hyderabad
MAR_000668,CUST_02514,Mouse,4,32802,2026-03-04,Credit Card,Chennai
MAR_000669,CUST_03420,Laptop,1,11367,2026-03-21,Credit Card,Mumbai
MAR_000670,CUST_03181,Monitor,2,37473,2026-03-20,Credit Card,Hyderabad
MAR_000671,CUST_01432,Mouse,2,23887,2026-03-15,Cash on Delivery,Delhi
MAR_000672,CUST_02438,Headphones,4,36996,2026-03-17,Cash on Delivery,Pune
MAR_000673,CUST_03861,Tablet,3,23579,2026-03-10,Cash on Delivery,Chennai
MAR_000674,CUST_04364,Smartphone,3,26994,2026-03-21,UPI,Chennai
MAR_000675,CUST_02547,Monitor,3,14231,2026-03-01,Debit Card,Pune
MAR_000676,CUST_00726,Monitor,5,31634,2026-03-04,UPI,Pune
MAR_000677,CUST_03408,Headphones,4,20873,2026-03-29,Credit Card,Pune
MAR_000678,CUST_02237,Headphones,3,35856,2026-03-01,Debit Card,Bangalore
MAR_000679,CUST_00792,Mouse,5,31570,2026-03-05,Cash on Delivery,Chennai
MAR_000680,CUST_01104,Smartwatch,2,44238,2026-03-21,Credit Card,Chennai
MAR_000681,CUST_00684,Tablet,1,5897,2026-03-28,Credit Card,Bangalore
MAR_000682,CUST_02202,Smartphone,4,48975,2026-03-27,Credit Card,Chennai
MAR_000683,CUST_01538,Smartphone,1,17333,2026-03-26,UPI,Delhi
MAR_000684,CUST_00320,Smartphone,5,22250,2026-03-09,Debit Card,Delhi
MAR_000685,CUST_03937,Monitor,3,22436,2026-03-19,Debit Card,Pune
MAR_000686,CUST_00422,Tablet,3,35685,2026-03-22,Credit Card,Chennai
MAR_000687,CUST_03184,Keyboard,1,36875,2026-03-26,Debit Card,Pune
MAR_000688,CUST_00783,Laptop,4,39320,2026-03-28,UPI,Bangalore
MAR_000689,CUST_01550,Smartphone,3,22293,2026-03-29,Debit Card,Hyderabad
MAR_000690,CUST_03003,Monitor,1,5955,2026-03-10,Cash on Delivery,Mumbai
MAR_000691,CUST_03057,Tablet,5,16556,2026-03-05,Debit Card,Hyderabad
MAR_000692,CUST_00845,Headphones,1,14482,2026-03-15,Cash on Delivery,Chennai
MAR_000693,CUST_03295,Tablet,1,16220,2026-03-07,Cash on Delivery,Hyderabad
MAR_000694,CUST_03487,Keyboard,3,28944,2026-03-28,Credit Card,Chennai
MAR_000695,CUST_03837,Mouse,2,38613,2026-03-21,Debit Card,Mumbai
MAR_000696,CUST_03576,Laptop,4,26770,2026-03-14,Cash on Delivery,Hyderabad
MAR_000697,CUST_04528,Smartphone,5,36110,2026-03-17,UPI,Hyderabad
MAR_000698,CUST_02510,Monitor,1,23745,2026-03-18,Debit Card,Delhi
MAR_000699,CUST_02177,Laptop,1,41654,2026-03-15,Cash on Delivery,Chennai
MAR_000700,CUST_02955,Keyboard,3,7798,2026-03-22,Credit Card,Pune
MAR_000701,CUST_01770,Mouse,5,48295,2026-03-14,UPI,Delhi
MAR_000702,CUST_04620,Tablet,4,39703,2026-03-02,Debit Card,Mumbai
MAR_000703,CUST_01444,Monitor,3,7483,2026-03-17,Debit Card,Mumbai
MAR_000704,CUST_03253,Smartphone,5,46673,2026-03-12,UPI,Bangalore
MAR_000705,CUST_02471,Keyboard,5,44731,2026-03-06,Debit Card,Bangalore
MAR_000706,CUST_03071,Smartwatch,5,26420,2026-03-17,Credit Card,Delhi
MAR_000707,CUST_01853,Tablet,2,10567,2026-03-02,UPI,Hyderabad
MAR_000708,CUST_00078,Keyboard,2,11975,2026-03-05,Credit Card,Pune
MAR_000709,CUST_04022,Smartphone,3,9844,2026-03-21,Cash on Delivery,Chennai
MAR_000710,CUST_02380,Smartphone,4,13934,2026-03-30,UPI,Hyderabad
MAR_000711,CUST_01194,Tablet,2,37803,2026-03-01,Debit Card,Bangalore
MAR_000712,CUST_04142,Monitor,3,5577,2026-03-24,Credit Card,Pune
MAR_000713,CUST_00380,Smartphone,4,43209,2026-03-03,UPI,Chennai
MAR_000714,CUST_04096,Smartwatch,3,16389,2026-03-17,Cash on Delivery,Delhi
MAR_000715,CUST_00596,Mouse,5,18922,2026-03-19,Debit Card,Chennai
MAR_000716,CUST_04699,Mouse,4,42758,2026-03-18,Debit Card,Pune
MAR_000717,CUST_02039,Headphones,1,33206,2026-03-09,Cash on Delivery,Mumbai
MAR_000718,CUST_01587,Headphones,3,45744,2026-03-09,Debit Card,Pune
MAR_000719,CUST_01392,Smartwatch,5,17046,2026-03-18,UPI,Bangalore
MAR_000720,CUST_01985,Monitor,1,21801,2026-03-09,UPI,Mumbai
MAR_000721,CUST_00931,Keyboard,2,31116,2026-03-29,Credit Card,Hyderabad
MAR_000722,CUST_02931,Smartphone,2,23345,2026-03-06,UPI,Chennai
MAR_000723,CUST_04341,Keyboard,2,23363,2026-03-06,Cash on Delivery,Hyderabad
MAR_000724,CUST_02194,Headphones,3,35214,2026-03-26,Cash on Delivery,Mumbai
MAR_000725,CUST_00814,Smartwatch,1,32528,2026-03-12,UPI,Bangalore
MAR_000726,CUST_04522,Keyboard,5,31068,2026-03-26,UPI,Bangalore
MAR_000727,CUST_01749,Laptop,3,26718,2026-03-06,Credit Card,Chennai
MAR_000728,CUST_03447,Monitor,3,20909,2026-03-05,Credit Card,Delhi
MAR_000729,CUST_04143,Smartphone,2,28816,2026-03-19,Debit Card,Hyderabad
MAR_000730,CUST_00388,Mouse,5,19467,2026-03-28,Debit Card,Hyderabad
MAR_000731,CUST_03921,Monitor,3,10074,2026-03-23,Credit Card,Pune
MAR_000732,CUST_03134,Smartphone,5,2922,2026-03-12,Cash on Delivery,Hyderabad
MAR_000733,CUST_01120,Mouse,4,44104,2026-03-15,Debit Card,Mumbai
MAR_000734,CUST_04019,Mouse,4,12362,2026-03-10,Cash on Delivery,Hyderabad
MAR_000735,CUST_04372,Headphones,2,3108,2026-03-02,UPI,Delhi
MAR_000736,CUST_00473,Headphones,5,31578,2026-03-15,Cash on Delivery,Hyderabad
MAR_000737,CUST_02656,Smartwatch,1,4198,2026-03-31,Credit Card,Chennai
MAR_000738,CUST_03654,Headphones,1,18943,2026-03-11,Credit Card,Delhi
MAR_000739,CUST_04085,Laptop,2,45827,2026-03-18,UPI,Chennai
MAR_000740,CUST_04755,Smartphone,5,39455,2026-03-15,Debit Card,Mumbai
MAR_000741,CUST_04662,Monitor,4,4092,2026-03-08,Cash on Delivery,Chennai
MAR_000742,CUST_01677,Smartwatch,2,8341,2026-03-12,UPI,Hyderabad
MAR_000743,CUST_04107,Tablet,1,23615,2026-03-23,Cash on Delivery,Mumbai
MAR_000744,CUST_00393,Tablet,5,7284,2026-03-16,Cash on Delivery,Delhi
MAR_000745,CUST_02521,Tablet,4,8745,2026-03-30,Credit Card,Hyderabad
MAR_000746,CUST_02581,Mouse,5,41267,2026-03-24,Credit Card,Pune
MAR_000747,CUST_04504,Mouse,1,21943,2026-03-24,UPI,Pune
MAR_000748,CUST_04429,Mouse,2,19876,2026-03-13,Cash on Delivery,Pune
MAR_000749,CUST_03208,Smartwatch,2,35464,2026-03-26,Cash on Delivery,Mumbai
MAR_000750,CUST_00970,Smartwatch,2,43538,2026-03-10,Cash on Delivery,Pune
MAR_000751,CUST_03122,Smartphone,4,35308,2026-03-30,Cash on Delivery,Bangalore
MAR_000752,CUST_01628,Laptop,1,22744,2026-03-28,Debit Card,Delhi
MAR_000753,CUST_01784,Keyboard,4,29045,2026-03-08,Debit Card,Delhi
MAR_000754,CUST_04892,Tablet,1,22677,2026-03-15,Credit Card,Chennai
MAR_000755,CUST_01424,Laptop,4,30005,2026-03-24,Credit Card,Mumbai
MAR_000756,CUST_02879,Headphones,2,5020,2026-03-27,Cash on Delivery,Hyderabad
MAR_000757,CUST_04745,Mouse,2,29689,2026-03-22,Cash on Delivery,Hyderabad
MAR_000758,CUST_02773,Smartwatch,2,21060,2026-03-26,Debit Card,Chennai
MAR_000759,CUST_02157,Laptop,3,20563,2026-03-13,Credit Card,Delhi
MAR_000760,CUST_04007,Headphones,3,45033,2026-03-07,Debit Card,Chennai
MAR_000761,CUST_04779,Mouse,5,8912,2026-03-09,UPI,Delhi
MAR_000762,CUST_03279,Smartphone,3,17328,2026-03-22,UPI,Bangalore
MAR_000763,CUST_00303,Keyboard,4,47184,2026-03-03,Debit Card,Bangalore
MAR_000764,CUST_01029,Smartphone,4,18259,2026-03-21,Cash on Delivery,Pune
MAR_000765,CUST_00359,Mouse,4,43431,2026-03-02,Credit Card,Bangalore
MAR_000766,CUST_01923,Headphones,5,32645,2026-03-21,Cash on Delivery,Pune
MAR_000767,CUST_03859,Keyboard,5,8266,2026-03-22,Credit Card,Chennai
MAR_000768,CUST_04641,Keyboard,2,26023,2026-03-05,UPI,Bangalore
MAR_000769,CUST_03776,Keyboard,5,30209,2026-03-14,Cash on Delivery,Hyderabad
MAR_000770,CUST_00836,Monitor,1,1568,2026-03-14,UPI,Hyderabad
MAR_000771,CUST_02575,Smartwatch,1,10834,2026-03-05,Credit Card,Hyderabad
MAR_000772,CUST_02677,Monitor,1,10246,2026-03-12,UPI,Pune
MAR_000773,CUST_03250,Laptop,4,30554,2026-03-28,Credit Card,Chennai
MAR_000774,CUST_04990,Tablet,3,18671,2026-03-04,Debit Card,Pune
MAR_000775,CUST_04042,Tablet,4,2011,2026-03-13,Credit Card,Hyderabad
MAR_000776,CUST_01336,Laptop,2,3139,2026-03-26,Cash on Delivery,Mumbai
MAR_000777,CUST_04533,Headphones,3,15763,2026-03-27,Debit Card,Bangalore
MAR_000778,CUST_04871,Mouse,4,44092,2026-03-18,Cash on Delivery,Hyderabad
MAR_000779,CUST_01635,Smartwatch,1,33639,2026-03-23,Credit Card,Bangalore
MAR_000780,CUST_00092,Laptop,4,44243,2026-03-13,Credit Card,Mumbai
MAR_000781,CUST_00547,Laptop,3,25967,2026-03-26,Cash on Delivery,Delhi
MAR_000782,CUST_04871,Smartphone,4,45973,2026-03-15,Debit Card,Mumbai
MAR_000783,CUST_02507,Smartphone,4,8166,2026-03-11,Cash on Delivery,Hyderabad
MAR_000784,CUST_00718,Laptop,2,12968,2026-03-10,Cash on Delivery,Hyderabad
MAR_000785,CUST_04386,Laptop,1,17876,2026-03-28,UPI,Mumbai
MAR_000786,CUST_04095,Smartwatch,3,36977,2026-03-10,Credit Card,Delhi
MAR_000787,CUST_01320,Tablet,3,9740,2026-03-01,Credit Card,Chennai
MAR_000788,CUST_04312,Laptop,1,7891,2026-03-16,Cash on Delivery,Hyderabad
MAR_000789,CUST_03247,Monitor,5,46305,2026-03-19,Cash on Delivery,Pune
MAR_000790,CUST_01241,Smartphone,2,2148,2026-03-30,Debit Card,Pune
MAR_000791,CUST_03963,Keyboard,4,38365,2026-03-21,UPI,Hyderabad
MAR_000792,CUST_02605,Smartwatch,1,35344,2026-03-02,UPI,Hyderabad
MAR_000793,CUST_04790,Keyboard,4,1025,2026-03-21,Debit Card,Chennai
MAR_000794,CUST_01828,Tablet,2,27244,2026-03-11,Debit Card,Chennai
MAR_000795,CUST_04420,Smartphone,4,3882,2026-03-10,Cash on Delivery,Chennai
MAR_000796,CUST_02661,Monitor,2,34743,2026-03-29,Credit Card,Bangalore
MAR_000797,CUST_03774,Keyboard,5,4205,2026-03-23,UPI,Bangalore
MAR_000798,CUST_03371,Mouse,1,3999,2026-03-22,Credit Card,Hyderabad
MAR_000799,CUST_01037,Tablet,4,47044,2026-03-16,UPI,Mumbai
MAR_000800,CUST_01371,Tablet,4,6061,2026-03-24,Cash on Delivery,Pune
MAR_000801,CUST_02471,Smartwatch,2,18628,2026-03-11,Debit Card,Mumbai
MAR_000802,CUST_04284,Mouse,2,48004,2026-03-07,Debit Card,Chennai
MAR_000803,CUST_04808,Smartwatch,3,10724,2026-03-30,Cash on Delivery,Mumbai
MAR_000804,CUST_04366,Smartphone,2,11108,2026-03-15,Cash on Delivery,Chennai
MAR_000805,CUST_02995,Tablet,4,39303,2026-03-23,Credit Card,Mumbai
MAR_000806,CUST_02103,Smartwatch,4,2766,2026-03-27,Debit Card,Bangalore
MAR_000807,CUST_00323,Smartwatch,3,47709,2026-03-28,Cash on Delivery,Chennai
MAR_000808,CUST_03468,Smartwatch,3,6633,2026-03-07,Cash on Delivery,Pune
MAR_000809,CUST_04135,Smartphone,5,31463,2026-03-07,Credit Card,Pune
MAR_000810,CUST_00996,Keyboard,5,26400,2026-03-01,UPI,Delhi
MAR_000811,CUST_04980,Mouse,3,13515,2026-03-16,Cash on Delivery,Chennai
MAR_000812,CUST_01257,Smartwatch,5,34323,2026-03-14,Cash on Delivery,Chennai
MAR_000813,CUST_01411,Headphones,5,26752,2026-03-23,Debit Card,Mumbai
MAR_000814,CUST_02245,Monitor,5,27111,2026-03-22,Cash on Delivery,Chennai
MAR_000815,CUST_02445,Smartphone,2,4349,2026-03-05,Credit Card,Bangalore
MAR_000816,CUST_02118,Monitor,3,19675,2026-03-02,Debit Card,Bangalore
MAR_000817,CUST_04035,Smartphone,3,46792,2026-03-12,UPI,Hyderabad
MAR_000818,CUST_01965,Smartwatch,5,18705,2026-03-31,Credit Card,Chennai
MAR_000819,CUST_01328,Smartphone,1,26606,2026-03-05,Debit Card,Hyderabad
MAR_000820,CUST_02652,Laptop,2,17134,2026-03-08,UPI,Bangalore
MAR_000821,CUST_03506,Keyboard,3,5472,2026-03-15,UPI,Pune
MAR_000822,CUST_01173,Smartwatch,5,10460,2026-03-18,UPI,Bangalore
MAR_000823,CUST_04956,Headphones,1,45023,2026-03-09,Cash on Delivery,Delhi
MAR_000824,CUST_04990,Headphones,1,17792,2026-03-11,UPI,Mumbai
MAR_000825,CUST_02125,Keyboard,2,10767,2026-03-02,Cash on Delivery,Bangalore
MAR_000826,CUST_00864,Smartwatch,5,38419,2026-03-07,Debit Card,Chennai
MAR_000827,CUST_02897,Mouse,5,5127,2026-03-03,Credit Card,Bangalore
MAR_000828,CUST_01309,Laptop,5,5268,2026-03-14,UPI,Bangalore
MAR_000829,CUST_02724,Smartphone,3,13756,2026-03-05,Credit Card,Bangalore
MAR_000830,CUST_01356,Mouse,4,49397,2026-03-09,Credit Card,Bangalore
MAR_000831,CUST_04911,Headphones,4,41084,2026-03-13,Cash on Delivery,Mumbai
MAR_000832,CUST_00047,Mouse,1,19091,2026-03-03,Credit Card,Mumbai
MAR_000833,CUST_04854,Keyboard,1,18768,2026-03-26,Credit Card,Bangalore
MAR_000834,CUST_01212,Smartphone,2,23842,2026-03-22,Cash on Delivery,Bangalore
MAR_000835,CUST_03258,Tablet,3,35271,2026-03-07,Credit Card,Pune
MAR_000836,CUST_01746,Tablet,5,34236,2026-03-26,Credit Card,Bangalore
MAR_000837,CUST_03103,Smartphone,3,3488,2026-03-13,UPI,Chennai
MAR_000838,CUST_01403,Monitor,1,11723,2026-03-18,Cash on Delivery,Hyderabad
MAR_000839,CUST_02661,Smartphone,2,23422,2026-03-22,UPI,Bangalore
MAR_000840,CUST_03949,Mouse,1,34341,2026-03-22,Credit Card,Mumbai
MAR_000841,CUST_00722,Smartphone,1,13306,2026-03-17,Credit Card,Bangalore
MAR_000842,CUST_01019,Smartphone,5,19152,2026-03-24,Debit Card,Hyderabad
MAR_000843,CUST_00968,Tablet,3,22577,2026-03-06,Debit Card,Delhi
MAR_000844,CUST_02785,Smartphone,1,27982,2026-03-01,Debit Card,Mumbai
MAR_000845,CUST_01349,Laptop,4,14382,2026-03-14,Debit Card,Chennai
MAR_000846,CUST_00782,Smartwatch,1,8068,2026-03-25,UPI,Chennai
MAR_000847,CUST_02328,Headphones,1,397,2026-03-20,UPI,Bangalore
MAR_000848,CUST_03549,Mouse,3,2928,2026-03-27,Credit Card,Mumbai
MAR_000849,CUST_02264,Smartwatch,4,46050,2026-03-30,Cash on Delivery,Hyderabad
MAR_000850,CUST_03217,Smartphone,1,46453,2026-03-17,Debit Card,Mumbai
MAR_000851,CUST_00021,Laptop,3,5278,2026-03-09,Credit Card,Chennai
MAR_000852,CUST_02293,Mouse,2,15241,2026-03-12,Credit Card,Mumbai
MAR_000853,CUST_00786,Mouse,2,11359,2026-03-21,Debit Card,Delhi
MAR_000854,CUST_00129,Tablet,2,21341,2026-03-27,Credit Card,Hyderabad
MAR_000855,CUST_00535,Mouse,1,22924,2026-03-09,Credit Card,Mumbai
MAR_000856,CUST_03925,Keyboard,1,1663,2026-03-22,Credit Card,Mumbai
MAR_000857,CUST_03068,Tablet,5,49770,2026-03-27,UPI,Mumbai
MAR_000858,CUST_01697,Smartwatch,1,46157,2026-03-26,Credit Card,Bangalore
MAR_000859,CUST_01807,Smartwatch,4,7951,2026-03-25,Debit Card,Pune
MAR_000860,CUST_01565,Laptop,3,27917,2026-03-04,UPI,Mumbai
MAR_000861,CUST_01133,Keyboard,5,6119,2026-03-15,Debit Card,Chennai
MAR_000862,CUST_04542,Laptop,1,24668,2026-03-29,Cash on Delivery,Bangalore
MAR_000863,CUST_02081,Smartphone,4,27913,2026-03-19,UPI,Mumbai
MAR_000864,CUST_02998,Mouse,1,29640,2026-03-14,Cash on Delivery,Chennai
MAR_000865,CUST_02805,Mouse,3,39515,2026-03-03,Credit Card,Delhi
MAR_000866,CUST_00099,Keyboard,5,11290,2026-03-28,Credit Card,Delhi
MAR_000867,CUST_00741,Tablet,3,7766,2026-03-22,Cash on Delivery,Bangalore
MAR_000868,CUST_02318,Laptop,4,3291,2026-03-06,UPI,Pune
MAR_000869,CUST_01206,Tablet,4,822,2026-03-18,Debit Card,Bangalore
MAR_000870,CUST_00091,Laptop,4,23008,2026-03-20,Cash on Delivery,Hyderabad
MAR_000871,CUST_01337,Headphones,3,1507,2026-03-04,Debit Card,Bangalore
MAR_000872,CUST_03299,Laptop,3,18624,2026-03-29,Debit Card,Delhi
MAR_000873,CUST_03558,Headphones,3,34872,2026-03-19,UPI,Pune
MAR_000874,CUST_02692,Tablet,4,33287,2026-03-18,Credit Card,Chennai
MAR_000875,CUST_04664,Tablet,2,6551,2026-03-17,Credit Card,Hyderabad
MAR_000876,CUST_04421,Laptop,2,7412,2026-03-12,Credit Card,Hyderabad
MAR_000877,CUST_04629,Laptop,1,19696,2026-03-11,Cash on Delivery,Pune
MAR_000878,CUST_02789,Headphones,1,13124,2026-03-13,Debit Card,Pune
MAR_000879,CUST_03669,Monitor,3,47117,2026-03-30,UPI,Pune
MAR_000880,CUST_03975,Headphones,2,2965,2026-03-23,Credit Card,Mumbai
MAR_000881,CUST_04399,Laptop,2,30142,2026-03-04,Cash on Delivery,Mumbai
MAR_000882,CUST_04184,Tablet,5,7999,2026-03-29,Debit Card,Chennai
MAR_000883,CUST_02217,Smartwatch,4,31123,2026-03-14,UPI,Delhi
MAR_000884,CUST_00149,Smartphone,1,19606,2026-03-18,UPI,Bangalore
MAR_000885,CUST_01013,Headphones,4,42363,2026-03-30,UPI,Delhi
MAR_000886,CUST_04279,Headphones,4,24468,2026-03-16,Cash on Delivery,Pune
MAR_000887,CUST_04122,Keyboard,5,6340,2026-03-01,Cash on Delivery,Hyderabad
MAR_000888,CUST_01325,Tablet,4,26344,2026-03-08,Credit Card,Hyderabad
MAR_000889,CUST_02934,Mouse,5,30489,2026-03-06,UPI,Chennai
MAR_000890,CUST_00359,Smartwatch,3,22695,2026-03-04,UPI,Pune
MAR_000891,CUST_01577,Laptop,3,31884,2026-03-21,Cash on Delivery,Mumbai
MAR_000892,CUST_03584,Smartwatch,4,11006,2026-03-29,Debit Card,Hyderabad
MAR_000893,CUST_01936,Keyboard,1,16459,2026-03-08,Cash on Delivery,Pune
MAR_000894,CUST_02975,Keyboard,3,22806,2026-03-31,Credit Card,Bangalore
MAR_000895,CUST_03630,Monitor,1,39249,2026-03-11,Credit Card,Chennai
MAR_000896,CUST_01157,Smartwatch,5,44662,2026-03-20,Debit Card,Mumbai
MAR_000897,CUST_04505,Smartphone,2,23568,2026-03-18,UPI,Bangalore
MAR_000898,CUST_01920,Keyboard,5,16262,2026-03-28,UPI,Mumbai
MAR_000899,CUST_00353,Smartphone,3,49106,2026-03-03,Cash on Delivery,Mumbai
MAR_000900,CUST_01695,Laptop,1,509,2026-03-02,UPI,Mumbai
MAR_000901,CUST_00444,Tablet,4,18217,2026-03-17,Credit Card,Bangalore
MAR_000902,CUST_04342,Laptop,3,42965,2026-03-02,UPI,Delhi
MAR_000903,CUST_04353,Smartphone,5,2085,2026-03-02,Cash on Delivery,Chennai
MAR_000904,CUST_00418,Headphones,5,23663,2026-03-13,UPI,Bangalore
MAR_000905,CUST_03030,Monitor,5,3227,2026-03-30,UPI,Pune
MAR_000906,CUST_04103,Smartwatch,2,11529,2026-03-31,Credit Card,Delhi
MAR_000907,CUST_02414,Smartwatch,4,26747,2026-03-19,Cash on Delivery,Pune
MAR_000908,CUST_03810,Mouse,5,25984,2026-03-17,UPI,Bangalore
MAR_000909,CUST_02072,Laptop,3,32542,2026-03-29,Credit Card,Delhi
MAR_000910,CUST_02480,Monitor,2,4485,2026-03-16,Credit Card,Mumbai
MAR_000911,CUST_04223,Laptop,2,13267,2026-03-22,Debit Card,Hyderabad
MAR_000912,CUST_01875,Keyboard,2,34475,2026-03-21,Credit Card,Mumbai
MAR_000913,CUST_03853,Smartphone,2,29177,2026-03-16,Debit Card,Hyderabad
MAR_000914,CUST_04276,Smartphone,1,46099,2026-03-26,Cash on Delivery,Delhi
MAR_000915,CUST_01336,Headphones,2,33324,2026-03-10,Debit Card,Hyderabad
MAR_000916,CUST_00048,Smartphone,2,28934,2026-03-14,UPI,Chennai
MAR_000917,CUST_00283,Keyboard,1,16663,2026-03-02,Cash on Delivery,Bangalore
MAR_000918,CUST_04833,Smartphone,5,15035,2026-03-07,Cash on Delivery,Mumbai
MAR_000919,CUST_03797,Headphones,3,22127,2026-03-13,Debit Card,Pune
MAR_000920,CUST_00663,Mouse,5,4792,2026-03-18,UPI,Mumbai
MAR_000921,CUST_01423,Smartphone,3,41510,2026-03-04,UPI,Delhi
MAR_000922,CUST_04746,Laptop,3,8425,2026-03-19,Debit Card,Bangalore
MAR_000923,CUST_01296,Smartphone,5,45163,2026-03-13,Credit Card,Chennai
MAR_000924,CUST_01157,Mouse,2,44978,2026-03-13,Debit Card,Mumbai
MAR_000925,CUST_02831,Keyboard,3,20486,2026-03-09,Cash on Delivery,Pune
MAR_000926,CUST_00555,Headphones,4,33298,2026-03-04,Debit Card,Chennai
MAR_000927,CUST_02842,Keyboard,5,21578,2026-03-16,UPI,Hyderabad
MAR_000928,CUST_00879,Headphones,5,3772,2026-03-24,UPI,Chennai
MAR_000929,CUST_00202,Keyboard,3,29026,2026-03-01,Debit Card,Chennai
MAR_000930,CUST_01526,Laptop,2,22005,2026-03-10,UPI,Bangalore
MAR_000931,CUST_04744,Tablet,2,33314,2026-03-31,Debit Card,Hyderabad
MAR_000932,CUST_00250,Keyboard,2,5522,2026-03-23,Cash on Delivery,Delhi
MAR_000933,CUST_02992,Tablet,3,38042,2026-03-04,UPI,Delhi
MAR_000934,CUST_01644,Laptop,2,16802,2026-03-23,Credit Card,Delhi
MAR_000935,CUST_00571,Laptop,5,42894,2026-03-19,Credit Card,Chennai
MAR_000936,CUST_04287,Tablet,1,1050,2026-03-09,Debit Card,Hyderabad
MAR_000937,CUST_02953,Smartwatch,1,47838,2026-03-24,Cash on Delivery,Pune
MAR_000938,CUST_03174,Smartwatch,4,13655,2026-03-10,UPI,Hyderabad
MAR_000939,CUST_00994,Smartphone,2,27855,2026-03-18,Credit Card,Delhi
MAR_000940,CUST_02150,Monitor,2,16737,2026-03-01,Debit Card,Delhi
MAR_000941,CUST_02459,Mouse,3,7647,2026-03-05,UPI,Hyderabad
MAR_000942,CUST_03258,Monitor,4,23082,2026-03-26,Cash on Delivery,Bangalore
MAR_000943,CUST_02014,Smartphone,5,48461,2026-03-08,UPI,Chennai
MAR_000944,CUST_00175,Smartphone,4,8115,2026-03-20,Debit Card,Delhi
MAR_000945,CUST_04252,Laptop,4,6437,2026-03-27,UPI,Pune
MAR_000946,CUST_02236,Tablet,1,1719,2026-03-17,Cash on Delivery,Mumbai
MAR_000947,CUST_02968,Mouse,2,14942,2026-03-28,UPI,Delhi
MAR_000948,CUST_03630,Mouse,2,11809,2026-03-25,Cash on Delivery,Bangalore
MAR_000949,CUST_01822,Smartphone,4,7128,2026-03-30,Cash on Delivery,Pune
MAR_000950,CUST_02853,Keyboard,4,6904,2026-03-03,Debit Card,Hyderabad
MAR_000951,CUST_04094,Mouse,2,31333,2026-03-29,UPI,Pune
MAR_000952,CUST_02760,Monitor,1,48435,2026-03-13,UPI,Pune
MAR_000953,CUST_03232,Monitor,3,32004,2026-03-18,UPI,Bangalore
MAR_000954,CUST_01932,Monitor,2,27204,2026-03-27,Debit Card,Hyderabad
MAR_000955,CUST_01919,Keyboard,1,26114,2026-03-28,Cash on Delivery,Mumbai
MAR_000956,CUST_02464,Smartphone,3,40430,2026-03-16,Credit Card,Bangalore
MAR_000957,CUST_02387,Tablet,1,9397,2026-03-14,UPI,Delhi
MAR_000958,CUST_02026,Smartwatch,4,11775,2026-03-07,UPI,Mumbai
MAR_000959,CUST_03772,Smartphone,5,3453,2026-03-30,UPI,Hyderabad
MAR_000960,CUST_01761,Keyboard,3,4975,2026-03-23,Cash on Delivery,Hyderabad
MAR_000961,CUST_04043,Smartwatch,2,30233,2026-03-19,Debit Card,Hyderabad
MAR_000962,CUST_00660,Keyboard,1,19540,2026-03-05,Credit Card,Mumbai
MAR_000963,CUST_04273,Smartwatch,2,1051,2026-03-15,Cash on Delivery,Chennai
MAR_000964,CUST_01374,Smartwatch,5,7124,2026-03-04,UPI,Delhi
MAR_000965,CUST_03459,Tablet,2,7886,2026-03-16,Cash on Delivery,Pune
MAR_000966,CUST_01590,Keyboard,3,47927,2026-03-19,Debit Card,Mumbai
MAR_000967,CUST_04037,Monitor,3,29745,2026-03-07,Cash on Delivery,Hyderabad
MAR_000968,CUST_04714,Laptop,1,18627,2026-03-11,Debit Card,Bangalore
MAR_000969,CUST_01465,Smartphone,4,28512,2026-03-30,UPI,Delhi
MAR_000970,CUST_01496,Keyboard,2,27075,2026-03-24,Cash on Delivery,Hyderabad
MAR_000971,CUST_03314,Headphones,2,4062,2026-03-28,Cash on Delivery,Mumbai
MAR_000972,CUST_00519,Keyboard,1,27861,2026-03-10,Debit Card,Delhi
MAR_000973,CUST_00270,Smartwatch,5,5174,2026-03-06,Cash on Delivery,Mumbai
MAR_000974,CUST_00179,Smartwatch,2,3236,2026-03-04,Debit Card,Mumbai
MAR_000975,CUST_04959,Smartwatch,2,33605,2026-03-16,Debit Card,Hyderabad
MAR_000976,CUST_04394,Keyboard,2,13755,2026-03-08,Debit Card,Mumbai
MAR_000977,CUST_04568,Tablet,3,1340,2026-03-22,Debit Card,Delhi
MAR_000978,CUST_03891,Smartphone,3,415,2026-03-12,UPI,Chennai
MAR_000979,CUST_00933,Laptop,4,14189,2026-03-08,UPI,Bangalore
MAR_000980,CUST_00812,Mouse,4,39807,2026-03-26,Credit Card,Pune
MAR_000981,CUST_04962,Headphones,3,19440,2026-03-30,UPI,Mumbai
MAR_000982,CUST_03882,Mouse,1,11603,2026-03-13,Credit Card,Bangalore
MAR_000983,CUST_04525,Smartwatch,3,1870,2026-03-29,Credit Card,Hyderabad
MAR_000984,CUST_01090,Monitor,1,31207,2026-03-09,Debit Card,Delhi
MAR_000985,CUST_00440,Mouse,4,27551,2026-03-06,Credit Card,Bangalore
MAR_000986,CUST_02654,Tablet,2,35910,2026-03-12,Cash on Delivery,Bangalore
MAR_000987,CUST_00953,Tablet,3,4075,2026-03-05,UPI,Bangalore
MAR_000988,CUST_03448,Smartwatch,4,42097,2026-03-22,Cash on Delivery,Delhi
MAR_000989,CUST_02547,Laptop,4,49505,2026-03-21,Credit Card,Hyderabad
MAR_000990,CUST_04037,Smartwatch,3,23950,2026-03-08,Cash on Delivery,Pune
MAR_000991,CUST_00590,Headphones,1,10776,2026-03-10,Credit Card,Hyderabad
MAR_000992,CUST_04851,Tablet,1,40329,2026-03-19,Cash on Delivery,Mumbai
MAR_000993,CUST_01600,Mouse,3,34555,2026-03-30,Credit Card,Chennai
MAR_000994,CUST_00977,Smartwatch,5,21877,2026-03-03,Debit Card,Mumbai
MAR_000995,CUST_01051,Tablet,2,3450,2026-03-07,Credit Card,Delhi
MAR_000996,CUST_00613,Smartphone,3,31216,2026-03-13,Debit Card,Pune
MAR_000997,CUST_04880,Monitor,3,44365,2026-03-11,Debit Card,Mumbai
MAR_000998,CUST_02289,Smartphone,5,5705,2026-03-17,UPI,Chennai
MAR_000999,CUST_00157,Smartphone,2,7549,2026-03-01,Credit Card,Chennai
MAR_001000,CUST_03901,Keyboard,3,17208,2026-03-02,Credit Card,Mumbai
MAR_001001,CUST_01271,Smartphone,1,21771,2026-03-23,Cash on Delivery,Hyderabad
MAR_001002,CUST_04116,Keyboard,5,20754,2026-03-14,UPI,Hyderabad
MAR_001003,CUST_00645,Monitor,5,48227,2026-03-25,UPI,Chennai
MAR_001004,CUST_03517,Keyboard,4,716,2026-03-01,Cash on Delivery,Chennai
MAR_001005,CUST_03848,Keyboard,3,36241,2026-03-29,Credit Card,Pune
MAR_001006,CUST_00875,Mouse,4,45576,2026-03-06,Cash on Delivery,Mumbai
MAR_001007,CUST_02845,Mouse,3,17333,2026-03-10,UPI,Hyderabad
MAR_001008,CUST_04364,Monitor,4,31758,2026-03-09,Credit Card,Pune
MAR_001009,CUST_01539,Monitor,2,6078,2026-03-13,Cash on Delivery,Delhi
MAR_001010,CUST_02287,Laptop,4,15736,2026-03-22,Debit Card,Chennai
MAR_001011,CUST_00316,Smartwatch,3,37660,2026-03-26,Cash on Delivery,Delhi
MAR_001012,CUST_04198,Monitor,5,30097,2026-03-18,Credit Card,Hyderabad
MAR_001013,CUST_04139,Keyboard,3,23645,2026-03-14,Debit Card,Hyderabad
MAR_001014,CUST_03645,Headphones,1,10726,2026-03-06,Debit Card,Delhi
MAR_001015,CUST_03972,Tablet,1,709,2026-03-31,Credit Card,Hyderabad
MAR_001016,CUST_00375,Laptop,1,45465,2026-03-18,Cash on Delivery,Pune
MAR_001017,CUST_01087,Monitor,2,21984,2026-03-05,Credit Card,Mumbai
MAR_001018,CUST_02974,Mouse,3,41885,2026-03-07,Cash on Delivery,Hyderabad
MAR_001019,CUST_02451,Mouse,2,19155,2026-03-31,Credit Card,Delhi
MAR_001020,CUST_04441,Tablet,2,8965,2026-03-11,Cash on Delivery,Bangalore
MAR_001021,CUST_00227,Smartwatch,1,35721,2026-03-09,Debit Card,Hyderabad
MAR_001022,CUST_02789,Smartphone,3,35377,2026-03-06,UPI,Chennai
MAR_001023,CUST_01220,Keyboard,5,19485,2026-03-28,Credit Card,Mumbai
MAR_001024,CUST_01658,Headphones,1,27346,2026-03-30,UPI,Hyderabad
MAR_001025,CUST_03688,Monitor,4,46905,2026-03-06,UPI,Delhi
MAR_001026,CUST_00818,Laptop,4,40334,2026-03-12,Credit Card,Mumbai
MAR_001027,CUST_03981,Laptop,3,29605,2026-03-15,UPI,Mumbai
MAR_001028,CUST_03981,Laptop,5,33446,2026-03-05,UPI,Chennai
MAR_001029,CUST_04691,Smartwatch,3,4829,2026-03-31,Credit Card,Mumbai
MAR_001030,CUST_02607,Smartphone,3,48764,2026-03-18,UPI,Chennai
MAR_001031,CUST_00176,Smartphone,3,42144,2026-03-26,UPI,Delhi
MAR_001032,CUST_04197,Keyboard,3,46973,2026-03-26,Cash on Delivery,Mumbai
MAR_001033,CUST_00085,Smartphone,4,32988,2026-03-01,Cash on Delivery,Delhi
MAR_001034,CUST_03722,Headphones,5,39843,2026-03-06,Cash on Delivery,Delhi
MAR_001035,CUST_02872,Smartphone,5,40890,2026-03-29,Cash on Delivery,Chennai
MAR_001036,CUST_03730,Keyboard,4,37636,2026-03-09,UPI,Bangalore
MAR_001037,CUST_01097,Laptop,2,31241,2026-03-19,Credit Card,Delhi
MAR_001038,CUST_04912,Headphones,2,38900,2026-03-07,Debit Card,Chennai
MAR_001039,CUST_01987,Laptop,5,13036,2026-03-21,Cash on Delivery,Mumbai
MAR_001040,CUST_01329,Laptop,1,35994,2026-03-09,UPI,Pune
MAR_001041,CUST_02545,Tablet,5,24959,2026-03-13,UPI,Bangalore
MAR_001042,CUST_02926,Keyboard,3,15977,2026-03-12,UPI,Delhi
MAR_001043,CUST_01683,Headphones,3,11993,2026-03-09,Debit Card,Hyderabad
MAR_001044,CUST_03802,Monitor,5,31676,2026-03-03,Debit Card,Bangalore
MAR_001045,CUST_01993,Keyboard,2,39401,2026-03-12,UPI,Hyderabad
MAR_001046,CUST_04327,Tablet,4,42677,2026-03-29,Credit Card,Mumbai
MAR_001047,CUST_00982,Headphones,3,39221,2026-03-10,UPI,Bangalore
MAR_001048,CUST_01076,Mouse,5,32353,2026-03-30,Debit Card,Delhi
MAR_001049,CUST_00140,Tablet,4,43019,2026-03-23,UPI,Hyderabad
MAR_001050,CUST_03638,Smartphone,3,24200,2026-03-23,Debit Card,Delhi
MAR_001051,CUST_04394,Keyboard,5,20712,2026-03-31,UPI,Mumbai
MAR_001052,CUST_03363,Smartphone,1,46913,2026-03-18,Debit Card,Mumbai
MAR_001053,CUST_02381,Monitor,2,2055,2026-03-14,Credit Card,Bangalore
MAR_001054,CUST_00104,Tablet,5,43183,2026-03-19,Debit Card,Pune
MAR_001055,CUST_00416,Headphones,1,7952,2026-03-30,UPI,Hyderabad
MAR_001056,CUST_00342,Keyboard,5,9004,2026-03-27,Credit Card,Bangalore
MAR_001057,CUST_01647,Mouse,1,3196,2026-03-13,UPI,Pune
MAR_001058,CUST_00302,Mouse,2,27825,2026-03-13,Credit Card,Pune
MAR_001059,CUST_01137,Monitor,2,36444,2026-03-27,UPI,Hyderabad
MAR_001060,CUST_04901,Headphones,2,32552,2026-03-09,Credit Card,Bangalore
MAR_001061,CUST_01404,Tablet,4,26896,2026-03-27,Credit Card,Chennai
MAR_001062,CUST_04080,Smartwatch,4,31135,2026-03-02,Debit Card,Delhi
MAR_001063,CUST_04224,Mouse,5,32798,2026-03-14,UPI,Bangalore
MAR_001064,CUST_03783,Laptop,2,18994,2026-03-18,Debit Card,Delhi
MAR_001065,CUST_02260,Smartphone,3,2395,2026-03-05,Credit Card,Pune
MAR_001066,CUST_01877,Mouse,3,14766,2026-03-03,UPI,Bangalore
MAR_001067,CUST_03624,Keyboard,2,29909,2026-03-29,Cash on Delivery,Chennai
MAR_001068,CUST_03945,Mouse,4,28056,2026-03-29,Cash on Delivery,Delhi
MAR_001069,CUST_01845,Monitor,1,3890,2026-03-15,Cash on Delivery,Mumbai
MAR_001070,CUST_04503,Mouse,1,42304,2026-03-22,Debit Card,Delhi
MAR_001071,CUST_03538,Laptop,2,17127,2026-03-11,Debit Card,Hyderabad
MAR_001072,CUST_00606,Mouse,4,23060,2026-03-13,Credit Card,Mumbai
MAR_001073,CUST_00627,Smartphone,4,35311,2026-03-06,Debit Card,Pune
MAR_001074,CUST_01763,Headphones,3,47781,2026-03-15,Credit Card,Chennai
MAR_001075,CUST_03553,Smartphone,4,15516,2026-03-18,Credit Card,Chennai
MAR_001076,CUST_02607,Monitor,2,25669,2026-03-28,Credit Card,Delhi
MAR_001077,CUST_02060,Tablet,2,5477,2026-03-15,Credit Card,Mumbai
MAR_001078,CUST_02885,Keyboard,4,4250,2026-03-14,Credit Card,Pune
MAR_001079,CUST_04390,Tablet,4,24432,2026-03-02,Credit Card,Pune
MAR_001080,CUST_02525,Monitor,4,2902,2026-03-14,UPI,Mumbai
MAR_001081,CUST_01282,Smartwatch,3,28130,2026-03-11,Debit Card,Mumbai
MAR_001082,CUST_04097,Monitor,1,10780,2026-03-10,Credit Card,Bangalore
MAR_001083,CUST_04549,Monitor,1,21168,2026-03-29,UPI,Bangalore
MAR_001084,CUST_01411,Smartwatch,1,9950,2026-03-09,UPI,Chennai
MAR_001085,CUST_03525,Laptop,2,4377,2026-03-22,Credit Card,Mumbai
MAR_001086,CUST_01799,Mouse,3,31665,2026-03-30,Credit Card,Mumbai
MAR_001087,CUST_00309,Tablet,3,340,2026-03-13,UPI,Hyderabad
MAR_001088,CUST_03458,Monitor,5,32851,2026-03-08,UPI,Bangalore
MAR_001089,CUST_02096,Monitor,4,26161,2026-03-13,Credit Card,Hyderabad
MAR_001090,CUST_04529,Laptop,1,20073,2026-03-14,UPI,Hyderabad
MAR_001091,CUST_03347,Mouse,3,16469,2026-03-23,UPI,Pune
MAR_001092,CUST_00702,Headphones,4,9375,2026-03-28,Cash on Delivery,Bangalore
MAR_001093,CUST_03215,Headphones,2,38659,2026-03-08,Cash on Delivery,Chennai
MAR_001094,CUST_03218,Tablet,5,16991,2026-03-27,UPI,Pune
MAR_001095,CUST_01242,Smartwatch,1,11933,2026-03-20,Credit Card,Hyderabad
MAR_001096,CUST_03300,Smartphone,2,39722,2026-03-19,Cash on Delivery,Mumbai
MAR_001097,CUST_00873,Smartphone,4,45115,2026-03-05,Debit Card,Delhi
MAR_001098,CUST_00940,Smartphone,1,17443,2026-03-18,Debit Card,Chennai
MAR_001099,CUST_04147,Mouse,5,14498,2026-03-08,Credit Card,Pune
MAR_001100,CUST_03554,Keyboard,2,4973,2026-03-06,Debit Card,Mumbai
MAR_001101,CUST_00308,Smartwatch,3,37626,2026-03-10,Debit Card,Hyderabad
MAR_001102,CUST_00578,Smartwatch,1,19001,2026-03-23,Debit Card,Bangalore
MAR_001103,CUST_00161,Monitor,5,31878,2026-03-09,Debit Card,Chennai
MAR_001104,CUST_03587,Headphones,2,9537,2026-03-30,UPI,Mumbai
MAR_001105,CUST_01026,Tablet,1,44354,2026-03-03,Credit Card,Hyderabad
MAR_001106,CUST_02482,Headphones,4,28419,2026-03-10,UPI,Mumbai
MAR_001107,CUST_03489,Tablet,3,45660,2026-03-14,UPI,Bangalore
MAR_001108,CUST_02993,Mouse,1,13854,2026-03-13,Cash on Delivery,Bangalore
MAR_001109,CUST_01750,Headphones,3,40058,2026-03-21,Debit Card,Mumbai
MAR_001110,CUST_03656,Headphones,2,31092,2026-03-19,Debit Card,Delhi
MAR_001111,CUST_03289,Smartphone,5,24659,2026-03-05,Credit Card,Pune
MAR_001112,CUST_03308,Keyboard,3,17717,2026-03-30,Debit Card,Chennai
MAR_001113,CUST_03147,Smartphone,5,10682,2026-03-31,UPI,Chennai
MAR_001114,CUST_04660,Laptop,4,20388,2026-03-01,Cash on Delivery,Pune
MAR_001115,CUST_03948,Laptop,2,43072,2026-03-31,Cash on Delivery,Chennai
MAR_001116,CUST_01430,Smartphone,3,24939,2026-03-21,UPI,Hyderabad
MAR_001117,CUST_03596,Smartphone,1,34782,2026-03-01,Debit Card,Bangalore
MAR_001118,CUST_03951,Laptop,3,3205,2026-03-31,Cash on Delivery,Bangalore
MAR_001119,CUST_00202,Smartwatch,4,43701,2026-03-23,Debit Card,Pune
MAR_001120,CUST_04295,Tablet,2,26789,2026-03-13,Debit Card,Pune
MAR_001121,CUST_00306,Monitor,5,8253,2026-03-25,Debit Card,Hyderabad
MAR_001122,CUST_01837,Keyboard,5,13257,2026-03-20,Credit Card,Bangalore
MAR_001123,CUST_03852,Keyboard,4,27006,2026-03-20,Credit Card,Pune
MAR_001124,CUST_04054,Smartwatch,4,22389,2026-03-05,Cash on Delivery,Chennai
MAR_001125,CUST_03862,Tablet,5,10851,2026-03-28,UPI,Delhi
MAR_001126,CUST_02820,Keyboard,2,21949,2026-03-18,UPI,Delhi
MAR_001127,CUST_04639,Mouse,3,41459,2026-03-21,UPI,Mumbai
MAR_001128,CUST_03641,Laptop,3,869,2026-03-02,Debit Card,Mumbai
MAR_001129,CUST_03859,Laptop,5,41297,2026-03-15,UPI,Mumbai
MAR_001130,CUST_04243,Headphones,4,35527,2026-03-27,Debit Card,Mumbai
MAR_001131,CUST_04058,Tablet,5,11498,2026-03-18,Credit Card,Hyderabad
MAR_001132,CUST_00705,Headphones,1,15529,2026-03-16,UPI,Delhi
MAR_001133,CUST_01927,Keyboard,3,48382,2026-03-23,UPI,Pune
MAR_001134,CUST_03629,Tablet,3,33373,2026-03-15,Cash on Delivery,Bangalore
MAR_001135,CUST_00518,Headphones,2,338,2026-03-03,Debit Card,Chennai
MAR_001136,CUST_03592,Smartwatch,4,30363,2026-03-31,Cash on Delivery,Pune
MAR_001137,CUST_01778,Headphones,5,23037,2026-03-25,Debit Card,Mumbai
MAR_001138,CUST_03345,Headphones,5,13608,2026-03-28,UPI,Bangalore
MAR_001139,CUST_02904,Smartphone,4,9506,2026-03-03,Debit Card,Bangalore
MAR_001140,CUST_02041,Laptop,2,32051,2026-03-18,Debit Card,Hyderabad
MAR_001141,CUST_00718,Mouse,2,2133,2026-03-05,Cash on Delivery,Chennai
MAR_001142,CUST_02312,Keyboard,5,20748,2026-03-19,Credit Card,Mumbai
MAR_001143,CUST_02869,Smartphone,5,3783,2026-03-11,Credit Card,Hyderabad
MAR_001144,CUST_03071,Smartwatch,4,9469,2026-03-21,Credit Card,Chennai
MAR_001145,CUST_00284,Laptop,4,20050,2026-03-09,UPI,Chennai
MAR_001146,CUST_04112,Laptop,4,26875,2026-03-23,UPI,Delhi
MAR_001147,CUST_01427,Mouse,2,35986,2026-03-10,UPI,Delhi
MAR_001148,CUST_03265,Smartphone,4,47666,2026-03-17,Cash on Delivery,Hyderabad
MAR_001149,CUST_00437,Laptop,1,27798,2026-03-16,UPI,Chennai
MAR_001150,CUST_02625,Mouse,5,49365,2026-03-18,Cash on Delivery,Chennai
MAR_001151,CUST_01527,Smartwatch,4,37201,2026-03-04,Credit Card,Chennai
MAR_001152,CUST_00090,Mouse,2,40586,2026-03-21,Cash on Delivery,Mumbai
MAR_001153,CUST_01369,Keyboard,3,29633,2026-03-13,Credit Card,Mumbai
MAR_001154,CUST_00773,Keyboard,5,16358,2026-03-02,Debit Card,Delhi
MAR_001155,CUST_01367,Laptop,5,46161,2026-03-10,Cash on Delivery,Pune
MAR_001156,CUST_01155,Smartwatch,4,4396,2026-03-05,Cash on Delivery,Chennai
MAR_001157,CUST_04856,Laptop,2,25009,2026-03-11,Cash on Delivery,Hyderabad
MAR_001158,CUST_03184,Laptop,5,23457,2026-03-11,UPI,Hyderabad
MAR_001159,CUST_01720,Headphones,2,23551,2026-03-16,Debit Card,Delhi
MAR_001160,CUST_03315,Keyboard,2,35712,2026-03-22,Cash on Delivery,Hyderabad
MAR_001161,CUST_04680,Keyboard,5,19460,2026-03-29,Debit Card,Pune
MAR_001162,CUST_00990,Headphones,4,38331,2026-03-01,Credit Card,Mumbai
MAR_001163,CUST_02872,Mouse,3,3630,2026-03-25,Credit Card,Delhi
MAR_001164,CUST_00895,Mouse,4,31042,2026-03-14,Credit Card,Bangalore
MAR_001165,CUST_02675,Tablet,1,21140,2026-03-10,Credit Card,Hyderabad
MAR_001166,CUST_02725,Monitor,5,9510,2026-03-19,UPI,Delhi
MAR_001167,CUST_00464,Smartwatch,2,993,2026-03-19,Cash on Delivery,Delhi
MAR_001168,CUST_01049,Laptop,3,25051,2026-03-26,Credit Card,Delhi
MAR_001169,CUST_01955,Smartphone,1,48707,2026-03-21,Credit Card,Bangalore
MAR_001170,CUST_02363,Monitor,3,7691,2026-03-30,Credit Card,Delhi
MAR_001171,CUST_00297,Laptop,4,24532,2026-03-24,UPI,Mumbai
MAR_001172,CUST_00727,Smartphone,1,13433,2026-03-17,Credit Card,Hyderabad
MAR_001173,CUST_04355,Headphones,5,11166,2026-03-20,Credit Card,Delhi
MAR_001174,CUST_03610,Monitor,2,14430,2026-03-23,Debit Card,Delhi
MAR_001175,CUST_01577,Headphones,1,27219,2026-03-03,Credit Card,Hyderabad
MAR_001176,CUST_01972,Smartwatch,2,17755,2026-03-31,Debit Card,Hyderabad
MAR_001177,CUST_04160,Laptop,1,1380,2026-03-28,Credit Card,Chennai
MAR_001178,CUST_00583,Mouse,1,28309,2026-03-24,Debit Card,Chennai
MAR_001179,CUST_02921,Smartphone,4,7114,2026-03-30,Credit Card,Chennai
MAR_001180,CUST_04533,Monitor,4,14145,2026-03-22,Credit Card,Hyderabad
MAR_001181,CUST_04313,Monitor,5,36808,2026-03-10,Debit Card,Bangalore
MAR_001182,CUST_01702,Smartphone,2,45732,2026-03-24,UPI,Bangalore
MAR_001183,CUST_04223,Laptop,5,1944,2026-03-28,Cash on Delivery,Bangalore
MAR_001184,CUST_00427,Headphones,1,37159,2026-03-02,Cash on Delivery,Mumbai
MAR_001185,CUST_00734,Laptop,5,37908,2026-03-07,UPI,Mumbai
MAR_001186,CUST_03515,Keyboard,3,22269,2026-03-01,UPI,Bangalore
MAR_001187,CUST_02492,Headphones,3,35402,2026-03-28,Credit Card,Delhi
MAR_001188,CUST_02696,Monitor,3,25152,2026-03-05,Credit Card,Bangalore
MAR_001189,CUST_00208,Tablet,3,33508,2026-03-10,Debit Card,Bangalore
MAR_001190,CUST_04339,Headphones,1,43863,2026-03-16,Credit Card,Chennai
MAR_001191,CUST_01880,Headphones,1,11469,2026-03-02,Debit Card,Pune
MAR_001192,CUST_01522,Smartphone,1,40490,2026-03-18,UPI,Chennai
MAR_001193,CUST_00234,Mouse,4,43902,2026-03-02,UPI,Bangalore
MAR_001194,CUST_03125,Keyboard,4,36858,2026-03-19,Debit Card,Mumbai
MAR_001195,CUST_00543,Smartphone,3,780,2026-03-12,Debit Card,Chennai
MAR_001196,CUST_04554,Keyboard,4,25654,2026-03-18,Debit Card,Pune
MAR_001197,CUST_01908,Mouse,3,29246,2026-03-31,Credit Card,Chennai
MAR_001198,CUST_01958,Smartphone,5,3608,2026-03-31,Debit Card,Delhi
MAR_001199,CUST_02239,Tablet,2,34821,2026-03-15,Cash on Delivery,Hyderabad
MAR_001200,CUST_00620,Smartwatch,3,28965,2026-03-23,Credit Card,Chennai
MAR_001201,CUST_01883,Smartphone,1,20139,2026-03-21,Credit Card,Chennai
MAR_001202,CUST_04221,Tablet,4,37543,2026-03-10,Debit Card,Pune
MAR_001203,CUST_03644,Keyboard,3,49627,2026-03-14,Cash on Delivery,Mumbai
MAR_001204,CUST_01246,Monitor,5,6797,2026-03-22,UPI,Delhi
MAR_001205,CUST_02038,Mouse,1,36932,2026-03-16,UPI,Chennai
MAR_001206,CUST_02827,Laptop,3,44300,2026-03-05,Credit Card,Mumbai
MAR_001207,CUST_04804,Laptop,5,39581,2026-03-26,Cash on Delivery,Bangalore
MAR_001208,CUST_04324,Keyboard,2,49992,2026-03-28,Cash on Delivery,Chennai
MAR_001209,CUST_01451,Smartwatch,3,7150,2026-03-04,Cash on Delivery,Pune
MAR_001210,CUST_02580,Keyboard,2,3785,2026-03-12,Credit Card,Mumbai
MAR_001211,CUST_04789,Keyboard,3,22553,2026-03-13,Debit Card,Chennai
MAR_001212,CUST_04232,Smartwatch,4,29020,2026-03-09,Credit Card,Delhi
MAR_001213,CUST_03476,Smartwatch,2,45719,2026-03-17,Debit Card,Bangalore
MAR_001214,CUST_01259,Headphones,5,40432,2026-03-12,Cash on Delivery,Mumbai
MAR_001215,CUST_01342,Monitor,3,46992,2026-03-03,Credit Card,Hyderabad
MAR_001216,CUST_00827,Headphones,4,26077,2026-03-13,Credit Card,Delhi
MAR_001217,CUST_03944,Monitor,1,34913,2026-03-08,Credit Card,Delhi
MAR_001218,CUST_01144,Smartwatch,5,955,2026-03-11,Debit Card,Pune
MAR_001219,CUST_00714,Keyboard,5,30627,2026-03-02,Debit Card,Pune
MAR_001220,CUST_03181,Smartwatch,2,36636,2026-03-24,Debit Card,Hyderabad
MAR_001221,CUST_01824,Mouse,1,8667,2026-03-18,Credit Card,Delhi
MAR_001222,CUST_03508,Laptop,4,29317,2026-03-30,Credit Card,Chennai
MAR_001223,CUST_04927,Tablet,2,26008,2026-03-08,Debit Card,Pune
MAR_001224,CUST_01468,Keyboard,4,41712,2026-03-18,Debit Card,Bangalore
MAR_001225,CUST_01890,Laptop,4,16903,2026-03-16,Credit Card,Pune
MAR_001226,CUST_02388,Headphones,2,37188,2026-03-24,Debit Card,Chennai
MAR_001227,CUST_04383,Monitor,5,6948,2026-03-15,Credit Card,Delhi
MAR_001228,CUST_00528,Keyboard,5,37643,2026-03-09,Debit Card,Delhi
MAR_001229,CUST_00903,Monitor,1,5690,2026-03-12,Debit Card,Mumbai
MAR_001230,CUST_01915,Laptop,1,3104,2026-03-10,Debit Card,Mumbai
MAR_001231,CUST_03984,Keyboard,3,9922,2026-03-25,UPI,Mumbai
MAR_001232,CUST_01110,Keyboard,4,30764,2026-03-25,Debit Card,Bangalore
MAR_001233,CUST_02954,Headphones,5,27594,2026-03-17,Credit Card,Pune
MAR_001234,CUST_01510,Laptop,2,22993,2026-03-29,UPI,Bangalore
MAR_001235,CUST_00286,Mouse,5,10345,2026-03-01,Credit Card,Delhi
MAR_001236,CUST_03687,Smartphone,4,29635,2026-03-13,Credit Card,Mumbai
MAR_001237,CUST_00726,Headphones,3,40643,2026-03-20,Cash on Delivery,Bangalore
MAR_001238,CUST_00971,Headphones,2,41612,2026-03-25,Cash on Delivery,Hyderabad
MAR_001239,CUST_03695,Keyboard,5,31762,2026-03-07,Debit Card,Mumbai
MAR_001240,CUST_00412,Tablet,5,13080,2026-03-29,UPI,Chennai
MAR_001241,CUST_01694,Mouse,4,27912,2026-03-05,UPI,Hyderabad
MAR_001242,CUST_02857,Headphones,4,4884,2026-03-31,Credit Card,Delhi
MAR_001243,CUST_01773,Smartphone,5,15779,2026-03-12,Cash on Delivery,Hyderabad
MAR_001244,CUST_00223,Mouse,4,10023,2026-03-20,Cash on Delivery,Mumbai
MAR_001245,CUST_00953,Keyboard,2,10714,2026-03-14,UPI,Pune
MAR_001246,CUST_00095,Laptop,4,4890,2026-03-09,Debit Card,Hyderabad
MAR_001247,CUST_00598,Monitor,5,40145,2026-03-13,Cash on Delivery,Delhi
MAR_001248,CUST_00179,Smartwatch,4,12788,2026-03-15,Credit Card,Hyderabad
MAR_001249,CUST_04348,Tablet,1,474,2026-03-06,Debit Card,Delhi
MAR_001250,CUST_00427,Smartwatch,1,2853,2026-03-13,Debit Card,Chennai
MAR_001251,CUST_01092,Smartwatch,5,21939,2026-03-24,Credit Card,Bangalore
MAR_001252,CUST_01734,Keyboard,2,32146,2026-03-04,Cash on Delivery,Mumbai
MAR_001253,CUST_02887,Smartwatch,4,43431,2026-03-22,Credit Card,Chennai
MAR_001254,CUST_00972,Mouse,5,31683,2026-03-16,Debit Card,Bangalore
MAR_001255,CUST_01682,Smartphone,3,42716,2026-03-24,Cash on Delivery,Chennai
MAR_001256,CUST_01912,Keyboard,4,43162,2026-03-30,Cash on Delivery,Delhi
MAR_001257,CUST_04643,Monitor,2,2415,2026-03-02,Cash on Delivery,Hyderabad
MAR_001258,CUST_04900,Keyboard,2,46815,2026-03-14,UPI,Bangalore
MAR_001259,CUST_02336,Smartphone,4,49357,2026-03-28,Debit Card,Hyderabad
MAR_001260,CUST_04267,Monitor,5,33491,2026-03-03,UPI,Pune
MAR_001261,CUST_04670,Mouse,5,32317,2026-03-13,UPI,Chennai
MAR_001262,CUST_02425,Laptop,5,43183,2026-03-01,Credit Card,Mumbai
MAR_001263,CUST_01592,Keyboard,1,48733,2026-03-12,Cash on Delivery,Hyderabad
MAR_001264,CUST_04072,Smartwatch,5,31153,2026-03-08,Cash on Delivery,Hyderabad
MAR_001265,CUST_03042,Monitor,1,8337,2026-03-25,Cash on Delivery,Mumbai
MAR_001266,CUST_03265,Smartwatch,5,39261,2026-03-20,Cash on Delivery,Mumbai
MAR_001267,CUST_01318,Laptop,4,46544,2026-03-14,Credit Card,Hyderabad
MAR_001268,CUST_02433,Tablet,2,27931,2026-03-15,Debit Card,Mumbai
MAR_001269,CUST_03888,Monitor,5,3873,2026-03-09,Cash on Delivery,Bangalore
MAR_001270,CUST_00984,Laptop,5,2423,2026-03-08,Credit Card,Delhi
MAR_001271,CUST_03852,Mouse,2,14805,2026-03-08,Cash on Delivery,Pune
MAR_001272,CUST_00615,Monitor,4,13229,2026-03-02,Credit Card,Chennai
MAR_001273,CUST_01275,Smartwatch,3,46449,2026-03-25,UPI,Chennai
MAR_001274,CUST_01284,Mouse,5,19084,2026-03-25,Debit Card,Delhi
MAR_001275,CUST_00624,Smartwatch,3,24155,2026-03-25,UPI,Mumbai
MAR_001276,CUST_04645,Headphones,2,32348,2026-03-28,UPI,Mumbai
MAR_001277,CUST_02201,Keyboard,4,48777,2026-03-29,Cash on Delivery,Pune
MAR_001278,CUST_00062,Mouse,4,20140,2026-03-27,Credit Card,Pune
MAR_001279,CUST_03869,Smartwatch,2,26178,2026-03-22,Debit Card,Chennai
MAR_001280,CUST_00579,Monitor,5,10926,2026-03-22,Debit Card,Delhi
MAR_001281,CUST_04631,Laptop,2,3649,2026-03-14,UPI,Mumbai
MAR_001282,CUST_04138,Mouse,5,44822,2026-03-27,Debit Card,Bangalore
MAR_001283,CUST_01192,Headphones,3,8129,2026-03-11,Debit Card,Delhi
MAR_001284,CUST_02670,Mouse,1,22245,2026-03-19,Debit Card,Chennai
MAR_001285,CUST_03938,Mouse,3,40040,2026-03-03,Credit Card,Mumbai
MAR_001286,CUST_01083,Keyboard,2,37596,2026-03-22,Debit Card,Mumbai
MAR_001287,CUST_04216,Mouse,4,18470,2026-03-18,Credit Card,Pune
MAR_001288,CUST_00918,Smartphone,1,6671,2026-03-22,Cash on Delivery,Pune
MAR_001289,CUST_01963,Laptop,5,4842,2026-03-17,Debit Card,Pune
MAR_001290,CUST_01546,Tablet,3,13224,2026-03-05,Credit Card,Delhi
MAR_001291,CUST_01997,Laptop,5,42794,2026-03-07,Cash on Delivery,Delhi
MAR_001292,CUST_03702,Headphones,1,18145,2026-03-09,Debit Card,Mumbai
MAR_001293,CUST_00809,Tablet,3,31127,2026-03-14,Cash on Delivery,Bangalore
MAR_001294,CUST_01627,Laptop,5,34446,2026-03-07,Credit Card,Hyderabad
MAR_001295,CUST_00563,Laptop,2,27098,2026-03-07,Cash on Delivery,Mumbai
MAR_001296,CUST_02000,Smartwatch,5,48767,2026-03-28,Credit Card,Hyderabad
MAR_001297,CUST_03951,Keyboard,4,37358,2026-03-26,Debit Card,Hyderabad
MAR_001298,CUST_01614,Tablet,5,49686,2026-03-21,UPI,Hyderabad
MAR_001299,CUST_00861,Keyboard,3,10540,2026-03-08,Credit Card,Mumbai
MAR_001300,CUST_00201,Mouse,4,3877,2026-03-12,UPI,Pune
MAR_001301,CUST_03352,Headphones,4,49899,2026-03-15,Cash on Delivery,Chennai
MAR_001302,CUST_03709,Laptop,2,18598,2026-03-12,Credit Card,Mumbai
MAR_001303,CUST_00256,Headphones,5,9864,2026-03-31,Credit Card,Delhi
MAR_001304,CUST_00883,Mouse,3,12863,2026-03-26,Credit Card,Hyderabad
MAR_001305,CUST_02946,Monitor,1,41045,2026-03-24,Debit Card,Hyderabad
MAR_001306,CUST_02040,Monitor,4,8440,2026-03-20,Cash on Delivery,Chennai
MAR_001307,CUST_01768,Mouse,4,6490,2026-03-13,Cash on Delivery,Hyderabad
MAR_001308,CUST_00305,Keyboard,1,20624,2026-03-14,Credit Card,Chennai
MAR_001309,CUST_00038,Tablet,2,24126,2026-03-26,Credit Card,Hyderabad
MAR_001310,CUST_02051,Smartphone,4,14614,2026-03-24,Debit Card,Bangalore
MAR_001311,CUST_01370,Monitor,1,38998,2026-03-27,Credit Card,Chennai
MAR_001312,CUST_02041,Smartphone,1,26001,2026-03-09,Credit Card,Hyderabad
MAR_001313,CUST_00329,Smartphone,5,21125,2026-03-16,UPI,Chennai
MAR_001314,CUST_04338,Laptop,2,3547,2026-03-28,UPI,Bangalore
MAR_001315,CUST_00887,Monitor,4,12843,2026-03-24,Credit Card,Bangalore
MAR_001316,CUST_02917,Mouse,5,6757,2026-03-26,UPI,Hyderabad
MAR_001317,CUST_01714,Tablet,4,39696,2026-03-30,Cash on Delivery,Chennai
MAR_001318,CUST_04197,Smartwatch,3,4331,2026-03-15,Debit Card,Pune
MAR_001319,CUST_00539,Smartwatch,1,44590,2026-03-03,Cash on Delivery,Delhi
MAR_001320,CUST_04908,Mouse,1,21000,2026-03-27,Credit Card,Delhi
MAR_001321,CUST_04843,Smartwatch,4,29318,2026-03-27,Debit Card,Hyderabad
MAR_001322,CUST_03632,Monitor,4,339,2026-03-18,UPI,Delhi
MAR_001323,CUST_02498,Laptop,1,24823,2026-03-14,UPI,Chennai
MAR_001324,CUST_03043,Laptop,2,7020,2026-03-05,Cash on Delivery,Bangalore
MAR_001325,CUST_04530,Smartwatch,1,2784,2026-03-29,Credit Card,Mumbai
MAR_001326,CUST_02059,Tablet,1,30479,2026-03-02,Debit Card,Bangalore
MAR_001327,CUST_00498,Smartwatch,1,7936,2026-03-17,Debit Card,Mumbai
MAR_001328,CUST_04111,Monitor,5,20269,2026-03-08,Cash on Delivery,Hyderabad
MAR_001329,CUST_01909,Smartphone,1,258,2026-03-09,UPI,Bangalore
MAR_001330,CUST_02913,Smartphone,1,3946,2026-03-07,Cash on Delivery,Bangalore
MAR_001331,CUST_03147,Smartwatch,4,22821,2026-03-29,Cash on Delivery,Chennai
MAR_001332,CUST_04790,Monitor,5,34976,2026-03-22,Debit Card,Delhi
MAR_001333,CUST_04668,Smartwatch,2,49157,2026-03-01,UPI,Hyderabad
MAR_001334,CUST_04039,Headphones,2,29344,2026-03-27,UPI,Hyderabad
MAR_001335,CUST_01185,Laptop,3,10536,2026-03-10,Cash on Delivery,Mumbai
MAR_001336,CUST_04377,Keyboard,5,463,2026-03-09,Cash on Delivery,Pune
MAR_001337,CUST_04587,Smartphone,3,46869,2026-03-04,Credit Card,Pune
MAR_001338,CUST_03581,Keyboard,1,9621,2026-03-30,Debit Card,Hyderabad
MAR_001339,CUST_03246,Keyboard,2,5985,2026-03-18,Cash on Delivery,Chennai
MAR_001340,CUST_01942,Monitor,5,1633,2026-03-29,Cash on Delivery,Delhi
MAR_001341,CUST_02998,Headphones,3,45609,2026-03-26,Debit Card,Bangalore
MAR_001342,CUST_04074,Laptop,5,27004,2026-03-05,Cash on Delivery,Pune
MAR_001343,CUST_04166,Headphones,2,12356,2026-03-22,Cash on Delivery,Delhi
MAR_001344,CUST_00732,Headphones,4,48738,2026-03-26,UPI,Bangalore
MAR_001345,CUST_03131,Smartwatch,2,39374,2026-03-28,Credit Card,Bangalore
MAR_001346,CUST_02006,Smartphone,5,1344,2026-03-27,Cash on Delivery,Mumbai
MAR_001347,CUST_01669,Keyboard,4,12640,2026-03-31,Cash on Delivery,Bangalore
MAR_001348,CUST_02541,Monitor,2,26970,2026-03-02,UPI,Pune
MAR_001349,CUST_01349,Headphones,5,28054,2026-03-17,Credit Card,Chennai
MAR_001350,CUST_02334,Keyboard,3,19874,2026-03-17,Cash on Delivery,Chennai
MAR_001351,CUST_01178,Smartwatch,2,40325,2026-03-23,Debit Card,Chennai
MAR_001352,CUST_00752,Tablet,5,3551,2026-03-20,Debit Card,Mumbai
MAR_001353,CUST_03975,Headphones,4,44918,2026-03-10,UPI,Chennai
MAR_001354,CUST_00788,Smartphone,4,9364,2026-03-05,Credit Card,Hyderabad
MAR_001355,CUST_04399,Keyboard,2,49135,2026-03-16,Credit Card,Chennai
MAR_001356,CUST_00417,Smartphone,5,16245,2026-03-10,Cash on Delivery,Hyderabad
MAR_001357,CUST_04037,Laptop,2,9587,2026-03-13,Credit Card,Chennai
MAR_001358,CUST_02693,Smartwatch,1,7394,2026-03-31,Credit Card,Chennai
MAR_001359,CUST_00132,Smartwatch,1,20880,2026-03-10,Debit Card,Chennai
MAR_001360,CUST_00741,Monitor,5,44130,2026-03-21,Cash on Delivery,Pune
MAR_001361,CUST_03858,Monitor,2,17626,2026-03-25,Cash on Delivery,Hyderabad
MAR_001362,CUST_03799,Tablet,3,4778,2026-03-30,UPI,Bangalore
MAR_001363,CUST_03685,Mouse,5,5448,2026-03-07,Debit Card,Delhi
MAR_001364,CUST_04018,Monitor,3,3995,2026-03-08,Debit Card,Pune
MAR_001365,CUST_01992,Tablet,5,27016,2026-03-05,Debit Card,Hyderabad
MAR_001366,CUST_04153,Mouse,5,404,2026-03-29,UPI,Hyderabad
MAR_001367,CUST_00010,Smartphone,2,46967,2026-03-08,UPI,Chennai
MAR_001368,CUST_00100,Headphones,3,11335,2026-03-12,UPI,Mumbai
MAR_001369,CUST_01478,Headphones,3,43372,2026-03-26,Credit Card,Mumbai
MAR_001370,CUST_02263,Tablet,3,24503,2026-03-04,Cash on Delivery,Delhi
MAR_001371,CUST_02817,Laptop,2,45890,2026-03-14,Debit Card,Hyderabad
MAR_001372,CUST_01884,Tablet,1,12552,2026-03-25,Debit Card,Chennai
MAR_001373,CUST_00738,Keyboard,3,30497,2026-03-10,Credit Card,Pune
MAR_001374,CUST_02629,Laptop,5,41556,2026-03-29,Cash on Delivery,Mumbai
MAR_001375,CUST_00423,Tablet,3,30697,2026-03-08,Credit Card,Chennai
MAR_001376,CUST_01531,Mouse,1,23580,2026-03-02,Credit Card,Delhi
MAR_001377,CUST_02939,Mouse,4,40998,2026-03-04,Debit Card,Pune
MAR_001378,CUST_03361,Mouse,1,12367,2026-03-08,Credit Card,Chennai
MAR_001379,CUST_01660,Monitor,2,37735,2026-03-14,Credit Card,Chennai
MAR_001380,CUST_02791,Smartwatch,5,47781,2026-03-11,Debit Card,Hyderabad
MAR_001381,CUST_04676,Mouse,2,20228,2026-03-29,Cash on Delivery,Delhi
MAR_001382,CUST_04077,Keyboard,2,44774,2026-03-02,Cash on Delivery,Bangalore
MAR_001383,CUST_04333,Headphones,3,8154,2026-03-29,Debit Card,Pune
MAR_001384,CUST_02077,Smartphone,4,13477,2026-03-08,Credit Card,Bangalore
MAR_001385,CUST_00167,Smartphone,5,34654,2026-03-26,Credit Card,Chennai
MAR_001386,CUST_03069,Laptop,3,42918,2026-03-01,Credit Card,Bangalore
MAR_001387,CUST_01876,Smartwatch,5,43721,2026-03-15,Cash on Delivery,Hyderabad
MAR_001388,CUST_03626,Headphones,4,19621,2026-03-26,Cash on Delivery,Bangalore
MAR_001389,CUST_04504,Mouse,5,32903,2026-03-30,Cash on Delivery,Mumbai
MAR_001390,CUST_01270,Tablet,5,19622,2026-03-03,Credit Card,Delhi
MAR_001391,CUST_02995,Monitor,5,36078,2026-03-31,Debit Card,Bangalore
MAR_001392,CUST_02556,Headphones,4,3940,2026-03-01,Credit Card,Bangalore
MAR_001393,CUST_04228,Keyboard,5,32967,2026-03-09,UPI,Chennai
MAR_001394,CUST_00170,Headphones,4,40307,2026-03-14,Credit Card,Pune
MAR_001395,CUST_00856,Smartwatch,3,6212,2026-03-12,Credit Card,Mumbai
MAR_001396,CUST_03808,Smartphone,1,6078,2026-03-27,Debit Card,Pune
MAR_001397,CUST_02617,Smartphone,3,43372,2026-03-22,Cash on Delivery,Delhi
MAR_001398,CUST_04798,Smartphone,3,25192,2026-03-06,Credit Card,Pune
MAR_001399,CUST_01134,Smartphone,2,943,2026-03-13,Debit Card,Bangalore
MAR_001400,CUST_03938,Headphones,4,12276,2026-03-24,Cash on Delivery,Bangalore
MAR_001401,CUST_04385,Tablet,5,27725,2026-03-20,UPI,Hyderabad
MAR_001402,CUST_01886,Smartphone,3,27051,2026-03-29,Credit Card,Mumbai
MAR_001403,CUST_04801,Tablet,3,32564,2026-03-09,Debit Card,Hyderabad
MAR_001404,CUST_01034,Monitor,4,2757,2026-03-20,Credit Card,Chennai
MAR_001405,CUST_00990,Mouse,2,3985,2026-03-11,Debit Card,Pune
MAR_001406,CUST_03491,Tablet,2,40829,2026-03-19,Debit Card,Delhi
MAR_001407,CUST_03407,Mouse,2,5989,2026-03-13,Debit Card,Chennai
MAR_001408,CUST_04337,Laptop,2,28025,2026-03-19,Debit Card,Hyderabad
MAR_001409,CUST_02344,Mouse,2,23269,2026-03-09,Debit Card,Hyderabad
MAR_001410,CUST_00500,Tablet,1,8720,2026-03-17,Credit Card,Chennai
MAR_001411,CUST_04713,Monitor,5,6191,2026-03-01,Credit Card,Pune
MAR_001412,CUST_01995,Keyboard,3,37299,2026-03-31,Credit Card,Delhi
MAR_001413,CUST_00345,Smartwatch,1,34573,2026-03-05,UPI,Hyderabad
MAR_001414,CUST_04887,Smartwatch,3,37999,2026-03-03,Debit Card,Pune
MAR_001415,CUST_03403,Keyboard,5,11397,2026-03-09,Credit Card,Mumbai
MAR_001416,CUST_01845,Smartwatch,1,4893,2026-03-21,UPI,Mumbai
MAR_001417,CUST_02385,Smartphone,3,41050,2026-03-21,UPI,Chennai
MAR_001418,CUST_03901,Smartwatch,1,12726,2026-03-26,Credit Card,Delhi
MAR_001419,CUST_03504,Smartphone,2,27591,2026-03-16,Cash on Delivery,Hyderabad
MAR_001420,CUST_02685,Laptop,5,15403,2026-03-04,Credit Card,Mumbai
MAR_001421,CUST_01681,Smartphone,1,28894,2026-03-10,Debit Card,Delhi
MAR_001422,CUST_04612,Monitor,4,48842,2026-03-24,Cash on Delivery,Bangalore
MAR_001423,CUST_04588,Tablet,3,21952,2026-03-31,Debit Card,Hyderabad
MAR_001424,CUST_02893,Headphones,2,42619,2026-03-06,Cash on Delivery,Chennai
MAR_001425,CUST_00840,Mouse,5,1676,2026-03-05,Credit Card,Mumbai
MAR_001426,CUST_01758,Headphones,5,34130,2026-03-25,Cash on Delivery,Pune
MAR_001427,CUST_01338,Mouse,2,6742,2026-03-03,Cash on Delivery,Pune
MAR_001428,CUST_02948,Smartphone,1,27716,2026-03-11,Credit Card,Hyderabad
MAR_001429,CUST_00371,Monitor,4,31644,2026-03-02,Debit Card,Mumbai
MAR_001430,CUST_02500,Headphones,3,18687,2026-03-22,Credit Card,Mumbai
MAR_001431,CUST_02001,Mouse,4,38643,2026-03-27,Debit Card,Pune
MAR_001432,CUST_00837,Keyboard,1,11408,2026-03-11,UPI,Mumbai
MAR_001433,CUST_00492,Laptop,5,10707,2026-03-29,UPI,Chennai
MAR_001434,CUST_02440,Laptop,4,31119,2026-03-09,Cash on Delivery,Delhi
MAR_001435,CUST_03629,Smartwatch,3,7460,2026-03-04,Cash on Delivery,Bangalore
MAR_001436,CUST_04144,Mouse,4,24392,2026-03-15,UPI,Pune
MAR_001437,CUST_03619,Tablet,2,22908,2026-03-19,Credit Card,Pune
MAR_001438,CUST_01255,Monitor,2,47661,2026-03-30,UPI,Delhi
MAR_001439,CUST_00601,Keyboard,2,41341,2026-03-11,UPI,Mumbai
MAR_001440,CUST_02716,Smartphone,4,17664,2026-03-12,UPI,Delhi
MAR_001441,CUST_02006,Keyboard,2,18422,2026-03-15,Cash on Delivery,Hyderabad
MAR_001442,CUST_00147,Keyboard,4,40647,2026-03-18,Credit Card,Hyderabad
MAR_001443,CUST_01404,Laptop,4,24472,2026-03-27,Debit Card,Chennai
MAR_001444,CUST_00637,Laptop,4,48882,2026-03-31,Cash on Delivery,Hyderabad
MAR_001445,CUST_00614,Monitor,3,37514,2026-03-27,Credit Card,Mumbai
MAR_001446,CUST_03960,Mouse,5,48952,2026-03-29,Cash on Delivery,Hyderabad
MAR_001447,CUST_02363,Laptop,3,10794,2026-03-21,Cash on Delivery,Bangalore
MAR_001448,CUST_00283,Monitor,3,11189,2026-03-02,Debit Card,Mumbai
MAR_001449,CUST_01708,Smartphone,1,38631,2026-03-22,Cash on Delivery,Bangalore
MAR_001450,CUST_00594,Tablet,2,21526,2026-03-29,Cash on Delivery,Delhi
MAR_001451,CUST_01748,Smartwatch,5,17826,2026-03-18,Cash on Delivery,Pune
MAR_001452,CUST_03331,Monitor,2,19749,2026-03-30,UPI,Delhi
MAR_001453,CUST_03975,Keyboard,4,20836,2026-03-09,Credit Card,Chennai
MAR_001454,CUST_01930,Tablet,2,419,2026-03-17,Debit Card,Delhi
MAR_001455,CUST_00978,Smartphone,5,9914,2026-03-12,UPI,Pune
MAR_001456,CUST_04643,Smartphone,1,21152,2026-03-30,Cash on Delivery,Delhi
MAR_001457,CUST_02441,Smartphone,5,29306,2026-03-21,Cash on Delivery,Pune
MAR_001458,CUST_02525,Smartwatch,3,46165,2026-03-20,UPI,Mumbai
MAR_001459,CUST_03923,Tablet,1,15275,2026-03-20,Debit Card,Bangalore
MAR_001460,CUST_04540,Keyboard,3,7488,2026-03-26,Credit Card,Bangalore
MAR_001461,CUST_03941,Headphones,1,41150,2026-03-26,UPI,Mumbai
MAR_001462,CUST_01293,Headphones,2,19377,2026-03-22,UPI,Bangalore
MAR_001463,CUST_03453,Mouse,5,30085,2026-03-04,Cash on Delivery,Bangalore
MAR_001464,CUST_00446,Keyboard,4,10732,2026-03-06,Credit Card,Bangalore
MAR_001465,CUST_00110,Tablet,5,21695,2026-03-10,Debit Card,Pune
MAR_001466,CUST_00922,Tablet,3,26915,2026-03-16,Cash on Delivery,Hyderabad
MAR_001467,CUST_03672,Tablet,5,39991,2026-03-21,UPI,Delhi
MAR_001468,CUST_02302,Smartphone,1,21558,2026-03-20,Credit Card,Bangalore
MAR_001469,CUST_00862,Headphones,2,40291,2026-03-05,Cash on Delivery,Bangalore
MAR_001470,CUST_02736,Smartphone,2,4661,2026-03-01,Debit Card,Delhi
MAR_001471,CUST_03600,Headphones,5,46819,2026-03-20,Debit Card,Bangalore
MAR_001472,CUST_04277,Keyboard,2,15399,2026-03-26,Cash on Delivery,Pune
MAR_001473,CUST_02131,Tablet,2,43860,2026-03-15,Debit Card,Chennai
MAR_001474,CUST_02140,Smartphone,4,14796,2026-03-04,Cash on Delivery,Mumbai
MAR_001475,CUST_01615,Mouse,3,17083,2026-03-04,Debit Card,Hyderabad
MAR_001476,CUST_04071,Keyboard,1,6907,2026-03-01,UPI,Bangalore
MAR_001477,CUST_03664,Smartwatch,3,31816,2026-03-17,UPI,Bangalore
MAR_001478,CUST_02038,Monitor,4,16059,2026-03-29,Credit Card,Bangalore
MAR_001479,CUST_03046,Smartphone,1,33572,2026-03-05,Cash on Delivery,Mumbai
MAR_001480,CUST_03264,Monitor,1,8104,2026-03-31,Credit Card,Pune
MAR_001481,CUST_02647,Mouse,1,510,2026-03-15,Cash on Delivery,Bangalore
MAR_001482,CUST_01817,Smartphone,2,2479,2026-03-08,Credit Card,Chennai
MAR_001483,CUST_04621,Smartphone,5,40726,2026-03-28,UPI,Bangalore
MAR_001484,CUST_02750,Smartphone,2,37090,2026-03-30,Cash on Delivery,Hyderabad
MAR_001485,CUST_02721,Tablet,5,49810,2026-03-20,Debit Card,Hyderabad
MAR_001486,CUST_04080,Laptop,3,22283,2026-03-31,Credit Card,Chennai
MAR_001487,CUST_03875,Monitor,1,47396,2026-03-02,Debit Card,Hyderabad
MAR_001488,CUST_00939,Monitor,2,34692,2026-03-02,Credit Card,Delhi
MAR_001489,CUST_00786,Smartwatch,1,40176,2026-03-03,UPI,Hyderabad
MAR_001490,CUST_03226,Headphones,5,47904,2026-03-03,Debit Card,Pune
MAR_001491,CUST_00500,Laptop,1,1127,2026-03-27,Cash on Delivery,Bangalore
MAR_001492,CUST_03513,Monitor,3,27294,2026-03-22,Credit Card,Delhi
MAR_001493,CUST_02802,Laptop,1,40908,2026-03-16,Cash on Delivery,Bangalore
MAR_001494,CUST_02928,Laptop,5,26029,2026-03-16,UPI,Pune
MAR_001495,CUST_04285,Monitor,4,18137,2026-03-14,Credit Card,Bangalore
MAR_001496,CUST_03231,Tablet,3,25615,2026-03-07,Debit Card,Pune
MAR_001497,CUST_04923,Smartwatch,1,5031,2026-03-02,Cash on Delivery,Delhi
MAR_001498,CUST_00634,Tablet,2,27401,2026-03-24,Credit Card,Pune
MAR_001499,CUST_03614,Keyboard,3,40212,2026-03-07,UPI,Hyderabad
MAR_001500,CUST_01135,Smartwatch,4,2572,2026-03-01,Credit Card,Hyderabad
MAR_001501,CUST_03316,Smartwatch,2,33076,2026-03-25,Debit Card,Pune
MAR_001502,CUST_03587,Laptop,5,42676,2026-03-14,UPI,Pune
MAR_001503,CUST_04708,Smartwatch,4,41535,2026-03-06,Cash on Delivery,Delhi
MAR_001504,CUST_01109,Smartwatch,2,22640,2026-03-25,Cash on Delivery,Chennai
MAR_001505,CUST_01332,Smartwatch,3,42476,2026-03-24,UPI,Mumbai
MAR_001506,CUST_03422,Monitor,5,30230,2026-03-27,Debit Card,Mumbai
MAR_001507,CUST_01815,Mouse,3,22885,2026-03-02,UPI,Hyderabad
MAR_001508,CUST_00748,Monitor,2,6224,2026-03-30,Cash on Delivery,Bangalore
MAR_001509,CUST_03145,Laptop,2,38270,2026-03-19,Debit Card,Hyderabad
MAR_001510,CUST_02495,Smartwatch,3,26196,2026-03-23,Cash on Delivery,Mumbai
MAR_001511,CUST_01812,Keyboard,3,1516,2026-03-06,Cash on Delivery,Bangalore
MAR_001512,CUST_03791,Smartwatch,1,24051,2026-03-11,UPI,Chennai
MAR_001513,CUST_02960,Monitor,4,22682,2026-03-05,Credit Card,Hyderabad
MAR_001514,CUST_00231,Laptop,3,21634,2026-03-20,Credit Card,Hyderabad
MAR_001515,CUST_04788,Smartphone,4,26001,2026-03-27,Credit Card,Chennai
MAR_001516,CUST_02092,Laptop,1,40060,2026-03-06,Debit Card,Chennai
MAR_001517,CUST_00118,Headphones,3,19163,2026-03-16,UPI,Bangalore
MAR_001518,CUST_01111,Smartwatch,4,8728,2026-03-16,Credit Card,Chennai
MAR_001519,CUST_02110,Smartphone,1,25655,2026-03-26,Credit Card,Chennai
MAR_001520,CUST_04987,Laptop,3,27839,2026-03-14,UPI,Mumbai
MAR_001521,CUST_01596,Monitor,3,27868,2026-03-28,Cash on Delivery,Chennai
MAR_001522,CUST_00651,Keyboard,5,41001,2026-03-12,UPI,Mumbai
MAR_001523,CUST_00509,Keyboard,1,35569,2026-03-11,Debit Card,Mumbai
MAR_001524,CUST_04619,Smartwatch,5,7394,2026-03-02,Cash on Delivery,Hyderabad
MAR_001525,CUST_01458,Laptop,1,31602,2026-03-02,Debit Card,Chennai
MAR_001526,CUST_00188,Tablet,5,15515,2026-03-12,Credit Card,Pune
MAR_001527,CUST_03266,Tablet,4,17189,2026-03-04,UPI,Bangalore
MAR_001528,CUST_03826,Laptop,5,14385,2026-03-24,UPI,Chennai
MAR_001529,CUST_03378,Smartwatch,5,16933,2026-03-30,Debit Card,Pune
MAR_001530,CUST_04052,Laptop,5,10809,2026-03-16,UPI,Chennai
MAR_001531,CUST_02621,Smartwatch,5,12081,2026-03-06,Cash on Delivery,Delhi
MAR_001532,CUST_02113,Tablet,2,44169,2026-03-09,Credit Card,Delhi
MAR_001533,CUST_03536,Laptop,5,19200,2026-03-13,Debit Card,Bangalore
MAR_001534,CUST_02218,Keyboard,2,49122,2026-03-12,UPI,Pune
MAR_001535,CUST_02761,Mouse,4,31710,2026-03-31,UPI,Delhi
MAR_001536,CUST_03695,Laptop,4,35653,2026-03-18,Credit Card,Hyderabad
MAR_001537,CUST_02906,Tablet,4,18020,2026-03-17,Debit Card,Mumbai
MAR_001538,CUST_00778,Monitor,4,13784,2026-03-07,Cash on Delivery,Chennai
MAR_001539,CUST_04889,Keyboard,4,13601,2026-03-02,UPI,Pune
MAR_001540,CUST_03947,Mouse,2,21402,2026-03-30,UPI,Chennai
MAR_001541,CUST_00776,Headphones,5,41745,2026-03-25,Credit Card,Pune
MAR_001542,CUST_03133,Smartwatch,4,12497,2026-03-29,Credit Card,Chennai
MAR_001543,CUST_02402,Monitor,5,2292,2026-03-03,UPI,Mumbai
MAR_001544,CUST_02221,Headphones,3,32285,2026-03-25,Cash on Delivery,Hyderabad
MAR_001545,CUST_00123,Tablet,5,2043,2026-03-08,UPI,Chennai
MAR_001546,CUST_04641,Headphones,5,39400,2026-03-08,Cash on Delivery,Hyderabad
MAR_001547,CUST_01315,Headphones,4,45052,2026-03-22,UPI,Mumbai
MAR_001548,CUST_03869,Mouse,1,29475,2026-03-18,Credit Card,Chennai
MAR_001549,CUST_02210,Laptop,4,37233,2026-03-03,UPI,Pune
MAR_001550,CUST_02895,Headphones,3,37198,2026-03-23,Cash on Delivery,Hyderabad
MAR_001551,CUST_02619,Mouse,2,31371,2026-03-09,Debit Card,Chennai
MAR_001552,CUST_03791,Smartwatch,2,47291,2026-03-13,UPI,Delhi
MAR_001553,CUST_00202,Mouse,5,37313,2026-03-28,Cash on Delivery,Chennai
MAR_001554,CUST_04147,Tablet,3,18416,2026-03-28,Cash on Delivery,Delhi
MAR_001555,CUST_00025,Keyboard,4,48905,2026-03-08,Debit Card,Bangalore
MAR_001556,CUST_00662,Smartphone,4,8011,2026-03-26,UPI,Delhi
MAR_001557,CUST_03440,Tablet,3,7850,2026-03-02,Credit Card,Mumbai
MAR_001558,CUST_02262,Keyboard,5,42321,2026-03-18,Debit Card,Hyderabad
MAR_001559,CUST_00136,Headphones,3,25564,2026-03-15,UPI,Mumbai
MAR_001560,CUST_01775,Monitor,2,19986,2026-03-29,Debit Card,Pune
MAR_001561,CUST_04951,Mouse,5,32772,2026-03-06,Debit Card,Hyderabad
MAR_001562,CUST_00449,Laptop,2,46732,2026-03-08,Cash on Delivery,Delhi
MAR_001563,CUST_00259,Headphones,5,9060,2026-03-17,Cash on Delivery,Chennai
MAR_001564,CUST_00557,Laptop,1,8717,2026-03-14,Cash on Delivery,Mumbai
MAR_001565,CUST_02235,Tablet,4,38799,2026-03-21,Debit Card,Pune
MAR_001566,CUST_03107,Monitor,4,45673,2026-03-09,Debit Card,Delhi
MAR_001567,CUST_03695,Smartphone,1,36682,2026-03-28,Cash on Delivery,Bangalore
MAR_001568,CUST_01442,Mouse,3,15850,2026-03-25,Debit Card,Pune
MAR_001569,CUST_04107,Monitor,4,4702,2026-03-11,Cash on Delivery,Hyderabad
MAR_001570,CUST_02625,Headphones,5,33234,2026-03-09,Credit Card,Pune
MAR_001571,CUST_00427,Monitor,2,38151,2026-03-03,Credit Card,Pune
MAR_001572,CUST_03394,Smartwatch,1,4961,2026-03-04,UPI,Mumbai
MAR_001573,CUST_01674,Headphones,2,24239,2026-03-01,Cash on Delivery,Bangalore
MAR_001574,CUST_00290,Smartwatch,5,3407,2026-03-26,UPI,Delhi
MAR_001575,CUST_00730,Monitor,1,4316,2026-03-19,UPI,Mumbai
MAR_001576,CUST_00979,Tablet,3,34450,2026-03-31,Debit Card,Chennai
MAR_001577,CUST_03380,Keyboard,5,29995,2026-03-05,UPI,Delhi
MAR_001578,CUST_02948,Tablet,3,35657,2026-03-09,Debit Card,Chennai
MAR_001579,CUST_04756,Headphones,4,7794,2026-03-13,Debit Card,Bangalore
MAR_001580,CUST_00469,Laptop,1,37323,2026-03-10,Credit Card,Chennai
MAR_001581,CUST_00714,Smartphone,4,20427,2026-03-31,Debit Card,Mumbai
MAR_001582,CUST_02232,Smartphone,4,31699,2026-03-27,UPI,Pune
MAR_001583,CUST_04031,Keyboard,5,23733,2026-03-22,Credit Card,Hyderabad
MAR_001584,CUST_03114,Laptop,3,26916,2026-03-06,UPI,Mumbai
MAR_001585,CUST_03839,Mouse,2,39693,2026-03-19,UPI,Hyderabad
MAR_001586,CUST_01325,Keyboard,4,49618,2026-03-31,Debit Card,Bangalore
MAR_001587,CUST_00005,Smartwatch,1,11269,2026-03-30,Debit Card,Pune
MAR_001588,CUST_04497,Smartphone,1,25716,2026-03-18,Cash on Delivery,Pune
MAR_001589,CUST_04877,Smartphone,4,47724,2026-03-19,UPI,Mumbai
MAR_001590,CUST_01334,Headphones,1,42803,2026-03-14,Cash on Delivery,Chennai
MAR_001591,CUST_01345,Mouse,3,1879,2026-03-25,Credit Card,Chennai
MAR_001592,CUST_04716,Keyboard,3,10989,2026-03-22,Credit Card,Chennai
MAR_001593,CUST_02015,Smartphone,2,14562,2026-03-30,Debit Card,Hyderabad
MAR_001594,CUST_04532,Tablet,2,49997,2026-03-18,Debit Card,Delhi
MAR_001595,CUST_04581,Monitor,5,6011,2026-03-29,UPI,Mumbai
MAR_001596,CUST_00895,Mouse,4,30760,2026-03-19,Cash on Delivery,Delhi
MAR_001597,CUST_04416,Keyboard,5,3967,2026-03-26,Debit Card,Delhi
MAR_001598,CUST_04132,Keyboard,2,33240,2026-03-02,Cash on Delivery,Bangalore
MAR_001599,CUST_00576,Mouse,5,12973,2026-03-05,Cash on Delivery,Pune
MAR_001600,CUST_04786,Monitor,1,29508,2026-03-08,Debit Card,Pune
MAR_001601,CUST_01561,Laptop,2,9199,2026-03-13,Credit Card,Bangalore
MAR_001602,CUST_04855,Mouse,4,6096,2026-03-08,Cash on Delivery,Delhi
MAR_001603,CUST_03532,Headphones,5,41359,2026-03-18,Debit Card,Mumbai
MAR_001604,CUST_00632,Mouse,1,2523,2026-03-10,Credit Card,Chennai
MAR_001605,CUST_04348,Smartphone,1,25063,2026-03-06,Cash on Delivery,Mumbai
MAR_001606,CUST_03945,Smartwatch,5,18716,2026-03-02,UPI,Bangalore
MAR_001607,CUST_03530,Mouse,3,24306,2026-03-07,UPI,Chennai
MAR_001608,CUST_00547,Mouse,3,28609,2026-03-02,UPI,Mumbai
MAR_001609,CUST_01162,Monitor,3,45844,2026-03-20,UPI,Bangalore
MAR_001610,CUST_00973,Keyboard,5,40817,2026-03-14,UPI,Mumbai
MAR_001611,CUST_03142,Laptop,5,20830,2026-03-24,Debit Card,Delhi
MAR_001612,CUST_00112,Keyboard,3,40996,2026-03-09,Cash on Delivery,Chennai
MAR_001613,CUST_00154,Tablet,5,15071,2026-03-11,Debit Card,Chennai
MAR_001614,CUST_02520,Smartphone,2,45539,2026-03-18,Debit Card,Pune
MAR_001615,CUST_04978,Tablet,2,27770,2026-03-11,Debit Card,Pune
MAR_001616,CUST_01120,Keyboard,3,14533,2026-03-29,Credit Card,Pune
MAR_001617,CUST_02527,Mouse,5,44017,2026-03-12,Credit Card,Mumbai
MAR_001618,CUST_02623,Laptop,5,12531,2026-03-16,UPI,Delhi
MAR_001619,CUST_03555,Headphones,2,2215,2026-03-23,Cash on Delivery,Chennai
MAR_001620,CUST_03231,Headphones,3,11684,2026-03-02,Cash on Delivery,Hyderabad
MAR_001621,CUST_04738,Headphones,3,7239,2026-03-03,Debit Card,Pune
MAR_001622,CUST_04386,Headphones,5,6880,2026-03-11,Debit Card,Bangalore
MAR_001623,CUST_03908,Headphones,1,25345,2026-03-12,Credit Card,Hyderabad
MAR_001624,CUST_00497,Tablet,2,33485,2026-03-24,Cash on Delivery,Delhi
MAR_001625,CUST_02569,Headphones,3,32734,2026-03-03,Credit Card,Hyderabad
MAR_001626,CUST_00591,Headphones,5,43680,2026-03-12,Debit Card,Mumbai
MAR_001627,CUST_00753,Mouse,4,29350,2026-03-03,UPI,Bangalore
MAR_001628,CUST_02483,Keyboard,3,11970,2026-03-27,Debit Card,Chennai
MAR_001629,CUST_00517,Monitor,2,38086,2026-03-02,Cash on Delivery,Hyderabad
MAR_001630,CUST_03751,Smartphone,5,43245,2026-03-20,Credit Card,Delhi
MAR_001631,CUST_03960,Keyboard,1,43993,2026-03-06,UPI,Mumbai
MAR_001632,CUST_04125,Tablet,5,16750,2026-03-04,UPI,Mumbai
MAR_001633,CUST_02138,Smartwatch,5,33855,2026-03-18,Credit Card,Bangalore
MAR_001634,CUST_01808,Smartwatch,3,33927,2026-03-26,Cash on Delivery,Chennai
MAR_001635,CUST_01971,Headphones,1,21077,2026-03-26,Credit Card,Chennai
MAR_001636,CUST_02750,Headphones,4,30903,2026-03-17,UPI,Delhi
MAR_001637,CUST_02988,Smartwatch,3,38009,2026-03-02,Cash on Delivery,Bangalore
MAR_001638,CUST_03618,Smartphone,1,29339,2026-03-14,Debit Card,Mumbai
MAR_001639,CUST_01365,Headphones,2,348,2026-03-12,Debit Card,Mumbai
MAR_001640,CUST_04256,Smartphone,4,42700,2026-03-11,Debit Card,Chennai
MAR_001641,CUST_00474,Smartphone,5,39754,2026-03-28,Debit Card,Chennai
MAR_001642,CUST_03574,Keyboard,1,11021,2026-03-14,Debit Card,Mumbai
MAR_001643,CUST_03201,Headphones,3,13518,2026-03-28,Credit Card,Delhi
MAR_001644,CUST_04671,Smartwatch,5,47214,2026-03-27,Credit Card,Bangalore
MAR_001645,CUST_01716,Headphones,4,26980,2026-03-27,Debit Card,Bangalore
MAR_001646,CUST_00455,Mouse,5,17829,2026-03-19,Debit Card,Bangalore
MAR_001647,CUST_04437,Keyboard,3,14502,2026-03-22,Debit Card,Pune
MAR_001648,CUST_02757,Mouse,1,29135,2026-03-29,UPI,Pune
MAR_001649,CUST_01055,Laptop,5,17689,2026-03-07,UPI,Mumbai
MAR_001650,CUST_03175,Headphones,2,12256,2026-03-16,UPI,Hyderabad
MAR_001651,CUST_00453,Tablet,5,2666,2026-03-26,Cash on Delivery,Bangalore
MAR_001652,CUST_04370,Smartphone,3,32451,2026-03-17,Cash on Delivery,Chennai
MAR_001653,CUST_00449,Monitor,2,2570,2026-03-24,UPI,Bangalore
MAR_001654,CUST_00668,Tablet,4,28542,2026-03-13,Cash on Delivery,Hyderabad
MAR_001655,CUST_04374,Mouse,2,43972,2026-03-11,Debit Card,Bangalore
MAR_001656,CUST_00693,Keyboard,1,16282,2026-03-24,UPI,Hyderabad
MAR_001657,CUST_02201,Smartphone,4,35820,2026-03-28,Credit Card,Delhi
MAR_001658,CUST_03588,Laptop,4,27775,2026-03-29,UPI,Mumbai
MAR_001659,CUST_02516,Laptop,2,15175,2026-03-11,UPI,Hyderabad
MAR_001660,CUST_04405,Smartphone,3,34551,2026-03-07,Debit Card,Bangalore
MAR_001661,CUST_03856,Laptop,5,45375,2026-03-25,UPI,Delhi
MAR_001662,CUST_02056,Tablet,5,31571,2026-03-18,Cash on Delivery,Bangalore
MAR_001663,CUST_00725,Headphones,5,7902,2026-03-17,UPI,Delhi
MAR_001664,CUST_02551,Keyboard,4,29461,2026-03-16,UPI,Bangalore
MAR_001665,CUST_00834,Smartphone,1,23036,2026-03-09,Credit Card,Chennai
MAR_001666,CUST_03897,Headphones,5,5320,2026-03-15,Credit Card,Chennai
MAR_001667,CUST_01762,Smartwatch,2,14420,2026-03-26,Debit Card,Delhi
MAR_001668,CUST_03378,Tablet,3,8112,2026-03-15,Credit Card,Pune
MAR_001669,CUST_04714,Tablet,5,15669,2026-03-07,Credit Card,Pune
MAR_001670,CUST_04198,Tablet,4,1834,2026-03-20,UPI,Hyderabad
MAR_001671,CUST_03644,Monitor,3,38147,2026-03-06,Debit Card,Chennai
MAR_001672,CUST_03976,Headphones,4,41605,2026-03-31,Cash on Delivery,Chennai
MAR_001673,CUST_00329,Monitor,4,2291,2026-03-29,Cash on Delivery,Bangalore
MAR_001674,CUST_04544,Laptop,4,31155,2026-03-15,Credit Card,Hyderabad
MAR_001675,CUST_02288,Monitor,2,18501,2026-03-12,UPI,Hyderabad
MAR_001676,CUST_00139,Smartwatch,3,33046,2026-03-20,Debit Card,Mumbai
MAR_001677,CUST_04417,Smartphone,4,19086,2026-03-30,Credit Card,Pune
MAR_001678,CUST_02054,Headphones,2,41193,2026-03-25,Debit Card,Bangalore
MAR_001679,CUST_03000,Keyboard,2,17293,2026-03-29,Credit Card,Hyderabad
MAR_001680,CUST_00605,Smartwatch,1,23711,2026-03-16,Credit Card,Hyderabad
MAR_001681,CUST_01065,Monitor,1,38165,2026-03-17,UPI,Mumbai
MAR_001682,CUST_00370,Smartwatch,1,47812,2026-03-23,Cash on Delivery,Mumbai
MAR_001683,CUST_01828,Smartwatch,3,13723,2026-03-21,Debit Card,Mumbai
MAR_001684,CUST_01183,Tablet,3,8811,2026-03-23,UPI,Chennai
MAR_001685,CUST_02982,Monitor,2,22508,2026-03-20,Credit Card,Delhi
MAR_001686,CUST_04159,Headphones,5,11414,2026-03-03,UPI,Mumbai
MAR_001687,CUST_03136,Headphones,5,35194,2026-03-07,Cash on Delivery,Hyderabad
MAR_001688,CUST_00732,Keyboard,3,15135,2026-03-12,Cash on Delivery,Bangalore
MAR_001689,CUST_00491,Keyboard,4,26920,2026-03-26,UPI,Chennai
MAR_001690,CUST_03582,Tablet,2,12941,2026-03-23,Debit Card,Chennai
MAR_001691,CUST_00611,Keyboard,2,42386,2026-03-29,Debit Card,Mumbai
MAR_001692,CUST_02295,Smartphone,1,34802,2026-03-04,UPI,Chennai
MAR_001693,CUST_01324,Smartphone,5,31143,2026-03-23,UPI,Hyderabad
MAR_001694,CUST_02040,Keyboard,5,45429,2026-03-20,Credit Card,Hyderabad
MAR_001695,CUST_01177,Tablet,3,15294,2026-03-18,Credit Card,Pune
MAR_001696,CUST_01590,Laptop,4,1003,2026-03-07,UPI,Bangalore
MAR_001697,CUST_00360,Mouse,4,29731,2026-03-06,Cash on Delivery,Delhi
MAR_001698,CUST_03575,Keyboard,1,908,2026-03-04,Credit Card,Hyderabad
MAR_001699,CUST_03966,Keyboard,5,25838,2026-03-12,Debit Card,Delhi
MAR_001700,CUST_02077,Laptop,5,13620,2026-03-04,Cash on Delivery,Delhi
MAR_001701,CUST_00851,Tablet,5,10038,2026-03-28,Credit Card,Mumbai
MAR_001702,CUST_01511,Smartwatch,2,40859,2026-03-07,Credit Card,Chennai
MAR_001703,CUST_00601,Monitor,2,20706,2026-03-18,Cash on Delivery,Chennai
MAR_001704,CUST_01351,Monitor,4,35914,2026-03-19,Cash on Delivery,Bangalore
MAR_001705,CUST_04803,Smartphone,3,38643,2026-03-26,Credit Card,Hyderabad
MAR_001706,CUST_03046,Headphones,1,25028,2026-03-01,UPI,Mumbai
MAR_001707,CUST_03336,Mouse,5,13994,2026-03-01,Debit Card,Bangalore
MAR_001708,CUST_04809,Keyboard,4,14854,2026-03-13,Cash on Delivery,Pune
MAR_001709,CUST_03669,Laptop,5,14306,2026-03-03,Cash on Delivery,Delhi
MAR_001710,CUST_03427,Laptop,5,20017,2026-03-03,UPI,Delhi
MAR_001711,CUST_02896,Smartwatch,3,46994,2026-03-09,Cash on Delivery,Bangalore
MAR_001712,CUST_02389,Monitor,5,12808,2026-03-10,Debit Card,Mumbai
MAR_001713,CUST_04883,Tablet,4,38062,2026-03-12,UPI,Delhi
MAR_001714,CUST_00503,Headphones,2,13372,2026-03-30,Debit Card,Pune
MAR_001715,CUST_04559,Mouse,2,29651,2026-03-14,Credit Card,Mumbai
MAR_001716,CUST_04945,Monitor,4,216,2026-03-13,UPI,Mumbai
MAR_001717,CUST_00908,Smartwatch,3,46261,2026-03-03,Debit Card,Pune
MAR_001718,CUST_03769,Mouse,3,25650,2026-03-02,Credit Card,Pune
MAR_001719,CUST_00698,Smartwatch,2,31913,2026-03-17,Cash on Delivery,Pune
MAR_001720,CUST_01305,Monitor,4,26324,2026-03-07,UPI,Hyderabad
MAR_001721,CUST_04338,Mouse,4,40014,2026-03-17,UPI,Delhi
MAR_001722,CUST_00114,Tablet,4,26658,2026-03-30,Debit Card,Hyderabad
MAR_001723,CUST_02512,Monitor,4,10762,2026-03-20,UPI,Chennai
MAR_001724,CUST_04286,Smartphone,5,24854,2026-03-10,Credit Card,Chennai
MAR_001725,CUST_02843,Smartwatch,4,28382,2026-03-01,Cash on Delivery,Pune
MAR_001726,CUST_00541,Headphones,4,27426,2026-03-24,Debit Card,Chennai
MAR_001727,CUST_03023,Smartphone,5,7637,2026-03-18,Cash on Delivery,Pune
MAR_001728,CUST_03849,Tablet,5,27371,2026-03-16,UPI,Chennai
MAR_001729,CUST_00692,Mouse,1,13155,2026-03-18,Debit Card,Chennai
MAR_001730,CUST_01649,Tablet,2,22047,2026-03-06,Cash on Delivery,Hyderabad
MAR_001731,CUST_03984,Laptop,4,9892,2026-03-25,Debit Card,Chennai
MAR_001732,CUST_04531,Tablet,5,13358,2026-03-14,Credit Card,Hyderabad
MAR_001733,CUST_00351,Tablet,4,14099,2026-03-04,UPI,Pune
MAR_001734,CUST_02276,Smartwatch,1,25673,2026-03-03,Cash on Delivery,Pune
MAR_001735,CUST_00371,Keyboard,3,37580,2026-03-21,Debit Card,Mumbai
MAR_001736,CUST_00386,Smartphone,3,49546,2026-03-27,Cash on Delivery,Hyderabad
MAR_001737,CUST_03686,Keyboard,2,24686,2026-03-05,Cash on Delivery,Pune
MAR_001738,CUST_04042,Smartwatch,2,12970,2026-03-28,Credit Card,Pune
MAR_001739,CUST_03243,Smartphone,3,7165,2026-03-03,UPI,Delhi
MAR_001740,CUST_03854,Smartphone,4,3194,2026-03-14,Credit Card,Hyderabad
MAR_001741,CUST_01765,Monitor,3,13527,2026-03-31,Credit Card,Delhi
MAR_001742,CUST_01011,Tablet,2,5024,2026-03-11,Credit Card,Chennai
MAR_001743,CUST_00313,Mouse,3,3506,2026-03-12,UPI,Bangalore
MAR_001744,CUST_00321,Smartwatch,5,40656,2026-03-30,Credit Card,Hyderabad
MAR_001745,CUST_02307,Smartwatch,1,39483,2026-03-13,UPI,Bangalore
MAR_001746,CUST_01142,Smartphone,1,887,2026-03-03,UPI,Hyderabad
MAR_001747,CUST_04094,Headphones,1,4079,2026-03-22,Credit Card,Hyderabad
MAR_001748,CUST_04087,Keyboard,2,8067,2026-03-20,Cash on Delivery,Chennai
MAR_001749,CUST_04721,Mouse,4,1818,2026-03-20,Debit Card,Bangalore
MAR_001750,CUST_04170,Mouse,5,23833,2026-03-04,Debit Card,Hyderabad
MAR_001751,CUST_01896,Monitor,2,28296,2026-03-31,UPI,Delhi
MAR_001752,CUST_02784,Monitor,3,17367,2026-03-08,Debit Card,Mumbai
MAR_001753,CUST_03107,Laptop,2,3283,2026-03-05,Cash on Delivery,Mumbai
MAR_001754,CUST_02727,Keyboard,1,40126,2026-03-14,UPI,Hyderabad
MAR_001755,CUST_01557,Mouse,3,10515,2026-03-10,Debit Card,Pune
MAR_001756,CUST_01259,Smartphone,3,15355,2026-03-21,Credit Card,Delhi
MAR_001757,CUST_02605,Keyboard,2,29005,2026-03-18,Debit Card,Hyderabad
MAR_001758,CUST_03057,Monitor,5,5250,2026-03-14,Debit Card,Hyderabad
MAR_001759,CUST_03984,Tablet,3,14632,2026-03-29,Cash on Delivery,Mumbai
MAR_001760,CUST_00666,Smartphone,2,35916,2026-03-02,Debit Card,Bangalore
MAR_001761,CUST_03758,Keyboard,4,24028,2026-03-28,Debit Card,Bangalore
MAR_001762,CUST_03443,Mouse,5,31829,2026-03-21,Debit Card,Chennai
MAR_001763,CUST_03392,Monitor,4,8885,2026-03-16,Debit Card,Pune
MAR_001764,CUST_04862,Keyboard,5,22868,2026-03-27,Cash on Delivery,Chennai
MAR_001765,CUST_04687,Tablet,1,19955,2026-03-20,UPI,Mumbai
MAR_001766,CUST_01902,Smartwatch,4,44591,2026-03-25,UPI,Pune
MAR_001767,CUST_02590,Tablet,2,13621,2026-03-06,Debit Card,Hyderabad
MAR_001768,CUST_03519,Smartphone,3,19762,2026-03-13,Cash on Delivery,Delhi
MAR_001769,CUST_04159,Smartphone,3,31190,2026-03-28,UPI,Chennai
MAR_001770,CUST_02693,Mouse,5,19132,2026-03-06,Credit Card,Delhi
MAR_001771,CUST_01559,Laptop,5,23301,2026-03-28,Cash on Delivery,Delhi
MAR_001772,CUST_02691,Tablet,3,33078,2026-03-27,Credit Card,Delhi
MAR_001773,CUST_01464,Smartphone,5,42447,2026-03-17,Cash on Delivery,Pune
MAR_001774,CUST_04340,Headphones,2,36411,2026-03-21,Credit Card,Mumbai
MAR_001775,CUST_02255,Headphones,5,4109,2026-03-05,UPI,Pune
MAR_001776,CUST_04438,Keyboard,5,6882,2026-03-11,Debit Card,Delhi
MAR_001777,CUST_01566,Mouse,4,26681,2026-03-19,UPI,Pune
MAR_001778,CUST_02029,Smartphone,5,18251,2026-03-18,Cash on Delivery,Bangalore
MAR_001779,CUST_03937,Monitor,1,13704,2026-03-16,UPI,Mumbai
MAR_001780,CUST_04742,Mouse,1,19269,2026-03-08,UPI,Mumbai
MAR_001781,CUST_04648,Tablet,4,6915,2026-03-29,Cash on Delivery,Hyderabad
MAR_001782,CUST_00456,Laptop,4,44303,2026-03-26,Debit Card,Delhi
MAR_001783,CUST_01147,Laptop,1,8427,2026-03-04,Debit Card,Pune
MAR_001784,CUST_00316,Monitor,3,2100,2026-03-30,Cash on Delivery,Mumbai
MAR_001785,CUST_03092,Monitor,4,42780,2026-03-03,UPI,Delhi
MAR_001786,CUST_00419,Monitor,5,18971,2026-03-16,UPI,Bangalore
MAR_001787,CUST_02753,Mouse,5,46202,2026-03-24,Credit Card,Hyderabad
MAR_001788,CUST_01606,Headphones,3,23276,2026-03-19,Cash on Delivery,Hyderabad
MAR_001789,CUST_04510,Mouse,1,20866,2026-03-25,UPI,Bangalore
MAR_001790,CUST_04853,Mouse,3,45870,2026-03-14,Credit Card,Bangalore
MAR_001791,CUST_03793,Keyboard,3,25728,2026-03-22,Cash on Delivery,Pune
MAR_001792,CUST_00865,Smartwatch,5,37738,2026-03-23,Debit Card,Chennai
MAR_001793,CUST_03988,Laptop,5,9111,2026-03-14,Credit Card,Delhi
MAR_001794,CUST_02619,Laptop,3,28852,2026-03-01,Credit Card,Chennai
MAR_001795,CUST_00374,Monitor,5,33114,2026-03-24,Cash on Delivery,Bangalore
MAR_001796,CUST_01180,Tablet,4,31667,2026-03-14,UPI,Hyderabad
MAR_001797,CUST_02640,Headphones,1,4685,2026-03-04,Debit Card,Mumbai
MAR_001798,CUST_01951,Headphones,3,47421,2026-03-16,Cash on Delivery,Bangalore
MAR_001799,CUST_00447,Mouse,3,8710,2026-03-11,Cash on Delivery,Bangalore
MAR_001800,CUST_00393,Headphones,5,1945,2026-03-17,Credit Card,Delhi
MAR_001801,CUST_01083,Smartwatch,5,44256,2026-03-26,Debit Card,Chennai
MAR_001802,CUST_03062,Mouse,5,29361,2026-03-27,UPI,Bangalore
MAR_001803,CUST_02199,Laptop,2,21716,2026-03-10,Credit Card,Hyderabad
MAR_001804,CUST_04471,Tablet,4,17733,2026-03-11,Debit Card,Chennai
MAR_001805,CUST_04514,Monitor,2,12502,2026-03-01,UPI,Mumbai
MAR_001806,CUST_01319,Monitor,5,21045,2026-03-18,Cash on Delivery,Hyderabad
MAR_001807,CUST_03070,Mouse,4,11396,2026-03-19,Credit Card,Mumbai
MAR_001808,CUST_04712,Smartwatch,4,48987,2026-03-01,Cash on Delivery,Hyderabad
MAR_001809,CUST_03391,Smartphone,1,10221,2026-03-30,Cash on Delivery,Bangalore
MAR_001810,CUST_00136,Smartwatch,3,2223,2026-03-10,Credit Card,Delhi
MAR_001811,CUST_01642,Tablet,3,4726,2026-03-25,Debit Card,Bangalore
MAR_001812,CUST_01635,Smartphone,2,31571,2026-03-30,UPI,Bangalore
MAR_001813,CUST_01533,Smartwatch,5,16728,2026-03-10,UPI,Delhi
MAR_001814,CUST_04134,Smartwatch,5,5467,2026-03-15,Credit Card,Chennai
MAR_001815,CUST_02095,Laptop,4,27147,2026-03-25,UPI,Delhi
MAR_001816,CUST_00513,Tablet,3,9255,2026-03-31,Credit Card,Pune
MAR_001817,CUST_02325,Headphones,4,31893,2026-03-23,Cash on Delivery,Pune
MAR_001818,CUST_01746,Tablet,5,9610,2026-03-08,Credit Card,Delhi
MAR_001819,CUST_01030,Monitor,1,10957,2026-03-26,Debit Card,Bangalore
MAR_001820,CUST_03040,Monitor,2,4972,2026-03-28,Credit Card,Pune
MAR_001821,CUST_03801,Headphones,1,42137,2026-03-28,UPI,Chennai
MAR_001822,CUST_01701,Smartphone,5,40354,2026-03-05,Debit Card,Hyderabad
MAR_001823,CUST_04800,Smartwatch,5,41545,2026-03-10,UPI,Hyderabad
MAR_001824,CUST_01942,Laptop,1,43475,2026-03-21,Credit Card,Delhi
MAR_001825,CUST_05000,Laptop,5,49962,2026-03-28,Cash on Delivery,Hyderabad
MAR_001826,CUST_04722,Laptop,1,1582,2026-03-09,Cash on Delivery,Bangalore
MAR_001827,CUST_01649,Laptop,5,47574,2026-03-20,Credit Card,Bangalore
MAR_001828,CUST_02004,Keyboard,4,12916,2026-03-10,Credit Card,Delhi
MAR_001829,CUST_02677,Smartphone,1,31308,2026-03-10,UPI,Hyderabad
MAR_001830,CUST_00726,Keyboard,2,34119,2026-03-30,UPI,Bangalore
MAR_001831,CUST_00902,Smartwatch,1,3868,2026-03-15,Cash on Delivery,Pune
MAR_001832,CUST_01594,Mouse,2,43970,2026-03-25,Debit Card,Mumbai
MAR_001833,CUST_03453,Smartphone,2,25536,2026-03-29,Cash on Delivery,Delhi
MAR_001834,CUST_03832,Tablet,4,37718,2026-03-06,Cash on Delivery,Pune
MAR_001835,CUST_01602,Tablet,5,22539,2026-03-08,Credit Card,Bangalore
MAR_001836,CUST_03117,Smartwatch,5,8140,2026-03-02,Cash on Delivery,Bangalore
MAR_001837,CUST_02315,Smartphone,4,15782,2026-03-18,UPI,Bangalore
MAR_001838,CUST_02606,Headphones,3,10956,2026-03-18,UPI,Hyderabad
MAR_001839,CUST_02977,Keyboard,5,48214,2026-03-16,UPI,Mumbai
MAR_001840,CUST_01188,Smartphone,2,6690,2026-03-29,Credit Card,Pune
MAR_001841,CUST_03876,Monitor,1,41449,2026-03-27,Debit Card,Chennai
MAR_001842,CUST_01323,Smartphone,1,38262,2026-03-16,Debit Card,Hyderabad
MAR_001843,CUST_02918,Smartwatch,4,2594,2026-03-14,Credit Card,Delhi
MAR_001844,CUST_04992,Monitor,4,22905,2026-03-22,Debit Card,Chennai
MAR_001845,CUST_00890,Smartwatch,2,19076,2026-03-05,Debit Card,Hyderabad
MAR_001846,CUST_02668,Laptop,3,45236,2026-03-08,UPI,Pune
MAR_001847,CUST_02550,Mouse,5,41161,2026-03-09,UPI,Delhi
MAR_001848,CUST_01802,Smartwatch,5,46122,2026-03-07,Debit Card,Mumbai
MAR_001849,CUST_00423,Laptop,3,49774,2026-03-07,Cash on Delivery,Hyderabad
MAR_001850,CUST_04069,Tablet,4,26599,2026-03-26,UPI,Pune
MAR_001851,CUST_04792,Tablet,1,25017,2026-03-10,Debit Card,Mumbai
MAR_001852,CUST_01598,Smartphone,1,20683,2026-03-14,Debit Card,Bangalore
MAR_001853,CUST_01935,Laptop,5,20071,2026-03-31,Cash on Delivery,Hyderabad
MAR_001854,CUST_00480,Mouse,1,43991,2026-03-02,UPI,Bangalore
MAR_001855,CUST_02073,Smartphone,2,3778,2026-03-05,UPI,Chennai
MAR_001856,CUST_04312,Smartwatch,3,21104,2026-03-21,UPI,Delhi
MAR_001857,CUST_02441,Monitor,2,26505,2026-03-10,Debit Card,Bangalore
MAR_001858,CUST_00671,Smartwatch,4,20949,2026-03-24,Debit Card,Chennai
MAR_001859,CUST_02742,Smartphone,3,23209,2026-03-05,Cash on Delivery,Chennai
MAR_001860,CUST_03411,Headphones,4,33606,2026-03-15,Debit Card,Pune
MAR_001861,CUST_00150,Monitor,5,48285,2026-03-09,Debit Card,Hyderabad
MAR_001862,CUST_04842,Smartphone,3,11135,2026-03-23,UPI,Bangalore
MAR_001863,CUST_02596,Smartphone,1,48486,2026-03-14,UPI,Pune
MAR_001864,CUST_03796,Headphones,3,3794,2026-03-16,Debit Card,Bangalore
MAR_001865,CUST_04745,Tablet,2,23623,2026-03-27,UPI,Mumbai
MAR_001866,CUST_03233,Laptop,1,4021,2026-03-09,Credit Card,Chennai
MAR_001867,CUST_04050,Smartphone,2,1565,2026-03-06,Credit Card,Pune
MAR_001868,CUST_03870,Mouse,1,17181,2026-03-23,UPI,Pune
MAR_001869,CUST_01460,Smartphone,1,11282,2026-03-13,Cash on Delivery,Bangalore
MAR_001870,CUST_04992,Laptop,3,30691,2026-03-02,Debit Card,Pune
MAR_001871,CUST_00092,Tablet,1,39224,2026-03-13,UPI,Chennai
MAR_001872,CUST_03667,Tablet,1,44637,2026-03-06,Cash on Delivery,Delhi
MAR_001873,CUST_01527,Smartphone,5,10400,2026-03-10,Debit Card,Chennai
MAR_001874,CUST_02096,Laptop,4,1194,2026-03-20,UPI,Delhi
MAR_001875,CUST_00999,Keyboard,4,13437,2026-03-27,Debit Card,Mumbai
MAR_001876,CUST_01581,Headphones,4,34646,2026-03-24,Debit Card,Delhi
MAR_001877,CUST_03790,Laptop,1,49013,2026-03-04,Cash on Delivery,Pune
MAR_001878,CUST_01846,Tablet,3,23425,2026-03-24,Cash on Delivery,Mumbai
MAR_001879,CUST_00443,Tablet,3,30300,2026-03-24,Debit Card,Delhi
MAR_001880,CUST_01847,Tablet,4,37584,2026-03-24,Cash on Delivery,Chennai
MAR_001881,CUST_03514,Tablet,2,32006,2026-03-14,Credit Card,Delhi
MAR_001882,CUST_03112,Keyboard,2,1278,2026-03-13,Credit Card,Chennai
MAR_001883,CUST_01962,Mouse,4,24319,2026-03-16,Debit Card,Mumbai
MAR_001884,CUST_03448,Headphones,2,32444,2026-03-06,Cash on Delivery,Mumbai
MAR_001885,CUST_00681,Laptop,4,21178,2026-03-16,Cash on Delivery,Chennai
MAR_001886,CUST_02478,Mouse,3,1790,2026-03-29,UPI,Chennai
MAR_001887,CUST_01867,Monitor,4,27907,2026-03-03,UPI,Pune
MAR_001888,CUST_03752,Mouse,5,38057,2026-03-26,UPI,Mumbai
MAR_001889,CUST_01127,Keyboard,4,36766,2026-03-02,UPI,Pune
MAR_001890,CUST_04455,Smartwatch,5,27831,2026-03-23,Credit Card,Hyderabad
MAR_001891,CUST_04006,Smartwatch,1,21982,2026-03-19,Cash on Delivery,Bangalore
MAR_001892,CUST_01807,Monitor,4,8904,2026-03-22,Debit Card,Mumbai
MAR_001893,CUST_04998,Laptop,1,46204,2026-03-21,Debit Card,Delhi
MAR_001894,CUST_00897,Laptop,3,45440,2026-03-26,Debit Card,Mumbai
MAR_001895,CUST_03909,Mouse,3,35867,2026-03-13,Credit Card,Chennai
MAR_001896,CUST_01399,Mouse,3,31461,2026-03-09,Credit Card,Pune
MAR_001897,CUST_04908,Headphones,4,23204,2026-03-24,Credit Card,Pune
MAR_001898,CUST_01209,Mouse,1,1552,2026-03-01,UPI,Pune
MAR_001899,CUST_01992,Monitor,2,19624,2026-03-13,Debit Card,Hyderabad
MAR_001900,CUST_03955,Keyboard,4,8272,2026-03-05,UPI,Bangalore
MAR_001901,CUST_01215,Keyboard,4,19724,2026-03-26,Cash on Delivery,Bangalore
MAR_001902,CUST_04072,Smartwatch,5,19902,2026-03-04,UPI,Chennai
MAR_001903,CUST_01500,Smartphone,4,22318,2026-03-01,Debit Card,Pune
MAR_001904,CUST_03702,Keyboard,3,23290,2026-03-09,Debit Card,Pune
MAR_001905,CUST_04528,Monitor,2,14462,2026-03-06,Cash on Delivery,Hyderabad
MAR_001906,CUST_01567,Mouse,1,33709,2026-03-31,Debit Card,Chennai
MAR_001907,CUST_00009,Smartwatch,4,13571,2026-03-29,Debit Card,Hyderabad
MAR_001908,CUST_02231,Monitor,1,28818,2026-03-18,Credit Card,Hyderabad
MAR_001909,CUST_00163,Mouse,1,29613,2026-03-31,UPI,Chennai
MAR_001910,CUST_04728,Keyboard,4,37421,2026-03-23,Debit Card,Delhi
MAR_001911,CUST_02231,Headphones,3,6411,2026-03-26,UPI,Delhi
MAR_001912,CUST_03293,Smartphone,3,12179,2026-03-04,Credit Card,Chennai
MAR_001913,CUST_02796,Laptop,4,31175,2026-03-06,Cash on Delivery,Bangalore
MAR_001914,CUST_00431,Keyboard,2,18646,2026-03-12,Cash on Delivery,Pune
MAR_001915,CUST_02082,Smartphone,5,13735,2026-03-30,Debit Card,Delhi
MAR_001916,CUST_03210,Tablet,5,2617,2026-03-30,UPI,Delhi
MAR_001917,CUST_03539,Laptop,2,38490,2026-03-01,UPI,Mumbai
MAR_001918,CUST_04404,Headphones,5,45136,2026-03-11,UPI,Delhi
MAR_001919,CUST_04036,Mouse,5,17420,2026-03-30,UPI,Pune
MAR_001920,CUST_00494,Headphones,1,23056,2026-03-28,UPI,Delhi
MAR_001921,CUST_04073,Headphones,3,9434,2026-03-26,Debit Card,Delhi
MAR_001922,CUST_03454,Tablet,2,47181,2026-03-10,Credit Card,Hyderabad
MAR_001923,CUST_02308,Monitor,3,38325,2026-03-26,UPI,Bangalore
MAR_001924,CUST_01376,Headphones,3,5926,2026-03-17,Cash on Delivery,Chennai
MAR_001925,CUST_02271,Mouse,2,45450,2026-03-21,Debit Card,Bangalore
MAR_001926,CUST_02841,Smartphone,1,12815,2026-03-11,Debit Card,Hyderabad
MAR_001927,CUST_03580,Keyboard,1,24769,2026-03-17,UPI,Chennai
MAR_001928,CUST_03567,Smartwatch,4,41633,2026-03-05,Credit Card,Hyderabad
MAR_001929,CUST_01233,Smartwatch,1,7664,2026-03-29,Cash on Delivery,Pune
MAR_001930,CUST_01064,Headphones,1,32686,2026-03-25,Cash on Delivery,Pune
MAR_001931,CUST_01999,Smartphone,1,15513,2026-03-31,UPI,Mumbai
MAR_001932,CUST_00953,Headphones,4,3450,2026-03-26,Credit Card,Delhi
MAR_001933,CUST_01438,Laptop,4,13465,2026-03-31,Cash on Delivery,Pune
MAR_001934,CUST_01791,Tablet,2,3701,2026-03-24,Debit Card,Chennai
MAR_001935,CUST_02440,Tablet,3,38952,2026-03-24,Credit Card,Delhi
MAR_001936,CUST_00801,Smartwatch,1,801,2026-03-24,Cash on Delivery,Chennai
MAR_001937,CUST_04503,Laptop,1,9391,2026-03-31,Credit Card,Bangalore
MAR_001938,CUST_04956,Headphones,4,2442,2026-03-12,Debit Card,Mumbai
MAR_001939,CUST_01839,Tablet,2,4540,2026-03-04,Cash on Delivery,Chennai
MAR_001940,CUST_00553,Monitor,4,31677,2026-03-02,Credit Card,Pune
MAR_001941,CUST_01419,Tablet,2,6685,2026-03-18,UPI,Pune
MAR_001942,CUST_02517,Headphones,1,35124,2026-03-25,Cash on Delivery,Mumbai
MAR_001943,CUST_04975,Monitor,1,29648,2026-03-11,UPI,Pune
MAR_001944,CUST_03625,Smartphone,5,5739,2026-03-16,Cash on Delivery,Bangalore
MAR_001945,CUST_01973,Monitor,5,36724,2026-03-25,UPI,Mumbai
MAR_001946,CUST_02624,Laptop,2,29898,2026-03-16,Debit Card,Bangalore
MAR_001947,CUST_04489,Headphones,1,45544,2026-03-14,Debit Card,Hyderabad
MAR_001948,CUST_04079,Keyboard,2,41624,2026-03-02,Debit Card,Delhi
MAR_001949,CUST_02270,Smartwatch,3,4908,2026-03-28,Debit Card,Hyderabad
MAR_001950,CUST_01710,Tablet,2,29084,2026-03-06,UPI,Delhi
MAR_001951,CUST_03601,Smartphone,3,29046,2026-03-06,Cash on Delivery,Hyderabad
MAR_001952,CUST_03836,Tablet,1,4019,2026-03-24,Credit Card,Chennai
MAR_001953,CUST_00582,Smartwatch,5,41040,2026-03-11,Cash on Delivery,Pune
MAR_001954,CUST_00828,Keyboard,5,3513,2026-03-22,Cash on Delivery,Hyderabad
MAR_001955,CUST_03547,Mouse,5,27777,2026-03-08,UPI,Delhi
MAR_001956,CUST_00547,Tablet,5,20915,2026-03-18,Cash on Delivery,Bangalore
MAR_001957,CUST_01669,Mouse,5,45314,2026-03-09,UPI,Hyderabad
MAR_001958,CUST_01241,Smartphone,5,26908,2026-03-30,Debit Card,Bangalore
MAR_001959,CUST_02933,Mouse,2,21729,2026-03-14,Credit Card,Pune
MAR_001960,CUST_04103,Headphones,1,10146,2026-03-14,UPI,Hyderabad
MAR_001961,CUST_01963,Laptop,5,38563,2026-03-14,UPI,Chennai
MAR_001962,CUST_03933,Smartwatch,2,43335,2026-03-12,Credit Card,Bangalore
MAR_001963,CUST_00528,Mouse,4,25349,2026-03-07,Cash on Delivery,Chennai
MAR_001964,CUST_04960,Smartwatch,3,41807,2026-03-01,Cash on Delivery,Bangalore
MAR_001965,CUST_01942,Monitor,5,28616,2026-03-18,Cash on Delivery,Chennai
MAR_001966,CUST_04834,Tablet,2,48130,2026-03-06,UPI,Hyderabad
MAR_001967,CUST_02374,Mouse,5,7346,2026-03-14,Cash on Delivery,Mumbai
MAR_001968,CUST_03158,Smartphone,5,21261,2026-03-09,Debit Card,Pune
MAR_001969,CUST_02721,Mouse,4,38668,2026-03-02,UPI,Mumbai
MAR_001970,CUST_04278,Keyboard,2,42663,2026-03-24,Credit Card,Pune
MAR_001971,CUST_02708,Mouse,3,34675,2026-03-15,Debit Card,Mumbai
MAR_001972,CUST_02605,Smartwatch,3,23774,2026-03-24,Cash on Delivery,Bangalore
MAR_001973,CUST_01427,Tablet,2,21065,2026-03-07,Cash on Delivery,Hyderabad
MAR_001974,CUST_03903,Headphones,1,18341,2026-03-12,Debit Card,Delhi
MAR_001975,CUST_01319,Tablet,4,49505,2026-03-05,Debit Card,Hyderabad
MAR_001976,CUST_02604,Mouse,3,10743,2026-03-15,Cash on Delivery,Chennai
MAR_001977,CUST_02270,Headphones,3,8993,2026-03-22,UPI,Bangalore
MAR_001978,CUST_02944,Mouse,1,13967,2026-03-29,Debit Card,Hyderabad
MAR_001979,CUST_03157,Headphones,5,41382,2026-03-19,Debit Card,Delhi
MAR_001980,CUST_00787,Laptop,4,16556,2026-03-14,Cash on Delivery,Pune
MAR_001981,CUST_02602,Tablet,2,48322,2026-03-22,Cash on Delivery,Delhi
MAR_001982,CUST_01190,Monitor,5,48049,2026-03-18,Credit Card,Chennai
MAR_001983,CUST_03397,Tablet,3,34071,2026-03-04,Cash on Delivery,Bangalore
MAR_001984,CUST_03616,Keyboard,1,8756,2026-03-22,Credit Card,Delhi
MAR_001985,CUST_02299,Keyboard,4,32728,2026-03-18,Debit Card,Hyderabad
MAR_001986,CUST_04989,Laptop,4,34772,2026-03-10,Debit Card,Hyderabad
MAR_001987,CUST_01398,Smartphone,1,5756,2026-03-26,Debit Card,Hyderabad
MAR_001988,CUST_03394,Keyboard,5,15506,2026-03-16,Credit Card,Chennai
MAR_001989,CUST_01426,Monitor,2,24354,2026-03-31,Cash on Delivery,Chennai
MAR_001990,CUST_04530,Headphones,3,22949,2026-03-30,Cash on Delivery,Hyderabad
MAR_001991,CUST_00404,Monitor,4,31836,2026-03-20,Credit Card,Mumbai
MAR_001992,CUST_03938,Smartwatch,1,43369,2026-03-22,Credit Card,Hyderabad
MAR_001993,CUST_02644,Headphones,4,22641,2026-03-31,UPI,Delhi
MAR_001994,CUST_00822,Smartwatch,1,45681,2026-03-01,UPI,Chennai
MAR_001995,CUST_00261,Tablet,1,21995,2026-03-19,Debit Card,Bangalore
MAR_001996,CUST_00624,Headphones,5,40315,2026-03-30,Debit Card,Chennai
MAR_001997,CUST_03678,Smartwatch,4,9854,2026-03-14,UPI,Delhi
MAR_001998,CUST_03516,Monitor,5,39703,2026-03-06,Cash on Delivery,Chennai
MAR_001999,CUST_00298,Smartphone,4,46070,2026-03-21,Credit Card,Pune
MAR_002000,CUST_01653,Tablet,4,2991,2026-03-09,Debit Card,Mumbai
MAR_002001,CUST_02307,Mouse,4,40431,2026-03-05,Credit Card,Delhi
MAR_002002,CUST_03235,Tablet,5,17674,2026-03-14,Debit Card,Pune
MAR_002003,CUST_02620,Mouse,2,28094,2026-03-16,UPI,Bangalore
MAR_002004,CUST_03475,Keyboard,4,8558,2026-03-02,Debit Card,Bangalore
MAR_002005,CUST_00788,Smartphone,2,21203,2026-03-25,Debit Card,Delhi
MAR_002006,CUST_00745,Headphones,2,7193,2026-03-13,Credit Card,Chennai
MAR_002007,CUST_01956,Smartwatch,4,35580,2026-03-23,Credit Card,Bangalore
MAR_002008,CUST_04417,Keyboard,4,1788,2026-03-06,Cash on Delivery,Hyderabad
MAR_002009,CUST_01852,Keyboard,3,49846,2026-03-10,Debit Card,Hyderabad
MAR_002010,CUST_00613,Monitor,4,35674,2026-03-18,Cash on Delivery,Pune
MAR_002011,CUST_00006,Monitor,5,24786,2026-03-26,Debit Card,Bangalore
MAR_002012,CUST_00841,Smartphone,4,47440,2026-03-15,Cash on Delivery,Hyderabad
MAR_002013,CUST_01825,Tablet,1,14006,2026-03-16,UPI,Bangalore
MAR_002014,CUST_04896,Monitor,1,3360,2026-03-26,Debit Card,Delhi
MAR_002015,CUST_00220,Smartwatch,2,39370,2026-03-29,Credit Card,Hyderabad
MAR_002016,CUST_00091,Smartphone,5,24298,2026-03-15,Credit Card,Bangalore
MAR_002017,CUST_01965,Tablet,3,8234,2026-03-04,Debit Card,Mumbai
MAR_002018,CUST_03982,Headphones,4,45060,2026-03-16,Cash on Delivery,Delhi
MAR_002019,CUST_01764,Headphones,1,40323,2026-03-21,Credit Card,Chennai
MAR_002020,CUST_04622,Mouse,4,47608,2026-03-13,Credit Card,Delhi
MAR_002021,CUST_01258,Monitor,3,18072,2026-03-12,Credit Card,Mumbai
MAR_002022,CUST_01469,Smartwatch,5,18063,2026-03-19,Cash on Delivery,Delhi
MAR_002023,CUST_00473,Tablet,3,41880,2026-03-22,Credit Card,Delhi
MAR_002024,CUST_02267,Tablet,5,16391,2026-03-28,Credit Card,Chennai
MAR_002025,CUST_01680,Tablet,1,10380,2026-03-29,Credit Card,Bangalore
MAR_002026,CUST_02575,Keyboard,4,22751,2026-03-13,Debit Card,Pune
MAR_002027,CUST_04655,Headphones,3,49861,2026-03-03,Debit Card,Bangalore
MAR_002028,CUST_02598,Smartwatch,1,14658,2026-03-29,Credit Card,Hyderabad
MAR_002029,CUST_02412,Smartphone,2,37073,2026-03-12,Debit Card,Pune
MAR_002030,CUST_03330,Laptop,4,10501,2026-03-04,UPI,Pune
MAR_002031,CUST_01321,Tablet,3,3041,2026-03-04,Debit Card,Bangalore
MAR_002032,CUST_04230,Laptop,2,33459,2026-03-15,Cash on Delivery,Pune
MAR_002033,CUST_01736,Keyboard,5,22185,2026-03-10,Cash on Delivery,Mumbai
MAR_002034,CUST_04119,Laptop,3,19881,2026-03-13,UPI,Pune
MAR_002035,CUST_02124,Smartwatch,5,4931,2026-03-30,Credit Card,Mumbai
MAR_002036,CUST_00730,Smartphone,3,3914,2026-03-19,Credit Card,Bangalore
MAR_002037,CUST_00915,Smartphone,3,32261,2026-03-05,Debit Card,Delhi
MAR_002038,CUST_00961,Mouse,4,14277,2026-03-25,UPI,Hyderabad
MAR_002039,CUST_03387,Mouse,3,29904,2026-03-21,UPI,Pune
MAR_002040,CUST_02134,Tablet,2,28031,2026-03-11,Debit Card,Delhi
MAR_002041,CUST_02806,Smartwatch,5,10887,2026-03-02,Credit Card,Bangalore
MAR_002042,CUST_01434,Smartwatch,4,27134,2026-03-28,Cash on Delivery,Pune
MAR_002043,CUST_04814,Monitor,2,33974,2026-03-03,UPI,Delhi
MAR_002044,CUST_02323,Smartwatch,1,11165,2026-03-27,Debit Card,Pune
MAR_002045,CUST_04137,Monitor,4,45802,2026-03-29,Cash on Delivery,Mumbai
MAR_002046,CUST_02560,Smartwatch,5,42698,2026-03-22,Debit Card,Bangalore
MAR_002047,CUST_01358,Keyboard,3,38353,2026-03-10,Debit Card,Delhi
MAR_002048,CUST_03692,Smartwatch,3,17210,2026-03-13,UPI,Pune
MAR_002049,CUST_04312,Monitor,1,22522,2026-03-30,Debit Card,Bangalore
MAR_002050,CUST_03035,Headphones,1,43940,2026-03-14,UPI,Hyderabad
MAR_002051,CUST_03215,Smartwatch,4,6628,2026-03-09,Credit Card,Hyderabad
MAR_002052,CUST_00361,Laptop,5,11286,2026-03-28,Credit Card,Hyderabad
MAR_002053,CUST_02015,Mouse,1,33228,2026-03-22,Cash on Delivery,Chennai
MAR_002054,CUST_00664,Headphones,3,19466,2026-03-21,Credit Card,Pune
MAR_002055,CUST_00421,Keyboard,1,39515,2026-03-08,Credit Card,Chennai
MAR_002056,CUST_03158,Smartphone,4,17332,2026-03-24,Credit Card,Bangalore
MAR_002057,CUST_00887,Monitor,4,32798,2026-03-18,Debit Card,Bangalore
MAR_002058,CUST_02664,Keyboard,5,48276,2026-03-21,UPI,Hyderabad
MAR_002059,CUST_02445,Monitor,4,47990,2026-03-19,Cash on Delivery,Hyderabad
MAR_002060,CUST_00911,Smartphone,1,22815,2026-03-23,Cash on Delivery,Hyderabad
MAR_002061,CUST_03197,Headphones,2,22209,2026-03-22,UPI,Mumbai
MAR_002062,CUST_04359,Laptop,2,41140,2026-03-08,UPI,Pune
MAR_002063,CUST_04240,Smartwatch,2,20346,2026-03-14,Debit Card,Hyderabad
MAR_002064,CUST_01431,Mouse,4,15653,2026-03-29,UPI,Delhi
MAR_002065,CUST_02295,Mouse,4,4522,2026-03-25,Debit Card,Mumbai
MAR_002066,CUST_04377,Smartwatch,4,48986,2026-03-16,Credit Card,Chennai
MAR_002067,CUST_00249,Tablet,3,22216,2026-03-16,UPI,Pune
MAR_002068,CUST_00939,Laptop,3,19743,2026-03-21,UPI,Pune
MAR_002069,CUST_00696,Laptop,3,37462,2026-03-26,UPI,Delhi
MAR_002070,CUST_02052,Smartwatch,1,21162,2026-03-19,Cash on Delivery,Delhi
MAR_002071,CUST_04820,Mouse,1,445,2026-03-22,UPI,Delhi
MAR_002072,CUST_02746,Mouse,2,33232,2026-03-30,Cash on Delivery,Bangalore
MAR_002073,CUST_00042,Tablet,3,2521,2026-03-12,Cash on Delivery,Chennai
MAR_002074,CUST_01650,Headphones,4,19074,2026-03-09,Cash on Delivery,Hyderabad
MAR_002075,CUST_02201,Keyboard,4,21645,2026-03-20,Credit Card,Pune
MAR_002076,CUST_00107,Laptop,3,21480,2026-03-22,Cash on Delivery,Chennai
MAR_002077,CUST_01104,Tablet,3,25298,2026-03-29,Credit Card,Bangalore
MAR_002078,CUST_00775,Headphones,3,13868,2026-03-28,UPI,Bangalore
MAR_002079,CUST_03561,Smartwatch,1,9676,2026-03-20,UPI,Delhi
MAR_002080,CUST_03806,Monitor,4,41630,2026-03-23,Debit Card,Pune
MAR_002081,CUST_00847,Laptop,1,45438,2026-03-07,UPI,Delhi
MAR_002082,CUST_04290,Keyboard,3,48556,2026-03-18,Debit Card,Mumbai
MAR_002083,CUST_01358,Tablet,3,12737,2026-03-20,Cash on Delivery,Pune
MAR_002084,CUST_00690,Keyboard,2,10345,2026-03-13,Debit Card,Hyderabad
MAR_002085,CUST_03227,Smartwatch,5,4591,2026-03-16,Cash on Delivery,Mumbai
MAR_002086,CUST_04076,Mouse,1,31168,2026-03-01,Cash on Delivery,Bangalore
MAR_002087,CUST_01971,Mouse,4,4840,2026-03-14,Cash on Delivery,Pune
MAR_002088,CUST_03108,Smartwatch,2,46708,2026-03-31,Debit Card,Mumbai
MAR_002089,CUST_04201,Smartwatch,2,9475,2026-03-16,Credit Card,Mumbai
MAR_002090,CUST_03959,Smartwatch,2,30664,2026-03-24,Debit Card,Mumbai
MAR_002091,CUST_00682,Tablet,4,5112,2026-03-06,Cash on Delivery,Bangalore
MAR_002092,CUST_04408,Monitor,3,8770,2026-03-17,UPI,Mumbai
MAR_002093,CUST_03253,Smartwatch,1,47002,2026-03-04,UPI,Bangalore
MAR_002094,CUST_04670,Monitor,3,31889,2026-03-07,UPI,Pune
MAR_002095,CUST_00210,Smartphone,1,3118,2026-03-06,UPI,Pune
MAR_002096,CUST_02121,Keyboard,2,5803,2026-03-15,UPI,Chennai
MAR_002097,CUST_03180,Smartphone,5,37460,2026-03-22,Debit Card,Bangalore
MAR_002098,CUST_01630,Smartphone,5,5707,2026-03-20,UPI,Mumbai
MAR_002099,CUST_03386,Monitor,4,41933,2026-03-31,Cash on Delivery,Delhi
MAR_002100,CUST_00595,Monitor,2,24739,2026-03-28,Debit Card,Delhi
MAR_002101,CUST_02974,Headphones,5,439,2026-03-11,Cash on Delivery,Pune
MAR_002102,CUST_01587,Smartwatch,1,15426,2026-03-20,Credit Card,Chennai
MAR_002103,CUST_00687,Mouse,2,39542,2026-03-29,UPI,Delhi
MAR_002104,CUST_01264,Monitor,3,4949,2026-03-15,Cash on Delivery,Mumbai
MAR_002105,CUST_02430,Headphones,1,18885,2026-03-18,UPI,Mumbai
MAR_002106,CUST_03756,Mouse,2,23450,2026-03-25,Cash on Delivery,Bangalore
MAR_002107,CUST_00930,Tablet,5,21463,2026-03-10,Cash on Delivery,Pune
MAR_002108,CUST_02287,Monitor,3,34415,2026-03-03,Cash on Delivery,Chennai
MAR_002109,CUST_01191,Smartphone,2,33860,2026-03-19,Debit Card,Hyderabad
MAR_002110,CUST_01443,Laptop,3,44128,2026-03-23,Credit Card,Hyderabad
MAR_002111,CUST_02804,Keyboard,1,40370,2026-03-28,Cash on Delivery,Mumbai
MAR_002112,CUST_01604,Headphones,5,23686,2026-03-16,UPI,Chennai
MAR_002113,CUST_02824,Keyboard,2,39682,2026-03-14,Credit Card,Hyderabad
MAR_002114,CUST_01988,Laptop,2,11361,2026-03-11,UPI,Pune
MAR_002115,CUST_03544,Laptop,1,590,2026-03-01,UPI,Pune
MAR_002116,CUST_03980,Smartphone,3,3296,2026-03-04,Credit Card,Bangalore
MAR_002117,CUST_03782,Tablet,4,35692,2026-03-20,UPI,Mumbai
MAR_002118,CUST_00157,Mouse,2,28811,2026-03-13,Cash on Delivery,Chennai
MAR_002119,CUST_00584,Tablet,1,38179,2026-03-13,Credit Card,Bangalore
MAR_002120,CUST_00023,Laptop,2,42671,2026-03-27,Credit Card,Delhi
MAR_002121,CUST_02484,Headphones,3,44788,2026-03-25,Credit Card,Delhi
MAR_002122,CUST_02109,Mouse,5,15311,2026-03-06,Cash on Delivery,Chennai
MAR_002123,CUST_00522,Smartwatch,3,24034,2026-03-30,Cash on Delivery,Mumbai
MAR_002124,CUST_00678,Monitor,5,34028,2026-03-31,Credit Card,Bangalore
MAR_002125,CUST_01780,Laptop,5,43753,2026-03-25,Cash on Delivery,Delhi
MAR_002126,CUST_02521,Smartwatch,1,19738,2026-03-15,Credit Card,Delhi
MAR_002127,CUST_03912,Tablet,3,28366,2026-03-09,UPI,Delhi
MAR_002128,CUST_00282,Laptop,5,31104,2026-03-04,Cash on Delivery,Chennai
MAR_002129,CUST_00476,Tablet,4,20772,2026-03-12,Debit Card,Mumbai
MAR_002130,CUST_04463,Headphones,1,40725,2026-03-06,UPI,Mumbai
MAR_002131,CUST_00871,Keyboard,2,43322,2026-03-12,Cash on Delivery,Hyderabad
MAR_002132,CUST_04211,Mouse,3,7194,2026-03-10,Cash on Delivery,Chennai
MAR_002133,CUST_02247,Laptop,5,29833,2026-03-05,Cash on Delivery,Pune
MAR_002134,CUST_03389,Smartwatch,1,36752,2026-03-16,UPI,Bangalore
MAR_002135,CUST_03204,Keyboard,3,32071,2026-03-30,Cash on Delivery,Hyderabad
MAR_002136,CUST_00244,Smartwatch,2,42734,2026-03-05,Debit Card,Bangalore
MAR_002137,CUST_00315,Tablet,3,43188,2026-03-17,Credit Card,Pune
MAR_002138,CUST_02257,Headphones,4,23011,2026-03-03,Credit Card,Chennai
MAR_002139,CUST_02589,Headphones,1,24726,2026-03-13,UPI,Pune
MAR_002140,CUST_04869,Smartwatch,5,15520,2026-03-02,Cash on Delivery,Chennai
MAR_002141,CUST_04559,Smartphone,2,31939,2026-03-18,Cash on Delivery,Bangalore
MAR_002142,CUST_02265,Keyboard,1,26865,2026-03-21,Debit Card,Delhi
MAR_002143,CUST_03455,Smartphone,2,37382,2026-03-05,UPI,Pune
MAR_002144,CUST_03209,Smartwatch,4,22855,2026-03-12,Cash on Delivery,Mumbai
MAR_002145,CUST_04113,Smartwatch,1,2186,2026-03-01,Debit Card,Delhi
MAR_002146,CUST_04882,Headphones,1,11720,2026-03-25,Cash on Delivery,Bangalore
MAR_002147,CUST_04120,Tablet,1,30864,2026-03-08,Credit Card,Chennai
MAR_002148,CUST_02629,Smartphone,2,23969,2026-03-04,UPI,Pune
MAR_002149,CUST_03018,Laptop,5,29563,2026-03-02,UPI,Chennai
MAR_002150,CUST_00605,Tablet,1,30020,2026-03-09,Credit Card,Delhi
MAR_002151,CUST_02173,Headphones,2,35875,2026-03-02,Credit Card,Bangalore
MAR_002152,CUST_02438,Tablet,2,39187,2026-03-19,Debit Card,Hyderabad
MAR_002153,CUST_02334,Laptop,5,14159,2026-03-01,Debit Card,Chennai
MAR_002154,CUST_04361,Smartphone,4,46738,2026-03-20,Credit Card,Mumbai
MAR_002155,CUST_04063,Smartphone,5,36658,2026-03-16,Credit Card,Mumbai
MAR_002156,CUST_03855,Monitor,2,16827,2026-03-06,Cash on Delivery,Delhi
MAR_002157,CUST_03472,Laptop,3,49069,2026-03-14,Cash on Delivery,Hyderabad
MAR_002158,CUST_00065,Smartphone,4,40937,2026-03-14,UPI,Mumbai
MAR_002159,CUST_01811,Laptop,5,39889,2026-03-07,Debit Card,Pune
MAR_002160,CUST_04935,Keyboard,4,35251,2026-03-19,UPI,Chennai
MAR_002161,CUST_03430,Tablet,5,37053,2026-03-19,Credit Card,Mumbai
MAR_002162,CUST_01472,Smartphone,1,20232,2026-03-23,Debit Card,Chennai
MAR_002163,CUST_02086,Smartphone,2,26648,2026-03-24,Credit Card,Bangalore
MAR_002164,CUST_02093,Keyboard,4,5562,2026-03-09,Debit Card,Mumbai
MAR_002165,CUST_01994,Laptop,4,22436,2026-03-14,Credit Card,Mumbai
MAR_002166,CUST_04057,Laptop,5,36663,2026-03-26,Cash on Delivery,Bangalore
MAR_002167,CUST_04484,Smartwatch,2,9401,2026-03-27,Cash on Delivery,Bangalore
MAR_002168,CUST_03331,Smartwatch,2,36266,2026-03-14,Credit Card,Mumbai
MAR_002169,CUST_03147,Laptop,3,11260,2026-03-09,Cash on Delivery,Pune
MAR_002170,CUST_01424,Headphones,1,9765,2026-03-08,Debit Card,Delhi
MAR_002171,CUST_00852,Smartphone,4,38316,2026-03-08,Cash on Delivery,Bangalore
MAR_002172,CUST_02918,Smartwatch,1,21197,2026-03-09,Debit Card,Pune
MAR_002173,CUST_03284,Laptop,2,29515,2026-03-27,Credit Card,Mumbai
MAR_002174,CUST_02263,Laptop,1,32529,2026-03-30,Credit Card,Bangalore
MAR_002175,CUST_03946,Smartwatch,5,43926,2026-03-14,Credit Card,Hyderabad
MAR_002176,CUST_02948,Smartphone,3,25032,2026-03-25,Debit Card,Hyderabad
MAR_002177,CUST_01626,Smartphone,5,44927,2026-03-15,Cash on Delivery,Chennai
MAR_002178,CUST_01952,Keyboard,3,8952,2026-03-14,Credit Card,Bangalore
MAR_002179,CUST_00364,Mouse,4,38855,2026-03-27,Cash on Delivery,Hyderabad
MAR_002180,CUST_03775,Headphones,4,40751,2026-03-31,Cash on Delivery,Hyderabad
MAR_002181,CUST_01580,Keyboard,3,18443,2026-03-24,Cash on Delivery,Bangalore
MAR_002182,CUST_01161,Keyboard,1,25921,2026-03-15,Debit Card,Chennai
MAR_002183,CUST_03489,Headphones,1,32181,2026-03-23,Credit Card,Pune
MAR_002184,CUST_03204,Tablet,3,1554,2026-03-12,Credit Card,Pune
MAR_002185,CUST_01804,Smartwatch,2,41762,2026-03-09,Debit Card,Pune
MAR_002186,CUST_00102,Tablet,5,23193,2026-03-16,Credit Card,Pune
MAR_002187,CUST_01915,Keyboard,5,43390,2026-03-09,UPI,Bangalore
MAR_002188,CUST_04896,Monitor,4,7742,2026-03-07,UPI,Delhi
MAR_002189,CUST_00294,Headphones,3,39577,2026-03-31,UPI,Bangalore
MAR_002190,CUST_02795,Mouse,2,46477,2026-03-28,UPI,Mumbai
MAR_002191,CUST_00667,Smartwatch,5,24037,2026-03-06,Cash on Delivery,Chennai
MAR_002192,CUST_01639,Monitor,1,32001,2026-03-29,Cash on Delivery,Delhi
MAR_002193,CUST_04704,Laptop,2,32957,2026-03-28,Cash on Delivery,Delhi
MAR_002194,CUST_04486,Tablet,5,45350,2026-03-25,Credit Card,Delhi
MAR_002195,CUST_02000,Headphones,1,40510,2026-03-18,Cash on Delivery,Chennai
MAR_002196,CUST_03561,Headphones,5,18799,2026-03-14,UPI,Chennai
MAR_002197,CUST_01049,Headphones,5,45110,2026-03-09,Credit Card,Mumbai
MAR_002198,CUST_02235,Monitor,4,13692,2026-03-05,Credit Card,Chennai
MAR_002199,CUST_01591,Smartwatch,2,25990,2026-03-07,UPI,Bangalore
MAR_002200,CUST_03012,Mouse,3,1079,2026-03-18,Cash on Delivery,Chennai
MAR_002201,CUST_02200,Smartphone,1,27831,2026-03-19,Credit Card,Mumbai
MAR_002202,CUST_03511,Keyboard,3,44587,2026-03-09,Cash on Delivery,Bangalore
MAR_002203,CUST_00414,Tablet,1,7304,2026-03-02,Credit Card,Bangalore
MAR_002204,CUST_00819,Headphones,1,17305,2026-03-12,Debit Card,Chennai
MAR_002205,CUST_00419,Laptop,3,3120,2026-03-10,Cash on Delivery,Pune
MAR_002206,CUST_01049,Laptop,2,9566,2026-03-02,Debit Card,Delhi
MAR_002207,CUST_01743,Keyboard,5,11000,2026-03-10,Cash on Delivery,Delhi
MAR_002208,CUST_03880,Headphones,3,6826,2026-03-01,Cash on Delivery,Delhi
MAR_002209,CUST_02030,Smartphone,2,13828,2026-03-27,Debit Card,Hyderabad
MAR_002210,CUST_01020,Monitor,1,8545,2026-03-20,UPI,Hyderabad
MAR_002211,CUST_02963,Laptop,3,40359,2026-03-04,Cash on Delivery,Mumbai
MAR_002212,CUST_00556,Monitor,5,44964,2026-03-22,Credit Card,Bangalore
MAR_002213,CUST_03097,Mouse,2,36164,2026-03-16,Debit Card,Chennai
MAR_002214,CUST_01005,Laptop,4,7372,2026-03-27,Cash on Delivery,Delhi
MAR_002215,CUST_01997,Laptop,4,48586,2026-03-29,Credit Card,Mumbai
MAR_002216,CUST_03976,Laptop,5,29916,2026-03-14,Debit Card,Bangalore
MAR_002217,CUST_01261,Headphones,2,1168,2026-03-03,Credit Card,Hyderabad
MAR_002218,CUST_03529,Laptop,4,25027,2026-03-10,Credit Card,Bangalore
MAR_002219,CUST_02895,Monitor,3,36203,2026-03-26,Cash on Delivery,Delhi
MAR_002220,CUST_00548,Smartphone,2,2322,2026-03-01,Debit Card,Delhi
MAR_002221,CUST_02491,Mouse,1,30103,2026-03-21,Cash on Delivery,Bangalore
MAR_002222,CUST_04553,Headphones,4,45393,2026-03-14,Credit Card,Hyderabad
MAR_002223,CUST_00331,Smartphone,3,22164,2026-03-30,Cash on Delivery,Bangalore
MAR_002224,CUST_00707,Mouse,4,21220,2026-03-13,Debit Card,Hyderabad
MAR_002225,CUST_02718,Keyboard,5,31625,2026-03-09,Credit Card,Hyderabad
MAR_002226,CUST_00403,Smartwatch,3,40042,2026-03-21,Debit Card,Mumbai
MAR_002227,CUST_02000,Smartwatch,4,8090,2026-03-01,Credit Card,Mumbai
MAR_002228,CUST_00945,Smartwatch,1,20807,2026-03-13,Credit Card,Delhi
MAR_002229,CUST_03510,Smartwatch,3,14749,2026-03-22,Cash on Delivery,Delhi
MAR_002230,CUST_04643,Mouse,5,20119,2026-03-17,UPI,Pune
MAR_002231,CUST_01179,Keyboard,3,758,2026-03-21,Credit Card,Delhi
MAR_002232,CUST_01912,Headphones,3,11794,2026-03-22,Cash on Delivery,Bangalore
MAR_002233,CUST_03169,Smartphone,2,23936,2026-03-09,Cash on Delivery,Hyderabad
MAR_002234,CUST_02886,Keyboard,2,22446,2026-03-22,UPI,Chennai
MAR_002235,CUST_00068,Smartwatch,3,17560,2026-03-29,Debit Card,Bangalore
MAR_002236,CUST_00258,Mouse,2,47399,2026-03-07,Credit Card,Mumbai
MAR_002237,CUST_02621,Smartwatch,4,40691,2026-03-28,Cash on Delivery,Hyderabad
MAR_002238,CUST_02942,Laptop,1,10176,2026-03-16,UPI,Mumbai
MAR_002239,CUST_00664,Monitor,5,35546,2026-03-07,Cash on Delivery,Delhi
MAR_002240,CUST_02905,Laptop,1,46461,2026-03-04,UPI,Bangalore
MAR_002241,CUST_01084,Monitor,3,29675,2026-03-09,Credit Card,Bangalore
MAR_002242,CUST_00927,Monitor,5,37781,2026-03-31,Credit Card,Chennai
MAR_002243,CUST_00718,Headphones,3,40499,2026-03-30,Cash on Delivery,Delhi
MAR_002244,CUST_03543,Laptop,3,45683,2026-03-21,UPI,Mumbai
MAR_002245,CUST_00419,Smartphone,4,23814,2026-03-29,Credit Card,Mumbai
MAR_002246,CUST_00348,Monitor,1,46346,2026-03-13,Debit Card,Bangalore
MAR_002247,CUST_03494,Laptop,1,15684,2026-03-04,Debit Card,Delhi
MAR_002248,CUST_01086,Headphones,3,36240,2026-03-21,Cash on Delivery,Delhi
MAR_002249,CUST_04888,Laptop,1,27314,2026-03-17,Cash on Delivery,Delhi
MAR_002250,CUST_00529,Monitor,4,24896,2026-03-27,Credit Card,Hyderabad
MAR_002251,CUST_00655,Tablet,1,43023,2026-03-15,Credit Card,Pune
MAR_002252,CUST_01959,Tablet,5,4336,2026-03-19,Credit Card,Hyderabad
MAR_002253,CUST_02077,Monitor,4,33340,2026-03-10,UPI,Bangalore
MAR_002254,CUST_03612,Tablet,3,32261,2026-03-30,Credit Card,Pune
MAR_002255,CUST_04834,Headphones,4,40459,2026-03-07,Cash on Delivery,Mumbai
MAR_002256,CUST_03521,Tablet,5,2433,2026-03-04,UPI,Hyderabad
MAR_002257,CUST_01321,Headphones,4,26887,2026-03-19,Cash on Delivery,Delhi
MAR_002258,CUST_01875,Headphones,4,17164,2026-03-19,Debit Card,Hyderabad
MAR_002259,CUST_01486,Keyboard,4,30412,2026-03-01,Debit Card,Pune
MAR_002260,CUST_02637,Smartphone,3,13658,2026-03-17,Credit Card,Bangalore
MAR_002261,CUST_02967,Headphones,2,12713,2026-03-21,UPI,Mumbai
MAR_002262,CUST_01939,Smartwatch,1,40025,2026-03-03,UPI,Chennai
MAR_002263,CUST_02701,Tablet,2,15386,2026-03-26,Cash on Delivery,Mumbai
MAR_002264,CUST_01965,Tablet,3,21881,2026-03-25,UPI,Delhi
MAR_002265,CUST_04412,Keyboard,5,38587,2026-03-25,Credit Card,Chennai
MAR_002266,CUST_01327,Monitor,1,34881,2026-03-18,Debit Card,Pune
MAR_002267,CUST_02488,Laptop,4,17554,2026-03-04,Credit Card,Hyderabad
MAR_002268,CUST_03551,Smartphone,4,2153,2026-03-06,Cash on Delivery,Chennai
MAR_002269,CUST_01379,Monitor,5,33865,2026-03-14,Credit Card,Hyderabad
MAR_002270,CUST_02648,Headphones,3,46144,2026-03-06,UPI,Bangalore
MAR_002271,CUST_01960,Smartphone,1,15180,2026-03-18,UPI,Delhi
MAR_002272,CUST_04811,Monitor,2,6174,2026-03-30,Debit Card,Hyderabad
MAR_002273,CUST_02287,Monitor,3,15078,2026-03-13,Cash on Delivery,Delhi
MAR_002274,CUST_02557,Smartwatch,1,24115,2026-03-18,Cash on Delivery,Mumbai
MAR_002275,CUST_03196,Tablet,3,14828,2026-03-30,Debit Card,Pune
MAR_002276,CUST_02420,Tablet,5,19499,2026-03-16,Debit Card,Hyderabad
MAR_002277,CUST_04872,Keyboard,3,11994,2026-03-31,Credit Card,Bangalore
MAR_002278,CUST_02794,Keyboard,1,18035,2026-03-23,UPI,Delhi
MAR_002279,CUST_04849,Smartwatch,2,37738,2026-03-21,UPI,Pune
MAR_002280,CUST_03436,Smartphone,5,5036,2026-03-13,Credit Card,Hyderabad
MAR_002281,CUST_04036,Headphones,2,8296,2026-03-20,Cash on Delivery,Pune
MAR_002282,CUST_00568,Smartphone,5,41639,2026-03-01,Credit Card,Hyderabad
MAR_002283,CUST_03631,Mouse,1,8098,2026-03-22,UPI,Bangalore
MAR_002284,CUST_01660,Laptop,2,4081,2026-03-01,Cash on Delivery,Mumbai
MAR_002285,CUST_03234,Laptop,2,10575,2026-03-13,Cash on Delivery,Chennai
MAR_002286,CUST_04889,Laptop,3,35835,2026-03-29,Debit Card,Mumbai
MAR_002287,CUST_01707,Laptop,2,31847,2026-03-23,Cash on Delivery,Chennai
MAR_002288,CUST_03619,Headphones,1,7109,2026-03-16,Cash on Delivery,Bangalore
MAR_002289,CUST_01705,Monitor,2,36458,2026-03-01,Credit Card,Mumbai
MAR_002290,CUST_03286,Monitor,1,28670,2026-03-23,Debit Card,Delhi
MAR_002291,CUST_02930,Tablet,1,48416,2026-03-15,Debit Card,Bangalore
MAR_002292,CUST_03577,Smartphone,2,4950,2026-03-04,Credit Card,Chennai
MAR_002293,CUST_02829,Laptop,2,24870,2026-03-06,Debit Card,Delhi
MAR_002294,CUST_04461,Smartphone,5,23393,2026-03-12,Cash on Delivery,Mumbai
MAR_002295,CUST_03597,Monitor,2,4342,2026-03-02,Debit Card,Bangalore
MAR_002296,CUST_04104,Mouse,5,9551,2026-03-28,Debit Card,Chennai
MAR_002297,CUST_03733,Monitor,3,41898,2026-03-07,Debit Card,Bangalore
MAR_002298,CUST_02659,Smartphone,4,22094,2026-03-16,Cash on Delivery,Bangalore
MAR_002299,CUST_00647,Monitor,5,4016,2026-03-22,UPI,Mumbai
MAR_002300,CUST_04951,Headphones,1,26233,2026-03-25,Credit Card,Hyderabad
MAR_002301,CUST_00091,Smartwatch,1,18493,2026-03-18,UPI,Pune
MAR_002302,CUST_01509,Monitor,2,879,2026-03-03,Credit Card,Bangalore
MAR_002303,CUST_00979,Tablet,2,30168,2026-03-21,UPI,Hyderabad
MAR_002304,CUST_00984,Headphones,2,26049,2026-03-22,Credit Card,Bangalore
MAR_002305,CUST_02032,Tablet,2,20444,2026-03-17,Debit Card,Pune
MAR_002306,CUST_03180,Mouse,4,31193,2026-03-12,Cash on Delivery,Pune
MAR_002307,CUST_02426,Headphones,2,13334,2026-03-28,UPI,Delhi
MAR_002308,CUST_00546,Monitor,1,1721,2026-03-20,Credit Card,Pune
MAR_002309,CUST_04613,Keyboard,5,41960,2026-03-16,Debit Card,Hyderabad
MAR_002310,CUST_01149,Smartphone,2,30758,2026-03-28,Credit Card,Pune
MAR_002311,CUST_01292,Keyboard,1,32946,2026-03-08,Debit Card,Chennai
MAR_002312,CUST_04898,Headphones,3,35113,2026-03-20,Cash on Delivery,Mumbai
MAR_002313,CUST_00995,Monitor,3,24511,2026-03-21,Debit Card,Mumbai
MAR_002314,CUST_03807,Keyboard,4,47253,2026-03-05,Debit Card,Bangalore
MAR_002315,CUST_03829,Mouse,5,43784,2026-03-21,Cash on Delivery,Bangalore
MAR_002316,CUST_04513,Smartphone,4,35775,2026-03-16,Credit Card,Mumbai
MAR_002317,CUST_02742,Mouse,2,28032,2026-03-22,Credit Card,Mumbai
MAR_002318,CUST_04310,Laptop,1,40149,2026-03-12,UPI,Pune
MAR_002319,CUST_01541,Smartwatch,2,1142,2026-03-04,UPI,Chennai
MAR_002320,CUST_00608,Headphones,3,32494,2026-03-11,Debit Card,Delhi
MAR_002321,CUST_03969,Headphones,3,38245,2026-03-22,Credit Card,Hyderabad
MAR_002322,CUST_00524,Smartphone,1,32463,2026-03-12,UPI,Mumbai
MAR_002323,CUST_04727,Smartphone,2,15243,2026-03-21,Cash on Delivery,Pune
MAR_002324,CUST_03362,Keyboard,3,520,2026-03-04,Cash on Delivery,Chennai
MAR_002325,CUST_00823,Tablet,4,7734,2026-03-25,Credit Card,Mumbai
MAR_002326,CUST_02812,Laptop,3,40828,2026-03-09,Credit Card,Hyderabad
MAR_002327,CUST_03005,Mouse,3,18688,2026-03-25,UPI,Chennai
MAR_002328,CUST_01975,Headphones,2,12295,2026-03-27,Debit Card,Chennai
MAR_002329,CUST_03085,Mouse,5,42339,2026-03-26,Debit Card,Bangalore
MAR_002330,CUST_04220,Smartphone,4,44778,2026-03-11,Cash on Delivery,Delhi
MAR_002331,CUST_04090,Smartwatch,2,9993,2026-03-31,Cash on Delivery,Bangalore
MAR_002332,CUST_01772,Laptop,1,39895,2026-03-05,Cash on Delivery,Bangalore
MAR_002333,CUST_00820,Smartphone,3,24492,2026-03-14,Cash on Delivery,Mumbai
MAR_002334,CUST_00550,Mouse,1,26640,2026-03-05,Cash on Delivery,Delhi
MAR_002335,CUST_02867,Monitor,2,39792,2026-03-24,Cash on Delivery,Hyderabad
MAR_002336,CUST_02706,Smartwatch,5,29281,2026-03-10,UPI,Pune
MAR_002337,CUST_03796,Monitor,2,14120,2026-03-15,Credit Card,Mumbai
MAR_002338,CUST_02783,Tablet,1,20580,2026-03-04,Debit Card,Pune
MAR_002339,CUST_01601,Keyboard,1,35665,2026-03-02,Credit Card,Hyderabad
MAR_002340,CUST_00922,Keyboard,3,37874,2026-03-05,Credit Card,Hyderabad
MAR_002341,CUST_00726,Monitor,4,27401,2026-03-16,Credit Card,Mumbai
MAR_002342,CUST_00830,Smartwatch,1,36549,2026-03-28,Cash on Delivery,Pune
MAR_002343,CUST_02685,Tablet,1,40778,2026-03-02,Credit Card,Hyderabad
MAR_002344,CUST_02561,Tablet,3,31215,2026-03-29,UPI,Hyderabad
MAR_002345,CUST_00114,Monitor,1,20220,2026-03-01,Cash on Delivery,Bangalore
MAR_002346,CUST_02064,Laptop,4,749,2026-03-05,UPI,Bangalore
MAR_002347,CUST_00269,Smartphone,1,3562,2026-03-18,UPI,Mumbai
MAR_002348,CUST_02020,Smartphone,3,48785,2026-03-11,Credit Card,Bangalore
MAR_002349,CUST_00322,Keyboard,5,9426,2026-03-03,Credit Card,Hyderabad
MAR_002350,CUST_04969,Smartphone,4,45782,2026-03-06,Credit Card,Pune
MAR_002351,CUST_03977,Monitor,4,49687,2026-03-12,Cash on Delivery,Mumbai
MAR_002352,CUST_01493,Mouse,2,33870,2026-03-24,Credit Card,Delhi
MAR_002353,CUST_01759,Headphones,3,44978,2026-03-02,Cash on Delivery,Chennai
MAR_002354,CUST_01073,Headphones,4,13837,2026-03-10,Credit Card,Hyderabad
MAR_002355,CUST_00847,Headphones,1,36813,2026-03-08,Cash on Delivery,Delhi
MAR_002356,CUST_01774,Tablet,4,48660,2026-03-29,UPI,Pune
MAR_002357,CUST_00699,Tablet,2,22530,2026-03-11,Cash on Delivery,Pune
MAR_002358,CUST_00046,Monitor,1,38250,2026-03-23,Debit Card,Chennai
MAR_002359,CUST_00641,Smartphone,2,39472,2026-03-13,Credit Card,Delhi
MAR_002360,CUST_03005,Monitor,5,32101,2026-03-20,Credit Card,Hyderabad
MAR_002361,CUST_03920,Laptop,2,41742,2026-03-03,Debit Card,Delhi
MAR_002362,CUST_04102,Smartphone,3,46233,2026-03-20,UPI,Pune
MAR_002363,CUST_03197,Tablet,4,26207,2026-03-26,Credit Card,Bangalore
MAR_002364,CUST_04854,Monitor,1,16322,2026-03-22,Credit Card,Chennai
MAR_002365,CUST_02499,Mouse,4,48402,2026-03-04,UPI,Delhi
MAR_002366,CUST_03300,Tablet,3,10633,2026-03-04,Cash on Delivery,Pune
MAR_002367,CUST_03508,Monitor,2,18558,2026-03-31,Credit Card,Bangalore
MAR_002368,CUST_01372,Keyboard,2,33877,2026-03-21,UPI,Bangalore
MAR_002369,CUST_01528,Headphones,2,26597,2026-03-15,Credit Card,Bangalore
MAR_002370,CUST_03662,Tablet,5,17398,2026-03-03,Cash on Delivery,Pune
MAR_002371,CUST_02637,Mouse,3,20432,2026-03-02,Cash on Delivery,Bangalore
MAR_002372,CUST_02788,Keyboard,1,29279,2026-03-12,Debit Card,Hyderabad
MAR_002373,CUST_01371,Tablet,4,43638,2026-03-26,Debit Card,Hyderabad
MAR_002374,CUST_00071,Smartphone,5,44084,2026-03-28,UPI,Hyderabad
MAR_002375,CUST_03051,Headphones,1,16856,2026-03-04,Debit Card,Pune
MAR_002376,CUST_03037,Smartphone,1,17153,2026-03-27,UPI,Pune
MAR_002377,CUST_04231,Keyboard,3,32157,2026-03-10,Credit Card,Hyderabad
MAR_002378,CUST_01516,Tablet,3,29374,2026-03-23,UPI,Chennai
MAR_002379,CUST_04564,Mouse,4,44907,2026-03-05,UPI,Bangalore
MAR_002380,CUST_02754,Monitor,5,8478,2026-03-22,Credit Card,Hyderabad
MAR_002381,CUST_03000,Laptop,1,21969,2026-03-06,Debit Card,Delhi
MAR_002382,CUST_03520,Tablet,1,6980,2026-03-16,Cash on Delivery,Chennai
MAR_002383,CUST_01630,Smartphone,3,47635,2026-03-19,UPI,Bangalore
MAR_002384,CUST_04578,Monitor,5,12205,2026-03-30,Credit Card,Hyderabad
MAR_002385,CUST_02085,Smartwatch,3,32577,2026-03-21,Debit Card,Chennai
MAR_002386,CUST_02800,Tablet,1,28123,2026-03-23,Debit Card,Pune
MAR_002387,CUST_01366,Headphones,1,4457,2026-03-05,Credit Card,Delhi
MAR_002388,CUST_02011,Tablet,2,28658,2026-03-07,Cash on Delivery,Chennai
MAR_002389,CUST_02477,Mouse,5,3350,2026-03-02,Cash on Delivery,Hyderabad
MAR_002390,CUST_00392,Mouse,5,43223,2026-03-23,UPI,Bangalore
MAR_002391,CUST_00631,Laptop,4,27906,2026-03-30,Credit Card,Delhi
MAR_002392,CUST_04653,Laptop,1,39411,2026-03-02,Credit Card,Delhi
MAR_002393,CUST_01932,Smartphone,5,2869,2026-03-22,Debit Card,Pune
MAR_002394,CUST_04436,Headphones,3,25358,2026-03-22,UPI,Delhi
MAR_002395,CUST_03048,Laptop,5,15322,2026-03-04,Cash on Delivery,Pune
MAR_002396,CUST_01636,Keyboard,3,31752,2026-03-22,Debit Card,Hyderabad
MAR_002397,CUST_03793,Headphones,3,3817,2026-03-14,UPI,Pune
MAR_002398,CUST_03179,Monitor,4,17450,2026-03-14,Credit Card,Delhi
MAR_002399,CUST_03995,Smartwatch,1,42558,2026-03-30,Cash on Delivery,Bangalore
MAR_002400,CUST_03862,Keyboard,3,17011,2026-03-28,UPI,Bangalore
MAR_002401,CUST_04493,Tablet,4,11672,2026-03-20,Debit Card,Pune
MAR_002402,CUST_01239,Monitor,3,36395,2026-03-12,Cash on Delivery,Hyderabad
MAR_002403,CUST_01207,Smartphone,4,19072,2026-03-01,Debit Card,Mumbai
MAR_002404,CUST_03752,Laptop,5,20458,2026-03-02,Debit Card,Chennai
MAR_002405,CUST_03014,Laptop,2,12825,2026-03-26,Credit Card,Mumbai
MAR_002406,CUST_04765,Laptop,5,21906,2026-03-21,Cash on Delivery,Chennai
MAR_002407,CUST_02001,Smartwatch,5,33321,2026-03-02,Debit Card,Mumbai
MAR_002408,CUST_04971,Tablet,2,25350,2026-03-27,Debit Card,Chennai
MAR_002409,CUST_04008,Headphones,2,40288,2026-03-14,Cash on Delivery,Chennai
MAR_002410,CUST_01429,Laptop,3,33023,2026-03-08,UPI,Bangalore
MAR_002411,CUST_00328,Monitor,1,13321,2026-03-15,Cash on Delivery,Mumbai
MAR_002412,CUST_01816,Headphones,3,16823,2026-03-14,Credit Card,Pune
MAR_002413,CUST_02078,Mouse,2,35665,2026-03-26,Credit Card,Bangalore
MAR_002414,CUST_04623,Keyboard,4,479,2026-03-23,Debit Card,Delhi
MAR_002415,CUST_04526,Keyboard,2,29365,2026-03-13,UPI,Pune
MAR_002416,CUST_02168,Monitor,1,7471,2026-03-07,Credit Card,Chennai
MAR_002417,CUST_00026,Keyboard,4,2934,2026-03-05,UPI,Chennai
MAR_002418,CUST_04222,Keyboard,1,5423,2026-03-09,UPI,Hyderabad
MAR_002419,CUST_03843,Mouse,1,29949,2026-03-05,Credit Card,Bangalore
MAR_002420,CUST_01820,Laptop,4,40539,2026-03-03,Debit Card,Chennai
MAR_002421,CUST_00479,Mouse,5,45694,2026-03-12,Cash on Delivery,Chennai
MAR_002422,CUST_04979,Laptop,1,11034,2026-03-23,UPI,Delhi
MAR_002423,CUST_00693,Headphones,4,4374,2026-03-26,UPI,Pune
MAR_002424,CUST_01920,Monitor,2,6734,2026-03-17,Debit Card,Hyderabad
MAR_002425,CUST_03730,Headphones,3,46581,2026-03-29,Debit Card,Chennai
MAR_002426,CUST_02028,Laptop,2,21917,2026-03-26,UPI,Chennai
MAR_002427,CUST_02554,Mouse,1,41876,2026-03-10,UPI,Chennai
MAR_002428,CUST_02809,Mouse,5,1363,2026-03-26,Credit Card,Delhi
MAR_002429,CUST_00561,Headphones,1,2528,2026-03-28,UPI,Pune
MAR_002430,CUST_01282,Smartwatch,4,16948,2026-03-12,Cash on Delivery,Chennai
MAR_002431,CUST_04805,Tablet,1,22039,2026-03-06,UPI,Bangalore
MAR_002432,CUST_02826,Monitor,4,37279,2026-03-26,Credit Card,Pune
MAR_002433,CUST_00511,Keyboard,1,34235,2026-03-26,Credit Card,Bangalore
MAR_002434,CUST_00208,Mouse,5,43043,2026-03-19,Cash on Delivery,Delhi
MAR_002435,CUST_04301,Tablet,5,11891,2026-03-11,Cash on Delivery,Chennai
MAR_002436,CUST_04088,Monitor,2,15206,2026-03-25,Credit Card,Pune
MAR_002437,CUST_02814,Monitor,3,30823,2026-03-27,Debit Card,Chennai
MAR_002438,CUST_04800,Laptop,5,29959,2026-03-09,Debit Card,Mumbai
MAR_002439,CUST_04609,Smartphone,3,31380,2026-03-12,Credit Card,Bangalore
MAR_002440,CUST_04834,Smartphone,2,48463,2026-03-04,Cash on Delivery,Chennai
MAR_002441,CUST_03735,Smartphone,4,23908,2026-03-09,Credit Card,Hyderabad
MAR_002442,CUST_04150,Monitor,5,3302,2026-03-01,Debit Card,Mumbai
MAR_002443,CUST_02718,Monitor,4,14451,2026-03-19,Cash on Delivery,Hyderabad
MAR_002444,CUST_04062,Smartphone,5,3313,2026-03-29,UPI,Pune
MAR_002445,CUST_04360,Smartwatch,1,44792,2026-03-23,Cash on Delivery,Mumbai
MAR_002446,CUST_04324,Monitor,2,1317,2026-03-07,Debit Card,Chennai
MAR_002447,CUST_03800,Headphones,2,38019,2026-03-26,Cash on Delivery,Bangalore
MAR_002448,CUST_03786,Smartwatch,2,12465,2026-03-23,Debit Card,Bangalore
MAR_002449,CUST_03018,Keyboard,5,38832,2026-03-22,Debit Card,Chennai
MAR_002450,CUST_00750,Smartphone,2,15536,2026-03-10,Credit Card,Chennai
MAR_002451,CUST_01406,Smartwatch,5,28812,2026-03-09,UPI,Bangalore
MAR_002452,CUST_01099,Keyboard,5,34165,2026-03-27,UPI,Bangalore
MAR_002453,CUST_02365,Laptop,5,22293,2026-03-08,Debit Card,Bangalore
MAR_002454,CUST_00992,Monitor,4,21783,2026-03-23,Debit Card,Delhi
MAR_002455,CUST_04546,Mouse,1,610,2026-03-17,Debit Card,Bangalore
MAR_002456,CUST_00317,Tablet,4,32256,2026-03-10,Debit Card,Pune
MAR_002457,CUST_04683,Laptop,2,30562,2026-03-12,UPI,Delhi
MAR_002458,CUST_02844,Smartwatch,2,10397,2026-03-10,Debit Card,Hyderabad
MAR_002459,CUST_01266,Smartwatch,2,19976,2026-03-21,Cash on Delivery,Mumbai
MAR_002460,CUST_02701,Smartphone,2,17868,2026-03-11,Debit Card,Mumbai
MAR_002461,CUST_00030,Tablet,4,5459,2026-03-17,Cash on Delivery,Chennai
MAR_002462,CUST_03414,Laptop,1,1474,2026-03-20,Credit Card,Bangalore
MAR_002463,CUST_01243,Headphones,2,28568,2026-03-30,Cash on Delivery,Bangalore
MAR_002464,CUST_04863,Tablet,5,33583,2026-03-25,Cash on Delivery,Pune
MAR_002465,CUST_04653,Headphones,3,28096,2026-03-10,Debit Card,Hyderabad
MAR_002466,CUST_03436,Mouse,3,27436,2026-03-22,UPI,Mumbai
MAR_002467,CUST_02620,Monitor,5,7203,2026-03-03,Debit Card,Bangalore
MAR_002468,CUST_00214,Laptop,4,38899,2026-03-14,UPI,Chennai
MAR_002469,CUST_04654,Smartwatch,5,23637,2026-03-13,Cash on Delivery,Pune
MAR_002470,CUST_01320,Monitor,1,12693,2026-03-17,Credit Card,Bangalore
MAR_002471,CUST_00697,Smartwatch,5,21297,2026-03-19,Credit Card,Hyderabad
MAR_002472,CUST_01194,Laptop,5,11514,2026-03-18,UPI,Bangalore
MAR_002473,CUST_03555,Monitor,5,35149,2026-03-04,Credit Card,Chennai
MAR_002474,CUST_01779,Smartwatch,4,10905,2026-03-14,Credit Card,Bangalore
MAR_002475,CUST_00770,Tablet,2,5104,2026-03-07,Credit Card,Mumbai
MAR_002476,CUST_00066,Tablet,4,3565,2026-03-03,UPI,Delhi
MAR_002477,CUST_00685,Laptop,1,16312,2026-03-20,Debit Card,Pune
MAR_002478,CUST_02053,Mouse,4,4079,2026-03-05,Credit Card,Pune
MAR_002479,CUST_01641,Headphones,3,20996,2026-03-21,Credit Card,Pune
MAR_002480,CUST_01867,Smartwatch,5,28493,2026-03-05,UPI,Pune
MAR_002481,CUST_00448,Monitor,3,21947,2026-03-21,Debit Card,Pune
MAR_002482,CUST_03923,Mouse,5,43825,2026-03-07,Cash on Delivery,Hyderabad
MAR_002483,CUST_04725,Keyboard,1,21139,2026-03-26,Cash on Delivery,Hyderabad
MAR_002484,CUST_01260,Smartphone,4,34061,2026-03-17,UPI,Hyderabad
MAR_002485,CUST_02358,Smartwatch,3,36855,2026-03-04,UPI,Mumbai
MAR_002486,CUST_03354,Tablet,5,11279,2026-03-03,Credit Card,Delhi
MAR_002487,CUST_04758,Tablet,2,30840,2026-03-25,Credit Card,Chennai
MAR_002488,CUST_03986,Mouse,2,42357,2026-03-30,Cash on Delivery,Chennai
MAR_002489,CUST_02649,Smartphone,2,8786,2026-03-29,Debit Card,Mumbai
MAR_002490,CUST_03429,Mouse,3,24339,2026-03-13,Cash on Delivery,Delhi
MAR_002491,CUST_02107,Mouse,3,11077,2026-03-22,UPI,Delhi
MAR_002492,CUST_03256,Tablet,1,31621,2026-03-23,UPI,Mumbai
MAR_002493,CUST_02043,Smartwatch,4,49295,2026-03-17,Cash on Delivery,Chennai
MAR_002494,CUST_00313,Smartwatch,5,15915,2026-03-21,UPI,Mumbai
MAR_002495,CUST_04046,Laptop,4,46614,2026-03-09,Credit Card,Hyderabad
MAR_002496,CUST_01791,Headphones,1,47785,2026-03-02,Credit Card,Chennai
MAR_002497,CUST_01630,Monitor,2,40977,2026-03-09,Debit Card,Hyderabad
MAR_002498,CUST_02081,Smartwatch,4,29887,2026-03-05,Cash on Delivery,Delhi
MAR_002499,CUST_01063,Tablet,4,18022,2026-03-21,UPI,Hyderabad
MAR_002500,CUST_02848,Headphones,3,41236,2026-03-07,Debit Card,Delhi
MAR_002501,CUST_04960,Monitor,5,30561,2026-03-26,UPI,Hyderabad
MAR_002502,CUST_04908,Smartphone,1,47482,2026-03-24,Credit Card,Hyderabad
MAR_002503,CUST_00918,Headphones,5,45735,2026-03-15,UPI,Hyderabad
MAR_002504,CUST_02297,Monitor,3,5633,2026-03-24,Cash on Delivery,Delhi
MAR_002505,CUST_02025,Monitor,2,45227,2026-03-31,Cash on Delivery,Pune
MAR_002506,CUST_00143,Mouse,3,20848,2026-03-28,Credit Card,Bangalore
MAR_002507,CUST_01627,Headphones,5,19279,2026-03-26,Cash on Delivery,Pune
MAR_002508,CUST_02046,Mouse,4,18292,2026-03-22,Credit Card,Hyderabad
MAR_002509,CUST_01246,Mouse,3,11383,2026-03-29,Debit Card,Mumbai
MAR_002510,CUST_03974,Laptop,3,38706,2026-03-24,Cash on Delivery,Hyderabad
MAR_002511,CUST_01448,Smartphone,2,47518,2026-03-27,Credit Card,Mumbai
MAR_002512,CUST_02570,Headphones,4,15653,2026-03-12,Cash on Delivery,Mumbai
MAR_002513,CUST_04710,Monitor,4,39429,2026-03-03,UPI,Bangalore
MAR_002514,CUST_04698,Monitor,5,8299,2026-03-23,Debit Card,Pune
MAR_002515,CUST_04148,Monitor,2,44118,2026-03-01,Cash on Delivery,Mumbai
MAR_002516,CUST_02862,Mouse,5,8605,2026-03-10,Cash on Delivery,Delhi
MAR_002517,CUST_03183,Laptop,3,14229,2026-03-25,UPI,Bangalore
MAR_002518,CUST_02735,Keyboard,5,43176,2026-03-15,UPI,Bangalore
MAR_002519,CUST_04587,Smartwatch,4,47671,2026-03-23,Credit Card,Chennai
MAR_002520,CUST_03840,Tablet,5,26108,2026-03-03,UPI,Delhi
MAR_002521,CUST_00614,Tablet,4,23054,2026-03-18,Debit Card,Delhi
MAR_002522,CUST_03994,Tablet,4,37115,2026-03-08,Credit Card,Chennai
MAR_002523,CUST_00915,Mouse,4,33600,2026-03-14,Credit Card,Delhi
MAR_002524,CUST_02649,Laptop,3,8911,2026-03-07,Debit Card,Pune
MAR_002525,CUST_01334,Mouse,5,15107,2026-03-30,Debit Card,Mumbai
MAR_002526,CUST_00979,Monitor,5,39073,2026-03-18,Debit Card,Bangalore
MAR_002527,CUST_04745,Monitor,2,39634,2026-03-09,Credit Card,Bangalore
MAR_002528,CUST_04029,Smartwatch,3,33499,2026-03-20,Debit Card,Mumbai
MAR_002529,CUST_02261,Smartphone,2,16989,2026-03-03,UPI,Mumbai
MAR_002530,CUST_03572,Smartphone,5,11407,2026-03-21,Cash on Delivery,Chennai
MAR_002531,CUST_03357,Laptop,4,24319,2026-03-12,UPI,Mumbai
MAR_002532,CUST_01406,Monitor,4,19037,2026-03-14,Cash on Delivery,Bangalore
MAR_002533,CUST_02632,Laptop,3,13948,2026-03-20,Credit Card,Bangalore
MAR_002534,CUST_01054,Smartwatch,1,8554,2026-03-25,Credit Card,Delhi
MAR_002535,CUST_02585,Headphones,2,27803,2026-03-28,Credit Card,Delhi
MAR_002536,CUST_00403,Smartwatch,4,24545,2026-03-21,Credit Card,Pune
MAR_002537,CUST_02091,Smartwatch,2,997,2026-03-12,Credit Card,Delhi
MAR_002538,CUST_04841,Laptop,1,25745,2026-03-04,Cash on Delivery,Chennai
MAR_002539,CUST_03074,Monitor,4,43968,2026-03-19,Cash on Delivery,Bangalore
MAR_002540,CUST_04027,Smartphone,1,47504,2026-03-19,Credit Card,Bangalore
MAR_002541,CUST_00003,Monitor,4,15362,2026-03-04,Credit Card,Bangalore
MAR_002542,CUST_02341,Headphones,5,16283,2026-03-30,Credit Card,Bangalore
MAR_002543,CUST_02268,Monitor,3,5203,2026-03-19,Credit Card,Mumbai
MAR_002544,CUST_04416,Mouse,3,32167,2026-03-01,Credit Card,Delhi
MAR_002545,CUST_03390,Headphones,3,5243,2026-03-19,UPI,Pune
MAR_002546,CUST_04547,Smartwatch,4,7866,2026-03-31,Credit Card,Mumbai
MAR_002547,CUST_00412,Smartwatch,4,27590,2026-03-05,Credit Card,Delhi
MAR_002548,CUST_00162,Mouse,5,37622,2026-03-07,Debit Card,Mumbai
MAR_002549,CUST_04451,Tablet,5,32589,2026-03-21,Cash on Delivery,Bangalore
MAR_002550,CUST_04018,Laptop,5,27357,2026-03-15,UPI,Delhi
MAR_002551,CUST_00984,Smartwatch,5,4879,2026-03-29,Credit Card,Delhi
MAR_002552,CUST_03566,Smartwatch,5,40887,2026-03-25,Debit Card,Pune
MAR_002553,CUST_03166,Mouse,5,41391,2026-03-12,Cash on Delivery,Mumbai
MAR_002554,CUST_01546,Smartwatch,3,16018,2026-03-05,Cash on Delivery,Delhi
MAR_002555,CUST_01186,Smartphone,5,19252,2026-03-22,Debit Card,Hyderabad
MAR_002556,CUST_01608,Mouse,3,19440,2026-03-13,Credit Card,Hyderabad
MAR_002557,CUST_03077,Monitor,5,26366,2026-03-17,Cash on Delivery,Chennai
MAR_002558,CUST_04133,Tablet,5,32128,2026-03-13,Debit Card,Hyderabad
MAR_002559,CUST_03327,Monitor,3,46830,2026-03-29,Cash on Delivery,Chennai
MAR_002560,CUST_02937,Monitor,5,7173,2026-03-22,Debit Card,Mumbai
MAR_002561,CUST_04732,Smartwatch,1,14150,2026-03-27,Credit Card,Bangalore
MAR_002562,CUST_01961,Monitor,2,23498,2026-03-21,UPI,Mumbai
MAR_002563,CUST_02624,Mouse,3,39184,2026-03-22,Cash on Delivery,Pune
MAR_002564,CUST_01834,Mouse,1,32214,2026-03-24,Debit Card,Chennai
MAR_002565,CUST_04933,Tablet,4,46358,2026-03-02,Cash on Delivery,Delhi
MAR_002566,CUST_00371,Headphones,3,2715,2026-03-28,Credit Card,Bangalore
MAR_002567,CUST_04389,Smartwatch,4,8287,2026-03-30,Debit Card,Mumbai
MAR_002568,CUST_00664,Mouse,4,36684,2026-03-02,Credit Card,Delhi
MAR_002569,CUST_01459,Smartphone,1,46637,2026-03-23,Credit Card,Chennai
MAR_002570,CUST_01939,Mouse,2,28642,2026-03-24,Credit Card,Hyderabad
MAR_002571,CUST_03382,Monitor,5,38790,2026-03-08,UPI,Bangalore
MAR_002572,CUST_03604,Keyboard,4,29183,2026-03-08,UPI,Hyderabad
MAR_002573,CUST_00871,Smartphone,1,2088,2026-03-29,UPI,Pune
MAR_002574,CUST_04172,Mouse,5,34291,2026-03-11,Debit Card,Chennai
MAR_002575,CUST_04800,Smartwatch,2,49921,2026-03-15,Cash on Delivery,Hyderabad
MAR_002576,CUST_03147,Monitor,5,30275,2026-03-01,Cash on Delivery,Mumbai
MAR_002577,CUST_04362,Smartphone,3,19359,2026-03-26,Cash on Delivery,Delhi
MAR_002578,CUST_01168,Keyboard,2,49860,2026-03-23,Debit Card,Hyderabad
MAR_002579,CUST_04300,Mouse,4,26072,2026-03-27,UPI,Chennai
MAR_002580,CUST_04405,Keyboard,4,19612,2026-03-19,Debit Card,Hyderabad
MAR_002581,CUST_02431,Smartwatch,5,16115,2026-03-16,Credit Card,Delhi
MAR_002582,CUST_03138,Headphones,5,22984,2026-03-25,UPI,Mumbai
MAR_002583,CUST_00471,Monitor,2,18361,2026-03-01,Cash on Delivery,Bangalore
MAR_002584,CUST_02172,Smartphone,5,37153,2026-03-03,UPI,Mumbai
MAR_002585,CUST_04458,Headphones,2,36628,2026-03-16,Debit Card,Mumbai
MAR_002586,CUST_03444,Headphones,1,45040,2026-03-30,Credit Card,Delhi
MAR_002587,CUST_02720,Smartwatch,1,32238,2026-03-29,UPI,Bangalore
MAR_002588,CUST_03351,Keyboard,5,33761,2026-03-07,Debit Card,Hyderabad
MAR_002589,CUST_02952,Headphones,2,7348,2026-03-05,UPI,Bangalore
MAR_002590,CUST_00161,Tablet,5,41535,2026-03-24,Debit Card,Delhi
MAR_002591,CUST_00154,Smartwatch,4,2815,2026-03-06,UPI,Bangalore
MAR_002592,CUST_00149,Monitor,2,43214,2026-03-02,Cash on Delivery,Mumbai
MAR_002593,CUST_03877,Tablet,5,49889,2026-03-21,Debit Card,Hyderabad
MAR_002594,CUST_03718,Monitor,2,15068,2026-03-25,Debit Card,Chennai
MAR_002595,CUST_03741,Tablet,1,20296,2026-03-22,Cash on Delivery,Hyderabad
MAR_002596,CUST_04135,Laptop,5,43848,2026-03-26,Credit Card,Pune
MAR_002597,CUST_04521,Headphones,1,43341,2026-03-14,Cash on Delivery,Delhi
MAR_002598,CUST_02437,Tablet,4,16994,2026-03-01,Cash on Delivery,Bangalore
MAR_002599,CUST_04413,Laptop,2,16188,2026-03-12,Debit Card,Bangalore
MAR_002600,CUST_03630,Keyboard,4,14338,2026-03-23,Credit Card,Chennai
MAR_002601,CUST_02146,Tablet,3,28734,2026-03-30,UPI,Delhi
MAR_002602,CUST_00423,Keyboard,2,3933,2026-03-02,Debit Card,Bangalore
MAR_002603,CUST_03808,Monitor,1,3319,2026-03-14,Credit Card,Hyderabad
MAR_002604,CUST_00303,Keyboard,2,16964,2026-03-17,Debit Card,Bangalore
MAR_002605,CUST_00918,Smartwatch,3,10533,2026-03-25,Debit Card,Chennai
MAR_002606,CUST_03835,Keyboard,4,605,2026-03-22,UPI,Delhi
MAR_002607,CUST_04248,Keyboard,4,45903,2026-03-12,Credit Card,Mumbai
MAR_002608,CUST_00127,Mouse,1,23956,2026-03-14,UPI,Mumbai
MAR_002609,CUST_01197,Mouse,1,15737,2026-03-30,Debit Card,Mumbai
MAR_002610,CUST_03247,Smartphone,1,38725,2026-03-11,UPI,Delhi
MAR_002611,CUST_00038,Smartphone,2,25342,2026-03-13,Credit Card,Chennai
MAR_002612,CUST_00165,Smartphone,4,27249,2026-03-08,Cash on Delivery,Delhi
MAR_002613,CUST_01327,Headphones,3,48703,2026-03-17,Credit Card,Mumbai
MAR_002614,CUST_02945,Monitor,2,36578,2026-03-12,Debit Card,Mumbai
MAR_002615,CUST_02726,Mouse,1,18843,2026-03-29,Cash on Delivery,Delhi
MAR_002616,CUST_02010,Smartphone,4,42685,2026-03-16,Cash on Delivery,Mumbai
MAR_002617,CUST_03542,Mouse,5,7489,2026-03-08,UPI,Mumbai
MAR_002618,CUST_00103,Keyboard,1,22596,2026-03-18,UPI,Delhi
MAR_002619,CUST_04835,Headphones,2,23899,2026-03-07,Cash on Delivery,Mumbai
MAR_002620,CUST_02611,Smartwatch,5,10599,2026-03-07,Debit Card,Bangalore
MAR_002621,CUST_00990,Monitor,2,39278,2026-03-19,Credit Card,Delhi
MAR_002622,CUST_03801,Tablet,1,26803,2026-03-07,Debit Card,Delhi
MAR_002623,CUST_03829,Monitor,1,14909,2026-03-22,Cash on Delivery,Delhi
MAR_002624,CUST_00649,Laptop,1,16238,2026-03-31,Debit Card,Delhi
MAR_002625,CUST_04334,Mouse,5,24944,2026-03-24,Debit Card,Pune
MAR_002626,CUST_00187,Headphones,5,2061,2026-03-06,Debit Card,Delhi
MAR_002627,CUST_00526,Keyboard,3,44921,2026-03-20,Credit Card,Pune
MAR_002628,CUST_00161,Mouse,1,47436,2026-03-12,Cash on Delivery,Pune
MAR_002629,CUST_04223,Mouse,3,16012,2026-03-12,Cash on Delivery,Mumbai
MAR_002630,CUST_04503,Headphones,2,43824,2026-03-02,Cash on Delivery,Delhi
MAR_002631,CUST_01812,Smartphone,1,4179,2026-03-07,Credit Card,Bangalore
MAR_002632,CUST_04091,Smartphone,4,48996,2026-03-26,Debit Card,Delhi
MAR_002633,CUST_02371,Smartwatch,2,11766,2026-03-29,Credit Card,Pune
MAR_002634,CUST_03153,Keyboard,3,38749,2026-03-07,Debit Card,Delhi
MAR_002635,CUST_01676,Mouse,5,39830,2026-03-06,Credit Card,Chennai
MAR_002636,CUST_01488,Monitor,5,25222,2026-03-16,Debit Card,Chennai
MAR_002637,CUST_01357,Monitor,2,42157,2026-03-21,Debit Card,Pune
MAR_002638,CUST_03135,Smartwatch,5,10176,2026-03-06,Debit Card,Hyderabad
MAR_002639,CUST_04287,Headphones,1,5445,2026-03-03,UPI,Pune
MAR_002640,CUST_01761,Smartphone,3,40106,2026-03-28,Cash on Delivery,Mumbai
MAR_002641,CUST_04395,Headphones,1,14851,2026-03-17,Cash on Delivery,Hyderabad
MAR_002642,CUST_01368,Laptop,5,5908,2026-03-31,Cash on Delivery,Delhi
MAR_002643,CUST_01180,Monitor,5,1493,2026-03-03,Credit Card,Hyderabad
MAR_002644,CUST_00279,Monitor,4,16429,2026-03-04,Cash on Delivery,Chennai
MAR_002645,CUST_00048,Laptop,4,34954,2026-03-08,Credit Card,Chennai
MAR_002646,CUST_02378,Headphones,1,7889,2026-03-08,UPI,Delhi
MAR_002647,CUST_00071,Headphones,4,6836,2026-03-28,Debit Card,Mumbai
MAR_002648,CUST_02417,Keyboard,2,34308,2026-03-15,UPI,Delhi
MAR_002649,CUST_04569,Laptop,4,12207,2026-03-01,Cash on Delivery,Delhi
MAR_002650,CUST_02105,Tablet,2,37830,2026-03-24,Debit Card,Delhi
MAR_002651,CUST_00870,Smartwatch,4,28453,2026-03-08,UPI,Delhi
MAR_002652,CUST_03438,Smartphone,4,43275,2026-03-25,Cash on Delivery,Pune
MAR_002653,CUST_03378,Keyboard,2,30688,2026-03-21,Debit Card,Pune
MAR_002654,CUST_00540,Headphones,3,13225,2026-03-06,Credit Card,Pune
MAR_002655,CUST_04875,Smartphone,5,15770,2026-03-09,Debit Card,Hyderabad
MAR_002656,CUST_04011,Mouse,5,30849,2026-03-26,UPI,Hyderabad
MAR_002657,CUST_03320,Headphones,2,36560,2026-03-21,Cash on Delivery,Hyderabad
MAR_002658,CUST_00490,Mouse,4,33268,2026-03-11,UPI,Chennai
MAR_002659,CUST_02033,Laptop,5,27267,2026-03-17,Credit Card,Pune
MAR_002660,CUST_01973,Tablet,5,20530,2026-03-13,UPI,Chennai
MAR_002661,CUST_03321,Laptop,5,44553,2026-03-21,UPI,Hyderabad
MAR_002662,CUST_04179,Keyboard,5,17457,2026-03-28,UPI,Mumbai
MAR_002663,CUST_04353,Smartphone,4,46717,2026-03-19,Credit Card,Bangalore
MAR_002664,CUST_00366,Keyboard,3,33164,2026-03-24,Credit Card,Hyderabad
MAR_002665,CUST_02133,Smartphone,3,13629,2026-03-04,Cash on Delivery,Mumbai
MAR_002666,CUST_00188,Mouse,2,24822,2026-03-09,Cash on Delivery,Pune
MAR_002667,CUST_00357,Mouse,1,18088,2026-03-18,UPI,Mumbai
MAR_002668,CUST_01049,Smartwatch,1,41742,2026-03-05,Credit Card,Hyderabad
MAR_002669,CUST_03836,Keyboard,1,46217,2026-03-25,Debit Card,Bangalore
MAR_002670,CUST_01784,Smartwatch,1,38726,2026-03-16,Cash on Delivery,Bangalore
MAR_002671,CUST_03865,Headphones,5,33315,2026-03-06,Debit Card,Mumbai
MAR_002672,CUST_00406,Laptop,4,26624,2026-03-21,Debit Card,Delhi
MAR_002673,CUST_03269,Mouse,3,34314,2026-03-27,UPI,Chennai
MAR_002674,CUST_04860,Keyboard,3,38527,2026-03-07,Credit Card,Mumbai
MAR_002675,CUST_04294,Monitor,3,6873,2026-03-31,Credit Card,Pune
MAR_002676,CUST_00741,Mouse,4,37336,2026-03-03,Cash on Delivery,Delhi
MAR_002677,CUST_01593,Keyboard,4,23288,2026-03-26,Cash on Delivery,Bangalore
MAR_002678,CUST_02112,Headphones,2,35639,2026-03-24,UPI,Bangalore
MAR_002679,CUST_04173,Smartwatch,5,13899,2026-03-06,UPI,Hyderabad
MAR_002680,CUST_01560,Keyboard,2,21997,2026-03-18,Credit Card,Hyderabad
MAR_002681,CUST_03926,Keyboard,2,31874,2026-03-20,Debit Card,Delhi
MAR_002682,CUST_01602,Tablet,4,38556,2026-03-22,UPI,Delhi
MAR_002683,CUST_04378,Smartwatch,4,2764,2026-03-24,Debit Card,Hyderabad
MAR_002684,CUST_02268,Headphones,5,45709,2026-03-11,Cash on Delivery,Bangalore
MAR_002685,CUST_02094,Keyboard,1,30825,2026-03-02,UPI,Pune
MAR_002686,CUST_00273,Keyboard,5,18218,2026-03-05,Cash on Delivery,Pune
MAR_002687,CUST_04663,Mouse,4,4198,2026-03-25,Debit Card,Chennai
MAR_002688,CUST_03917,Keyboard,4,11468,2026-03-23,Cash on Delivery,Pune
MAR_002689,CUST_01653,Monitor,1,44856,2026-03-11,Credit Card,Bangalore
MAR_002690,CUST_01981,Laptop,5,48312,2026-03-09,Credit Card,Mumbai
MAR_002691,CUST_03268,Mouse,1,40555,2026-03-26,Debit Card,Mumbai
MAR_002692,CUST_03779,Mouse,5,43522,2026-03-17,UPI,Bangalore
MAR_002693,CUST_00607,Keyboard,3,38820,2026-03-20,Credit Card,Pune
MAR_002694,CUST_02415,Monitor,4,20149,2026-03-31,UPI,Pune
MAR_002695,CUST_00639,Smartphone,3,14651,2026-03-12,Cash on Delivery,Hyderabad
MAR_002696,CUST_02119,Monitor,4,14066,2026-03-31,Credit Card,Delhi
MAR_002697,CUST_00456,Smartphone,1,15780,2026-03-28,Debit Card,Delhi
MAR_002698,CUST_03947,Monitor,4,4645,2026-03-15,Cash on Delivery,Bangalore
MAR_002699,CUST_04522,Tablet,2,12755,2026-03-16,Credit Card,Pune
MAR_002700,CUST_04772,Tablet,4,17416,2026-03-12,Credit Card,Mumbai
MAR_002701,CUST_00276,Smartwatch,1,4901,2026-03-16,Cash on Delivery,Mumbai
MAR_002702,CUST_03789,Keyboard,1,47639,2026-03-06,Debit Card,Chennai
MAR_002703,CUST_03608,Monitor,3,39262,2026-03-12,Credit Card,Mumbai
MAR_002704,CUST_01442,Smartwatch,3,24006,2026-03-17,Credit Card,Hyderabad
MAR_002705,CUST_03730,Mouse,4,6287,2026-03-24,Credit Card,Mumbai
MAR_002706,CUST_01721,Smartphone,4,41502,2026-03-31,Debit Card,Delhi
MAR_002707,CUST_00360,Smartphone,4,7281,2026-03-21,Credit Card,Delhi
MAR_002708,CUST_03013,Smartphone,1,32019,2026-03-23,Debit Card,Mumbai
MAR_002709,CUST_03199,Laptop,3,23325,2026-03-18,Cash on Delivery,Pune
MAR_002710,CUST_00615,Headphones,5,49601,2026-03-26,Credit Card,Hyderabad
MAR_002711,CUST_04938,Smartphone,5,21410,2026-03-18,UPI,Delhi
MAR_002712,CUST_04490,Keyboard,3,33835,2026-03-09,Debit Card,Hyderabad
MAR_002713,CUST_00075,Keyboard,1,24557,2026-03-27,UPI,Delhi
MAR_002714,CUST_02635,Smartwatch,3,419,2026-03-23,Debit Card,Mumbai
MAR_002715,CUST_04607,Mouse,3,43415,2026-03-11,Debit Card,Hyderabad
MAR_002716,CUST_02549,Smartwatch,5,44322,2026-03-12,UPI,Mumbai
MAR_002717,CUST_04166,Laptop,4,17683,2026-03-15,Cash on Delivery,Mumbai
MAR_002718,CUST_02213,Smartwatch,4,27411,2026-03-13,Cash on Delivery,Pune
MAR_002719,CUST_00448,Smartphone,1,25561,2026-03-08,Credit Card,Hyderabad
MAR_002720,CUST_01343,Smartphone,2,23307,2026-03-24,Debit Card,Bangalore
MAR_002721,CUST_04654,Keyboard,5,44285,2026-03-13,Debit Card,Bangalore
MAR_002722,CUST_03598,Laptop,1,18832,2026-03-11,Credit Card,Pune
MAR_002723,CUST_02600,Mouse,5,8616,2026-03-12,Credit Card,Pune
MAR_002724,CUST_00706,Keyboard,3,24416,2026-03-02,Debit Card,Bangalore
MAR_002725,CUST_04086,Monitor,4,49209,2026-03-22,Cash on Delivery,Hyderabad
MAR_002726,CUST_02434,Mouse,4,10018,2026-03-28,UPI,Chennai
MAR_002727,CUST_02516,Tablet,1,26151,2026-03-20,Cash on Delivery,Delhi
MAR_002728,CUST_00914,Monitor,4,37469,2026-03-22,Credit Card,Delhi
MAR_002729,CUST_02929,Mouse,3,29246,2026-03-04,Debit Card,Hyderabad
MAR_002730,CUST_03182,Laptop,2,23221,2026-03-30,Debit Card,Mumbai
MAR_002731,CUST_01171,Laptop,1,26132,2026-03-21,Debit Card,Pune
MAR_002732,CUST_01029,Smartphone,5,19346,2026-03-25,Credit Card,Delhi
MAR_002733,CUST_04502,Tablet,5,10274,2026-03-16,Credit Card,Mumbai
MAR_002734,CUST_00809,Tablet,2,45146,2026-03-26,Cash on Delivery,Bangalore
MAR_002735,CUST_00683,Mouse,4,45800,2026-03-08,UPI,Pune
MAR_002736,CUST_04338,Smartphone,1,43965,2026-03-24,Cash on Delivery,Chennai
MAR_002737,CUST_03770,Keyboard,3,10935,2026-03-15,Cash on Delivery,Pune
MAR_002738,CUST_01739,Smartwatch,3,19754,2026-03-01,Cash on Delivery,Mumbai
MAR_002739,CUST_04571,Keyboard,4,16571,2026-03-23,Cash on Delivery,Chennai
MAR_002740,CUST_03933,Keyboard,3,25182,2026-03-14,Credit Card,Hyderabad
MAR_002741,CUST_00917,Smartwatch,4,9293,2026-03-12,Cash on Delivery,Pune
MAR_002742,CUST_01084,Keyboard,3,46250,2026-03-13,UPI,Bangalore
MAR_002743,CUST_03551,Mouse,4,48046,2026-03-01,UPI,Delhi
MAR_002744,CUST_01654,Keyboard,5,31823,2026-03-22,UPI,Pune
MAR_002745,CUST_02775,Mouse,3,42926,2026-03-23,UPI,Pune
MAR_002746,CUST_02978,Laptop,4,30291,2026-03-13,Cash on Delivery,Hyderabad
MAR_002747,CUST_00814,Smartwatch,2,15834,2026-03-22,Credit Card,Chennai
MAR_002748,CUST_04040,Monitor,2,22987,2026-03-10,Cash on Delivery,Delhi
MAR_002749,CUST_03053,Smartwatch,2,16619,2026-03-17,Credit Card,Hyderabad
MAR_002750,CUST_00435,Tablet,2,30611,2026-03-06,Debit Card,Chennai
MAR_002751,CUST_01492,Headphones,4,9383,2026-03-12,Credit Card,Bangalore
MAR_002752,CUST_04770,Headphones,2,33442,2026-03-13,Debit Card,Delhi
MAR_002753,CUST_04268,Tablet,4,33421,2026-03-26,Debit Card,Hyderabad
MAR_002754,CUST_00104,Smartphone,2,21932,2026-03-02,Credit Card,Pune
MAR_002755,CUST_00496,Tablet,5,11714,2026-03-13,Cash on Delivery,Delhi
MAR_002756,CUST_03221,Tablet,4,7465,2026-03-01,UPI,Delhi
MAR_002757,CUST_00455,Smartphone,1,47595,2026-03-24,Credit Card,Bangalore
MAR_002758,CUST_04754,Smartphone,4,46380,2026-03-26,UPI,Pune
MAR_002759,CUST_04799,Headphones,5,33343,2026-03-14,Debit Card,Mumbai
MAR_002760,CUST_02871,Headphones,4,13070,2026-03-16,Cash on Delivery,Chennai
MAR_002761,CUST_00273,Tablet,2,29663,2026-03-31,UPI,Pune
MAR_002762,CUST_04345,Monitor,2,34052,2026-03-14,Cash on Delivery,Bangalore
MAR_002763,CUST_03649,Smartphone,2,35518,2026-03-15,Cash on Delivery,Pune
MAR_002764,CUST_00538,Headphones,5,38724,2026-03-30,UPI,Pune
MAR_002765,CUST_04558,Laptop,4,49213,2026-03-02,Cash on Delivery,Bangalore
MAR_002766,CUST_01268,Headphones,2,20748,2026-03-01,UPI,Delhi
MAR_002767,CUST_00317,Smartphone,1,32954,2026-03-10,Credit Card,Mumbai
MAR_002768,CUST_04796,Smartwatch,1,48257,2026-03-03,UPI,Delhi
MAR_002769,CUST_02962,Smartwatch,3,33900,2026-03-31,Cash on Delivery,Bangalore
MAR_002770,CUST_04096,Smartphone,1,31801,2026-03-10,Credit Card,Hyderabad
MAR_002771,CUST_02688,Headphones,4,26241,2026-03-27,UPI,Bangalore
MAR_002772,CUST_03162,Monitor,4,3751,2026-03-02,Cash on Delivery,Mumbai
MAR_002773,CUST_03522,Smartphone,2,11441,2026-03-05,UPI,Bangalore
MAR_002774,CUST_00238,Monitor,3,31627,2026-03-23,Cash on Delivery,Hyderabad
MAR_002775,CUST_00075,Smartphone,4,12386,2026-03-11,Credit Card,Hyderabad
MAR_002776,CUST_03976,Laptop,2,29742,2026-03-02,Debit Card,Chennai
MAR_002777,CUST_02267,Smartphone,5,6085,2026-03-09,Cash on Delivery,Bangalore
MAR_002778,CUST_02389,Smartphone,4,12229,2026-03-05,UPI,Hyderabad
MAR_002779,CUST_01166,Monitor,5,47159,2026-03-28,Debit Card,Pune
MAR_002780,CUST_00989,Mouse,4,40657,2026-03-26,UPI,Delhi
MAR_002781,CUST_00273,Keyboard,2,6931,2026-03-26,UPI,Delhi
MAR_002782,CUST_01868,Laptop,2,11258,2026-03-18,Credit Card,Bangalore
MAR_002783,CUST_04008,Tablet,5,33366,2026-03-14,UPI,Bangalore
MAR_002784,CUST_04844,Smartphone,1,29333,2026-03-04,UPI,Chennai
MAR_002785,CUST_04655,Mouse,3,22935,2026-03-30,Cash on Delivery,Hyderabad
MAR_002786,CUST_00621,Headphones,3,33037,2026-03-18,Credit Card,Pune
MAR_002787,CUST_03577,Smartphone,1,43390,2026-03-09,Debit Card,Delhi
MAR_002788,CUST_02106,Smartphone,5,42052,2026-03-09,Cash on Delivery,Chennai
MAR_002789,CUST_04591,Keyboard,2,8475,2026-03-23,Cash on Delivery,Pune
MAR_002790,CUST_00695,Smartwatch,5,47380,2026-03-29,Cash on Delivery,Bangalore
MAR_002791,CUST_01275,Monitor,1,1416,2026-03-28,Debit Card,Mumbai
MAR_002792,CUST_01917,Laptop,4,34591,2026-03-28,Credit Card,Hyderabad
MAR_002793,CUST_01306,Smartwatch,5,9267,2026-03-03,Debit Card,Bangalore
MAR_002794,CUST_00923,Tablet,1,36667,2026-03-21,Debit Card,Bangalore
MAR_002795,CUST_02289,Keyboard,5,17038,2026-03-13,Credit Card,Hyderabad
MAR_002796,CUST_01403,Headphones,1,31022,2026-03-12,Credit Card,Mumbai
MAR_002797,CUST_03089,Mouse,5,36296,2026-03-03,UPI,Mumbai
MAR_002798,CUST_02840,Mouse,2,31432,2026-03-14,Cash on Delivery,Mumbai
MAR_002799,CUST_03521,Headphones,2,15416,2026-03-27,UPI,Pune
MAR_002800,CUST_00893,Keyboard,2,13805,2026-03-07,UPI,Hyderabad
MAR_002801,CUST_00780,Smartphone,1,43248,2026-03-18,Credit Card,Hyderabad
MAR_002802,CUST_04607,Tablet,2,19947,2026-03-27,Cash on Delivery,Mumbai
MAR_002803,CUST_03381,Mouse,3,38161,2026-03-02,Credit Card,Bangalore
MAR_002804,CUST_00021,Laptop,1,37525,2026-03-26,Credit Card,Chennai
MAR_002805,CUST_00466,Smartwatch,3,16007,2026-03-27,Cash on Delivery,Delhi
MAR_002806,CUST_02419,Headphones,2,34894,2026-03-08,Credit Card,Mumbai
MAR_002807,CUST_00703,Mouse,5,45316,2026-03-23,Debit Card,Mumbai
MAR_002808,CUST_03988,Smartwatch,1,12291,2026-03-16,Debit Card,Hyderabad
MAR_002809,CUST_03293,Smartphone,3,36131,2026-03-24,Debit Card,Bangalore
MAR_002810,CUST_02305,Laptop,2,29628,2026-03-12,Debit Card,Mumbai
MAR_002811,CUST_04341,Smartphone,1,6370,2026-03-15,Credit Card,Pune
MAR_002812,CUST_02286,Headphones,1,3843,2026-03-26,Credit Card,Hyderabad
MAR_002813,CUST_00541,Laptop,4,23776,2026-03-16,Debit Card,Pune
MAR_002814,CUST_01582,Keyboard,2,44306,2026-03-14,Cash on Delivery,Mumbai
MAR_002815,CUST_00389,Smartphone,3,35374,2026-03-18,Credit Card,Mumbai
MAR_002816,CUST_04723,Tablet,3,34442,2026-03-04,Credit Card,Pune
MAR_002817,CUST_01208,Laptop,5,16428,2026-03-01,UPI,Chennai
MAR_002818,CUST_03996,Mouse,2,48483,2026-03-21,UPI,Hyderabad
MAR_002819,CUST_03964,Monitor,4,22635,2026-03-03,Credit Card,Mumbai
MAR_002820,CUST_04476,Keyboard,5,39614,2026-03-27,UPI,Chennai
MAR_002821,CUST_02931,Keyboard,4,32934,2026-03-23,Cash on Delivery,Delhi
MAR_002822,CUST_02255,Headphones,5,46174,2026-03-03,Cash on Delivery,Bangalore
MAR_002823,CUST_03110,Monitor,5,14695,2026-03-17,UPI,Hyderabad
MAR_002824,CUST_01483,Smartwatch,1,44190,2026-03-06,Credit Card,Mumbai
MAR_002825,CUST_01560,Mouse,1,2159,2026-03-08,Credit Card,Bangalore
MAR_002826,CUST_04615,Monitor,3,25708,2026-03-27,Debit Card,Mumbai
MAR_002827,CUST_00329,Tablet,2,11932,2026-03-13,Cash on Delivery,Mumbai
MAR_002828,CUST_00795,Headphones,4,26095,2026-03-06,Cash on Delivery,Chennai
MAR_002829,CUST_02182,Headphones,2,38075,2026-03-15,UPI,Bangalore
MAR_002830,CUST_02369,Smartphone,2,45627,2026-03-22,Credit Card,Pune
MAR_002831,CUST_00178,Tablet,5,43324,2026-03-26,Debit Card,Delhi
MAR_002832,CUST_00630,Monitor,2,34953,2026-03-29,Debit Card,Bangalore
MAR_002833,CUST_03397,Laptop,5,39462,2026-03-31,Cash on Delivery,Pune
MAR_002834,CUST_02253,Smartwatch,3,19814,2026-03-31,Cash on Delivery,Delhi
MAR_002835,CUST_01759,Smartphone,5,30848,2026-03-16,Credit Card,Mumbai
MAR_002836,CUST_01344,Keyboard,2,32754,2026-03-25,UPI,Hyderabad
MAR_002837,CUST_02515,Mouse,4,27590,2026-03-15,Credit Card,Chennai
MAR_002838,CUST_04651,Monitor,1,49066,2026-03-24,Debit Card,Bangalore
MAR_002839,CUST_03001,Smartphone,2,29862,2026-03-22,Credit Card,Bangalore
MAR_002840,CUST_04579,Monitor,4,14474,2026-03-09,Debit Card,Chennai
MAR_002841,CUST_01016,Monitor,1,44615,2026-03-06,Debit Card,Chennai
MAR_002842,CUST_01714,Laptop,4,7709,2026-03-08,Debit Card,Pune
MAR_002843,CUST_04509,Keyboard,4,30014,2026-03-12,Cash on Delivery,Hyderabad
MAR_002844,CUST_02066,Keyboard,1,24639,2026-03-10,Debit Card,Pune
MAR_002845,CUST_04966,Monitor,4,17912,2026-03-18,UPI,Pune
MAR_002846,CUST_01010,Laptop,2,27534,2026-03-31,Credit Card,Mumbai
MAR_002847,CUST_01552,Smartwatch,3,1918,2026-03-02,Cash on Delivery,Mumbai
MAR_002848,CUST_04147,Keyboard,3,49991,2026-03-12,Cash on Delivery,Chennai
MAR_002849,CUST_02523,Keyboard,1,6598,2026-03-21,UPI,Pune
MAR_002850,CUST_01136,Smartphone,3,21626,2026-03-09,Cash on Delivery,Hyderabad
MAR_002851,CUST_04261,Mouse,3,38086,2026-03-06,Credit Card,Pune
MAR_002852,CUST_03758,Smartphone,2,43761,2026-03-24,Cash on Delivery,Chennai
MAR_002853,CUST_04436,Smartphone,4,24434,2026-03-25,Credit Card,Bangalore
MAR_002854,CUST_01585,Monitor,5,12968,2026-03-15,Credit Card,Delhi
MAR_002855,CUST_02241,Mouse,5,30565,2026-03-15,Cash on Delivery,Mumbai
MAR_002856,CUST_00421,Headphones,2,33378,2026-03-30,UPI,Hyderabad
MAR_002857,CUST_01683,Mouse,2,44642,2026-03-27,UPI,Delhi
MAR_002858,CUST_01970,Tablet,3,7120,2026-03-07,Cash on Delivery,Pune
MAR_002859,CUST_01962,Headphones,2,1107,2026-03-19,Cash on Delivery,Delhi
MAR_002860,CUST_01312,Smartphone,5,4875,2026-03-02,UPI,Chennai
MAR_002861,CUST_04204,Mouse,2,18932,2026-03-04,Cash on Delivery,Delhi
MAR_002862,CUST_04536,Headphones,1,41977,2026-03-03,Credit Card,Mumbai
MAR_002863,CUST_02544,Headphones,4,33861,2026-03-27,UPI,Chennai
MAR_002864,CUST_01147,Tablet,2,20846,2026-03-07,Cash on Delivery,Mumbai
MAR_002865,CUST_00684,Smartwatch,4,43357,2026-03-18,Cash on Delivery,Hyderabad
MAR_002866,CUST_04156,Laptop,2,39843,2026-03-20,Debit Card,Delhi
MAR_002867,CUST_01294,Keyboard,5,47041,2026-03-23,Debit Card,Mumbai
MAR_002868,CUST_01902,Monitor,1,12150,2026-03-14,Cash on Delivery,Bangalore
MAR_002869,CUST_03678,Mouse,5,34942,2026-03-11,Credit Card,Pune
MAR_002870,CUST_03002,Laptop,3,11419,2026-03-06,UPI,Hyderabad
MAR_002871,CUST_04260,Monitor,2,22634,2026-03-08,Debit Card,Bangalore
MAR_002872,CUST_02031,Mouse,3,38834,2026-03-25,UPI,Delhi
MAR_002873,CUST_02266,Laptop,5,27763,2026-03-17,Debit Card,Pune
MAR_002874,CUST_02021,Headphones,4,29215,2026-03-06,Credit Card,Pune
MAR_002875,CUST_00126,Keyboard,3,11169,2026-03-05,Cash on Delivery,Mumbai
MAR_002876,CUST_02641,Smartwatch,5,22507,2026-03-23,Credit Card,Delhi
MAR_002877,CUST_00222,Smartphone,4,24935,2026-03-22,UPI,Mumbai
MAR_002878,CUST_01891,Smartwatch,3,6881,2026-03-27,Cash on Delivery,Hyderabad
MAR_002879,CUST_01108,Monitor,4,42687,2026-03-21,Credit Card,Mumbai
MAR_002880,CUST_02361,Tablet,2,18268,2026-03-10,UPI,Pune
MAR_002881,CUST_03479,Smartphone,2,33719,2026-03-24,Credit Card,Pune
MAR_002882,CUST_04568,Tablet,1,48525,2026-03-16,Cash on Delivery,Delhi
MAR_002883,CUST_00227,Keyboard,5,27185,2026-03-04,Credit Card,Hyderabad
MAR_002884,CUST_03569,Smartwatch,4,43017,2026-03-26,Credit Card,Pune
MAR_002885,CUST_03262,Tablet,1,38352,2026-03-01,Cash on Delivery,Bangalore
MAR_002886,CUST_04623,Monitor,2,6985,2026-03-26,UPI,Mumbai
MAR_002887,CUST_00129,Smartwatch,4,10577,2026-03-30,UPI,Bangalore
MAR_002888,CUST_04392,Smartwatch,2,27111,2026-03-06,Debit Card,Delhi
MAR_002889,CUST_01822,Tablet,1,29498,2026-03-21,Cash on Delivery,Bangalore
MAR_002890,CUST_01176,Monitor,1,11731,2026-03-15,Credit Card,Chennai
MAR_002891,CUST_01710,Laptop,5,18514,2026-03-05,UPI,Bangalore
MAR_002892,CUST_00073,Laptop,5,46775,2026-03-04,Cash on Delivery,Delhi
MAR_002893,CUST_01527,Monitor,5,48345,2026-03-31,Credit Card,Pune
MAR_002894,CUST_02709,Monitor,3,17030,2026-03-11,Cash on Delivery,Bangalore
MAR_002895,CUST_03210,Mouse,3,32187,2026-03-13,UPI,Mumbai
MAR_002896,CUST_00084,Monitor,2,2744,2026-03-22,Debit Card,Chennai
MAR_002897,CUST_01333,Mouse,4,45359,2026-03-16,Cash on Delivery,Chennai
MAR_002898,CUST_03450,Tablet,5,11247,2026-03-07,Debit Card,Mumbai
MAR_002899,CUST_00191,Mouse,1,20856,2026-03-14,Debit Card,Hyderabad
MAR_002900,CUST_00461,Keyboard,3,48335,2026-03-03,Cash on Delivery,Delhi
MAR_002901,CUST_02827,Monitor,1,12740,2026-03-03,Debit Card,Delhi
MAR_002902,CUST_02476,Smartphone,5,48238,2026-03-26,Credit Card,Hyderabad
MAR_002903,CUST_02163,Headphones,4,2930,2026-03-09,UPI,Delhi
MAR_002904,CUST_02241,Tablet,1,34966,2026-03-04,Debit Card,Pune
MAR_002905,CUST_04933,Laptop,5,21782,2026-03-19,Credit Card,Hyderabad
MAR_002906,CUST_00709,Smartwatch,4,6502,2026-03-10,Cash on Delivery,Bangalore
MAR_002907,CUST_00033,Laptop,2,25977,2026-03-04,Credit Card,Mumbai
MAR_002908,CUST_02855,Keyboard,2,30680,2026-03-11,Cash on Delivery,Chennai
MAR_002909,CUST_01423,Tablet,5,33754,2026-03-24,UPI,Chennai
MAR_002910,CUST_02773,Laptop,1,542,2026-03-20,Credit Card,Pune
MAR_002911,CUST_02043,Laptop,2,10385,2026-03-19,Credit Card,Delhi
MAR_002912,CUST_01750,Monitor,5,16710,2026-03-10,Credit Card,Hyderabad
MAR_002913,CUST_03593,Headphones,2,44273,2026-03-12,Debit Card,Mumbai
MAR_002914,CUST_03898,Mouse,5,35676,2026-03-12,Cash on Delivery,Chennai
MAR_002915,CUST_01707,Keyboard,2,28170,2026-03-08,Debit Card,Hyderabad
MAR_002916,CUST_04306,Laptop,2,33794,2026-03-11,Debit Card,Mumbai
MAR_002917,CUST_04131,Monitor,5,15419,2026-03-31,UPI,Pune
MAR_002918,CUST_01192,Smartwatch,3,45637,2026-03-20,Credit Card,Bangalore
MAR_002919,CUST_03277,Laptop,5,7154,2026-03-24,Debit Card,Pune
MAR_002920,CUST_04551,Tablet,2,16732,2026-03-11,Debit Card,Mumbai
MAR_002921,CUST_02319,Tablet,4,46062,2026-03-25,UPI,Hyderabad
MAR_002922,CUST_00446,Mouse,1,33958,2026-03-23,Cash on Delivery,Hyderabad
MAR_002923,CUST_00200,Laptop,2,43414,2026-03-10,Credit Card,Hyderabad
MAR_002924,CUST_02618,Smartphone,3,8016,2026-03-19,UPI,Bangalore
MAR_002925,CUST_00042,Mouse,5,25272,2026-03-31,Credit Card,Mumbai
MAR_002926,CUST_00900,Laptop,4,12973,2026-03-05,Cash on Delivery,Pune
MAR_002927,CUST_04012,Smartwatch,5,9750,2026-03-04,Cash on Delivery,Chennai
MAR_002928,CUST_01462,Smartphone,2,24868,2026-03-23,Credit Card,Hyderabad
MAR_002929,CUST_01144,Smartwatch,5,40865,2026-03-14,UPI,Pune
MAR_002930,CUST_04664,Monitor,4,34890,2026-03-23,UPI,Mumbai
MAR_002931,CUST_01584,Mouse,4,26814,2026-03-18,Cash on Delivery,Chennai
MAR_002932,CUST_00428,Tablet,4,33012,2026-03-09,UPI,Mumbai
MAR_002933,CUST_00252,Tablet,2,27372,2026-03-04,Credit Card,Delhi
MAR_002934,CUST_01504,Monitor,3,39636,2026-03-24,Debit Card,Pune
MAR_002935,CUST_00341,Keyboard,3,10525,2026-03-12,Credit Card,Delhi
MAR_002936,CUST_04178,Tablet,2,22250,2026-03-12,Credit Card,Mumbai
MAR_002937,CUST_04990,Laptop,2,30427,2026-03-18,Debit Card,Hyderabad
MAR_002938,CUST_00779,Smartwatch,5,22162,2026-03-30,Debit Card,Delhi
MAR_002939,CUST_04350,Monitor,4,25473,2026-03-02,Cash on Delivery,Bangalore
MAR_002940,CUST_04776,Keyboard,5,43586,2026-03-21,UPI,Pune
MAR_002941,CUST_04631,Headphones,5,32654,2026-03-16,Cash on Delivery,Delhi
MAR_002942,CUST_03733,Mouse,3,14574,2026-03-23,Cash on Delivery,Hyderabad
MAR_002943,CUST_01238,Tablet,1,38121,2026-03-07,Cash on Delivery,Chennai
MAR_002944,CUST_03477,Headphones,5,32634,2026-03-05,Cash on Delivery,Chennai
MAR_002945,CUST_00112,Mouse,4,28415,2026-03-12,Cash on Delivery,Hyderabad
MAR_002946,CUST_04613,Mouse,3,4327,2026-03-19,Cash on Delivery,Pune
MAR_002947,CUST_03034,Laptop,5,14613,2026-03-11,Debit Card,Chennai
MAR_002948,CUST_00195,Keyboard,2,3964,2026-03-02,Cash on Delivery,Delhi
MAR_002949,CUST_04789,Laptop,5,13344,2026-03-28,Cash on Delivery,Delhi
MAR_002950,CUST_04125,Tablet,4,20817,2026-03-24,UPI,Pune
MAR_002951,CUST_01835,Keyboard,1,23988,2026-03-27,Debit Card,Delhi
MAR_002952,CUST_01663,Headphones,5,14468,2026-03-22,Debit Card,Pune
MAR_002953,CUST_04780,Keyboard,3,9330,2026-03-24,Debit Card,Bangalore
MAR_002954,CUST_02229,Laptop,2,15091,2026-03-01,Cash on Delivery,Chennai
MAR_002955,CUST_00898,Smartwatch,4,30888,2026-03-05,Credit Card,Bangalore
MAR_002956,CUST_00090,Mouse,1,9235,2026-03-04,Debit Card,Mumbai
MAR_002957,CUST_02446,Keyboard,3,26061,2026-03-12,Cash on Delivery,Pune
MAR_002958,CUST_01289,Monitor,3,42776,2026-03-16,Cash on Delivery,Delhi
MAR_002959,CUST_02081,Keyboard,1,47173,2026-03-07,Credit Card,Pune
MAR_002960,CUST_00943,Mouse,1,45345,2026-03-26,Credit Card,Delhi
MAR_002961,CUST_00427,Monitor,4,27644,2026-03-28,Cash on Delivery,Mumbai
MAR_002962,CUST_04904,Laptop,4,40778,2026-03-02,Cash on Delivery,Chennai
MAR_002963,CUST_00541,Keyboard,4,17342,2026-03-03,UPI,Pune
MAR_002964,CUST_03000,Monitor,4,9716,2026-03-19,Debit Card,Mumbai
MAR_002965,CUST_03164,Tablet,2,41647,2026-03-23,UPI,Pune
MAR_002966,CUST_03452,Headphones,4,18535,2026-03-15,Cash on Delivery,Pune
MAR_002967,CUST_04136,Headphones,1,39182,2026-03-25,Debit Card,Chennai
MAR_002968,CUST_01032,Laptop,2,38408,2026-03-12,UPI,Mumbai
MAR_002969,CUST_00173,Smartphone,5,4309,2026-03-27,UPI,Hyderabad
MAR_002970,CUST_03856,Headphones,4,8804,2026-03-13,Credit Card,Hyderabad
MAR_002971,CUST_01444,Smartphone,1,15963,2026-03-18,Debit Card,Pune
MAR_002972,CUST_04737,Keyboard,3,8134,2026-03-13,Cash on Delivery,Hyderabad
MAR_002973,CUST_01374,Laptop,1,20974,2026-03-12,Cash on Delivery,Bangalore
MAR_002974,CUST_01826,Smartwatch,2,35806,2026-03-12,UPI,Delhi
MAR_002975,CUST_01146,Smartwatch,2,4972,2026-03-22,UPI,Bangalore
MAR_002976,CUST_04894,Tablet,2,3953,2026-03-09,Credit Card,Hyderabad
MAR_002977,CUST_02883,Headphones,5,26981,2026-03-12,Debit Card,Mumbai
MAR_002978,CUST_03795,Smartphone,2,20553,2026-03-22,UPI,Chennai
MAR_002979,CUST_00393,Keyboard,2,22621,2026-03-13,Credit Card,Mumbai
MAR_002980,CUST_01861,Smartphone,2,15739,2026-03-07,Debit Card,Delhi
MAR_002981,CUST_02914,Headphones,1,15495,2026-03-03,Debit Card,Pune
MAR_002982,CUST_00265,Smartphone,2,43828,2026-03-27,Cash on Delivery,Delhi
MAR_002983,CUST_00548,Mouse,1,14159,2026-03-12,Credit Card,Mumbai
MAR_002984,CUST_00900,Smartphone,4,5398,2026-03-04,Credit Card,Chennai
MAR_002985,CUST_00121,Headphones,1,8482,2026-03-27,Debit Card,Hyderabad
MAR_002986,CUST_00441,Laptop,1,3270,2026-03-09,Credit Card,Bangalore
MAR_002987,CUST_04196,Keyboard,5,37941,2026-03-25,Debit Card,Mumbai
MAR_002988,CUST_02593,Laptop,1,14962,2026-03-22,Credit Card,Chennai
MAR_002989,CUST_04156,Tablet,3,9256,2026-03-26,Cash on Delivery,Mumbai
MAR_002990,CUST_03983,Monitor,3,35066,2026-03-16,Debit Card,Hyderabad
MAR_002991,CUST_01239,Smartphone,3,45541,2026-03-16,Debit Card,Pune
MAR_002992,CUST_04127,Monitor,5,13054,2026-03-07,UPI,Hyderabad
MAR_002993,CUST_04205,Headphones,1,33812,2026-03-03,Cash on Delivery,Delhi
MAR_002994,CUST_01265,Tablet,2,26165,2026-03-25,Credit Card,Mumbai
MAR_002995,CUST_01495,Headphones,5,37581,2026-03-05,Credit Card,Pune
MAR_002996,CUST_02341,Laptop,4,4315,2026-03-21,UPI,Pune
MAR_002997,CUST_03169,Smartwatch,2,38815,2026-03-03,Credit Card,Hyderabad
MAR_002998,CUST_02927,Mouse,5,8820,2026-03-20,Credit Card,Delhi
MAR_002999,CUST_01777,Headphones,3,37736,2026-03-01,Credit Card,Chennai
MAR_003000,CUST_01556,Monitor,3,48336,2026-03-22,Credit Card,Hyderabad
MAR_003001,CUST_00860,Smartphone,1,30564,2026-03-31,Cash on Delivery,Chennai
MAR_003002,CUST_01263,Monitor,3,25224,2026-03-12,Cash on Delivery,Pune
MAR_003003,CUST_02542,Smartwatch,3,11912,2026-03-11,Debit Card,Bangalore
MAR_003004,CUST_03125,Mouse,4,32100,2026-03-17,Debit Card,Hyderabad
MAR_003005,CUST_02583,Smartphone,1,9554,2026-03-28,Cash on Delivery,Chennai
MAR_003006,CUST_04923,Headphones,5,1825,2026-03-13,Cash on Delivery,Hyderabad
MAR_003007,CUST_03615,Smartphone,2,43794,2026-03-02,UPI,Delhi
MAR_003008,CUST_02563,Laptop,5,13779,2026-03-03,UPI,Bangalore
MAR_003009,CUST_00052,Laptop,1,11896,2026-03-18,Cash on Delivery,Chennai
MAR_003010,CUST_03127,Smartphone,4,37881,2026-03-23,Credit Card,Chennai
MAR_003011,CUST_03629,Smartwatch,1,33098,2026-03-20,UPI,Chennai
MAR_003012,CUST_00617,Headphones,1,47399,2026-03-30,UPI,Bangalore
MAR_003013,CUST_01041,Tablet,4,28493,2026-03-19,Debit Card,Hyderabad
MAR_003014,CUST_04256,Smartwatch,3,25400,2026-03-15,Debit Card,Delhi
MAR_003015,CUST_01439,Smartwatch,1,35457,2026-03-26,UPI,Mumbai
MAR_003016,CUST_01204,Keyboard,5,35895,2026-03-06,Debit Card,Chennai
MAR_003017,CUST_01665,Headphones,4,6959,2026-03-21,Debit Card,Pune
MAR_003018,CUST_04419,Keyboard,5,5010,2026-03-13,UPI,Pune
MAR_003019,CUST_03148,Smartwatch,4,36434,2026-03-22,Debit Card,Bangalore
MAR_003020,CUST_03224,Smartwatch,1,46525,2026-03-23,Debit Card,Bangalore
MAR_003021,CUST_03852,Smartphone,3,49287,2026-03-21,Debit Card,Hyderabad
MAR_003022,CUST_04637,Keyboard,2,18598,2026-03-29,Cash on Delivery,Chennai
MAR_003023,CUST_04987,Smartphone,3,23113,2026-03-09,Debit Card,Chennai
MAR_003024,CUST_02563,Smartwatch,2,39388,2026-03-10,Credit Card,Hyderabad
MAR_003025,CUST_02090,Headphones,1,8765,2026-03-11,Cash on Delivery,Mumbai
MAR_003026,CUST_04576,Tablet,5,32979,2026-03-25,Cash on Delivery,Pune
MAR_003027,CUST_04709,Mouse,4,22234,2026-03-28,Cash on Delivery,Delhi
MAR_003028,CUST_02326,Smartphone,5,42612,2026-03-06,UPI,Hyderabad
MAR_003029,CUST_03752,Monitor,4,31032,2026-03-18,Debit Card,Chennai
MAR_003030,CUST_04811,Smartphone,3,46125,2026-03-08,UPI,Pune
MAR_003031,CUST_03288,Smartwatch,3,11048,2026-03-04,Credit Card,Bangalore
MAR_003032,CUST_01078,Laptop,5,41192,2026-03-07,Cash on Delivery,Chennai
MAR_003033,CUST_04304,Monitor,5,34779,2026-03-21,Credit Card,Bangalore
MAR_003034,CUST_04107,Smartphone,1,17747,2026-03-17,UPI,Delhi
MAR_003035,CUST_00988,Smartwatch,3,22343,2026-03-02,Debit Card,Delhi
MAR_003036,CUST_03945,Keyboard,1,42753,2026-03-13,Cash on Delivery,Mumbai
MAR_003037,CUST_02187,Headphones,3,6856,2026-03-21,Cash on Delivery,Mumbai
MAR_003038,CUST_00873,Keyboard,4,14570,2026-03-02,Credit Card,Bangalore
MAR_003039,CUST_01451,Keyboard,2,35360,2026-03-28,UPI,Bangalore
MAR_003040,CUST_03456,Keyboard,4,28971,2026-03-09,Debit Card,Pune
MAR_003041,CUST_02272,Smartwatch,3,3737,2026-03-18,Debit Card,Delhi
MAR_003042,CUST_04342,Monitor,3,34485,2026-03-21,Cash on Delivery,Bangalore
MAR_003043,CUST_01542,Headphones,4,19880,2026-03-30,Debit Card,Chennai
MAR_003044,CUST_04005,Tablet,4,28488,2026-03-23,UPI,Delhi
MAR_003045,CUST_02839,Smartwatch,3,8010,2026-03-24,Cash on Delivery,Chennai
MAR_003046,CUST_02994,Tablet,1,9375,2026-03-27,Cash on Delivery,Pune
MAR_003047,CUST_04410,Smartwatch,1,19392,2026-03-08,Debit Card,Hyderabad
MAR_003048,CUST_04738,Tablet,4,3339,2026-03-11,Cash on Delivery,Delhi
MAR_003049,CUST_02588,Keyboard,5,49076,2026-03-22,Debit Card,Chennai
MAR_003050,CUST_00156,Headphones,3,27135,2026-03-12,Cash on Delivery,Pune
MAR_003051,CUST_02157,Keyboard,4,29070,2026-03-08,Cash on Delivery,Pune
MAR_003052,CUST_01353,Laptop,5,33153,2026-03-07,UPI,Delhi
MAR_003053,CUST_03901,Mouse,4,35297,2026-03-15,Debit Card,Bangalore
MAR_003054,CUST_04322,Mouse,4,37396,2026-03-02,UPI,Chennai
MAR_003055,CUST_00750,Tablet,2,33451,2026-03-05,UPI,Hyderabad
MAR_003056,CUST_01368,Monitor,1,1887,2026-03-14,Cash on Delivery,Mumbai
MAR_003057,CUST_02634,Smartwatch,1,18154,2026-03-19,UPI,Hyderabad
MAR_003058,CUST_02152,Monitor,1,13378,2026-03-20,UPI,Bangalore
MAR_003059,CUST_02269,Keyboard,2,36380,2026-03-05,UPI,Bangalore
MAR_003060,CUST_04360,Headphones,2,32219,2026-03-01,Cash on Delivery,Hyderabad
MAR_003061,CUST_04077,Headphones,1,20738,2026-03-24,UPI,Mumbai
MAR_003062,CUST_00642,Smartphone,3,2084,2026-03-21,Debit Card,Delhi
MAR_003063,CUST_03412,Smartphone,3,298,2026-03-07,Cash on Delivery,Bangalore
MAR_003064,CUST_01456,Laptop,1,30226,2026-03-09,Credit Card,Chennai
MAR_003065,CUST_02025,Tablet,4,45746,2026-03-01,Debit Card,Delhi
MAR_003066,CUST_01417,Smartphone,3,32766,2026-03-02,UPI,Chennai
MAR_003067,CUST_03402,Tablet,5,5325,2026-03-22,UPI,Bangalore
MAR_003068,CUST_04936,Laptop,2,3139,2026-03-30,Credit Card,Bangalore
MAR_003069,CUST_01793,Headphones,1,33589,2026-03-12,UPI,Delhi
MAR_003070,CUST_03786,Keyboard,2,24678,2026-03-26,Cash on Delivery,Delhi
MAR_003071,CUST_04408,Tablet,1,2289,2026-03-13,UPI,Pune
MAR_003072,CUST_02660,Keyboard,4,12100,2026-03-30,UPI,Bangalore
MAR_003073,CUST_01796,Laptop,4,9314,2026-03-14,UPI,Delhi
MAR_003074,CUST_02949,Smartphone,1,655,2026-03-16,Debit Card,Bangalore
MAR_003075,CUST_03668,Keyboard,3,7333,2026-03-19,Cash on Delivery,Bangalore
MAR_003076,CUST_04028,Laptop,1,12441,2026-03-13,Credit Card,Chennai
MAR_003077,CUST_01554,Tablet,3,40885,2026-03-01,Credit Card,Delhi
MAR_003078,CUST_04372,Keyboard,1,34068,2026-03-07,Debit Card,Pune
MAR_003079,CUST_02602,Headphones,4,26804,2026-03-08,UPI,Mumbai
MAR_003080,CUST_04005,Smartwatch,2,12608,2026-03-27,Debit Card,Mumbai
MAR_003081,CUST_01233,Smartwatch,2,36887,2026-03-18,Cash on Delivery,Bangalore
MAR_003082,CUST_01305,Smartphone,5,30182,2026-03-11,Credit Card,Mumbai
MAR_003083,CUST_02130,Keyboard,3,29398,2026-03-31,Credit Card,Bangalore
MAR_003084,CUST_01558,Mouse,5,7299,2026-03-07,UPI,Mumbai
MAR_003085,CUST_02162,Monitor,3,13434,2026-03-02,UPI,Pune
MAR_003086,CUST_00491,Smartwatch,5,37976,2026-03-31,Credit Card,Delhi
MAR_003087,CUST_01469,Tablet,2,19999,2026-03-10,UPI,Mumbai
MAR_003088,CUST_03851,Headphones,3,37887,2026-03-15,Cash on Delivery,Bangalore
MAR_003089,CUST_01444,Headphones,5,8690,2026-03-25,Debit Card,Bangalore
MAR_003090,CUST_02836,Laptop,3,4378,2026-03-25,Debit Card,Hyderabad
MAR_003091,CUST_00037,Laptop,2,21248,2026-03-01,Credit Card,Chennai
MAR_003092,CUST_02684,Tablet,3,18850,2026-03-14,Credit Card,Delhi
MAR_003093,CUST_02733,Monitor,3,21661,2026-03-18,Cash on Delivery,Pune
MAR_003094,CUST_03890,Headphones,3,45766,2026-03-19,Debit Card,Chennai
MAR_003095,CUST_00853,Smartphone,5,9491,2026-03-18,Debit Card,Delhi
MAR_003096,CUST_00505,Smartwatch,5,14945,2026-03-15,Debit Card,Chennai
MAR_003097,CUST_01090,Laptop,2,28670,2026-03-01,Debit Card,Delhi
MAR_003098,CUST_01526,Laptop,3,44499,2026-03-25,Cash on Delivery,Chennai
MAR_003099,CUST_01570,Headphones,4,20702,2026-03-16,Credit Card,Pune
MAR_003100,CUST_04843,Tablet,3,31735,2026-03-01,UPI,Mumbai
MAR_003101,CUST_00964,Headphones,1,14159,2026-03-19,Debit Card,Mumbai
MAR_003102,CUST_01325,Laptop,4,32441,2026-03-03,Cash on Delivery,Hyderabad
MAR_003103,CUST_02361,Tablet,2,21155,2026-03-07,Credit Card,Pune
MAR_003104,CUST_04373,Headphones,2,24310,2026-03-16,Cash on Delivery,Delhi
MAR_003105,CUST_04231,Tablet,2,2434,2026-03-12,UPI,Mumbai
MAR_003106,CUST_00011,Smartwatch,5,10281,2026-03-13,Credit Card,Mumbai
MAR_003107,CUST_02679,Tablet,2,26933,2026-03-24,Credit Card,Mumbai
MAR_003108,CUST_01671,Headphones,5,8975,2026-03-27,Credit Card,Mumbai
MAR_003109,CUST_00558,Smartphone,4,22572,2026-03-24,Debit Card,Delhi
MAR_003110,CUST_01793,Keyboard,1,31842,2026-03-06,Credit Card,Bangalore
MAR_003111,CUST_03258,Mouse,3,33894,2026-03-12,UPI,Chennai
MAR_003112,CUST_01276,Laptop,1,29117,2026-03-17,UPI,Bangalore
MAR_003113,CUST_01382,Tablet,1,8035,2026-03-28,Debit Card,Hyderabad
MAR_003114,CUST_04590,Tablet,3,30752,2026-03-07,UPI,Mumbai
MAR_003115,CUST_00852,Headphones,3,38697,2026-03-16,UPI,Mumbai
MAR_003116,CUST_00800,Keyboard,5,22586,2026-03-06,UPI,Pune
MAR_003117,CUST_03909,Mouse,5,12060,2026-03-26,Cash on Delivery,Delhi
MAR_003118,CUST_00716,Monitor,4,19803,2026-03-12,Debit Card,Chennai
MAR_003119,CUST_03312,Smartwatch,4,47781,2026-03-07,Cash on Delivery,Mumbai
MAR_003120,CUST_00328,Monitor,2,7862,2026-03-20,Cash on Delivery,Bangalore
MAR_003121,CUST_04271,Tablet,4,42380,2026-03-28,UPI,Bangalore
MAR_003122,CUST_00202,Keyboard,2,48933,2026-03-05,UPI,Chennai
MAR_003123,CUST_01510,Headphones,4,18911,2026-03-03,Debit Card,Pune
MAR_003124,CUST_01721,Keyboard,3,1426,2026-03-27,Credit Card,Hyderabad
MAR_003125,CUST_00814,Tablet,4,28846,2026-03-25,Credit Card,Hyderabad
MAR_003126,CUST_00133,Monitor,3,900,2026-03-31,Debit Card,Pune
MAR_003127,CUST_03220,Tablet,3,7991,2026-03-01,Debit Card,Pune
MAR_003128,CUST_02985,Laptop,5,3165,2026-03-04,Debit Card,Chennai
MAR_003129,CUST_01358,Keyboard,2,5443,2026-03-14,UPI,Hyderabad
MAR_003130,CUST_02511,Tablet,1,11193,2026-03-24,Credit Card,Delhi
MAR_003131,CUST_03280,Tablet,2,327,2026-03-12,Debit Card,Mumbai
MAR_003132,CUST_03564,Tablet,2,4520,2026-03-25,UPI,Pune
MAR_003133,CUST_00130,Smartwatch,5,29749,2026-03-29,UPI,Hyderabad
MAR_003134,CUST_00248,Laptop,5,8206,2026-03-30,Credit Card,Pune
MAR_003135,CUST_03655,Tablet,2,23337,2026-03-10,Credit Card,Hyderabad
MAR_003136,CUST_00995,Monitor,4,48975,2026-03-01,Credit Card,Hyderabad
MAR_003137,CUST_01666,Laptop,1,39317,2026-03-20,UPI,Bangalore
MAR_003138,CUST_00249,Monitor,1,30547,2026-03-27,UPI,Delhi
MAR_003139,CUST_02031,Laptop,1,15223,2026-03-23,UPI,Bangalore
MAR_003140,CUST_00190,Mouse,5,17769,2026-03-13,Debit Card,Hyderabad
MAR_003141,CUST_02002,Laptop,5,31137,2026-03-27,Debit Card,Pune
MAR_003142,CUST_00107,Smartwatch,2,548,2026-03-11,Cash on Delivery,Chennai
MAR_003143,CUST_02973,Keyboard,1,39996,2026-03-08,UPI,Hyderabad
MAR_003144,CUST_02556,Mouse,2,27912,2026-03-22,UPI,Pune
MAR_003145,CUST_01946,Smartphone,2,4183,2026-03-11,Credit Card,Mumbai
MAR_003146,CUST_04097,Mouse,4,31563,2026-03-19,Credit Card,Hyderabad
MAR_003147,CUST_00228,Smartphone,5,35826,2026-03-25,Debit Card,Hyderabad
MAR_003148,CUST_00961,Smartwatch,4,3432,2026-03-07,Credit Card,Delhi
MAR_003149,CUST_03355,Keyboard,4,18172,2026-03-11,Debit Card,Hyderabad
MAR_003150,CUST_03961,Monitor,3,13929,2026-03-06,Debit Card,Delhi
MAR_003151,CUST_01299,Headphones,3,36881,2026-03-16,UPI,Mumbai
MAR_003152,CUST_01225,Smartphone,5,8481,2026-03-06,UPI,Bangalore
MAR_003153,CUST_03938,Smartwatch,5,47149,2026-03-30,UPI,Chennai
MAR_003154,CUST_00279,Smartphone,4,13282,2026-03-03,Cash on Delivery,Hyderabad
MAR_003155,CUST_02089,Monitor,5,11834,2026-03-20,UPI,Chennai
MAR_003156,CUST_00546,Laptop,3,5911,2026-03-18,Cash on Delivery,Hyderabad
MAR_003157,CUST_02432,Headphones,2,47105,2026-03-31,UPI,Bangalore
MAR_003158,CUST_03261,Tablet,1,18736,2026-03-27,Credit Card,Chennai
MAR_003159,CUST_03281,Keyboard,5,8852,2026-03-30,UPI,Pune
MAR_003160,CUST_01146,Laptop,2,2200,2026-03-22,UPI,Mumbai
MAR_003161,CUST_02252,Headphones,2,39903,2026-03-09,Credit Card,Hyderabad
MAR_003162,CUST_01460,Monitor,2,17907,2026-03-30,UPI,Pune
MAR_003163,CUST_04571,Headphones,4,14434,2026-03-03,Debit Card,Mumbai
MAR_003164,CUST_03617,Laptop,1,26251,2026-03-11,UPI,Hyderabad
MAR_003165,CUST_04339,Monitor,5,1593,2026-03-01,Credit Card,Chennai
MAR_003166,CUST_01860,Headphones,3,46253,2026-03-01,Debit Card,Chennai
MAR_003167,CUST_02991,Headphones,1,37551,2026-03-01,Debit Card,Chennai
MAR_003168,CUST_04771,Keyboard,2,10936,2026-03-14,Credit Card,Mumbai
MAR_003169,CUST_04081,Monitor,4,19252,2026-03-03,UPI,Delhi
MAR_003170,CUST_00424,Mouse,2,25665,2026-03-14,Credit Card,Pune
MAR_003171,CUST_02402,Smartphone,2,45116,2026-03-05,Cash on Delivery,Chennai
MAR_003172,CUST_02513,Tablet,2,47631,2026-03-31,Cash on Delivery,Pune
MAR_003173,CUST_03659,Smartphone,1,23097,2026-03-26,UPI,Hyderabad
MAR_003174,CUST_01001,Smartphone,3,22490,2026-03-23,Credit Card,Bangalore
MAR_003175,CUST_01952,Mouse,3,19574,2026-03-08,Debit Card,Bangalore
MAR_003176,CUST_03432,Headphones,5,1491,2026-03-19,Debit Card,Chennai
MAR_003177,CUST_03965,Laptop,2,19138,2026-03-03,Credit Card,Hyderabad
MAR_003178,CUST_01903,Tablet,5,23328,2026-03-02,Credit Card,Hyderabad
MAR_003179,CUST_04703,Tablet,5,11148,2026-03-06,Credit Card,Pune
MAR_003180,CUST_00987,Smartphone,2,46710,2026-03-19,Debit Card,Hyderabad
MAR_003181,CUST_01853,Tablet,3,26719,2026-03-10,Debit Card,Pune
MAR_003182,CUST_01805,Smartwatch,3,34904,2026-03-27,UPI,Bangalore
MAR_003183,CUST_04984,Keyboard,3,38235,2026-03-15,UPI,Bangalore
MAR_003184,CUST_00676,Smartphone,4,48807,2026-03-31,UPI,Pune
MAR_003185,CUST_04334,Smartphone,4,20609,2026-03-07,Debit Card,Delhi
MAR_003186,CUST_02486,Keyboard,5,34251,2026-03-28,Cash on Delivery,Pune
MAR_003187,CUST_02934,Tablet,5,24755,2026-03-31,Credit Card,Mumbai
MAR_003188,CUST_01706,Keyboard,4,5734,2026-03-07,Debit Card,Chennai
MAR_003189,CUST_00517,Monitor,3,39121,2026-03-26,Cash on Delivery,Delhi
MAR_003190,CUST_01635,Smartphone,4,44881,2026-03-03,Cash on Delivery,Bangalore
MAR_003191,CUST_00584,Mouse,3,33282,2026-03-13,Debit Card,Pune
MAR_003192,CUST_03576,Tablet,5,9356,2026-03-08,UPI,Hyderabad
MAR_003193,CUST_04771,Smartphone,1,48526,2026-03-25,UPI,Bangalore
MAR_003194,CUST_00509,Keyboard,3,18667,2026-03-16,Debit Card,Bangalore
MAR_003195,CUST_04236,Smartwatch,2,13098,2026-03-03,Credit Card,Hyderabad
MAR_003196,CUST_04055,Mouse,4,11325,2026-03-11,UPI,Bangalore
MAR_003197,CUST_03883,Tablet,1,29046,2026-03-26,Cash on Delivery,Mumbai
MAR_003198,CUST_04360,Smartphone,4,6741,2026-03-25,Cash on Delivery,Hyderabad
MAR_003199,CUST_00668,Mouse,5,13695,2026-03-18,UPI,Chennai
MAR_003200,CUST_03076,Mouse,1,15408,2026-03-22,Cash on Delivery,Delhi
MAR_003201,CUST_02837,Headphones,2,13428,2026-03-01,Credit Card,Bangalore
MAR_003202,CUST_00045,Tablet,2,25485,2026-03-05,Credit Card,Delhi
MAR_003203,CUST_00848,Smartphone,2,13807,2026-03-09,Debit Card,Hyderabad
MAR_003204,CUST_03001,Keyboard,5,11732,2026-03-19,Debit Card,Mumbai
MAR_003205,CUST_00569,Smartwatch,2,34937,2026-03-24,UPI,Bangalore
MAR_003206,CUST_04581,Monitor,5,21364,2026-03-26,UPI,Hyderabad
MAR_003207,CUST_01201,Laptop,2,48169,2026-03-30,Credit Card,Chennai
MAR_003208,CUST_04114,Tablet,2,48547,2026-03-27,Credit Card,Delhi
MAR_003209,CUST_02324,Smartphone,4,13709,2026-03-18,Debit Card,Bangalore
MAR_003210,CUST_02986,Smartphone,4,12086,2026-03-09,Credit Card,Mumbai
MAR_003211,CUST_00997,Smartphone,3,23884,2026-03-24,Cash on Delivery,Mumbai
MAR_003212,CUST_02371,Monitor,4,31663,2026-03-19,Credit Card,Pune
MAR_003213,CUST_02728,Smartwatch,1,41755,2026-03-16,Cash on Delivery,Hyderabad
MAR_003214,CUST_04650,Keyboard,1,3909,2026-03-24,Cash on Delivery,Pune
MAR_003215,CUST_04470,Tablet,2,10092,2026-03-07,Credit Card,Chennai
MAR_003216,CUST_00472,Headphones,5,1075,2026-03-09,Debit Card,Hyderabad
MAR_003217,CUST_02381,Headphones,1,3110,2026-03-05,UPI,Pune
MAR_003218,CUST_03545,Tablet,3,45503,2026-03-12,Credit Card,Hyderabad
MAR_003219,CUST_03607,Monitor,1,22350,2026-03-11,Credit Card,Pune
MAR_003220,CUST_00572,Monitor,5,22667,2026-03-22,Debit Card,Pune
MAR_003221,CUST_02697,Mouse,4,322,2026-03-25,UPI,Chennai
MAR_003222,CUST_00277,Smartwatch,2,35953,2026-03-27,Cash on Delivery,Hyderabad
MAR_003223,CUST_03184,Monitor,3,26256,2026-03-17,Cash on Delivery,Mumbai
MAR_003224,CUST_01657,Mouse,2,4994,2026-03-15,Credit Card,Delhi
MAR_003225,CUST_00370,Tablet,2,38384,2026-03-02,Credit Card,Chennai
MAR_003226,CUST_04147,Smartphone,3,2548,2026-03-23,Cash on Delivery,Chennai
MAR_003227,CUST_03458,Tablet,5,22862,2026-03-31,Cash on Delivery,Mumbai
MAR_003228,CUST_02425,Mouse,1,39143,2026-03-17,Credit Card,Chennai
MAR_003229,CUST_03160,Mouse,3,13682,2026-03-12,Credit Card,Mumbai
MAR_003230,CUST_01285,Smartwatch,5,24907,2026-03-15,Credit Card,Pune
MAR_003231,CUST_03720,Mouse,4,2400,2026-03-01,Debit Card,Delhi
MAR_003232,CUST_00438,Headphones,1,30329,2026-03-04,Debit Card,Chennai
MAR_003233,CUST_00445,Laptop,5,36442,2026-03-20,Cash on Delivery,Chennai
MAR_003234,CUST_01921,Smartphone,4,31937,2026-03-15,UPI,Bangalore
MAR_003235,CUST_03121,Smartwatch,4,6912,2026-03-20,Cash on Delivery,Hyderabad
MAR_003236,CUST_03367,Smartphone,5,31247,2026-03-27,Debit Card,Hyderabad
MAR_003237,CUST_02470,Mouse,2,24283,2026-03-22,Credit Card,Delhi
MAR_003238,CUST_00517,Keyboard,4,48721,2026-03-21,Cash on Delivery,Delhi
MAR_003239,CUST_00797,Laptop,5,31976,2026-03-17,Debit Card,Pune
MAR_003240,CUST_01947,Mouse,5,41172,2026-03-27,Debit Card,Hyderabad
MAR_003241,CUST_02999,Headphones,1,32230,2026-03-03,Cash on Delivery,Mumbai
MAR_003242,CUST_00025,Headphones,4,37173,2026-03-22,Credit Card,Mumbai
MAR_003243,CUST_00420,Monitor,4,18612,2026-03-25,UPI,Delhi
MAR_003244,CUST_01994,Headphones,5,41015,2026-03-23,UPI,Hyderabad
MAR_003245,CUST_02089,Smartwatch,4,27610,2026-03-04,Debit Card,Chennai
MAR_003246,CUST_03165,Monitor,3,15952,2026-03-26,Credit Card,Mumbai
MAR_003247,CUST_01088,Monitor,3,33906,2026-03-06,Debit Card,Pune
MAR_003248,CUST_03233,Monitor,2,48742,2026-03-28,Credit Card,Mumbai
MAR_003249,CUST_03453,Headphones,5,48864,2026-03-08,UPI,Bangalore
MAR_003250,CUST_00602,Monitor,5,42684,2026-03-27,Credit Card,Mumbai
MAR_003251,CUST_01718,Laptop,5,34408,2026-03-13,UPI,Chennai
MAR_003252,CUST_00584,Smartphone,3,40426,2026-03-14,Cash on Delivery,Delhi
MAR_003253,CUST_04151,Keyboard,1,33317,2026-03-12,Cash on Delivery,Hyderabad
MAR_003254,CUST_04656,Smartwatch,2,14457,2026-03-12,Debit Card,Mumbai
MAR_003255,CUST_02469,Smartphone,3,16806,2026-03-25,Cash on Delivery,Pune
MAR_003256,CUST_01831,Smartwatch,1,34865,2026-03-25,UPI,Delhi
MAR_003257,CUST_04477,Headphones,3,32012,2026-03-11,Credit Card,Pune
MAR_003258,CUST_00614,Headphones,5,27394,2026-03-22,Credit Card,Delhi
MAR_003259,CUST_04788,Tablet,1,38426,2026-03-22,UPI,Hyderabad
MAR_003260,CUST_00450,Mouse,2,16385,2026-03-11,Debit Card,Hyderabad
MAR_003261,CUST_03439,Monitor,4,27359,2026-03-28,Credit Card,Bangalore
MAR_003262,CUST_04638,Laptop,4,47268,2026-03-22,Credit Card,Chennai
MAR_003263,CUST_02581,Laptop,5,12942,2026-03-31,UPI,Pune
MAR_003264,CUST_00081,Headphones,5,7051,2026-03-26,UPI,Chennai
MAR_003265,CUST_01135,Keyboard,2,34587,2026-03-29,Credit Card,Pune
MAR_003266,CUST_01834,Smartwatch,5,27156,2026-03-18,UPI,Chennai
MAR_003267,CUST_02258,Mouse,1,27721,2026-03-29,Debit Card,Bangalore
MAR_003268,CUST_01657,Headphones,3,31122,2026-03-18,Debit Card,Pune
MAR_003269,CUST_03763,Keyboard,5,29860,2026-03-07,Credit Card,Mumbai
MAR_003270,CUST_00377,Keyboard,4,17854,2026-03-20,UPI,Mumbai
MAR_003271,CUST_02158,Mouse,2,28443,2026-03-27,Credit Card,Pune
MAR_003272,CUST_02623,Smartwatch,3,6562,2026-03-08,Debit Card,Chennai
MAR_003273,CUST_01477,Mouse,5,41786,2026-03-12,Cash on Delivery,Hyderabad
MAR_003274,CUST_03080,Smartphone,2,33174,2026-03-09,UPI,Bangalore
MAR_003275,CUST_02838,Keyboard,5,17917,2026-03-15,Cash on Delivery,Chennai
MAR_003276,CUST_04572,Smartwatch,4,18709,2026-03-17,Debit Card,Pune
MAR_003277,CUST_03277,Smartwatch,3,15875,2026-03-27,Debit Card,Pune
MAR_003278,CUST_02640,Laptop,1,39970,2026-03-21,Cash on Delivery,Pune
MAR_003279,CUST_01194,Keyboard,3,34443,2026-03-24,Debit Card,Chennai
MAR_003280,CUST_02767,Keyboard,4,7283,2026-03-12,Cash on Delivery,Delhi
MAR_003281,CUST_04281,Headphones,2,19019,2026-03-08,Debit Card,Bangalore
MAR_003282,CUST_02833,Headphones,3,10325,2026-03-07,UPI,Bangalore
MAR_003283,CUST_04361,Laptop,3,17837,2026-03-24,UPI,Delhi
MAR_003284,CUST_00678,Smartwatch,4,41481,2026-03-22,Debit Card,Hyderabad
MAR_003285,CUST_01392,Tablet,3,29012,2026-03-03,Debit Card,Delhi
MAR_003286,CUST_02161,Monitor,2,47094,2026-03-28,UPI,Bangalore
MAR_003287,CUST_04375,Laptop,5,4196,2026-03-21,Debit Card,Mumbai
MAR_003288,CUST_02735,Mouse,5,16096,2026-03-31,Cash on Delivery,Pune
MAR_003289,CUST_04814,Laptop,2,23233,2026-03-13,UPI,Hyderabad
MAR_003290,CUST_04777,Smartphone,1,24783,2026-03-25,Cash on Delivery,Pune
MAR_003291,CUST_04232,Monitor,4,38425,2026-03-07,Credit Card,Delhi
MAR_003292,CUST_02954,Tablet,4,27238,2026-03-30,Debit Card,Pune
MAR_003293,CUST_03239,Laptop,1,18041,2026-03-18,UPI,Pune
MAR_003294,CUST_02846,Laptop,2,42531,2026-03-28,Credit Card,Hyderabad
MAR_003295,CUST_00263,Tablet,1,12018,2026-03-24,UPI,Mumbai
MAR_003296,CUST_00826,Laptop,4,13974,2026-03-14,Debit Card,Delhi
MAR_003297,CUST_00978,Tablet,4,39684,2026-03-07,Debit Card,Bangalore
MAR_003298,CUST_04320,Smartphone,5,29246,2026-03-29,Cash on Delivery,Pune
MAR_003299,CUST_02828,Monitor,3,7314,2026-03-27,Debit Card,Bangalore
MAR_003300,CUST_00373,Smartwatch,4,27807,2026-03-03,UPI,Chennai
MAR_003301,CUST_04977,Smartphone,2,15855,2026-03-22,UPI,Chennai
MAR_003302,CUST_03840,Smartwatch,1,31142,2026-03-07,Cash on Delivery,Pune
MAR_003303,CUST_02130,Smartwatch,4,32446,2026-03-14,Cash on Delivery,Bangalore
MAR_003304,CUST_00445,Tablet,2,16874,2026-03-27,Debit Card,Hyderabad
MAR_003305,CUST_04182,Laptop,2,30793,2026-03-28,UPI,Hyderabad
MAR_003306,CUST_03244,Tablet,1,35164,2026-03-16,Credit Card,Hyderabad
MAR_003307,CUST_00719,Laptop,3,13171,2026-03-19,Credit Card,Mumbai
MAR_003308,CUST_00977,Tablet,4,5617,2026-03-07,UPI,Delhi
MAR_003309,CUST_04426,Keyboard,5,19556,2026-03-06,Credit Card,Hyderabad
MAR_003310,CUST_01226,Keyboard,3,41270,2026-03-11,Credit Card,Hyderabad
MAR_003311,CUST_03087,Headphones,5,39326,2026-03-12,Cash on Delivery,Hyderabad
MAR_003312,CUST_04312,Smartwatch,2,17685,2026-03-27,Cash on Delivery,Mumbai
MAR_003313,CUST_02790,Keyboard,1,9268,2026-03-09,Credit Card,Pune
MAR_003314,CUST_02884,Tablet,4,17642,2026-03-10,Cash on Delivery,Chennai
MAR_003315,CUST_01419,Mouse,3,2286,2026-03-10,Cash on Delivery,Hyderabad
MAR_003316,CUST_00616,Tablet,1,39767,2026-03-15,UPI,Delhi
MAR_003317,CUST_03621,Keyboard,1,34964,2026-03-08,Cash on Delivery,Mumbai
MAR_003318,CUST_00655,Laptop,3,17847,2026-03-31,Credit Card,Mumbai
MAR_003319,CUST_01391,Headphones,5,29545,2026-03-24,Cash on Delivery,Hyderabad
MAR_003320,CUST_00584,Monitor,5,37404,2026-03-17,UPI,Hyderabad
MAR_003321,CUST_01773,Keyboard,5,38558,2026-03-13,Debit Card,Hyderabad
MAR_003322,CUST_02845,Keyboard,5,16281,2026-03-24,Debit Card,Delhi
MAR_003323,CUST_00540,Smartphone,2,17583,2026-03-31,UPI,Chennai
MAR_003324,CUST_00616,Laptop,5,34741,2026-03-14,Debit Card,Delhi
MAR_003325,CUST_01604,Headphones,5,29275,2026-03-20,Credit Card,Pune
MAR_003326,CUST_03087,Keyboard,3,45694,2026-03-01,Credit Card,Bangalore
MAR_003327,CUST_01802,Laptop,2,2949,2026-03-08,Debit Card,Chennai
MAR_003328,CUST_04370,Smartwatch,1,25702,2026-03-30,Debit Card,Pune
MAR_003329,CUST_02957,Laptop,5,4333,2026-03-09,UPI,Chennai
MAR_003330,CUST_03719,Monitor,5,31008,2026-03-06,Credit Card,Hyderabad
MAR_003331,CUST_04336,Smartphone,3,1746,2026-03-01,Credit Card,Delhi
MAR_003332,CUST_02088,Smartphone,5,26061,2026-03-10,UPI,Chennai
MAR_003333,CUST_02370,Smartwatch,2,44213,2026-03-23,Cash on Delivery,Pune
MAR_003334,CUST_01109,Mouse,1,15102,2026-03-15,Debit Card,Delhi
MAR_003335,CUST_01082,Headphones,3,44364,2026-03-06,Credit Card,Pune
MAR_003336,CUST_00092,Keyboard,3,5094,2026-03-07,Credit Card,Mumbai
MAR_003337,CUST_01700,Tablet,3,24533,2026-03-31,Credit Card,Bangalore
MAR_003338,CUST_01396,Laptop,1,16044,2026-03-03,Debit Card,Pune
MAR_003339,CUST_00034,Mouse,3,22523,2026-03-20,Cash on Delivery,Bangalore
MAR_003340,CUST_02795,Tablet,2,11693,2026-03-27,Credit Card,Hyderabad
MAR_003341,CUST_04030,Tablet,1,11208,2026-03-20,Debit Card,Bangalore
MAR_003342,CUST_04029,Laptop,1,44479,2026-03-26,Cash on Delivery,Delhi
MAR_003343,CUST_01590,Monitor,2,6133,2026-03-31,Cash on Delivery,Bangalore
MAR_003344,CUST_03284,Keyboard,4,41954,2026-03-04,Cash on Delivery,Mumbai
MAR_003345,CUST_01689,Mouse,4,39343,2026-03-18,Debit Card,Bangalore
MAR_003346,CUST_04842,Mouse,5,29846,2026-03-19,UPI,Chennai
MAR_003347,CUST_03687,Smartphone,1,19452,2026-03-25,Credit Card,Mumbai
MAR_003348,CUST_02670,Keyboard,2,13682,2026-03-27,Debit Card,Delhi
MAR_003349,CUST_03206,Smartphone,2,22967,2026-03-11,Cash on Delivery,Pune
MAR_003350,CUST_03497,Laptop,4,11183,2026-03-04,UPI,Pune
MAR_003351,CUST_04292,Monitor,1,41098,2026-03-01,Cash on Delivery,Pune
MAR_003352,CUST_02450,Smartwatch,2,21927,2026-03-26,UPI,Delhi
MAR_003353,CUST_01474,Smartphone,5,43998,2026-03-13,Cash on Delivery,Chennai
MAR_003354,CUST_00331,Tablet,4,34957,2026-03-26,Debit Card,Mumbai
MAR_003355,CUST_00465,Monitor,1,11000,2026-03-30,Debit Card,Bangalore
MAR_003356,CUST_04830,Tablet,5,21077,2026-03-06,Credit Card,Bangalore
MAR_003357,CUST_01670,Laptop,2,44056,2026-03-27,UPI,Bangalore
MAR_003358,CUST_03138,Keyboard,1,13919,2026-03-13,Debit Card,Chennai
MAR_003359,CUST_04196,Smartwatch,3,22058,2026-03-21,Cash on Delivery,Bangalore
MAR_003360,CUST_00985,Monitor,5,26829,2026-03-17,Credit Card,Pune
MAR_003361,CUST_02938,Laptop,2,4747,2026-03-28,Debit Card,Pune
MAR_003362,CUST_00203,Keyboard,2,21096,2026-03-04,UPI,Bangalore
MAR_003363,CUST_00115,Smartphone,2,2195,2026-03-23,Debit Card,Mumbai
MAR_003364,CUST_02370,Smartwatch,4,11579,2026-03-21,Cash on Delivery,Pune
MAR_003365,CUST_01350,Keyboard,1,8384,2026-03-10,UPI,Mumbai
MAR_003366,CUST_03397,Keyboard,4,33942,2026-03-04,UPI,Hyderabad
MAR_003367,CUST_00260,Keyboard,1,47087,2026-03-01,Debit Card,Chennai
MAR_003368,CUST_02342,Smartwatch,2,23617,2026-03-18,UPI,Pune
MAR_003369,CUST_01721,Monitor,4,41897,2026-03-20,Cash on Delivery,Bangalore
MAR_003370,CUST_01104,Mouse,2,5217,2026-03-30,UPI,Bangalore
MAR_003371,CUST_00655,Smartphone,5,46391,2026-03-05,Debit Card,Chennai
MAR_003372,CUST_03830,Smartwatch,2,27469,2026-03-07,Debit Card,Pune
MAR_003373,CUST_04116,Smartwatch,1,28340,2026-03-02,UPI,Pune
MAR_003374,CUST_01104,Keyboard,4,43843,2026-03-01,UPI,Hyderabad
MAR_003375,CUST_04910,Laptop,1,23423,2026-03-16,Credit Card,Pune
MAR_003376,CUST_03441,Monitor,2,48099,2026-03-05,Cash on Delivery,Bangalore
MAR_003377,CUST_03344,Headphones,3,40588,2026-03-23,Debit Card,Delhi
MAR_003378,CUST_04470,Laptop,2,28170,2026-03-07,Cash on Delivery,Mumbai
MAR_003379,CUST_03315,Tablet,3,30754,2026-03-09,UPI,Bangalore
MAR_003380,CUST_01789,Smartwatch,2,27553,2026-03-18,UPI,Chennai
MAR_003381,CUST_01406,Tablet,4,15828,2026-03-06,Credit Card,Delhi
MAR_003382,CUST_00484,Smartwatch,4,9348,2026-03-17,Debit Card,Pune
MAR_003383,CUST_04432,Laptop,3,41184,2026-03-02,Credit Card,Mumbai
MAR_003384,CUST_03710,Smartphone,5,7349,2026-03-26,UPI,Bangalore
MAR_003385,CUST_01782,Laptop,2,23621,2026-03-07,Cash on Delivery,Pune
MAR_003386,CUST_01642,Smartphone,3,19966,2026-03-20,Cash on Delivery,Delhi
MAR_003387,CUST_04642,Headphones,4,18862,2026-03-09,UPI,Hyderabad
MAR_003388,CUST_03889,Smartwatch,2,35854,2026-03-05,Cash on Delivery,Chennai
MAR_003389,CUST_01708,Monitor,2,40878,2026-03-13,Credit Card,Mumbai
MAR_003390,CUST_03271,Keyboard,3,12402,2026-03-26,Debit Card,Chennai
MAR_003391,CUST_00136,Keyboard,2,32365,2026-03-05,Debit Card,Mumbai
MAR_003392,CUST_00887,Laptop,1,31674,2026-03-10,UPI,Pune
MAR_003393,CUST_01399,Mouse,2,7975,2026-03-30,UPI,Mumbai
MAR_003394,CUST_02657,Laptop,3,45957,2026-03-27,Debit Card,Pune
MAR_003395,CUST_04721,Smartwatch,4,23668,2026-03-16,Cash on Delivery,Mumbai
MAR_003396,CUST_02575,Monitor,2,49662,2026-03-08,Credit Card,Bangalore
MAR_003397,CUST_01266,Monitor,1,19776,2026-03-03,Cash on Delivery,Bangalore
MAR_003398,CUST_01049,Headphones,1,36952,2026-03-01,Cash on Delivery,Chennai
MAR_003399,CUST_01591,Smartphone,2,372,2026-03-10,Cash on Delivery,Mumbai
MAR_003400,CUST_03954,Monitor,2,48395,2026-03-01,Cash on Delivery,Pune
MAR_003401,CUST_02804,Keyboard,1,39275,2026-03-08,UPI,Hyderabad
MAR_003402,CUST_03154,Monitor,2,18830,2026-03-11,Credit Card,Hyderabad
MAR_003403,CUST_04091,Monitor,4,16722,2026-03-17,Credit Card,Bangalore
MAR_003404,CUST_03960,Smartwatch,2,13959,2026-03-26,Cash on Delivery,Hyderabad
MAR_003405,CUST_02957,Headphones,2,48456,2026-03-12,Cash on Delivery,Chennai
MAR_003406,CUST_02055,Headphones,2,23425,2026-03-18,Credit Card,Delhi
MAR_003407,CUST_04241,Mouse,3,9055,2026-03-03,Debit Card,Delhi
MAR_003408,CUST_03177,Laptop,5,367,2026-03-05,Debit Card,Chennai
MAR_003409,CUST_02768,Laptop,1,9516,2026-03-28,Cash on Delivery,Delhi
MAR_003410,CUST_01482,Monitor,5,35317,2026-03-16,Credit Card,Hyderabad
MAR_003411,CUST_02926,Headphones,5,16915,2026-03-13,Credit Card,Delhi
MAR_003412,CUST_01290,Smartphone,4,27237,2026-03-29,Debit Card,Chennai
MAR_003413,CUST_01500,Monitor,3,37092,2026-03-06,Cash on Delivery,Delhi
MAR_003414,CUST_00225,Tablet,4,37045,2026-03-13,Debit Card,Chennai
MAR_003415,CUST_01385,Monitor,3,25965,2026-03-24,Debit Card,Bangalore
MAR_003416,CUST_03955,Tablet,4,1038,2026-03-26,Cash on Delivery,Bangalore
MAR_003417,CUST_01005,Headphones,5,29521,2026-03-10,Debit Card,Delhi
MAR_003418,CUST_00155,Keyboard,3,383,2026-03-09,UPI,Bangalore
MAR_003419,CUST_03065,Headphones,3,27806,2026-03-09,Cash on Delivery,Hyderabad
MAR_003420,CUST_03062,Tablet,1,19805,2026-03-09,UPI,Hyderabad
MAR_003421,CUST_04786,Monitor,3,14223,2026-03-10,UPI,Pune
MAR_003422,CUST_01360,Tablet,4,27282,2026-03-06,Debit Card,Bangalore
MAR_003423,CUST_03930,Headphones,5,39038,2026-03-16,Debit Card,Mumbai
MAR_003424,CUST_02580,Tablet,3,32105,2026-03-11,UPI,Mumbai
MAR_003425,CUST_00837,Monitor,4,33786,2026-03-17,UPI,Hyderabad
MAR_003426,CUST_00199,Headphones,4,34382,2026-03-11,Debit Card,Hyderabad
MAR_003427,CUST_01824,Smartwatch,5,31722,2026-03-15,Debit Card,Chennai
MAR_003428,CUST_02082,Smartwatch,3,41206,2026-03-12,Credit Card,Hyderabad
MAR_003429,CUST_04116,Laptop,5,38017,2026-03-18,Debit Card,Delhi
MAR_003430,CUST_01735,Laptop,1,45477,2026-03-16,UPI,Pune
MAR_003431,CUST_01278,Monitor,5,45062,2026-03-26,Cash on Delivery,Chennai
MAR_003432,CUST_04076,Headphones,5,11500,2026-03-06,UPI,Mumbai
MAR_003433,CUST_01601,Tablet,1,19974,2026-03-02,UPI,Bangalore
MAR_003434,CUST_02478,Laptop,3,24091,2026-03-14,Cash on Delivery,Hyderabad
MAR_003435,CUST_01623,Laptop,4,48046,2026-03-19,UPI,Chennai
MAR_003436,CUST_04005,Monitor,1,17194,2026-03-04,UPI,Bangalore
MAR_003437,CUST_03143,Smartphone,4,5927,2026-03-02,Debit Card,Delhi
MAR_003438,CUST_02927,Mouse,5,43053,2026-03-25,Cash on Delivery,Delhi
MAR_003439,CUST_01928,Tablet,2,23153,2026-03-16,Credit Card,Bangalore
MAR_003440,CUST_03785,Keyboard,5,373,2026-03-22,Cash on Delivery,Hyderabad
MAR_003441,CUST_03712,Keyboard,5,16749,2026-03-28,Debit Card,Mumbai
MAR_003442,CUST_02886,Smartphone,5,39754,2026-03-22,Debit Card,Hyderabad
MAR_003443,CUST_00437,Smartwatch,2,46447,2026-03-08,Cash on Delivery,Bangalore
MAR_003444,CUST_02375,Headphones,3,28177,2026-03-30,UPI,Pune
MAR_003445,CUST_03406,Mouse,4,31747,2026-03-08,UPI,Bangalore
MAR_003446,CUST_01732,Laptop,3,40008,2026-03-11,UPI,Delhi
MAR_003447,CUST_01127,Keyboard,2,33858,2026-03-25,UPI,Chennai
MAR_003448,CUST_01317,Smartphone,5,37871,2026-03-27,Debit Card,Chennai
MAR_003449,CUST_03746,Keyboard,4,49899,2026-03-27,Debit Card,Delhi
MAR_003450,CUST_02548,Tablet,2,394,2026-03-04,Credit Card,Bangalore
MAR_003451,CUST_01736,Smartphone,5,12086,2026-03-14,Cash on Delivery,Pune
MAR_003452,CUST_04451,Keyboard,2,39661,2026-03-04,Debit Card,Chennai
MAR_003453,CUST_02757,Keyboard,5,29324,2026-03-01,UPI,Pune
MAR_003454,CUST_01131,Keyboard,2,31959,2026-03-07,Debit Card,Chennai
MAR_003455,CUST_02677,Smartwatch,1,3339,2026-03-28,Debit Card,Mumbai
MAR_003456,CUST_00665,Mouse,3,28508,2026-03-08,Cash on Delivery,Chennai
MAR_003457,CUST_03018,Smartphone,1,16538,2026-03-31,Credit Card,Delhi
MAR_003458,CUST_04851,Tablet,3,6312,2026-03-25,UPI,Pune
MAR_003459,CUST_01126,Monitor,3,36608,2026-03-14,UPI,Delhi
MAR_003460,CUST_01771,Smartwatch,1,32501,2026-03-26,Cash on Delivery,Delhi
MAR_003461,CUST_02709,Smartphone,1,7343,2026-03-01,Debit Card,Pune
MAR_003462,CUST_02737,Mouse,4,31751,2026-03-05,Cash on Delivery,Mumbai
MAR_003463,CUST_01475,Tablet,1,21935,2026-03-01,Credit Card,Mumbai
MAR_003464,CUST_04878,Laptop,4,37403,2026-03-27,Credit Card,Hyderabad
MAR_003465,CUST_02616,Monitor,1,30810,2026-03-31,UPI,Delhi
MAR_003466,CUST_02988,Smartwatch,5,18441,2026-03-21,Cash on Delivery,Pune
MAR_003467,CUST_01823,Mouse,1,6808,2026-03-20,Credit Card,Chennai
MAR_003468,CUST_03669,Monitor,2,31581,2026-03-21,Debit Card,Mumbai
MAR_003469,CUST_00046,Smartphone,3,49071,2026-03-07,Credit Card,Mumbai
MAR_003470,CUST_01614,Tablet,1,3540,2026-03-04,Cash on Delivery,Chennai
MAR_003471,CUST_02562,Tablet,1,9632,2026-03-08,Cash on Delivery,Mumbai
MAR_003472,CUST_01823,Smartphone,4,39539,2026-03-16,Cash on Delivery,Pune
MAR_003473,CUST_04540,Tablet,1,49976,2026-03-16,UPI,Pune
MAR_003474,CUST_00086,Smartphone,1,21470,2026-03-15,Cash on Delivery,Pune
MAR_003475,CUST_03816,Smartwatch,4,3864,2026-03-15,Cash on Delivery,Mumbai
MAR_003476,CUST_00793,Mouse,3,31301,2026-03-14,Credit Card,Hyderabad
MAR_003477,CUST_03106,Monitor,2,33814,2026-03-01,UPI,Chennai
MAR_003478,CUST_00386,Laptop,5,19991,2026-03-11,Credit Card,Chennai
MAR_003479,CUST_01556,Mouse,3,47523,2026-03-13,Credit Card,Mumbai
MAR_003480,CUST_03439,Monitor,1,33572,2026-03-27,Credit Card,Pune
MAR_003481,CUST_01725,Laptop,1,37635,2026-03-30,Cash on Delivery,Pune
MAR_003482,CUST_00985,Smartwatch,2,46332,2026-03-11,UPI,Chennai
MAR_003483,CUST_01184,Keyboard,5,26027,2026-03-17,Cash on Delivery,Delhi
MAR_003484,CUST_03045,Headphones,5,19422,2026-03-19,UPI,Bangalore
MAR_003485,CUST_04653,Smartwatch,5,45858,2026-03-19,Cash on Delivery,Delhi
MAR_003486,CUST_02350,Laptop,5,7278,2026-03-24,Cash on Delivery,Bangalore
MAR_003487,CUST_03604,Monitor,2,46622,2026-03-05,Cash on Delivery,Chennai
MAR_003488,CUST_03878,Monitor,1,35196,2026-03-03,Credit Card,Mumbai
MAR_003489,CUST_04148,Tablet,2,47605,2026-03-09,Debit Card,Delhi
MAR_003490,CUST_02985,Monitor,5,26614,2026-03-04,Cash on Delivery,Chennai
MAR_003491,CUST_02944,Headphones,3,37775,2026-03-29,UPI,Mumbai
MAR_003492,CUST_01624,Smartwatch,2,15991,2026-03-08,Credit Card,Bangalore
MAR_003493,CUST_03877,Headphones,3,25740,2026-03-02,Cash on Delivery,Delhi
MAR_003494,CUST_03256,Headphones,4,1356,2026-03-31,Cash on Delivery,Mumbai
MAR_003495,CUST_03243,Headphones,1,44072,2026-03-24,Cash on Delivery,Bangalore
MAR_003496,CUST_00960,Headphones,5,43482,2026-03-11,Cash on Delivery,Hyderabad
MAR_003497,CUST_01171,Smartwatch,2,45407,2026-03-14,Credit Card,Chennai
MAR_003498,CUST_03217,Monitor,4,25449,2026-03-11,Cash on Delivery,Delhi
MAR_003499,CUST_04802,Headphones,2,43478,2026-03-31,UPI,Chennai
MAR_003500,CUST_04328,Tablet,4,7348,2026-03-11,UPI,Hyderabad
MAR_003501,CUST_03046,Tablet,2,18731,2026-03-07,Credit Card,Mumbai
MAR_003502,CUST_02149,Keyboard,4,44337,2026-03-20,UPI,Bangalore
MAR_003503,CUST_01910,Smartphone,2,1155,2026-03-08,UPI,Hyderabad
MAR_003504,CUST_03273,Smartwatch,4,23754,2026-03-11,Cash on Delivery,Mumbai
MAR_003505,CUST_04716,Keyboard,4,11401,2026-03-17,Credit Card,Mumbai
MAR_003506,CUST_00319,Laptop,1,7841,2026-03-25,Cash on Delivery,Bangalore
MAR_003507,CUST_00246,Headphones,5,18162,2026-03-03,UPI,Hyderabad
MAR_003508,CUST_03180,Headphones,5,44275,2026-03-03,Cash on Delivery,Mumbai
MAR_003509,CUST_03741,Monitor,1,27965,2026-03-26,Debit Card,Delhi
MAR_003510,CUST_04692,Mouse,3,37229,2026-03-07,Debit Card,Mumbai
MAR_003511,CUST_03562,Laptop,5,4618,2026-03-26,Cash on Delivery,Mumbai
MAR_003512,CUST_03295,Monitor,3,22636,2026-03-19,Cash on Delivery,Hyderabad
MAR_003513,CUST_04270,Smartwatch,4,38804,2026-03-21,Credit Card,Chennai
MAR_003514,CUST_03661,Headphones,3,27285,2026-03-28,Credit Card,Chennai
MAR_003515,CUST_01008,Tablet,2,1727,2026-03-15,Debit Card,Chennai
MAR_003516,CUST_02345,Smartwatch,5,1955,2026-03-11,Credit Card,Hyderabad
MAR_003517,CUST_02460,Laptop,4,45699,2026-03-13,Credit Card,Mumbai
MAR_003518,CUST_03473,Monitor,4,43108,2026-03-04,Credit Card,Hyderabad
MAR_003519,CUST_02872,Mouse,4,40783,2026-03-21,Credit Card,Pune
MAR_003520,CUST_01432,Laptop,5,27501,2026-03-29,Cash on Delivery,Pune
MAR_003521,CUST_02462,Laptop,5,28932,2026-03-28,Cash on Delivery,Mumbai
MAR_003522,CUST_01643,Monitor,2,24712,2026-03-29,UPI,Delhi
MAR_003523,CUST_04084,Keyboard,2,1915,2026-03-07,Debit Card,Delhi
MAR_003524,CUST_03315,Headphones,4,8761,2026-03-06,Cash on Delivery,Chennai
MAR_003525,CUST_01118,Tablet,3,47791,2026-03-18,Debit Card,Delhi
MAR_003526,CUST_02069,Tablet,2,8571,2026-03-21,UPI,Bangalore
MAR_003527,CUST_01355,Headphones,2,23037,2026-03-11,UPI,Chennai
MAR_003528,CUST_02394,Smartphone,5,23866,2026-03-31,Debit Card,Delhi
MAR_003529,CUST_01484,Smartphone,4,30380,2026-03-20,Debit Card,Delhi
MAR_003530,CUST_02393,Mouse,5,41870,2026-03-29,Debit Card,Chennai
MAR_003531,CUST_02114,Keyboard,1,9222,2026-03-23,Credit Card,Hyderabad
MAR_003532,CUST_02181,Tablet,5,13602,2026-03-22,UPI,Mumbai
MAR_003533,CUST_01729,Keyboard,2,20142,2026-03-16,Credit Card,Chennai
MAR_003534,CUST_00792,Mouse,3,42049,2026-03-25,UPI,Chennai
MAR_003535,CUST_04304,Laptop,2,12498,2026-03-01,Debit Card,Chennai
MAR_003536,CUST_00572,Tablet,2,810,2026-03-03,Cash on Delivery,Bangalore
MAR_003537,CUST_02943,Headphones,2,7378,2026-03-01,UPI,Delhi
MAR_003538,CUST_00956,Tablet,2,2819,2026-03-30,Credit Card,Delhi
MAR_003539,CUST_04332,Keyboard,4,6223,2026-03-05,Debit Card,Pune
MAR_003540,CUST_04602,Smartphone,4,38449,2026-03-21,Credit Card,Chennai
MAR_003541,CUST_02632,Laptop,3,12989,2026-03-26,Credit Card,Bangalore
MAR_003542,CUST_02035,Monitor,2,16076,2026-03-05,Debit Card,Hyderabad
MAR_003543,CUST_00477,Smartphone,1,47720,2026-03-03,Debit Card,Pune
MAR_003544,CUST_03002,Tablet,2,13948,2026-03-19,Cash on Delivery,Pune
MAR_003545,CUST_02449,Tablet,1,39667,2026-03-08,Debit Card,Chennai
MAR_003546,CUST_01412,Tablet,2,10896,2026-03-01,Cash on Delivery,Delhi
MAR_003547,CUST_04409,Monitor,3,10884,2026-03-19,Cash on Delivery,Bangalore
MAR_003548,CUST_01560,Keyboard,3,15105,2026-03-14,UPI,Pune
MAR_003549,CUST_01495,Laptop,5,46489,2026-03-04,Debit Card,Pune
MAR_003550,CUST_03965,Laptop,4,22328,2026-03-10,Credit Card,Mumbai
MAR_003551,CUST_03519,Laptop,5,33707,2026-03-03,Debit Card,Pune
MAR_003552,CUST_02047,Laptop,3,35449,2026-03-04,UPI,Pune
MAR_003553,CUST_02636,Mouse,5,30154,2026-03-26,UPI,Pune
MAR_003554,CUST_03570,Smartphone,5,13805,2026-03-27,Cash on Delivery,Pune
MAR_003555,CUST_04241,Headphones,1,14525,2026-03-29,Cash on Delivery,Chennai
MAR_003556,CUST_01625,Mouse,3,15786,2026-03-23,UPI,Chennai
MAR_003557,CUST_01627,Headphones,1,40936,2026-03-30,UPI,Delhi
MAR_003558,CUST_02627,Monitor,5,35074,2026-03-30,Credit Card,Pune
MAR_003559,CUST_04335,Tablet,3,21869,2026-03-06,Debit Card,Bangalore
MAR_003560,CUST_02583,Laptop,4,34592,2026-03-08,Credit Card,Chennai
MAR_003561,CUST_04086,Smartwatch,5,11057,2026-03-23,Debit Card,Mumbai
MAR_003562,CUST_04172,Mouse,5,28270,2026-03-16,Credit Card,Pune
MAR_003563,CUST_02049,Laptop,5,16264,2026-03-12,UPI,Bangalore
MAR_003564,CUST_03852,Laptop,5,8005,2026-03-19,Debit Card,Delhi
MAR_003565,CUST_04543,Headphones,2,15170,2026-03-18,Credit Card,Pune
MAR_003566,CUST_04181,Headphones,4,2934,2026-03-18,UPI,Mumbai
MAR_003567,CUST_01208,Monitor,3,13230,2026-03-03,Cash on Delivery,Pune
MAR_003568,CUST_00835,Monitor,4,32992,2026-03-29,UPI,Chennai
MAR_003569,CUST_00375,Laptop,1,12086,2026-03-26,Debit Card,Mumbai
MAR_003570,CUST_00312,Tablet,1,28727,2026-03-21,UPI,Delhi
MAR_003571,CUST_01154,Laptop,2,45312,2026-03-31,Credit Card,Mumbai
MAR_003572,CUST_00435,Laptop,2,43511,2026-03-15,Cash on Delivery,Bangalore
MAR_003573,CUST_03167,Monitor,5,22406,2026-03-03,Credit Card,Pune
MAR_003574,CUST_03198,Laptop,3,20274,2026-03-10,UPI,Hyderabad
MAR_003575,CUST_00755,Smartphone,5,2129,2026-03-12,Cash on Delivery,Hyderabad
MAR_003576,CUST_04153,Smartwatch,3,41500,2026-03-12,Credit Card,Mumbai
MAR_003577,CUST_02974,Tablet,1,43293,2026-03-22,Cash on Delivery,Pune
MAR_003578,CUST_00553,Keyboard,4,11392,2026-03-28,Cash on Delivery,Chennai
MAR_003579,CUST_02198,Laptop,1,281,2026-03-02,Cash on Delivery,Hyderabad
MAR_003580,CUST_01992,Smartwatch,3,48609,2026-03-26,UPI,Delhi
MAR_003581,CUST_02778,Smartwatch,4,43836,2026-03-25,Credit Card,Pune
MAR_003582,CUST_02323,Keyboard,1,47169,2026-03-10,Credit Card,Chennai
MAR_003583,CUST_00090,Smartphone,1,17184,2026-03-30,UPI,Bangalore
MAR_003584,CUST_04536,Smartwatch,4,30802,2026-03-12,Credit Card,Pune
MAR_003585,CUST_04838,Mouse,2,37084,2026-03-20,Cash on Delivery,Chennai
MAR_003586,CUST_03992,Headphones,3,17447,2026-03-11,UPI,Bangalore
MAR_003587,CUST_02415,Tablet,3,10068,2026-03-08,UPI,Bangalore
MAR_003588,CUST_01361,Smartphone,5,3670,2026-03-15,Credit Card,Mumbai
MAR_003589,CUST_01684,Mouse,4,10136,2026-03-11,Debit Card,Mumbai
MAR_003590,CUST_01414,Smartphone,2,6482,2026-03-19,Credit Card,Hyderabad
MAR_003591,CUST_02766,Laptop,2,13480,2026-03-14,Debit Card,Pune
MAR_003592,CUST_03495,Keyboard,4,15369,2026-03-24,Cash on Delivery,Pune
MAR_003593,CUST_04667,Smartwatch,4,2160,2026-03-07,Debit Card,Hyderabad
MAR_003594,CUST_01999,Mouse,2,23226,2026-03-08,Debit Card,Hyderabad
MAR_003595,CUST_00547,Keyboard,3,2139,2026-03-03,Debit Card,Delhi
MAR_003596,CUST_03395,Smartphone,5,31299,2026-03-02,UPI,Pune
MAR_003597,CUST_01420,Headphones,1,45145,2026-03-22,UPI,Bangalore
MAR_003598,CUST_04641,Tablet,1,3161,2026-03-25,Debit Card,Mumbai
MAR_003599,CUST_01771,Keyboard,4,23821,2026-03-02,Cash on Delivery,Bangalore
MAR_003600,CUST_00814,Smartwatch,5,8204,2026-03-10,Debit Card,Bangalore
MAR_003601,CUST_03346,Smartphone,3,24414,2026-03-01,Cash on Delivery,Chennai
MAR_003602,CUST_01951,Laptop,1,23213,2026-03-12,Cash on Delivery,Mumbai
MAR_003603,CUST_04319,Monitor,2,5409,2026-03-21,UPI,Mumbai
MAR_003604,CUST_04696,Laptop,4,34098,2026-03-08,Cash on Delivery,Bangalore
MAR_003605,CUST_01490,Mouse,3,48537,2026-03-29,Credit Card,Chennai
MAR_003606,CUST_02828,Smartwatch,3,28649,2026-03-14,Debit Card,Delhi
MAR_003607,CUST_00660,Mouse,1,1336,2026-03-23,Cash on Delivery,Bangalore
MAR_003608,CUST_03365,Headphones,1,21986,2026-03-18,UPI,Bangalore
MAR_003609,CUST_03540,Smartphone,1,22723,2026-03-22,Credit Card,Pune
MAR_003610,CUST_01188,Tablet,4,22319,2026-03-21,Debit Card,Hyderabad
MAR_003611,CUST_01640,Headphones,4,38444,2026-03-13,Credit Card,Bangalore
MAR_003612,CUST_00223,Laptop,4,46197,2026-03-03,Credit Card,Delhi
MAR_003613,CUST_01170,Smartphone,5,23410,2026-03-16,Credit Card,Delhi
MAR_003614,CUST_04504,Laptop,1,13651,2026-03-30,Cash on Delivery,Pune
MAR_003615,CUST_03116,Smartphone,5,36956,2026-03-07,Credit Card,Pune
MAR_003616,CUST_00077,Tablet,2,47503,2026-03-27,UPI,Bangalore
MAR_003617,CUST_04750,Tablet,4,27957,2026-03-08,Credit Card,Pune
MAR_003618,CUST_01208,Smartwatch,1,12734,2026-03-15,UPI,Chennai
MAR_003619,CUST_04275,Mouse,2,18895,2026-03-08,Credit Card,Delhi
MAR_003620,CUST_03777,Keyboard,3,4565,2026-03-04,Cash on Delivery,Mumbai
MAR_003621,CUST_01849,Mouse,4,7719,2026-03-15,Credit Card,Mumbai
MAR_003622,CUST_01674,Mouse,5,11953,2026-03-13,UPI,Pune
MAR_003623,CUST_04094,Keyboard,5,48540,2026-03-01,UPI,Hyderabad
MAR_003624,CUST_04277,Mouse,5,41218,2026-03-25,Cash on Delivery,Delhi
MAR_003625,CUST_04115,Headphones,5,35583,2026-03-27,Cash on Delivery,Pune
MAR_003626,CUST_04183,Tablet,5,23673,2026-03-12,Debit Card,Hyderabad
MAR_003627,CUST_00635,Smartphone,1,32053,2026-03-26,Credit Card,Pune
MAR_003628,CUST_00308,Keyboard,4,5880,2026-03-01,Cash on Delivery,Bangalore
MAR_003629,CUST_01566,Tablet,5,30271,2026-03-21,Debit Card,Hyderabad
MAR_003630,CUST_03378,Smartphone,4,40350,2026-03-29,UPI,Mumbai
MAR_003631,CUST_01894,Mouse,4,8563,2026-03-09,Debit Card,Pune
MAR_003632,CUST_04662,Headphones,1,32624,2026-03-20,Cash on Delivery,Hyderabad
MAR_003633,CUST_01426,Monitor,2,11353,2026-03-04,Debit Card,Hyderabad
MAR_003634,CUST_03887,Mouse,3,18803,2026-03-28,Credit Card,Chennai
MAR_003635,CUST_02623,Tablet,4,27238,2026-03-10,Cash on Delivery,Hyderabad
MAR_003636,CUST_02195,Smartphone,3,15247,2026-03-16,UPI,Chennai
MAR_003637,CUST_04004,Keyboard,5,38968,2026-03-20,UPI,Hyderabad
MAR_003638,CUST_03149,Smartwatch,4,5755,2026-03-15,UPI,Mumbai
MAR_003639,CUST_02056,Mouse,4,1996,2026-03-11,Credit Card,Hyderabad
MAR_003640,CUST_03033,Monitor,5,10923,2026-03-04,Credit Card,Chennai
MAR_003641,CUST_02187,Mouse,5,22275,2026-03-19,Credit Card,Hyderabad
MAR_003642,CUST_00156,Laptop,3,19984,2026-03-02,Credit Card,Mumbai
MAR_003643,CUST_01232,Headphones,2,23602,2026-03-14,Cash on Delivery,Chennai
MAR_003644,CUST_00259,Headphones,5,42442,2026-03-17,UPI,Pune
MAR_003645,CUST_03931,Headphones,2,17415,2026-03-25,Debit Card,Hyderabad
MAR_003646,CUST_01607,Smartwatch,5,12667,2026-03-16,Credit Card,Mumbai
MAR_003647,CUST_00851,Mouse,5,19045,2026-03-15,Debit Card,Mumbai
MAR_003648,CUST_03724,Laptop,2,4347,2026-03-05,Debit Card,Delhi
MAR_003649,CUST_02333,Laptop,3,2819,2026-03-16,UPI,Mumbai
MAR_003650,CUST_00564,Laptop,3,28181,2026-03-12,UPI,Delhi
MAR_003651,CUST_02297,Smartphone,4,7721,2026-03-10,Cash on Delivery,Chennai
MAR_003652,CUST_01379,Smartphone,4,31003,2026-03-08,Credit Card,Delhi
MAR_003653,CUST_01782,Tablet,2,36106,2026-03-08,UPI,Mumbai
MAR_003654,CUST_02684,Tablet,4,30608,2026-03-02,UPI,Hyderabad
MAR_003655,CUST_04706,Monitor,4,18218,2026-03-23,UPI,Chennai
MAR_003656,CUST_03211,Smartwatch,3,21342,2026-03-08,Debit Card,Delhi
MAR_003657,CUST_02892,Tablet,5,5867,2026-03-19,UPI,Mumbai
MAR_003658,CUST_04567,Tablet,3,44430,2026-03-23,Cash on Delivery,Delhi
MAR_003659,CUST_03748,Laptop,1,19430,2026-03-14,Credit Card,Pune
MAR_003660,CUST_00060,Headphones,5,6718,2026-03-23,Cash on Delivery,Pune
MAR_003661,CUST_03258,Headphones,2,20610,2026-03-01,UPI,Mumbai
MAR_003662,CUST_01839,Smartphone,5,12664,2026-03-15,Cash on Delivery,Hyderabad
MAR_003663,CUST_04327,Tablet,5,7179,2026-03-09,Cash on Delivery,Chennai
MAR_003664,CUST_03340,Tablet,3,35612,2026-03-05,Cash on Delivery,Hyderabad
MAR_003665,CUST_03798,Smartphone,3,45331,2026-03-07,UPI,Delhi
MAR_003666,CUST_04133,Smartwatch,2,47826,2026-03-06,Credit Card,Pune
MAR_003667,CUST_04978,Smartwatch,1,29603,2026-03-10,UPI,Delhi
MAR_003668,CUST_04207,Monitor,4,30900,2026-03-21,Debit Card,Mumbai
MAR_003669,CUST_03778,Smartphone,5,11998,2026-03-05,Cash on Delivery,Pune
MAR_003670,CUST_01404,Keyboard,5,43643,2026-03-25,UPI,Pune
MAR_003671,CUST_02627,Monitor,3,35235,2026-03-01,Debit Card,Delhi
MAR_003672,CUST_04471,Laptop,5,23144,2026-03-23,UPI,Pune
MAR_003673,CUST_01420,Keyboard,4,30096,2026-03-09,UPI,Bangalore
MAR_003674,CUST_00868,Smartphone,2,6007,2026-03-04,Cash on Delivery,Hyderabad
MAR_003675,CUST_00592,Laptop,1,23714,2026-03-12,Debit Card,Delhi
MAR_003676,CUST_00463,Monitor,1,23639,2026-03-10,Credit Card,Bangalore
MAR_003677,CUST_03577,Monitor,3,47559,2026-03-14,UPI,Hyderabad
MAR_003678,CUST_00303,Tablet,5,29202,2026-03-25,Cash on Delivery,Chennai
MAR_003679,CUST_03507,Headphones,4,40446,2026-03-05,Credit Card,Delhi
MAR_003680,CUST_01340,Monitor,5,24137,2026-03-20,Credit Card,Chennai
MAR_003681,CUST_03826,Smartwatch,4,1871,2026-03-15,Credit Card,Mumbai
MAR_003682,CUST_04607,Smartwatch,1,44901,2026-03-01,UPI,Hyderabad
MAR_003683,CUST_04137,Smartwatch,5,4523,2026-03-09,Cash on Delivery,Bangalore
MAR_003684,CUST_04400,Smartwatch,2,25069,2026-03-26,Debit Card,Hyderabad
MAR_003685,CUST_00201,Laptop,1,9926,2026-03-05,Credit Card,Hyderabad
MAR_003686,CUST_00273,Headphones,1,17844,2026-03-24,Debit Card,Chennai
MAR_003687,CUST_03999,Keyboard,2,11589,2026-03-16,UPI,Mumbai
MAR_003688,CUST_03138,Tablet,5,44427,2026-03-24,Debit Card,Mumbai
MAR_003689,CUST_04036,Headphones,4,40011,2026-03-12,Credit Card,Bangalore
MAR_003690,CUST_02397,Keyboard,2,20483,2026-03-31,Credit Card,Bangalore
MAR_003691,CUST_00019,Laptop,1,43645,2026-03-12,Debit Card,Chennai
MAR_003692,CUST_04370,Smartphone,2,34045,2026-03-29,UPI,Hyderabad
MAR_003693,CUST_00054,Tablet,5,41597,2026-03-26,Credit Card,Hyderabad
MAR_003694,CUST_03495,Tablet,2,2946,2026-03-12,Credit Card,Chennai
MAR_003695,CUST_04253,Tablet,1,7891,2026-03-15,Credit Card,Bangalore
MAR_003696,CUST_00412,Tablet,2,35528,2026-03-11,Debit Card,Mumbai
MAR_003697,CUST_02227,Monitor,2,11974,2026-03-24,Cash on Delivery,Pune
MAR_003698,CUST_04811,Keyboard,2,45856,2026-03-20,Debit Card,Mumbai
MAR_003699,CUST_04702,Smartphone,5,1939,2026-03-17,UPI,Delhi
MAR_003700,CUST_01072,Monitor,3,18486,2026-03-30,Cash on Delivery,Pune
MAR_003701,CUST_03337,Smartwatch,4,38479,2026-03-29,Credit Card,Delhi
MAR_003702,CUST_04099,Monitor,3,28406,2026-03-10,Debit Card,Bangalore
MAR_003703,CUST_03546,Mouse,2,22341,2026-03-24,Credit Card,Mumbai
MAR_003704,CUST_04729,Laptop,5,11738,2026-03-14,Credit Card,Bangalore
MAR_003705,CUST_01565,Headphones,1,38126,2026-03-11,UPI,Chennai
MAR_003706,CUST_04441,Headphones,2,40622,2026-03-09,Debit Card,Chennai
MAR_003707,CUST_01479,Smartwatch,4,30072,2026-03-09,UPI,Chennai
MAR_003708,CUST_04514,Smartwatch,4,16311,2026-03-14,Credit Card,Mumbai
MAR_003709,CUST_03997,Mouse,2,46587,2026-03-15,Credit Card,Pune
MAR_003710,CUST_03211,Mouse,2,47916,2026-03-19,Credit Card,Pune
MAR_003711,CUST_03766,Mouse,1,27326,2026-03-21,Credit Card,Mumbai
MAR_003712,CUST_02961,Smartwatch,4,39120,2026-03-02,Credit Card,Chennai
MAR_003713,CUST_04640,Smartwatch,3,15699,2026-03-23,Credit Card,Delhi
MAR_003714,CUST_02529,Headphones,1,47919,2026-03-23,Debit Card,Pune
MAR_003715,CUST_04442,Monitor,5,22675,2026-03-25,Credit Card,Mumbai
MAR_003716,CUST_04107,Smartwatch,3,28067,2026-03-28,Debit Card,Bangalore
MAR_003717,CUST_00326,Smartwatch,1,45562,2026-03-24,Credit Card,Hyderabad
MAR_003718,CUST_01096,Keyboard,1,15992,2026-03-05,Credit Card,Pune
MAR_003719,CUST_02077,Keyboard,2,2294,2026-03-10,Debit Card,Chennai
MAR_003720,CUST_01498,Mouse,1,21885,2026-03-09,Cash on Delivery,Bangalore
MAR_003721,CUST_02197,Monitor,2,3057,2026-03-20,Cash on Delivery,Pune
MAR_003722,CUST_01609,Laptop,1,8822,2026-03-04,Credit Card,Mumbai
MAR_003723,CUST_03771,Smartwatch,3,18571,2026-03-29,Cash on Delivery,Mumbai
MAR_003724,CUST_03857,Headphones,2,44026,2026-03-02,UPI,Mumbai
MAR_003725,CUST_04931,Mouse,5,46407,2026-03-26,Debit Card,Hyderabad
MAR_003726,CUST_03176,Tablet,2,44717,2026-03-06,Cash on Delivery,Pune
MAR_003727,CUST_00451,Laptop,2,38615,2026-03-08,Cash on Delivery,Hyderabad
MAR_003728,CUST_00605,Smartwatch,1,45854,2026-03-04,Credit Card,Pune
MAR_003729,CUST_01934,Headphones,5,41732,2026-03-11,Cash on Delivery,Bangalore
MAR_003730,CUST_00933,Headphones,2,34587,2026-03-30,Cash on Delivery,Hyderabad
MAR_003731,CUST_00714,Keyboard,5,3037,2026-03-02,UPI,Hyderabad
MAR_003732,CUST_03955,Keyboard,5,31791,2026-03-18,Debit Card,Delhi
MAR_003733,CUST_01844,Mouse,5,44407,2026-03-09,UPI,Pune
MAR_003734,CUST_03993,Mouse,3,26594,2026-03-18,UPI,Delhi
MAR_003735,CUST_02704,Monitor,5,3120,2026-03-25,UPI,Pune
MAR_003736,CUST_01490,Laptop,3,16228,2026-03-21,Credit Card,Chennai
MAR_003737,CUST_03105,Mouse,4,45442,2026-03-01,Debit Card,Delhi
MAR_003738,CUST_00003,Keyboard,5,49698,2026-03-28,UPI,Hyderabad
MAR_003739,CUST_00159,Keyboard,1,10581,2026-03-14,Debit Card,Pune
MAR_003740,CUST_01413,Smartphone,3,24232,2026-03-15,UPI,Pune
MAR_003741,CUST_00839,Mouse,1,25462,2026-03-23,Debit Card,Mumbai
MAR_003742,CUST_00529,Tablet,4,19808,2026-03-01,Cash on Delivery,Delhi
MAR_003743,CUST_01542,Headphones,4,34357,2026-03-15,Credit Card,Delhi
MAR_003744,CUST_01160,Smartwatch,5,31638,2026-03-27,Cash on Delivery,Delhi
MAR_003745,CUST_00202,Keyboard,4,35353,2026-03-08,Credit Card,Bangalore
MAR_003746,CUST_00057,Monitor,1,23217,2026-03-04,Debit Card,Hyderabad
MAR_003747,CUST_00194,Monitor,3,36954,2026-03-04,Credit Card,Bangalore
MAR_003748,CUST_04968,Tablet,3,6544,2026-03-14,UPI,Chennai
MAR_003749,CUST_00699,Laptop,4,40564,2026-03-17,UPI,Chennai
MAR_003750,CUST_00672,Laptop,2,41883,2026-03-14,Credit Card,Hyderabad
MAR_003751,CUST_02043,Monitor,2,45157,2026-03-26,Debit Card,Chennai
MAR_003752,CUST_02804,Mouse,2,32845,2026-03-05,UPI,Bangalore
MAR_003753,CUST_03566,Mouse,4,43678,2026-03-11,UPI,Bangalore
MAR_003754,CUST_01035,Mouse,5,45365,2026-03-15,Cash on Delivery,Chennai
MAR_003755,CUST_03637,Mouse,2,29922,2026-03-15,Credit Card,Pune
MAR_003756,CUST_01779,Keyboard,4,12476,2026-03-29,Cash on Delivery,Chennai
MAR_003757,CUST_04214,Monitor,4,20590,2026-03-24,UPI,Hyderabad
MAR_003758,CUST_03959,Smartphone,2,30087,2026-03-13,UPI,Hyderabad
MAR_003759,CUST_00172,Laptop,3,39761,2026-03-04,Debit Card,Bangalore
MAR_003760,CUST_04487,Monitor,2,8179,2026-03-28,Credit Card,Mumbai
MAR_003761,CUST_01182,Smartwatch,2,38358,2026-03-29,Cash on Delivery,Hyderabad
MAR_003762,CUST_00229,Smartwatch,2,20618,2026-03-25,UPI,Mumbai
MAR_003763,CUST_01973,Tablet,1,6320,2026-03-27,Credit Card,Chennai
MAR_003764,CUST_01257,Tablet,3,18369,2026-03-19,Credit Card,Pune
MAR_003765,CUST_04273,Mouse,4,9492,2026-03-18,Cash on Delivery,Chennai
MAR_003766,CUST_00972,Tablet,2,49891,2026-03-08,Cash on Delivery,Mumbai
MAR_003767,CUST_02830,Tablet,5,34443,2026-03-09,Credit Card,Bangalore
MAR_003768,CUST_00358,Monitor,5,28964,2026-03-10,UPI,Delhi
MAR_003769,CUST_00017,Mouse,3,3705,2026-03-12,Cash on Delivery,Bangalore
MAR_003770,CUST_00743,Laptop,4,1026,2026-03-12,UPI,Mumbai
MAR_003771,CUST_04656,Keyboard,5,22442,2026-03-31,Credit Card,Delhi
MAR_003772,CUST_00699,Mouse,1,41205,2026-03-31,Cash on Delivery,Chennai
MAR_003773,CUST_02267,Tablet,4,34244,2026-03-14,Debit Card,Delhi
MAR_003774,CUST_03582,Laptop,2,47560,2026-03-28,Debit Card,Chennai
MAR_003775,CUST_02430,Smartwatch,3,22580,2026-03-15,Debit Card,Bangalore
MAR_003776,CUST_02483,Smartwatch,1,29149,2026-03-02,UPI,Bangalore
MAR_003777,CUST_00464,Headphones,1,12861,2026-03-04,Cash on Delivery,Pune
MAR_003778,CUST_03054,Keyboard,1,35318,2026-03-09,Debit Card,Mumbai
MAR_003779,CUST_01747,Mouse,4,4564,2026-03-29,UPI,Pune
MAR_003780,CUST_03230,Monitor,2,44347,2026-03-22,Debit Card,Delhi
MAR_003781,CUST_02232,Tablet,1,36100,2026-03-24,Cash on Delivery,Pune
MAR_003782,CUST_00166,Laptop,4,29040,2026-03-06,Credit Card,Mumbai
MAR_003783,CUST_04553,Keyboard,3,45511,2026-03-26,UPI,Chennai
MAR_003784,CUST_04474,Mouse,3,4072,2026-03-25,Credit Card,Chennai
MAR_003785,CUST_01039,Monitor,2,40432,2026-03-03,Cash on Delivery,Mumbai
MAR_003786,CUST_02083,Laptop,3,36233,2026-03-09,Credit Card,Mumbai
MAR_003787,CUST_03746,Tablet,4,39501,2026-03-12,Credit Card,Hyderabad
MAR_003788,CUST_01476,Headphones,1,13035,2026-03-09,Debit Card,Mumbai
MAR_003789,CUST_01194,Smartwatch,5,22088,2026-03-28,UPI,Bangalore
MAR_003790,CUST_01199,Monitor,2,41727,2026-03-18,Cash on Delivery,Pune
MAR_003791,CUST_00292,Smartwatch,4,32333,2026-03-08,Credit Card,Delhi
MAR_003792,CUST_04168,Tablet,3,41979,2026-03-04,Cash on Delivery,Mumbai
MAR_003793,CUST_00805,Smartwatch,5,14858,2026-03-16,UPI,Delhi
MAR_003794,CUST_03636,Keyboard,5,20149,2026-03-16,Debit Card,Hyderabad
MAR_003795,CUST_02235,Smartwatch,2,20546,2026-03-05,Debit Card,Delhi
MAR_003796,CUST_02248,Keyboard,1,24653,2026-03-05,Cash on Delivery,Bangalore
MAR_003797,CUST_03883,Mouse,5,45489,2026-03-20,Credit Card,Hyderabad
MAR_003798,CUST_03159,Mouse,3,49796,2026-03-27,Credit Card,Bangalore
MAR_003799,CUST_03213,Tablet,1,28923,2026-03-17,Cash on Delivery,Mumbai
MAR_003800,CUST_01262,Headphones,2,44765,2026-03-23,Cash on Delivery,Mumbai
MAR_003801,CUST_04870,Mouse,2,8696,2026-03-03,Cash on Delivery,Chennai
MAR_003802,CUST_04480,Smartphone,1,47630,2026-03-10,Credit Card,Chennai
MAR_003803,CUST_02525,Monitor,4,3640,2026-03-07,Credit Card,Chennai
MAR_003804,CUST_01075,Keyboard,5,48690,2026-03-08,Debit Card,Mumbai
MAR_003805,CUST_02687,Smartwatch,1,37021,2026-03-22,Credit Card,Bangalore
MAR_003806,CUST_03348,Monitor,2,23669,2026-03-02,Credit Card,Pune
MAR_003807,CUST_03595,Headphones,3,5882,2026-03-18,Credit Card,Delhi
MAR_003808,CUST_02306,Smartwatch,5,46444,2026-03-15,Credit Card,Mumbai
MAR_003809,CUST_01462,Mouse,1,12893,2026-03-08,UPI,Bangalore
MAR_003810,CUST_04841,Monitor,4,11240,2026-03-12,Cash on Delivery,Bangalore
MAR_003811,CUST_02240,Laptop,3,24965,2026-03-28,UPI,Delhi
MAR_003812,CUST_02783,Monitor,4,34043,2026-03-04,Cash on Delivery,Bangalore
MAR_003813,CUST_03502,Smartphone,4,4037,2026-03-07,Debit Card,Mumbai
MAR_003814,CUST_01146,Monitor,3,22023,2026-03-08,UPI,Mumbai
MAR_003815,CUST_01959,Smartphone,4,20452,2026-03-24,Credit Card,Pune
MAR_003816,CUST_00452,Laptop,1,3724,2026-03-03,Cash on Delivery,Mumbai
MAR_003817,CUST_03186,Smartwatch,4,37347,2026-03-17,Debit Card,Bangalore
MAR_003818,CUST_02447,Laptop,2,46491,2026-03-17,Debit Card,Mumbai
MAR_003819,CUST_01548,Keyboard,5,12285,2026-03-17,Credit Card,Pune
MAR_003820,CUST_04077,Smartphone,5,14179,2026-03-25,Debit Card,Hyderabad
MAR_003821,CUST_04838,Smartphone,4,18940,2026-03-31,Credit Card,Delhi
MAR_003822,CUST_01523,Smartwatch,1,28987,2026-03-10,Cash on Delivery,Delhi
MAR_003823,CUST_03201,Smartphone,1,9427,2026-03-18,UPI,Mumbai
MAR_003824,CUST_04744,Keyboard,5,48778,2026-03-12,Cash on Delivery,Mumbai
MAR_003825,CUST_03350,Smartwatch,4,6832,2026-03-23,Credit Card,Chennai
MAR_003826,CUST_02422,Mouse,1,44098,2026-03-24,Credit Card,Hyderabad
MAR_003827,CUST_00978,Headphones,4,40131,2026-03-27,UPI,Hyderabad
MAR_003828,CUST_03284,Mouse,5,44104,2026-03-03,UPI,Delhi
MAR_003829,CUST_02354,Mouse,5,10093,2026-03-27,Debit Card,Mumbai
MAR_003830,CUST_00518,Monitor,3,16920,2026-03-23,Credit Card,Hyderabad
MAR_003831,CUST_02537,Mouse,5,29517,2026-03-24,Debit Card,Pune
MAR_003832,CUST_02565,Laptop,4,36309,2026-03-07,Cash on Delivery,Bangalore
MAR_003833,CUST_00940,Smartwatch,3,7430,2026-03-19,Cash on Delivery,Pune
MAR_003834,CUST_03066,Smartwatch,1,17476,2026-03-28,Debit Card,Pune
MAR_003835,CUST_02571,Keyboard,5,34750,2026-03-25,Cash on Delivery,Delhi
MAR_003836,CUST_00600,Mouse,2,14737,2026-03-24,Debit Card,Chennai
MAR_003837,CUST_00506,Tablet,5,15728,2026-03-04,UPI,Hyderabad
MAR_003838,CUST_00936,Monitor,3,11104,2026-03-09,Debit Card,Mumbai
MAR_003839,CUST_03063,Laptop,1,40699,2026-03-25,Debit Card,Hyderabad
MAR_003840,CUST_02197,Smartwatch,3,10500,2026-03-28,Debit Card,Delhi
MAR_003841,CUST_00635,Keyboard,3,24703,2026-03-18,Credit Card,Delhi
MAR_003842,CUST_03610,Headphones,4,12100,2026-03-26,Credit Card,Hyderabad
MAR_003843,CUST_01858,Tablet,1,49543,2026-03-29,Debit Card,Pune
MAR_003844,CUST_00521,Keyboard,5,49309,2026-03-05,UPI,Chennai
MAR_003845,CUST_01560,Smartphone,5,12963,2026-03-06,Debit Card,Bangalore
MAR_003846,CUST_01393,Tablet,2,6469,2026-03-14,Debit Card,Hyderabad
MAR_003847,CUST_01961,Keyboard,3,45431,2026-03-04,Credit Card,Chennai
MAR_003848,CUST_04978,Headphones,4,14895,2026-03-02,Credit Card,Bangalore
MAR_003849,CUST_02965,Headphones,4,3647,2026-03-21,UPI,Mumbai
MAR_003850,CUST_02073,Keyboard,1,2674,2026-03-29,Credit Card,Pune
MAR_003851,CUST_00150,Keyboard,1,10648,2026-03-08,Cash on Delivery,Delhi
MAR_003852,CUST_04851,Tablet,5,6089,2026-03-10,Debit Card,Bangalore
MAR_003853,CUST_02761,Tablet,3,5273,2026-03-29,Cash on Delivery,Hyderabad
MAR_003854,CUST_04942,Monitor,1,45598,2026-03-16,UPI,Chennai
MAR_003855,CUST_00457,Mouse,1,18011,2026-03-26,Debit Card,Mumbai
MAR_003856,CUST_03925,Keyboard,2,43138,2026-03-03,Cash on Delivery,Pune
MAR_003857,CUST_00799,Headphones,1,13965,2026-03-05,Credit Card,Bangalore
MAR_003858,CUST_01648,Laptop,5,11774,2026-03-12,UPI,Mumbai
MAR_003859,CUST_00853,Keyboard,4,41168,2026-03-17,Credit Card,Mumbai
MAR_003860,CUST_00411,Laptop,4,38262,2026-03-24,Debit Card,Hyderabad
MAR_003861,CUST_00281,Tablet,1,31849,2026-03-28,Credit Card,Delhi
MAR_003862,CUST_01702,Tablet,4,35367,2026-03-28,UPI,Mumbai
MAR_003863,CUST_03217,Headphones,1,42257,2026-03-09,Credit Card,Delhi
MAR_003864,CUST_04834,Smartwatch,2,13955,2026-03-14,Debit Card,Mumbai
MAR_003865,CUST_00194,Smartwatch,3,30152,2026-03-01,Debit Card,Bangalore
MAR_003866,CUST_00392,Tablet,4,9228,2026-03-05,Cash on Delivery,Mumbai
MAR_003867,CUST_04174,Smartwatch,2,3536,2026-03-13,Cash on Delivery,Pune
MAR_003868,CUST_00130,Smartwatch,3,17819,2026-03-12,Cash on Delivery,Hyderabad
MAR_003869,CUST_03470,Smartwatch,1,19847,2026-03-28,Cash on Delivery,Chennai
MAR_003870,CUST_00057,Smartwatch,1,2234,2026-03-09,Cash on Delivery,Pune
MAR_003871,CUST_01225,Keyboard,5,35534,2026-03-26,UPI,Chennai
MAR_003872,CUST_03581,Smartphone,4,39551,2026-03-10,Debit Card,Mumbai
MAR_003873,CUST_02513,Smartphone,5,43179,2026-03-25,Debit Card,Delhi
MAR_003874,CUST_03696,Smartphone,3,16855,2026-03-11,Debit Card,Mumbai
MAR_003875,CUST_04269,Headphones,5,47888,2026-03-02,UPI,Bangalore
MAR_003876,CUST_03738,Keyboard,5,22723,2026-03-12,Debit Card,Bangalore
MAR_003877,CUST_03869,Keyboard,4,43427,2026-03-03,Credit Card,Hyderabad
MAR_003878,CUST_01627,Headphones,2,32747,2026-03-17,Cash on Delivery,Delhi
MAR_003879,CUST_03720,Tablet,4,47191,2026-03-03,Cash on Delivery,Chennai
MAR_003880,CUST_03341,Mouse,3,27118,2026-03-20,Debit Card,Hyderabad
MAR_003881,CUST_00476,Tablet,1,37033,2026-03-09,UPI,Hyderabad
MAR_003882,CUST_01677,Keyboard,1,47626,2026-03-03,Cash on Delivery,Chennai
MAR_003883,CUST_01468,Laptop,1,18621,2026-03-31,Cash on Delivery,Delhi
MAR_003884,CUST_00475,Keyboard,5,31843,2026-03-27,Debit Card,Hyderabad
MAR_003885,CUST_03823,Smartwatch,5,26847,2026-03-07,Cash on Delivery,Bangalore
MAR_003886,CUST_00096,Smartphone,3,16334,2026-03-13,Debit Card,Mumbai
MAR_003887,CUST_02940,Monitor,3,18534,2026-03-08,Cash on Delivery,Chennai
MAR_003888,CUST_04588,Laptop,4,12303,2026-03-23,UPI,Chennai
MAR_003889,CUST_03276,Smartphone,2,41732,2026-03-09,UPI,Pune
MAR_003890,CUST_03522,Monitor,5,21668,2026-03-30,Credit Card,Mumbai
MAR_003891,CUST_04032,Monitor,2,22805,2026-03-29,Credit Card,Chennai
MAR_003892,CUST_00291,Tablet,2,24364,2026-03-14,UPI,Chennai
MAR_003893,CUST_04774,Keyboard,1,15051,2026-03-22,Credit Card,Delhi
MAR_003894,CUST_01909,Smartwatch,3,20535,2026-03-03,UPI,Pune
MAR_003895,CUST_00157,Mouse,2,37860,2026-03-20,Credit Card,Pune
MAR_003896,CUST_03818,Smartphone,1,40339,2026-03-10,Credit Card,Bangalore
MAR_003897,CUST_04461,Monitor,5,8729,2026-03-29,Credit Card,Hyderabad
MAR_003898,CUST_00299,Headphones,5,42349,2026-03-10,Credit Card,Chennai
MAR_003899,CUST_04146,Mouse,4,11461,2026-03-20,UPI,Mumbai
MAR_003900,CUST_03562,Smartphone,4,36979,2026-03-31,Cash on Delivery,Bangalore
MAR_003901,CUST_04150,Tablet,2,46676,2026-03-28,Cash on Delivery,Hyderabad
MAR_003902,CUST_00832,Mouse,5,15039,2026-03-29,Credit Card,Bangalore
MAR_003903,CUST_03118,Monitor,4,37652,2026-03-23,Cash on Delivery,Delhi
MAR_003904,CUST_02210,Monitor,3,16785,2026-03-17,Cash on Delivery,Bangalore
MAR_003905,CUST_04952,Monitor,3,46628,2026-03-23,Cash on Delivery,Chennai
MAR_003906,CUST_02845,Monitor,1,34750,2026-03-21,Cash on Delivery,Delhi
MAR_003907,CUST_00858,Mouse,1,19663,2026-03-14,Debit Card,Hyderabad
MAR_003908,CUST_02661,Laptop,2,48520,2026-03-24,UPI,Bangalore
MAR_003909,CUST_02093,Monitor,1,14920,2026-03-29,UPI,Hyderabad
MAR_003910,CUST_01158,Keyboard,2,6918,2026-03-19,Cash on Delivery,Mumbai
MAR_003911,CUST_03032,Smartphone,1,35317,2026-03-01,Cash on Delivery,Pune
MAR_003912,CUST_00168,Keyboard,2,7385,2026-03-22,Debit Card,Chennai
MAR_003913,CUST_04125,Headphones,5,1784,2026-03-09,UPI,Pune
MAR_003914,CUST_02635,Monitor,3,17117,2026-03-01,Debit Card,Pune
MAR_003915,CUST_00775,Tablet,1,17836,2026-03-16,Cash on Delivery,Bangalore
MAR_003916,CUST_03247,Monitor,4,41764,2026-03-05,UPI,Hyderabad
MAR_003917,CUST_00404,Smartphone,5,15801,2026-03-01,Cash on Delivery,Delhi
MAR_003918,CUST_03373,Mouse,5,45490,2026-03-12,UPI,Delhi
MAR_003919,CUST_04886,Tablet,4,2262,2026-03-14,Credit Card,Pune
MAR_003920,CUST_02494,Smartwatch,1,18617,2026-03-12,UPI,Mumbai
MAR_003921,CUST_00892,Headphones,4,32608,2026-03-22,Cash on Delivery,Pune
MAR_003922,CUST_01496,Smartwatch,2,29615,2026-03-16,UPI,Chennai
MAR_003923,CUST_04690,Smartwatch,5,28959,2026-03-05,Credit Card,Bangalore
MAR_003924,CUST_03825,Keyboard,3,43722,2026-03-28,UPI,Hyderabad
MAR_003925,CUST_00116,Tablet,4,8573,2026-03-10,Cash on Delivery,Chennai
MAR_003926,CUST_00929,Smartphone,5,18003,2026-03-25,Cash on Delivery,Mumbai
MAR_003927,CUST_04067,Smartwatch,2,20852,2026-03-12,Cash on Delivery,Bangalore
MAR_003928,CUST_00058,Smartphone,4,10951,2026-03-20,Cash on Delivery,Hyderabad
MAR_003929,CUST_04158,Smartwatch,3,38632,2026-03-18,Cash on Delivery,Hyderabad
MAR_003930,CUST_01388,Keyboard,5,18250,2026-03-04,Credit Card,Mumbai
MAR_003931,CUST_03863,Headphones,1,18224,2026-03-04,Debit Card,Hyderabad
MAR_003932,CUST_03560,Laptop,5,42382,2026-03-14,Credit Card,Chennai
MAR_003933,CUST_02202,Keyboard,1,19841,2026-03-02,UPI,Bangalore
MAR_003934,CUST_00876,Smartwatch,5,2067,2026-03-29,Debit Card,Hyderabad
MAR_003935,CUST_01517,Smartwatch,1,8226,2026-03-14,UPI,Chennai
MAR_003936,CUST_03569,Keyboard,2,3533,2026-03-14,UPI,Chennai
MAR_003937,CUST_00563,Mouse,3,28661,2026-03-03,UPI,Bangalore
MAR_003938,CUST_03173,Smartphone,4,9919,2026-03-12,Credit Card,Mumbai
MAR_003939,CUST_03111,Smartphone,1,48540,2026-03-20,UPI,Hyderabad
MAR_003940,CUST_04866,Keyboard,4,28456,2026-03-17,Debit Card,Chennai
MAR_003941,CUST_01811,Smartwatch,1,1851,2026-03-15,UPI,Delhi
MAR_003942,CUST_01435,Smartphone,2,40229,2026-03-06,UPI,Pune
MAR_003943,CUST_01925,Tablet,3,30179,2026-03-25,UPI,Chennai
MAR_003944,CUST_01742,Smartphone,2,14701,2026-03-01,Cash on Delivery,Delhi
MAR_003945,CUST_00861,Keyboard,5,47987,2026-03-18,Debit Card,Pune
MAR_003946,CUST_04647,Mouse,5,38510,2026-03-24,Debit Card,Hyderabad
MAR_003947,CUST_01879,Headphones,3,34981,2026-03-04,Credit Card,Delhi
MAR_003948,CUST_00641,Headphones,5,22559,2026-03-15,Cash on Delivery,Chennai
MAR_003949,CUST_02351,Laptop,1,42030,2026-03-04,Cash on Delivery,Chennai
MAR_003950,CUST_03466,Smartphone,3,33391,2026-03-20,Credit Card,Delhi
MAR_003951,CUST_02353,Keyboard,5,38890,2026-03-21,UPI,Hyderabad
MAR_003952,CUST_04288,Monitor,1,18540,2026-03-25,Cash on Delivery,Delhi
MAR_003953,CUST_03320,Keyboard,1,45754,2026-03-15,Credit Card,Hyderabad
MAR_003954,CUST_02671,Keyboard,4,42320,2026-03-18,Cash on Delivery,Bangalore
MAR_003955,CUST_03705,Mouse,2,27381,2026-03-10,Credit Card,Bangalore
MAR_003956,CUST_00272,Laptop,1,26002,2026-03-17,Cash on Delivery,Hyderabad
MAR_003957,CUST_03109,Tablet,3,22528,2026-03-31,Debit Card,Delhi
MAR_003958,CUST_02795,Tablet,1,8225,2026-03-19,Debit Card,Delhi
MAR_003959,CUST_01362,Keyboard,4,9595,2026-03-15,Debit Card,Delhi
MAR_003960,CUST_04682,Mouse,2,3766,2026-03-29,Debit Card,Mumbai
MAR_003961,CUST_02762,Keyboard,5,29662,2026-03-17,Cash on Delivery,Mumbai
MAR_003962,CUST_02884,Tablet,5,11649,2026-03-08,Debit Card,Pune
MAR_003963,CUST_01470,Keyboard,3,9549,2026-03-09,Cash on Delivery,Chennai
MAR_003964,CUST_01490,Headphones,4,23556,2026-03-31,UPI,Hyderabad
MAR_003965,CUST_02836,Keyboard,4,20990,2026-03-23,UPI,Mumbai
MAR_003966,CUST_01903,Smartphone,4,45833,2026-03-12,UPI,Mumbai
MAR_003967,CUST_02143,Smartphone,3,45018,2026-03-22,Credit Card,Hyderabad
MAR_003968,CUST_00677,Laptop,5,21529,2026-03-22,Cash on Delivery,Delhi
MAR_003969,CUST_00764,Smartphone,1,32774,2026-03-08,Debit Card,Bangalore
MAR_003970,CUST_01423,Smartphone,3,30222,2026-03-22,Cash on Delivery,Bangalore
MAR_003971,CUST_00272,Tablet,4,29114,2026-03-08,Cash on Delivery,Hyderabad
MAR_003972,CUST_02662,Keyboard,2,11751,2026-03-11,Credit Card,Chennai
MAR_003973,CUST_01235,Tablet,5,40453,2026-03-23,Credit Card,Pune
MAR_003974,CUST_03265,Monitor,3,47725,2026-03-28,UPI,Delhi
MAR_003975,CUST_03725,Tablet,4,31387,2026-03-28,Debit Card,Mumbai
MAR_003976,CUST_01432,Mouse,1,36837,2026-03-22,Debit Card,Mumbai
MAR_003977,CUST_01217,Laptop,2,27359,2026-03-19,UPI,Pune
MAR_003978,CUST_00010,Monitor,2,12153,2026-03-23,Cash on Delivery,Bangalore
MAR_003979,CUST_02538,Monitor,5,6525,2026-03-16,Cash on Delivery,Hyderabad
MAR_003980,CUST_02564,Mouse,5,7829,2026-03-10,Cash on Delivery,Delhi
MAR_003981,CUST_01902,Mouse,2,8393,2026-03-31,UPI,Chennai
MAR_003982,CUST_03915,Mouse,2,40489,2026-03-23,Cash on Delivery,Bangalore
MAR_003983,CUST_03028,Monitor,4,34255,2026-03-22,Cash on Delivery,Bangalore
MAR_003984,CUST_03180,Laptop,2,20372,2026-03-18,Debit Card,Mumbai
MAR_003985,CUST_02051,Monitor,4,13327,2026-03-17,Credit Card,Chennai
MAR_003986,CUST_03640,Smartwatch,5,37451,2026-03-15,Cash on Delivery,Pune
MAR_003987,CUST_01643,Mouse,5,21328,2026-03-07,Credit Card,Pune
MAR_003988,CUST_04041,Headphones,4,1931,2026-03-01,UPI,Bangalore
MAR_003989,CUST_01230,Keyboard,2,38232,2026-03-16,UPI,Mumbai
MAR_003990,CUST_02260,Laptop,1,5099,2026-03-08,Debit Card,Mumbai
MAR_003991,CUST_00507,Smartphone,4,20125,2026-03-06,Cash on Delivery,Mumbai
MAR_003992,CUST_02054,Mouse,4,32932,2026-03-07,UPI,Bangalore
MAR_003993,CUST_03332,Mouse,1,29706,2026-03-02,Debit Card,Mumbai
MAR_003994,CUST_02540,Monitor,3,31050,2026-03-11,Debit Card,Delhi
MAR_003995,CUST_02797,Smartphone,1,4369,2026-03-31,Cash on Delivery,Pune
MAR_003996,CUST_00146,Smartphone,2,12222,2026-03-04,Debit Card,Delhi
MAR_003997,CUST_00699,Keyboard,4,45323,2026-03-09,UPI,Mumbai
MAR_003998,CUST_02087,Monitor,4,40237,2026-03-22,Credit Card,Chennai
MAR_003999,CUST_03330,Mouse,1,3019,2026-03-30,Cash on Delivery,Delhi
MAR_004000,CUST_00014,Monitor,1,43110,2026-03-09,Debit Card,Chennai
MAR_004001,CUST_00601,Laptop,4,23021,2026-03-13,Credit Card,Bangalore
MAR_004002,CUST_00041,Tablet,5,28205,2026-03-28,UPI,Hyderabad
MAR_004003,CUST_03095,Tablet,2,2028,2026-03-08,Credit Card,Pune
MAR_004004,CUST_01671,Smartwatch,3,11461,2026-03-08,Debit Card,Hyderabad
MAR_004005,CUST_04689,Headphones,2,36526,2026-03-12,Credit Card,Bangalore
MAR_004006,CUST_00390,Smartwatch,1,20416,2026-03-17,Credit Card,Bangalore
MAR_004007,CUST_01589,Mouse,3,28945,2026-03-06,Cash on Delivery,Hyderabad
MAR_004008,CUST_02400,Laptop,2,8097,2026-03-27,Cash on Delivery,Bangalore
MAR_004009,CUST_03027,Headphones,5,13073,2026-03-28,Cash on Delivery,Hyderabad
MAR_004010,CUST_00776,Mouse,1,22452,2026-03-05,UPI,Bangalore
MAR_004011,CUST_02511,Monitor,1,31060,2026-03-07,Debit Card,Bangalore
MAR_004012,CUST_00136,Headphones,3,20412,2026-03-19,Debit Card,Delhi
MAR_004013,CUST_02606,Tablet,1,26274,2026-03-10,Debit Card,Mumbai
MAR_004014,CUST_02428,Keyboard,5,39400,2026-03-20,Debit Card,Mumbai
MAR_004015,CUST_03231,Tablet,5,13659,2026-03-23,Debit Card,Bangalore
MAR_004016,CUST_02820,Tablet,2,43735,2026-03-24,Debit Card,Hyderabad
MAR_004017,CUST_02482,Tablet,3,1589,2026-03-17,Cash on Delivery,Delhi
MAR_004018,CUST_04554,Smartwatch,3,10032,2026-03-25,Debit Card,Hyderabad
MAR_004019,CUST_02463,Monitor,3,46401,2026-03-21,Debit Card,Chennai
MAR_004020,CUST_02719,Laptop,2,24546,2026-03-22,Cash on Delivery,Chennai
MAR_004021,CUST_03107,Smartphone,4,5866,2026-03-19,Cash on Delivery,Delhi
MAR_004022,CUST_03445,Tablet,4,30807,2026-03-08,Debit Card,Chennai
MAR_004023,CUST_02446,Headphones,2,21907,2026-03-30,Debit Card,Delhi
MAR_004024,CUST_01931,Monitor,4,31469,2026-03-27,Debit Card,Bangalore
MAR_004025,CUST_04787,Tablet,4,34363,2026-03-08,Cash on Delivery,Bangalore
MAR_004026,CUST_04267,Headphones,1,38879,2026-03-30,UPI,Hyderabad
MAR_004027,CUST_00561,Mouse,1,16351,2026-03-23,Debit Card,Pune
MAR_004028,CUST_01550,Smartwatch,3,29158,2026-03-18,UPI,Pune
MAR_004029,CUST_00621,Smartwatch,1,21545,2026-03-20,Cash on Delivery,Mumbai
MAR_004030,CUST_02504,Monitor,4,40232,2026-03-20,Debit Card,Mumbai
MAR_004031,CUST_03743,Smartphone,3,34300,2026-03-02,UPI,Hyderabad
MAR_004032,CUST_01809,Monitor,5,22698,2026-03-23,Credit Card,Hyderabad
MAR_004033,CUST_03119,Smartphone,2,48059,2026-03-03,Cash on Delivery,Pune
MAR_004034,CUST_04663,Headphones,1,21843,2026-03-15,Cash on Delivery,Chennai
MAR_004035,CUST_04681,Smartphone,1,36873,2026-03-11,Debit Card,Pune
MAR_004036,CUST_04357,Tablet,5,38214,2026-03-18,Cash on Delivery,Mumbai
MAR_004037,CUST_04199,Monitor,2,36316,2026-03-29,Cash on Delivery,Delhi
MAR_004038,CUST_02508,Smartwatch,3,8367,2026-03-16,Cash on Delivery,Hyderabad
MAR_004039,CUST_03267,Headphones,3,19127,2026-03-03,Debit Card,Pune
MAR_004040,CUST_02046,Smartwatch,1,26020,2026-03-09,Credit Card,Chennai
MAR_004041,CUST_04999,Keyboard,4,23206,2026-03-04,Debit Card,Delhi
MAR_004042,CUST_03391,Mouse,2,27111,2026-03-02,Debit Card,Mumbai
MAR_004043,CUST_04766,Smartphone,1,32118,2026-03-13,Credit Card,Chennai
MAR_004044,CUST_01028,Monitor,3,41815,2026-03-26,Credit Card,Delhi
MAR_004045,CUST_04766,Tablet,2,23196,2026-03-07,UPI,Hyderabad
MAR_004046,CUST_00912,Smartphone,1,46383,2026-03-16,Cash on Delivery,Chennai
MAR_004047,CUST_03551,Tablet,1,19070,2026-03-12,UPI,Delhi
MAR_004048,CUST_03201,Laptop,3,10035,2026-03-01,UPI,Pune
MAR_004049,CUST_04434,Headphones,1,21243,2026-03-29,Cash on Delivery,Chennai
MAR_004050,CUST_00067,Tablet,5,21725,2026-03-02,UPI,Mumbai
MAR_004051,CUST_02248,Headphones,4,43914,2026-03-18,Cash on Delivery,Hyderabad
MAR_004052,CUST_01040,Keyboard,2,26328,2026-03-08,UPI,Mumbai
MAR_004053,CUST_03764,Smartphone,1,48739,2026-03-18,Cash on Delivery,Bangalore
MAR_004054,CUST_02032,Smartwatch,2,10615,2026-03-14,Debit Card,Bangalore
MAR_004055,CUST_04968,Laptop,5,18405,2026-03-09,Credit Card,Delhi
MAR_004056,CUST_02643,Tablet,4,16073,2026-03-28,Credit Card,Delhi
MAR_004057,CUST_02455,Keyboard,1,34271,2026-03-01,Cash on Delivery,Chennai
MAR_004058,CUST_01222,Smartphone,3,42420,2026-03-13,Debit Card,Pune
MAR_004059,CUST_02262,Smartphone,2,20253,2026-03-23,Debit Card,Pune
MAR_004060,CUST_03088,Headphones,4,18247,2026-03-20,Cash on Delivery,Delhi
MAR_004061,CUST_04690,Smartwatch,2,39386,2026-03-11,Cash on Delivery,Pune
MAR_004062,CUST_03731,Smartwatch,2,30821,2026-03-11,Cash on Delivery,Bangalore
MAR_004063,CUST_03729,Monitor,1,4451,2026-03-08,Debit Card,Bangalore
MAR_004064,CUST_04332,Smartwatch,1,10225,2026-03-18,Credit Card,Pune
MAR_004065,CUST_01536,Headphones,5,30705,2026-03-02,Debit Card,Hyderabad
MAR_004066,CUST_00588,Headphones,5,35701,2026-03-13,Cash on Delivery,Pune
MAR_004067,CUST_01619,Laptop,1,12261,2026-03-11,Cash on Delivery,Delhi
MAR_004068,CUST_01929,Monitor,4,7492,2026-03-12,UPI,Bangalore
MAR_004069,CUST_00722,Keyboard,4,33295,2026-03-12,Cash on Delivery,Mumbai
MAR_004070,CUST_02312,Tablet,3,10413,2026-03-03,Credit Card,Hyderabad
MAR_004071,CUST_01060,Mouse,5,38865,2026-03-14,UPI,Hyderabad
MAR_004072,CUST_01722,Smartphone,5,988,2026-03-04,UPI,Mumbai
MAR_004073,CUST_01366,Laptop,3,19852,2026-03-31,Cash on Delivery,Bangalore
MAR_004074,CUST_01484,Monitor,2,3676,2026-03-09,Cash on Delivery,Delhi
MAR_004075,CUST_00170,Monitor,4,25643,2026-03-02,Debit Card,Bangalore
MAR_004076,CUST_03102,Mouse,2,648,2026-03-30,Cash on Delivery,Chennai
MAR_004077,CUST_04401,Smartphone,3,24331,2026-03-21,UPI,Hyderabad
MAR_004078,CUST_04678,Mouse,1,16226,2026-03-29,Cash on Delivery,Hyderabad
MAR_004079,CUST_00333,Keyboard,5,7458,2026-03-04,UPI,Bangalore
MAR_004080,CUST_04655,Mouse,2,48540,2026-03-04,Credit Card,Delhi
MAR_004081,CUST_04829,Laptop,5,31813,2026-03-24,Credit Card,Pune
MAR_004082,CUST_02098,Headphones,5,4432,2026-03-24,Cash on Delivery,Hyderabad
MAR_004083,CUST_03088,Smartwatch,4,30241,2026-03-31,UPI,Mumbai
MAR_004084,CUST_02060,Mouse,1,46157,2026-03-10,Cash on Delivery,Mumbai
MAR_004085,CUST_02852,Monitor,5,23824,2026-03-17,Credit Card,Mumbai
MAR_004086,CUST_01183,Headphones,3,28429,2026-03-02,Cash on Delivery,Chennai
MAR_004087,CUST_03738,Smartwatch,5,14032,2026-03-21,Cash on Delivery,Bangalore
MAR_004088,CUST_01702,Mouse,3,46314,2026-03-30,Debit Card,Bangalore
MAR_004089,CUST_00683,Mouse,2,28250,2026-03-31,Credit Card,Bangalore
MAR_004090,CUST_00846,Tablet,4,19862,2026-03-29,Debit Card,Hyderabad
MAR_004091,CUST_00370,Smartwatch,3,1323,2026-03-14,Debit Card,Pune
MAR_004092,CUST_02125,Keyboard,1,48193,2026-03-17,Credit Card,Hyderabad
MAR_004093,CUST_03530,Smartphone,2,28571,2026-03-24,Debit Card,Pune
MAR_004094,CUST_03354,Smartphone,3,10471,2026-03-26,Credit Card,Chennai
MAR_004095,CUST_04471,Monitor,2,10721,2026-03-13,UPI,Delhi
MAR_004096,CUST_03231,Smartphone,1,22806,2026-03-18,Debit Card,Mumbai
MAR_004097,CUST_03106,Headphones,5,22645,2026-03-30,Cash on Delivery,Bangalore
MAR_004098,CUST_02588,Headphones,4,22709,2026-03-09,Credit Card,Hyderabad
MAR_004099,CUST_03188,Laptop,5,39332,2026-03-03,Cash on Delivery,Hyderabad
MAR_004100,CUST_00231,Headphones,2,18871,2026-03-30,Cash on Delivery,Chennai
MAR_004101,CUST_00333,Laptop,1,48483,2026-03-15,UPI,Hyderabad
MAR_004102,CUST_00727,Tablet,5,34600,2026-03-26,Debit Card,Mumbai
MAR_004103,CUST_01304,Laptop,4,5172,2026-03-21,Debit Card,Pune
MAR_004104,CUST_00071,Keyboard,4,31989,2026-03-15,UPI,Hyderabad
MAR_004105,CUST_02122,Headphones,2,28618,2026-03-06,Credit Card,Hyderabad
MAR_004106,CUST_04864,Keyboard,3,43159,2026-03-05,Cash on Delivery,Hyderabad
MAR_004107,CUST_00714,Smartwatch,1,1518,2026-03-15,Debit Card,Delhi
MAR_004108,CUST_02642,Smartwatch,5,33752,2026-03-11,Credit Card,Pune
MAR_004109,CUST_02479,Laptop,3,10978,2026-03-25,Cash on Delivery,Pune
MAR_004110,CUST_02619,Tablet,4,45034,2026-03-13,Credit Card,Delhi
MAR_004111,CUST_03992,Laptop,4,39384,2026-03-08,UPI,Bangalore
MAR_004112,CUST_04226,Mouse,2,48616,2026-03-08,Credit Card,Hyderabad
MAR_004113,CUST_03265,Headphones,4,40648,2026-03-29,Debit Card,Pune
MAR_004114,CUST_04749,Monitor,5,24342,2026-03-03,Cash on Delivery,Bangalore
MAR_004115,CUST_01010,Laptop,2,23605,2026-03-16,Debit Card,Pune
MAR_004116,CUST_01675,Smartwatch,2,22631,2026-03-19,Debit Card,Pune
MAR_004117,CUST_02666,Tablet,5,33412,2026-03-19,Cash on Delivery,Delhi
MAR_004118,CUST_03577,Laptop,4,36040,2026-03-05,Cash on Delivery,Delhi
MAR_004119,CUST_02341,Monitor,3,4157,2026-03-09,Credit Card,Bangalore
MAR_004120,CUST_02137,Headphones,5,18550,2026-03-06,UPI,Mumbai
MAR_004121,CUST_01327,Headphones,5,24289,2026-03-07,Debit Card,Delhi
MAR_004122,CUST_02758,Mouse,4,43600,2026-03-30,UPI,Hyderabad
MAR_004123,CUST_02870,Smartwatch,5,32803,2026-03-21,Credit Card,Chennai
MAR_004124,CUST_00469,Smartphone,2,17642,2026-03-30,Cash on Delivery,Bangalore
MAR_004125,CUST_00652,Keyboard,3,17270,2026-03-24,UPI,Hyderabad
MAR_004126,CUST_02032,Laptop,4,3138,2026-03-17,Credit Card,Pune
MAR_004127,CUST_03623,Headphones,2,39933,2026-03-28,UPI,Pune
MAR_004128,CUST_04742,Tablet,2,7938,2026-03-11,Debit Card,Delhi
MAR_004129,CUST_04440,Monitor,4,6231,2026-03-09,Cash on Delivery,Delhi
MAR_004130,CUST_04345,Smartwatch,3,10800,2026-03-16,UPI,Chennai
MAR_004131,CUST_00275,Monitor,3,41686,2026-03-22,Credit Card,Pune
MAR_004132,CUST_01780,Smartwatch,1,10444,2026-03-27,Credit Card,Pune
MAR_004133,CUST_04743,Keyboard,2,31674,2026-03-26,Cash on Delivery,Mumbai
MAR_004134,CUST_00999,Smartwatch,4,9205,2026-03-21,UPI,Pune
MAR_004135,CUST_01142,Tablet,5,44781,2026-03-01,Credit Card,Bangalore
MAR_004136,CUST_04922,Mouse,4,26665,2026-03-18,UPI,Mumbai
MAR_004137,CUST_02833,Keyboard,1,32112,2026-03-02,Credit Card,Hyderabad
MAR_004138,CUST_02795,Keyboard,5,33300,2026-03-23,UPI,Bangalore
MAR_004139,CUST_04049,Keyboard,1,16353,2026-03-21,Credit Card,Chennai
MAR_004140,CUST_01495,Headphones,1,33459,2026-03-29,UPI,Delhi
MAR_004141,CUST_04021,Tablet,3,19829,2026-03-17,UPI,Bangalore
MAR_004142,CUST_00168,Smartwatch,3,32009,2026-03-15,UPI,Delhi
MAR_004143,CUST_03122,Tablet,3,12540,2026-03-30,Credit Card,Hyderabad
MAR_004144,CUST_03995,Monitor,5,5993,2026-03-13,Credit Card,Mumbai
MAR_004145,CUST_03406,Keyboard,3,40167,2026-03-26,UPI,Bangalore
MAR_004146,CUST_01442,Smartwatch,5,48427,2026-03-15,Credit Card,Bangalore
MAR_004147,CUST_03867,Smartphone,3,3095,2026-03-22,Cash on Delivery,Chennai
MAR_004148,CUST_03947,Smartphone,3,40019,2026-03-08,Cash on Delivery,Chennai
MAR_004149,CUST_02576,Smartphone,2,5225,2026-03-22,Credit Card,Mumbai
MAR_004150,CUST_03608,Smartphone,5,31117,2026-03-23,Credit Card,Pune
MAR_004151,CUST_00196,Monitor,1,37400,2026-03-15,Cash on Delivery,Bangalore
MAR_004152,CUST_01039,Smartphone,1,5515,2026-03-06,Cash on Delivery,Delhi
MAR_004153,CUST_03492,Laptop,2,28436,2026-03-17,Cash on Delivery,Bangalore
MAR_004154,CUST_04902,Laptop,3,5689,2026-03-27,Debit Card,Chennai
MAR_004155,CUST_02343,Smartwatch,4,9069,2026-03-04,Debit Card,Delhi
MAR_004156,CUST_02078,Mouse,1,9427,2026-03-26,UPI,Delhi
MAR_004157,CUST_01200,Smartwatch,2,34383,2026-03-28,Debit Card,Pune
MAR_004158,CUST_02059,Laptop,1,8885,2026-03-01,Debit Card,Hyderabad
MAR_004159,CUST_00441,Headphones,2,35188,2026-03-06,UPI,Chennai
MAR_004160,CUST_02572,Monitor,1,24587,2026-03-27,UPI,Bangalore
MAR_004161,CUST_04040,Mouse,5,770,2026-03-15,Cash on Delivery,Delhi
MAR_004162,CUST_00952,Smartphone,4,29951,2026-03-13,Cash on Delivery,Pune
MAR_004163,CUST_02559,Laptop,3,37186,2026-03-13,Cash on Delivery,Chennai
MAR_004164,CUST_02457,Smartphone,3,28366,2026-03-31,Debit Card,Pune
MAR_004165,CUST_04216,Monitor,1,24716,2026-03-29,Cash on Delivery,Pune
MAR_004166,CUST_03340,Smartwatch,2,38703,2026-03-04,UPI,Bangalore
MAR_004167,CUST_03006,Monitor,4,45750,2026-03-14,Debit Card,Chennai
MAR_004168,CUST_00955,Mouse,4,43827,2026-03-30,Cash on Delivery,Hyderabad
MAR_004169,CUST_01477,Smartwatch,1,20398,2026-03-21,UPI,Pune
MAR_004170,CUST_03063,Smartphone,5,37007,2026-03-18,Credit Card,Pune
MAR_004171,CUST_03764,Laptop,1,3938,2026-03-26,Credit Card,Chennai
MAR_004172,CUST_01256,Smartphone,2,24229,2026-03-04,UPI,Hyderabad
MAR_004173,CUST_04393,Tablet,1,23286,2026-03-14,UPI,Mumbai
MAR_004174,CUST_03089,Headphones,5,34615,2026-03-04,Cash on Delivery,Pune
MAR_004175,CUST_04454,Laptop,5,45714,2026-03-06,Debit Card,Mumbai
MAR_004176,CUST_00114,Laptop,2,3932,2026-03-19,Debit Card,Hyderabad
MAR_004177,CUST_01001,Smartphone,5,24281,2026-03-24,Cash on Delivery,Chennai
MAR_004178,CUST_01987,Smartwatch,5,28697,2026-03-04,Debit Card,Hyderabad
MAR_004179,CUST_01753,Headphones,2,5539,2026-03-28,Credit Card,Mumbai
MAR_004180,CUST_00310,Tablet,3,41675,2026-03-03,Cash on Delivery,Chennai
MAR_004181,CUST_04100,Tablet,5,20391,2026-03-09,Credit Card,Mumbai
MAR_004182,CUST_00216,Tablet,1,12119,2026-03-08,UPI,Chennai
MAR_004183,CUST_04714,Tablet,4,37201,2026-03-08,UPI,Chennai
MAR_004184,CUST_01744,Keyboard,3,20050,2026-03-05,UPI,Hyderabad
MAR_004185,CUST_02681,Monitor,2,16796,2026-03-06,Cash on Delivery,Delhi
MAR_004186,CUST_00969,Laptop,2,7989,2026-03-07,Credit Card,Delhi
MAR_004187,CUST_03396,Keyboard,3,34370,2026-03-08,Cash on Delivery,Hyderabad
MAR_004188,CUST_03656,Tablet,2,22323,2026-03-09,UPI,Hyderabad
MAR_004189,CUST_00049,Headphones,1,5313,2026-03-19,Cash on Delivery,Mumbai
MAR_004190,CUST_04239,Laptop,5,40149,2026-03-29,Credit Card,Pune
MAR_004191,CUST_03736,Smartwatch,1,7880,2026-03-07,UPI,Bangalore
MAR_004192,CUST_02510,Smartphone,4,38305,2026-03-01,UPI,Mumbai
MAR_004193,CUST_04778,Headphones,4,33765,2026-03-28,Credit Card,Mumbai
MAR_004194,CUST_00611,Smartphone,3,17653,2026-03-06,Credit Card,Mumbai
MAR_004195,CUST_02104,Headphones,1,35144,2026-03-24,UPI,Mumbai
MAR_004196,CUST_01840,Monitor,3,20431,2026-03-22,Credit Card,Chennai
MAR_004197,CUST_02026,Headphones,4,9695,2026-03-29,Debit Card,Delhi
MAR_004198,CUST_04462,Smartwatch,4,1724,2026-03-24,Debit Card,Hyderabad
MAR_004199,CUST_04226,Headphones,4,26988,2026-03-23,UPI,Delhi
MAR_004200,CUST_04766,Smartwatch,4,14659,2026-03-30,Credit Card,Bangalore
MAR_004201,CUST_01537,Monitor,2,48635,2026-03-14,Debit Card,Bangalore
MAR_004202,CUST_04266,Smartphone,2,20072,2026-03-23,Credit Card,Bangalore
MAR_004203,CUST_02556,Smartphone,3,24916,2026-03-01,Cash on Delivery,Bangalore
MAR_004204,CUST_03682,Smartphone,2,35705,2026-03-06,Cash on Delivery,Hyderabad
MAR_004205,CUST_03879,Headphones,3,44136,2026-03-30,Credit Card,Bangalore
MAR_004206,CUST_03017,Mouse,1,13866,2026-03-28,Credit Card,Bangalore
MAR_004207,CUST_01756,Laptop,5,47483,2026-03-16,UPI,Chennai
MAR_004208,CUST_01870,Monitor,5,43395,2026-03-28,UPI,Delhi
MAR_004209,CUST_02599,Monitor,1,26760,2026-03-11,Cash on Delivery,Mumbai
MAR_004210,CUST_04732,Smartphone,2,44466,2026-03-04,UPI,Mumbai
MAR_004211,CUST_03480,Laptop,5,18677,2026-03-04,Debit Card,Hyderabad
MAR_004212,CUST_03470,Keyboard,5,49767,2026-03-26,Cash on Delivery,Delhi
MAR_004213,CUST_04071,Keyboard,4,2242,2026-03-25,Debit Card,Mumbai
MAR_004214,CUST_01673,Headphones,4,41277,2026-03-04,Credit Card,Bangalore
MAR_004215,CUST_02920,Tablet,5,1809,2026-03-30,Debit Card,Mumbai
MAR_004216,CUST_02163,Mouse,5,19351,2026-03-09,Credit Card,Chennai
MAR_004217,CUST_02620,Tablet,1,39221,2026-03-07,Debit Card,Hyderabad
MAR_004218,CUST_04041,Tablet,4,45246,2026-03-06,Debit Card,Hyderabad
MAR_004219,CUST_00575,Monitor,5,6265,2026-03-12,Credit Card,Delhi
MAR_004220,CUST_02974,Monitor,2,44291,2026-03-01,Cash on Delivery,Delhi
MAR_004221,CUST_00743,Monitor,1,35996,2026-03-31,UPI,Hyderabad
MAR_004222,CUST_04170,Smartwatch,3,22738,2026-03-30,UPI,Bangalore
MAR_004223,CUST_00973,Smartphone,3,14699,2026-03-04,UPI,Hyderabad
MAR_004224,CUST_04537,Laptop,5,36833,2026-03-20,Debit Card,Chennai
MAR_004225,CUST_03792,Laptop,5,7058,2026-03-21,Cash on Delivery,Pune
MAR_004226,CUST_01206,Laptop,2,46627,2026-03-25,Credit Card,Mumbai
MAR_004227,CUST_02234,Laptop,2,17502,2026-03-07,Debit Card,Mumbai
MAR_004228,CUST_04834,Smartphone,2,45615,2026-03-01,UPI,Hyderabad
MAR_004229,CUST_01295,Monitor,3,12445,2026-03-21,UPI,Pune
MAR_004230,CUST_00030,Keyboard,2,29498,2026-03-05,UPI,Delhi
MAR_004231,CUST_03825,Smartphone,4,48627,2026-03-27,Debit Card,Hyderabad
MAR_004232,CUST_02618,Smartwatch,2,15431,2026-03-27,Debit Card,Mumbai
MAR_004233,CUST_04850,Keyboard,3,4584,2026-03-28,Credit Card,Mumbai
MAR_004234,CUST_00310,Laptop,1,33693,2026-03-05,Debit Card,Delhi
MAR_004235,CUST_01656,Tablet,5,41647,2026-03-09,Cash on Delivery,Bangalore
MAR_004236,CUST_02998,Tablet,1,17372,2026-03-16,Cash on Delivery,Mumbai
MAR_004237,CUST_01371,Mouse,1,34632,2026-03-18,UPI,Mumbai
MAR_004238,CUST_04267,Headphones,3,10160,2026-03-06,Credit Card,Bangalore
MAR_004239,CUST_00207,Headphones,2,8457,2026-03-24,Cash on Delivery,Chennai
MAR_004240,CUST_01034,Monitor,3,22102,2026-03-23,UPI,Delhi
MAR_004241,CUST_03231,Keyboard,4,47109,2026-03-30,Cash on Delivery,Bangalore
MAR_004242,CUST_04570,Headphones,4,17059,2026-03-30,UPI,Pune
MAR_004243,CUST_04700,Mouse,2,22844,2026-03-14,Cash on Delivery,Hyderabad
MAR_004244,CUST_01979,Smartwatch,2,16815,2026-03-11,Cash on Delivery,Hyderabad
MAR_004245,CUST_04763,Monitor,5,1237,2026-03-09,UPI,Hyderabad
MAR_004246,CUST_02337,Tablet,3,32456,2026-03-10,Cash on Delivery,Pune
MAR_004247,CUST_00258,Smartphone,5,1587,2026-03-12,Debit Card,Chennai
MAR_004248,CUST_04600,Tablet,1,45257,2026-03-07,Debit Card,Hyderabad
MAR_004249,CUST_02598,Mouse,1,11381,2026-03-07,Debit Card,Mumbai
MAR_004250,CUST_04171,Smartphone,5,41225,2026-03-19,Debit Card,Bangalore
MAR_004251,CUST_02472,Tablet,2,8712,2026-03-09,Credit Card,Hyderabad
MAR_004252,CUST_02099,Keyboard,1,5286,2026-03-13,Credit Card,Hyderabad
MAR_004253,CUST_02639,Laptop,2,9346,2026-03-07,Cash on Delivery,Bangalore
MAR_004254,CUST_02569,Laptop,5,9907,2026-03-07,UPI,Delhi
MAR_004255,CUST_02452,Laptop,5,45779,2026-03-03,Cash on Delivery,Pune
MAR_004256,CUST_04326,Mouse,3,28515,2026-03-12,Debit Card,Pune
MAR_004257,CUST_02875,Smartphone,1,44397,2026-03-11,Credit Card,Pune
MAR_004258,CUST_00457,Tablet,2,29040,2026-03-18,UPI,Delhi
MAR_004259,CUST_03886,Headphones,4,37404,2026-03-10,Debit Card,Hyderabad
MAR_004260,CUST_04918,Monitor,4,30221,2026-03-12,Cash on Delivery,Chennai
MAR_004261,CUST_04198,Tablet,2,11919,2026-03-14,Credit Card,Bangalore
MAR_004262,CUST_03939,Mouse,3,28633,2026-03-10,Cash on Delivery,Chennai
MAR_004263,CUST_00189,Headphones,1,14188,2026-03-08,UPI,Delhi
MAR_004264,CUST_00376,Smartwatch,3,45244,2026-03-23,Credit Card,Bangalore
MAR_004265,CUST_04033,Headphones,2,44294,2026-03-05,Credit Card,Bangalore
MAR_004266,CUST_02710,Smartwatch,3,26702,2026-03-21,UPI,Bangalore
MAR_004267,CUST_00448,Mouse,3,15977,2026-03-04,Cash on Delivery,Chennai
MAR_004268,CUST_02718,Monitor,2,40673,2026-03-29,Credit Card,Chennai
MAR_004269,CUST_01819,Tablet,3,45146,2026-03-12,UPI,Bangalore
MAR_004270,CUST_03236,Keyboard,5,44030,2026-03-09,UPI,Delhi
MAR_004271,CUST_03784,Keyboard,2,9225,2026-03-24,UPI,Mumbai
MAR_004272,CUST_01870,Headphones,4,44224,2026-03-08,Debit Card,Pune
MAR_004273,CUST_01097,Smartphone,5,1480,2026-03-30,UPI,Hyderabad
MAR_004274,CUST_04306,Laptop,3,13105,2026-03-02,Debit Card,Mumbai
MAR_004275,CUST_04930,Monitor,2,42503,2026-03-13,Credit Card,Chennai
MAR_004276,CUST_04537,Laptop,1,33560,2026-03-15,Debit Card,Pune
MAR_004277,CUST_00345,Keyboard,2,8859,2026-03-20,Credit Card,Hyderabad
MAR_004278,CUST_01979,Laptop,4,45445,2026-03-31,Debit Card,Bangalore
MAR_004279,CUST_02013,Smartphone,4,4898,2026-03-29,Debit Card,Hyderabad
MAR_004280,CUST_03229,Smartwatch,5,1589,2026-03-16,Credit Card,Mumbai
MAR_004281,CUST_00897,Smartphone,2,10389,2026-03-09,Cash on Delivery,Delhi
MAR_004282,CUST_01363,Headphones,5,27186,2026-03-14,Cash on Delivery,Pune
MAR_004283,CUST_01570,Mouse,5,48787,2026-03-15,Cash on Delivery,Chennai
MAR_004284,CUST_01077,Smartphone,2,32651,2026-03-22,Cash on Delivery,Delhi
MAR_004285,CUST_02448,Laptop,5,13555,2026-03-16,Credit Card,Chennai
MAR_004286,CUST_00801,Smartphone,2,11611,2026-03-04,Cash on Delivery,Hyderabad
MAR_004287,CUST_02564,Monitor,2,38932,2026-03-23,UPI,Delhi
MAR_004288,CUST_03478,Headphones,4,47939,2026-03-08,Debit Card,Chennai
MAR_004289,CUST_04231,Headphones,4,15771,2026-03-29,Debit Card,Bangalore
MAR_004290,CUST_04448,Smartwatch,5,9581,2026-03-24,Debit Card,Delhi
MAR_004291,CUST_00626,Smartphone,5,49680,2026-03-04,UPI,Mumbai
MAR_004292,CUST_03781,Monitor,3,7270,2026-03-16,UPI,Bangalore
MAR_004293,CUST_02284,Monitor,1,47923,2026-03-30,Cash on Delivery,Pune
MAR_004294,CUST_00066,Laptop,5,14548,2026-03-04,UPI,Chennai
MAR_004295,CUST_02744,Headphones,4,36374,2026-03-17,Credit Card,Mumbai
MAR_004296,CUST_04805,Laptop,3,31488,2026-03-09,Debit Card,Pune
MAR_004297,CUST_02412,Laptop,5,33794,2026-03-10,UPI,Delhi
MAR_004298,CUST_02009,Headphones,1,21514,2026-03-19,UPI,Chennai
MAR_004299,CUST_01392,Headphones,4,35158,2026-03-14,Credit Card,Mumbai
MAR_004300,CUST_02408,Mouse,5,36992,2026-03-29,UPI,Delhi
MAR_004301,CUST_02936,Mouse,3,47686,2026-03-13,UPI,Delhi
MAR_004302,CUST_03083,Laptop,3,11657,2026-03-08,Debit Card,Chennai
MAR_004303,CUST_04173,Tablet,4,30554,2026-03-18,Cash on Delivery,Mumbai
MAR_004304,CUST_03810,Keyboard,1,37526,2026-03-06,UPI,Chennai
MAR_004305,CUST_02314,Mouse,3,31840,2026-03-26,Credit Card,Bangalore
MAR_004306,CUST_02178,Headphones,1,12729,2026-03-28,Debit Card,Pune
MAR_004307,CUST_01301,Smartphone,5,13219,2026-03-01,UPI,Mumbai
MAR_004308,CUST_02146,Headphones,2,29582,2026-03-15,UPI,Pune
MAR_004309,CUST_00093,Laptop,5,46973,2026-03-10,Credit Card,Mumbai
MAR_004310,CUST_01433,Smartwatch,3,36905,2026-03-23,Cash on Delivery,Mumbai
MAR_004311,CUST_01766,Mouse,1,26073,2026-03-21,Credit Card,Mumbai
MAR_004312,CUST_03434,Smartphone,2,37483,2026-03-26,UPI,Mumbai
MAR_004313,CUST_02121,Smartphone,5,9911,2026-03-23,Credit Card,Mumbai
MAR_004314,CUST_04370,Smartwatch,5,33700,2026-03-18,Cash on Delivery,Pune
MAR_004315,CUST_01065,Headphones,2,43614,2026-03-19,Debit Card,Hyderabad
MAR_004316,CUST_04775,Laptop,4,6768,2026-03-31,UPI,Hyderabad
MAR_004317,CUST_01018,Smartwatch,5,22389,2026-03-30,UPI,Hyderabad
MAR_004318,CUST_01208,Keyboard,1,13732,2026-03-07,Cash on Delivery,Bangalore
MAR_004319,CUST_01469,Mouse,4,36929,2026-03-15,Credit Card,Hyderabad
MAR_004320,CUST_03389,Tablet,2,35870,2026-03-18,Credit Card,Delhi
MAR_004321,CUST_02150,Tablet,4,30966,2026-03-13,Cash on Delivery,Chennai
MAR_004322,CUST_02113,Keyboard,5,34190,2026-03-17,UPI,Delhi
MAR_004323,CUST_02319,Headphones,5,12541,2026-03-19,UPI,Pune
MAR_004324,CUST_03945,Mouse,5,22557,2026-03-08,Cash on Delivery,Chennai
MAR_004325,CUST_04125,Monitor,4,2177,2026-03-01,Cash on Delivery,Chennai
MAR_004326,CUST_00188,Smartphone,1,47325,2026-03-02,Credit Card,Mumbai
MAR_004327,CUST_00802,Laptop,4,35346,2026-03-06,Debit Card,Pune
MAR_004328,CUST_02707,Laptop,4,36114,2026-03-18,Cash on Delivery,Delhi
MAR_004329,CUST_04977,Smartwatch,3,28116,2026-03-05,Credit Card,Hyderabad
MAR_004330,CUST_01508,Laptop,2,31409,2026-03-23,Cash on Delivery,Delhi
MAR_004331,CUST_04669,Smartphone,3,45332,2026-03-24,Credit Card,Chennai
MAR_004332,CUST_00250,Keyboard,3,13753,2026-03-12,UPI,Mumbai
MAR_004333,CUST_00517,Keyboard,1,33431,2026-03-30,Credit Card,Delhi
MAR_004334,CUST_04912,Laptop,5,15608,2026-03-30,Credit Card,Delhi
MAR_004335,CUST_02357,Laptop,3,48537,2026-03-28,UPI,Chennai
MAR_004336,CUST_01678,Monitor,3,19940,2026-03-15,Credit Card,Hyderabad
MAR_004337,CUST_00419,Headphones,4,5316,2026-03-16,Credit Card,Mumbai
MAR_004338,CUST_02030,Tablet,1,3473,2026-03-31,Credit Card,Bangalore
MAR_004339,CUST_01365,Keyboard,5,8831,2026-03-05,Cash on Delivery,Delhi
MAR_004340,CUST_03675,Monitor,3,33000,2026-03-28,Credit Card,Chennai
MAR_004341,CUST_00720,Tablet,4,45642,2026-03-09,Credit Card,Delhi
MAR_004342,CUST_02512,Headphones,1,4768,2026-03-29,UPI,Mumbai
MAR_004343,CUST_01769,Smartwatch,5,43295,2026-03-22,UPI,Bangalore
MAR_004344,CUST_00613,Mouse,3,31625,2026-03-15,Credit Card,Chennai
MAR_004345,CUST_00409,Keyboard,2,41258,2026-03-20,Debit Card,Delhi
MAR_004346,CUST_02553,Laptop,3,8283,2026-03-27,Credit Card,Mumbai
MAR_004347,CUST_00681,Headphones,4,43322,2026-03-22,Credit Card,Bangalore
MAR_004348,CUST_04518,Smartwatch,5,43386,2026-03-21,UPI,Chennai
MAR_004349,CUST_03421,Tablet,4,14056,2026-03-24,Debit Card,Chennai
MAR_004350,CUST_02669,Keyboard,1,22763,2026-03-09,Debit Card,Delhi
MAR_004351,CUST_03337,Smartphone,5,12327,2026-03-12,Debit Card,Pune
MAR_004352,CUST_03539,Smartphone,1,44197,2026-03-08,Cash on Delivery,Chennai
MAR_004353,CUST_01860,Keyboard,4,15180,2026-03-27,UPI,Bangalore
MAR_004354,CUST_00222,Laptop,3,685,2026-03-21,Debit Card,Bangalore
MAR_004355,CUST_02346,Headphones,1,14566,2026-03-12,UPI,Pune
MAR_004356,CUST_00191,Tablet,4,33011,2026-03-19,Credit Card,Bangalore
MAR_004357,CUST_01329,Tablet,2,25157,2026-03-30,Credit Card,Pune
MAR_004358,CUST_01878,Headphones,3,39912,2026-03-22,Credit Card,Pune
MAR_004359,CUST_01592,Smartphone,5,36768,2026-03-24,Cash on Delivery,Pune
MAR_004360,CUST_00941,Smartphone,2,40147,2026-03-04,UPI,Mumbai
MAR_004361,CUST_02512,Monitor,3,37520,2026-03-17,Debit Card,Bangalore
MAR_004362,CUST_00432,Headphones,4,44319,2026-03-10,UPI,Bangalore
MAR_004363,CUST_02435,Laptop,5,44883,2026-03-25,UPI,Pune
MAR_004364,CUST_03377,Smartphone,3,5768,2026-03-12,Credit Card,Delhi
MAR_004365,CUST_00988,Mouse,3,43521,2026-03-30,Credit Card,Pune
MAR_004366,CUST_04022,Headphones,4,14608,2026-03-14,UPI,Chennai
MAR_004367,CUST_01479,Tablet,3,46387,2026-03-08,Debit Card,Hyderabad
MAR_004368,CUST_03600,Smartphone,5,17920,2026-03-27,Debit Card,Chennai
MAR_004369,CUST_01298,Tablet,4,47821,2026-03-24,Credit Card,Chennai
MAR_004370,CUST_03457,Smartwatch,2,4820,2026-03-05,Debit Card,Hyderabad
MAR_004371,CUST_02148,Mouse,3,47819,2026-03-13,Debit Card,Mumbai
MAR_004372,CUST_02716,Smartphone,3,5928,2026-03-15,Debit Card,Pune
MAR_004373,CUST_03442,Laptop,1,1337,2026-03-07,Debit Card,Mumbai
MAR_004374,CUST_02349,Laptop,4,26486,2026-03-18,Debit Card,Bangalore
MAR_004375,CUST_02576,Laptop,3,6096,2026-03-10,Cash on Delivery,Bangalore
MAR_004376,CUST_00584,Keyboard,2,32439,2026-03-20,Debit Card,Pune
MAR_004377,CUST_03040,Headphones,2,1710,2026-03-30,Credit Card,Hyderabad
MAR_004378,CUST_03123,Laptop,2,28606,2026-03-01,Debit Card,Hyderabad
MAR_004379,CUST_00139,Smartwatch,1,49253,2026-03-26,Debit Card,Hyderabad
MAR_004380,CUST_02798,Laptop,4,27864,2026-03-14,Cash on Delivery,Pune
MAR_004381,CUST_04658,Smartphone,1,6068,2026-03-04,Cash on Delivery,Hyderabad
MAR_004382,CUST_01769,Keyboard,3,49729,2026-03-06,Cash on Delivery,Delhi
MAR_004383,CUST_02140,Headphones,2,25561,2026-03-02,Debit Card,Delhi
MAR_004384,CUST_03465,Monitor,5,7665,2026-03-04,Debit Card,Pune
MAR_004385,CUST_01696,Headphones,2,8882,2026-03-23,UPI,Bangalore
MAR_004386,CUST_01034,Monitor,3,15448,2026-03-08,Debit Card,Hyderabad
MAR_004387,CUST_00791,Mouse,3,9716,2026-03-29,Credit Card,Delhi
MAR_004388,CUST_03238,Smartphone,3,43513,2026-03-31,Credit Card,Delhi
MAR_004389,CUST_01825,Smartphone,1,35508,2026-03-14,UPI,Hyderabad
MAR_004390,CUST_04664,Laptop,5,29806,2026-03-21,UPI,Pune
MAR_004391,CUST_00660,Smartwatch,1,49525,2026-03-30,Debit Card,Mumbai
MAR_004392,CUST_02200,Headphones,3,5439,2026-03-04,Debit Card,Pune
MAR_004393,CUST_00955,Headphones,1,5074,2026-03-02,UPI,Hyderabad
MAR_004394,CUST_01938,Smartphone,4,25588,2026-03-24,UPI,Chennai
MAR_004395,CUST_00187,Tablet,1,2002,2026-03-20,Credit Card,Hyderabad
MAR_004396,CUST_04442,Monitor,3,5200,2026-03-16,UPI,Chennai
MAR_004397,CUST_03013,Smartphone,2,49971,2026-03-20,Credit Card,Hyderabad
MAR_004398,CUST_00595,Smartphone,1,44742,2026-03-14,Credit Card,Bangalore
MAR_004399,CUST_03497,Monitor,5,542,2026-03-11,UPI,Pune
MAR_004400,CUST_01511,Headphones,2,48504,2026-03-02,UPI,Pune
MAR_004401,CUST_03164,Tablet,3,47802,2026-03-02,Debit Card,Pune
MAR_004402,CUST_00725,Headphones,4,10046,2026-03-22,Debit Card,Pune
MAR_004403,CUST_03927,Tablet,4,48701,2026-03-08,Credit Card,Mumbai
MAR_004404,CUST_03858,Monitor,3,39015,2026-03-09,Debit Card,Mumbai
MAR_004405,CUST_02329,Tablet,3,47847,2026-03-29,Cash on Delivery,Bangalore
MAR_004406,CUST_04588,Smartwatch,1,34985,2026-03-03,UPI,Delhi
MAR_004407,CUST_02375,Tablet,1,41821,2026-03-10,UPI,Hyderabad
MAR_004408,CUST_02319,Smartwatch,3,409,2026-03-30,Credit Card,Mumbai
MAR_004409,CUST_04264,Smartwatch,1,33693,2026-03-23,Credit Card,Delhi
MAR_004410,CUST_03305,Smartwatch,3,26128,2026-03-14,Credit Card,Delhi
MAR_004411,CUST_03473,Smartwatch,3,24301,2026-03-18,Cash on Delivery,Pune
MAR_004412,CUST_02895,Tablet,4,9463,2026-03-28,Cash on Delivery,Hyderabad
MAR_004413,CUST_04680,Laptop,2,39819,2026-03-03,UPI,Bangalore
MAR_004414,CUST_00276,Monitor,4,4048,2026-03-25,Credit Card,Pune
MAR_004415,CUST_03065,Mouse,2,47000,2026-03-05,Debit Card,Hyderabad
MAR_004416,CUST_00420,Smartphone,2,756,2026-03-19,Debit Card,Mumbai
MAR_004417,CUST_00152,Tablet,4,46148,2026-03-24,Cash on Delivery,Delhi
MAR_004418,CUST_02856,Tablet,2,45588,2026-03-13,UPI,Chennai
MAR_004419,CUST_04519,Keyboard,5,25532,2026-03-30,Credit Card,Mumbai
MAR_004420,CUST_00547,Mouse,1,22860,2026-03-12,Debit Card,Bangalore
MAR_004421,CUST_04963,Headphones,5,31121,2026-03-29,Debit Card,Pune
MAR_004422,CUST_01605,Keyboard,4,9972,2026-03-20,UPI,Mumbai
MAR_004423,CUST_01626,Smartwatch,2,40984,2026-03-12,Credit Card,Pune
MAR_004424,CUST_04213,Laptop,4,12302,2026-03-28,Credit Card,Bangalore
MAR_004425,CUST_01941,Monitor,5,32581,2026-03-22,Credit Card,Pune
MAR_004426,CUST_00292,Laptop,4,46055,2026-03-11,Cash on Delivery,Delhi
MAR_004427,CUST_02279,Monitor,2,9709,2026-03-19,Cash on Delivery,Pune
MAR_004428,CUST_02384,Monitor,5,8767,2026-03-09,Debit Card,Hyderabad
MAR_004429,CUST_01350,Headphones,2,31945,2026-03-31,Credit Card,Delhi
MAR_004430,CUST_04046,Mouse,3,5669,2026-03-21,UPI,Hyderabad
MAR_004431,CUST_01913,Monitor,3,4650,2026-03-03,UPI,Chennai
MAR_004432,CUST_04773,Mouse,1,43526,2026-03-22,Cash on Delivery,Pune
MAR_004433,CUST_01449,Tablet,1,30364,2026-03-15,Credit Card,Chennai
MAR_004434,CUST_02576,Smartwatch,1,24087,2026-03-23,UPI,Pune
MAR_004435,CUST_01558,Headphones,3,9939,2026-03-03,Cash on Delivery,Hyderabad
MAR_004436,CUST_03327,Smartphone,4,41314,2026-03-10,Credit Card,Mumbai
MAR_004437,CUST_01510,Smartphone,3,8330,2026-03-28,UPI,Bangalore
MAR_004438,CUST_02430,Headphones,4,34711,2026-03-16,Debit Card,Chennai
MAR_004439,CUST_04700,Monitor,3,21815,2026-03-14,Credit Card,Pune
MAR_004440,CUST_00026,Smartwatch,5,43447,2026-03-05,UPI,Delhi
MAR_004441,CUST_00217,Keyboard,5,38250,2026-03-21,Credit Card,Mumbai
MAR_004442,CUST_02538,Smartwatch,5,15104,2026-03-27,UPI,Delhi
MAR_004443,CUST_04330,Headphones,1,20662,2026-03-25,Cash on Delivery,Mumbai
MAR_004444,CUST_04686,Smartphone,4,24422,2026-03-22,UPI,Mumbai
MAR_004445,CUST_02370,Mouse,3,49696,2026-03-06,Cash on Delivery,Bangalore
MAR_004446,CUST_03370,Laptop,3,21537,2026-03-18,Credit Card,Pune
MAR_004447,CUST_03393,Smartphone,2,10427,2026-03-08,Credit Card,Mumbai
MAR_004448,CUST_01046,Keyboard,3,47727,2026-03-15,Debit Card,Mumbai
MAR_004449,CUST_01857,Smartphone,2,8028,2026-03-09,Credit Card,Pune
MAR_004450,CUST_01408,Tablet,5,7028,2026-03-14,Debit Card,Chennai
MAR_004451,CUST_04591,Monitor,1,8876,2026-03-24,UPI,Delhi
MAR_004452,CUST_02477,Smartwatch,2,47804,2026-03-09,Cash on Delivery,Hyderabad
MAR_004453,CUST_04383,Smartphone,3,8518,2026-03-15,Cash on Delivery,Pune
MAR_004454,CUST_04019,Smartwatch,4,47121,2026-03-28,Credit Card,Mumbai
MAR_004455,CUST_02610,Mouse,4,7107,2026-03-09,Debit Card,Pune
MAR_004456,CUST_02936,Laptop,4,32319,2026-03-22,UPI,Mumbai
MAR_004457,CUST_03420,Tablet,2,11603,2026-03-31,UPI,Hyderabad
MAR_004458,CUST_01048,Smartwatch,1,49988,2026-03-27,Credit Card,Chennai
MAR_004459,CUST_01794,Smartwatch,2,21105,2026-03-01,Debit Card,Hyderabad
MAR_004460,CUST_00851,Headphones,3,29687,2026-03-15,Debit Card,Hyderabad
MAR_004461,CUST_02225,Smartwatch,2,24825,2026-03-07,UPI,Hyderabad
MAR_004462,CUST_01476,Laptop,5,25810,2026-03-13,Credit Card,Pune
MAR_004463,CUST_00211,Headphones,3,36731,2026-03-20,UPI,Chennai
MAR_004464,CUST_04440,Tablet,1,46958,2026-03-04,Cash on Delivery,Hyderabad
MAR_004465,CUST_03930,Mouse,4,9731,2026-03-31,Cash on Delivery,Pune
MAR_004466,CUST_03012,Headphones,1,30851,2026-03-19,Cash on Delivery,Delhi
MAR_004467,CUST_04042,Smartwatch,5,35285,2026-03-29,Debit Card,Hyderabad
MAR_004468,CUST_02221,Monitor,2,42597,2026-03-05,Debit Card,Mumbai
MAR_004469,CUST_01923,Laptop,5,19846,2026-03-08,Debit Card,Delhi
MAR_004470,CUST_04604,Tablet,5,23601,2026-03-14,Cash on Delivery,Delhi
MAR_004471,CUST_03497,Laptop,4,36622,2026-03-30,Debit Card,Hyderabad
MAR_004472,CUST_04070,Smartphone,3,36923,2026-03-29,Debit Card,Bangalore
MAR_004473,CUST_01657,Tablet,3,23209,2026-03-04,Credit Card,Pune
MAR_004474,CUST_04176,Monitor,5,24147,2026-03-01,UPI,Mumbai
MAR_004475,CUST_01030,Smartwatch,3,33110,2026-03-05,UPI,Mumbai
MAR_004476,CUST_04308,Headphones,2,25154,2026-03-24,Credit Card,Bangalore
MAR_004477,CUST_01908,Keyboard,2,14085,2026-03-30,Debit Card,Delhi
MAR_004478,CUST_04876,Headphones,3,25265,2026-03-18,Debit Card,Hyderabad
MAR_004479,CUST_04046,Keyboard,2,17557,2026-03-04,Credit Card,Chennai
MAR_004480,CUST_03797,Smartphone,5,17354,2026-03-17,Credit Card,Delhi
MAR_004481,CUST_04798,Mouse,5,41355,2026-03-10,Credit Card,Chennai
MAR_004482,CUST_04802,Smartphone,3,9348,2026-03-01,Debit Card,Chennai
MAR_004483,CUST_02956,Mouse,5,8086,2026-03-10,Cash on Delivery,Chennai
MAR_004484,CUST_04021,Monitor,1,39692,2026-03-28,Credit Card,Delhi
MAR_004485,CUST_02174,Keyboard,2,630,2026-03-27,UPI,Delhi
MAR_004486,CUST_01806,Tablet,5,22417,2026-03-13,Cash on Delivery,Bangalore
MAR_004487,CUST_04775,Tablet,4,35735,2026-03-05,Debit Card,Chennai
MAR_004488,CUST_02815,Smartphone,1,1924,2026-03-02,UPI,Hyderabad
MAR_004489,CUST_02616,Smartwatch,2,5409,2026-03-10,Credit Card,Delhi
MAR_004490,CUST_02078,Keyboard,4,32528,2026-03-19,Debit Card,Mumbai
MAR_004491,CUST_02111,Headphones,5,17762,2026-03-20,Credit Card,Hyderabad
MAR_004492,CUST_01180,Monitor,2,6610,2026-03-09,Cash on Delivery,Mumbai
MAR_004493,CUST_01837,Laptop,3,39154,2026-03-11,UPI,Pune
MAR_004494,CUST_00680,Monitor,2,21416,2026-03-24,Debit Card,Pune
MAR_004495,CUST_04047,Headphones,2,24514,2026-03-09,UPI,Pune
MAR_004496,CUST_04095,Smartphone,2,35042,2026-03-22,Cash on Delivery,Bangalore
MAR_004497,CUST_03801,Headphones,4,18378,2026-03-23,Debit Card,Chennai
MAR_004498,CUST_03859,Monitor,3,49429,2026-03-14,Credit Card,Hyderabad
MAR_004499,CUST_03491,Laptop,2,26845,2026-03-11,Credit Card,Hyderabad
MAR_004500,CUST_03810,Smartwatch,1,4516,2026-03-14,Debit Card,Mumbai
MAR_004501,CUST_04950,Smartwatch,5,26482,2026-03-14,Credit Card,Pune
MAR_004502,CUST_02844,Laptop,4,10891,2026-03-15,UPI,Pune
MAR_004503,CUST_00299,Headphones,1,24116,2026-03-12,Debit Card,Mumbai
MAR_004504,CUST_02524,Keyboard,4,5856,2026-03-03,Credit Card,Hyderabad
MAR_004505,CUST_04327,Headphones,3,11005,2026-03-09,Debit Card,Bangalore
MAR_004506,CUST_02356,Tablet,3,21325,2026-03-23,UPI,Hyderabad
MAR_004507,CUST_02130,Monitor,4,1219,2026-03-05,Cash on Delivery,Delhi
MAR_004508,CUST_00592,Headphones,3,31500,2026-03-07,Cash on Delivery,Pune
MAR_004509,CUST_01632,Smartwatch,4,41465,2026-03-19,Cash on Delivery,Chennai
MAR_004510,CUST_01171,Smartwatch,1,12432,2026-03-01,Debit Card,Hyderabad
MAR_004511,CUST_01312,Monitor,1,4829,2026-03-27,Debit Card,Chennai
MAR_004512,CUST_00827,Keyboard,5,11061,2026-03-17,Credit Card,Delhi
MAR_004513,CUST_00333,Keyboard,4,45404,2026-03-06,UPI,Bangalore
MAR_004514,CUST_00883,Smartwatch,2,48324,2026-03-16,Debit Card,Chennai
MAR_004515,CUST_03575,Smartwatch,4,39489,2026-03-20,Debit Card,Delhi
MAR_004516,CUST_00178,Mouse,1,22354,2026-03-16,Credit Card,Pune
MAR_004517,CUST_04942,Keyboard,2,44390,2026-03-07,Cash on Delivery,Bangalore
MAR_004518,CUST_01682,Smartwatch,3,20236,2026-03-31,Cash on Delivery,Bangalore
MAR_004519,CUST_02661,Smartwatch,2,18587,2026-03-12,UPI,Chennai
MAR_004520,CUST_03346,Mouse,2,9209,2026-03-28,UPI,Delhi
MAR_004521,CUST_01118,Laptop,1,3336,2026-03-04,Debit Card,Delhi
MAR_004522,CUST_00181,Mouse,4,45866,2026-03-02,Credit Card,Pune
MAR_004523,CUST_04033,Smartwatch,2,49454,2026-03-15,UPI,Chennai
MAR_004524,CUST_03998,Mouse,2,34395,2026-03-19,Cash on Delivery,Hyderabad
MAR_004525,CUST_03343,Headphones,3,10056,2026-03-24,Debit Card,Hyderabad
MAR_004526,CUST_01172,Laptop,1,31056,2026-03-06,Debit Card,Hyderabad
MAR_004527,CUST_04299,Mouse,4,24391,2026-03-26,UPI,Mumbai
MAR_004528,CUST_04127,Mouse,4,12023,2026-03-21,Debit Card,Hyderabad
MAR_004529,CUST_00833,Laptop,1,30138,2026-03-08,UPI,Mumbai
MAR_004530,CUST_01267,Keyboard,3,15870,2026-03-10,UPI,Pune
MAR_004531,CUST_01772,Tablet,1,16172,2026-03-17,Debit Card,Bangalore
MAR_004532,CUST_03936,Keyboard,4,31492,2026-03-24,Cash on Delivery,Chennai
MAR_004533,CUST_01362,Monitor,2,35562,2026-03-24,UPI,Pune
MAR_004534,CUST_03279,Headphones,1,2259,2026-03-26,Credit Card,Chennai
MAR_004535,CUST_03624,Mouse,2,20269,2026-03-17,Credit Card,Hyderabad
MAR_004536,CUST_04955,Tablet,1,18321,2026-03-21,Credit Card,Hyderabad
MAR_004537,CUST_03002,Mouse,1,26655,2026-03-21,Credit Card,Hyderabad
MAR_004538,CUST_01489,Mouse,5,1256,2026-03-23,Cash on Delivery,Delhi
MAR_004539,CUST_02633,Smartphone,5,43604,2026-03-25,Debit Card,Hyderabad
MAR_004540,CUST_04053,Smartwatch,4,27947,2026-03-10,Cash on Delivery,Bangalore
MAR_004541,CUST_02394,Mouse,1,44162,2026-03-11,Credit Card,Mumbai
MAR_004542,CUST_00326,Monitor,4,2389,2026-03-26,Debit Card,Pune
MAR_004543,CUST_02749,Mouse,3,32681,2026-03-23,Cash on Delivery,Hyderabad
MAR_004544,CUST_01859,Tablet,3,6035,2026-03-05,UPI,Delhi
MAR_004545,CUST_02774,Tablet,5,28722,2026-03-27,Cash on Delivery,Delhi
MAR_004546,CUST_01979,Tablet,2,39293,2026-03-14,Credit Card,Bangalore
MAR_004547,CUST_02825,Monitor,3,43097,2026-03-24,Debit Card,Pune
MAR_004548,CUST_00385,Keyboard,2,3450,2026-03-13,Debit Card,Bangalore
MAR_004549,CUST_00453,Mouse,2,13908,2026-03-08,UPI,Bangalore
MAR_004550,CUST_03450,Headphones,2,865,2026-03-07,UPI,Delhi
MAR_004551,CUST_04557,Headphones,2,5250,2026-03-11,Debit Card,Delhi
MAR_004552,CUST_00476,Smartphone,1,34458,2026-03-15,UPI,Bangalore
MAR_004553,CUST_02987,Smartwatch,4,5026,2026-03-25,Debit Card,Mumbai
MAR_004554,CUST_00685,Mouse,4,19067,2026-03-25,UPI,Bangalore
MAR_004555,CUST_01329,Smartwatch,1,2646,2026-03-24,Credit Card,Bangalore
MAR_004556,CUST_04763,Headphones,5,21983,2026-03-04,UPI,Pune
MAR_004557,CUST_00793,Laptop,2,35638,2026-03-11,UPI,Delhi
MAR_004558,CUST_01731,Smartwatch,5,21446,2026-03-26,UPI,Delhi
MAR_004559,CUST_04434,Mouse,2,38508,2026-03-04,Debit Card,Pune
MAR_004560,CUST_01286,Smartphone,1,28031,2026-03-13,Debit Card,Delhi
MAR_004561,CUST_00028,Smartwatch,2,22998,2026-03-13,UPI,Chennai
MAR_004562,CUST_04011,Smartwatch,5,40279,2026-03-21,Cash on Delivery,Mumbai
MAR_004563,CUST_01981,Smartwatch,5,25424,2026-03-18,UPI,Bangalore
MAR_004564,CUST_03422,Mouse,3,26530,2026-03-06,UPI,Pune
MAR_004565,CUST_04369,Tablet,3,30963,2026-03-29,Cash on Delivery,Delhi
MAR_004566,CUST_03949,Mouse,2,22736,2026-03-15,Debit Card,Mumbai
MAR_004567,CUST_00670,Keyboard,5,19805,2026-03-13,Credit Card,Mumbai
MAR_004568,CUST_00508,Headphones,4,15912,2026-03-24,UPI,Mumbai
MAR_004569,CUST_03949,Tablet,5,47014,2026-03-23,UPI,Mumbai
MAR_004570,CUST_01016,Laptop,4,3855,2026-03-19,Credit Card,Hyderabad
MAR_004571,CUST_01532,Monitor,1,49788,2026-03-30,Debit Card,Mumbai
MAR_004572,CUST_03106,Mouse,5,42776,2026-03-08,UPI,Chennai
MAR_004573,CUST_04223,Monitor,3,40608,2026-03-26,Debit Card,Delhi
MAR_004574,CUST_03590,Tablet,1,19931,2026-03-27,Credit Card,Pune
MAR_004575,CUST_02668,Headphones,1,46806,2026-03-03,UPI,Mumbai
MAR_004576,CUST_01510,Laptop,4,38802,2026-03-03,UPI,Delhi
MAR_004577,CUST_02503,Monitor,1,46713,2026-03-19,UPI,Chennai
MAR_004578,CUST_03197,Keyboard,1,49795,2026-03-24,Credit Card,Hyderabad
MAR_004579,CUST_01504,Mouse,4,7436,2026-03-27,Cash on Delivery,Delhi
MAR_004580,CUST_04927,Laptop,5,17481,2026-03-09,UPI,Hyderabad
MAR_004581,CUST_02422,Smartphone,4,2900,2026-03-11,Credit Card,Hyderabad
MAR_004582,CUST_03780,Keyboard,4,38687,2026-03-19,Credit Card,Pune
MAR_004583,CUST_03942,Mouse,5,39190,2026-03-13,Credit Card,Chennai
MAR_004584,CUST_00906,Smartphone,2,41273,2026-03-17,Credit Card,Mumbai
MAR_004585,CUST_02603,Laptop,2,23364,2026-03-18,UPI,Bangalore
MAR_004586,CUST_01440,Monitor,2,23250,2026-03-12,Credit Card,Mumbai
MAR_004587,CUST_03633,Monitor,1,34886,2026-03-20,Cash on Delivery,Bangalore
MAR_004588,CUST_01023,Laptop,2,5932,2026-03-29,UPI,Delhi
MAR_004589,CUST_01283,Monitor,2,28108,2026-03-25,Debit Card,Chennai
MAR_004590,CUST_01052,Monitor,1,11452,2026-03-26,UPI,Delhi
MAR_004591,CUST_02359,Tablet,5,31505,2026-03-26,Cash on Delivery,Bangalore
MAR_004592,CUST_03851,Mouse,1,47615,2026-03-25,Cash on Delivery,Hyderabad
MAR_004593,CUST_02617,Smartphone,5,33840,2026-03-04,Debit Card,Chennai
MAR_004594,CUST_03684,Smartwatch,4,12062,2026-03-12,UPI,Hyderabad
MAR_004595,CUST_03851,Monitor,5,33481,2026-03-20,Cash on Delivery,Bangalore
MAR_004596,CUST_03505,Smartphone,2,4011,2026-03-16,Cash on Delivery,Chennai
MAR_004597,CUST_02047,Headphones,1,37603,2026-03-17,Cash on Delivery,Delhi
MAR_004598,CUST_00099,Tablet,3,15063,2026-03-13,Cash on Delivery,Chennai
MAR_004599,CUST_00883,Laptop,5,12201,2026-03-18,Debit Card,Hyderabad
MAR_004600,CUST_00854,Tablet,3,22914,2026-03-02,UPI,Hyderabad
MAR_004601,CUST_00256,Keyboard,2,41020,2026-03-22,Cash on Delivery,Bangalore
MAR_004602,CUST_04487,Monitor,5,28814,2026-03-01,Cash on Delivery,Delhi
MAR_004603,CUST_03229,Headphones,1,9639,2026-03-28,UPI,Bangalore
MAR_004604,CUST_04543,Smartphone,1,43192,2026-03-20,Cash on Delivery,Bangalore
MAR_004605,CUST_02167,Monitor,4,43830,2026-03-18,Credit Card,Delhi
MAR_004606,CUST_00856,Headphones,1,35327,2026-03-31,UPI,Bangalore
MAR_004607,CUST_02778,Smartwatch,5,45218,2026-03-21,Debit Card,Delhi
MAR_004608,CUST_02031,Keyboard,2,11409,2026-03-29,Credit Card,Mumbai
MAR_004609,CUST_02162,Smartphone,2,441,2026-03-15,Cash on Delivery,Chennai
MAR_004610,CUST_00488,Smartphone,2,11842,2026-03-21,UPI,Pune
MAR_004611,CUST_04354,Smartphone,3,24989,2026-03-11,Credit Card,Bangalore
MAR_004612,CUST_03366,Keyboard,5,15777,2026-03-30,UPI,Delhi
MAR_004613,CUST_03038,Keyboard,2,4498,2026-03-31,Cash on Delivery,Pune
MAR_004614,CUST_00755,Smartwatch,4,16583,2026-03-16,Credit Card,Hyderabad
MAR_004615,CUST_02305,Mouse,4,8964,2026-03-26,Cash on Delivery,Hyderabad
MAR_004616,CUST_01677,Headphones,4,1055,2026-03-04,Debit Card,Hyderabad
MAR_004617,CUST_00440,Headphones,3,38309,2026-03-03,UPI,Hyderabad
MAR_004618,CUST_02508,Smartphone,3,8133,2026-03-22,Cash on Delivery,Hyderabad
MAR_004619,CUST_04550,Tablet,5,42689,2026-03-18,Credit Card,Pune
MAR_004620,CUST_01300,Smartwatch,5,42151,2026-03-03,Cash on Delivery,Mumbai
MAR_004621,CUST_03163,Keyboard,4,43561,2026-03-09,Debit Card,Pune
MAR_004622,CUST_01712,Headphones,1,39779,2026-03-26,Cash on Delivery,Pune
MAR_004623,CUST_00030,Headphones,2,45744,2026-03-10,UPI,Chennai
MAR_004624,CUST_03699,Headphones,1,49149,2026-03-08,UPI,Chennai
MAR_004625,CUST_03716,Laptop,4,45932,2026-03-02,Cash on Delivery,Chennai
MAR_004626,CUST_03924,Laptop,1,47385,2026-03-30,Debit Card,Chennai
MAR_004627,CUST_00450,Keyboard,5,32457,2026-03-21,UPI,Pune
MAR_004628,CUST_01979,Laptop,3,7311,2026-03-14,Credit Card,Bangalore
MAR_004629,CUST_00226,Tablet,5,10253,2026-03-07,Cash on Delivery,Hyderabad
MAR_004630,CUST_00952,Keyboard,2,43277,2026-03-19,Credit Card,Bangalore
MAR_004631,CUST_01647,Keyboard,1,26593,2026-03-13,UPI,Delhi
MAR_004632,CUST_02007,Keyboard,3,11159,2026-03-17,Cash on Delivery,Mumbai
MAR_004633,CUST_04160,Laptop,4,31218,2026-03-20,Debit Card,Hyderabad
MAR_004634,CUST_02188,Smartphone,5,9077,2026-03-12,Credit Card,Delhi
MAR_004635,CUST_00659,Smartphone,3,7332,2026-03-18,UPI,Delhi
MAR_004636,CUST_04043,Smartwatch,5,36850,2026-03-18,UPI,Bangalore
MAR_004637,CUST_00064,Smartphone,3,994,2026-03-03,Cash on Delivery,Delhi
MAR_004638,CUST_00849,Mouse,2,47434,2026-03-26,Cash on Delivery,Chennai
MAR_004639,CUST_04247,Monitor,3,30416,2026-03-27,Cash on Delivery,Bangalore
MAR_004640,CUST_02542,Monitor,1,5796,2026-03-26,Cash on Delivery,Hyderabad
MAR_004641,CUST_03842,Headphones,3,31236,2026-03-20,UPI,Mumbai
MAR_004642,CUST_04961,Tablet,3,43542,2026-03-31,Cash on Delivery,Hyderabad
MAR_004643,CUST_02772,Monitor,4,5434,2026-03-20,Cash on Delivery,Delhi
MAR_004644,CUST_00109,Keyboard,5,11052,2026-03-15,Cash on Delivery,Chennai
MAR_004645,CUST_02870,Smartwatch,3,8560,2026-03-13,Credit Card,Hyderabad
MAR_004646,CUST_03987,Smartwatch,3,17345,2026-03-17,Debit Card,Delhi
MAR_004647,CUST_02064,Smartwatch,1,2237,2026-03-05,Cash on Delivery,Hyderabad
MAR_004648,CUST_01185,Mouse,5,42237,2026-03-10,UPI,Hyderabad
MAR_004649,CUST_01408,Tablet,4,49967,2026-03-07,Cash on Delivery,Hyderabad
MAR_004650,CUST_03809,Laptop,4,36273,2026-03-24,Credit Card,Pune
MAR_004651,CUST_02473,Monitor,5,20250,2026-03-11,Credit Card,Delhi
MAR_004652,CUST_01655,Headphones,3,47973,2026-03-12,UPI,Delhi
MAR_004653,CUST_04361,Monitor,5,27309,2026-03-08,UPI,Mumbai
MAR_004654,CUST_04882,Smartwatch,2,30666,2026-03-10,Debit Card,Pune
MAR_004655,CUST_00465,Tablet,1,34540,2026-03-23,Cash on Delivery,Pune
MAR_004656,CUST_00529,Keyboard,4,17824,2026-03-27,Credit Card,Mumbai
MAR_004657,CUST_02232,Headphones,5,3309,2026-03-19,UPI,Pune
MAR_004658,CUST_02594,Headphones,4,4159,2026-03-23,Debit Card,Delhi
MAR_004659,CUST_03632,Mouse,2,29509,2026-03-10,UPI,Chennai
MAR_004660,CUST_02890,Headphones,3,17263,2026-03-11,Credit Card,Pune
MAR_004661,CUST_00018,Smartphone,1,1402,2026-03-12,Debit Card,Pune
MAR_004662,CUST_03180,Tablet,2,5412,2026-03-19,UPI,Pune
MAR_004663,CUST_03193,Mouse,5,24502,2026-03-07,Credit Card,Chennai
MAR_004664,CUST_00392,Laptop,1,17606,2026-03-13,Credit Card,Chennai
MAR_004665,CUST_04552,Smartwatch,3,21258,2026-03-26,Debit Card,Mumbai
MAR_004666,CUST_00271,Tablet,2,27260,2026-03-14,UPI,Hyderabad
MAR_004667,CUST_03277,Tablet,5,6486,2026-03-11,Credit Card,Chennai
MAR_004668,CUST_01633,Smartphone,3,31577,2026-03-20,Credit Card,Hyderabad
MAR_004669,CUST_00805,Monitor,3,46710,2026-03-02,Debit Card,Bangalore
MAR_004670,CUST_01245,Smartphone,5,38810,2026-03-05,UPI,Hyderabad
MAR_004671,CUST_04827,Mouse,5,4791,2026-03-02,Debit Card,Delhi
MAR_004672,CUST_04401,Smartphone,5,991,2026-03-22,Credit Card,Mumbai
MAR_004673,CUST_00611,Smartwatch,2,8622,2026-03-21,UPI,Hyderabad
MAR_004674,CUST_01912,Smartphone,2,4099,2026-03-20,UPI,Delhi
MAR_004675,CUST_01599,Smartwatch,3,12722,2026-03-01,Credit Card,Pune
MAR_004676,CUST_03366,Monitor,2,47025,2026-03-18,Credit Card,Mumbai
MAR_004677,CUST_02537,Smartphone,1,41235,2026-03-05,Debit Card,Hyderabad
MAR_004678,CUST_04323,Keyboard,2,7607,2026-03-17,Credit Card,Hyderabad
MAR_004679,CUST_02322,Keyboard,3,40828,2026-03-14,UPI,Hyderabad
MAR_004680,CUST_01742,Smartphone,3,39769,2026-03-08,Debit Card,Bangalore
MAR_004681,CUST_00813,Monitor,1,36491,2026-03-15,Cash on Delivery,Mumbai
MAR_004682,CUST_03896,Laptop,5,34194,2026-03-08,Cash on Delivery,Hyderabad
MAR_004683,CUST_01396,Laptop,2,45954,2026-03-20,Cash on Delivery,Bangalore
MAR_004684,CUST_02652,Keyboard,2,47250,2026-03-01,Cash on Delivery,Mumbai
MAR_004685,CUST_03607,Keyboard,2,45905,2026-03-30,Cash on Delivery,Delhi
MAR_004686,CUST_04472,Smartwatch,4,45855,2026-03-20,Cash on Delivery,Bangalore
MAR_004687,CUST_04436,Laptop,5,21121,2026-03-20,Debit Card,Pune
MAR_004688,CUST_01125,Smartwatch,4,9061,2026-03-15,Debit Card,Bangalore
MAR_004689,CUST_03265,Tablet,5,1414,2026-03-21,Credit Card,Delhi
MAR_004690,CUST_00633,Smartphone,4,41115,2026-03-21,UPI,Chennai
MAR_004691,CUST_04788,Mouse,1,2088,2026-03-14,Cash on Delivery,Pune
MAR_004692,CUST_04270,Mouse,2,47100,2026-03-11,Credit Card,Chennai
MAR_004693,CUST_04470,Keyboard,2,45963,2026-03-08,Credit Card,Pune
MAR_004694,CUST_01135,Laptop,1,16277,2026-03-02,Cash on Delivery,Hyderabad
MAR_004695,CUST_03933,Mouse,1,41373,2026-03-25,Credit Card,Hyderabad
MAR_004696,CUST_02559,Headphones,5,3381,2026-03-26,Cash on Delivery,Delhi
MAR_004697,CUST_03445,Mouse,3,6296,2026-03-29,UPI,Bangalore
MAR_004698,CUST_04791,Smartwatch,4,28354,2026-03-07,Cash on Delivery,Bangalore
MAR_004699,CUST_04516,Mouse,3,35764,2026-03-04,Debit Card,Pune
MAR_004700,CUST_01104,Headphones,1,28171,2026-03-12,Credit Card,Mumbai
MAR_004701,CUST_03645,Tablet,2,24885,2026-03-10,Cash on Delivery,Mumbai
MAR_004702,CUST_04240,Smartwatch,3,1115,2026-03-16,Debit Card,Hyderabad
MAR_004703,CUST_02855,Tablet,4,5767,2026-03-01,Debit Card,Chennai
MAR_004704,CUST_03902,Monitor,3,7942,2026-03-11,UPI,Pune
MAR_004705,CUST_03775,Mouse,1,46384,2026-03-18,Cash on Delivery,Mumbai
MAR_004706,CUST_04992,Keyboard,4,49943,2026-03-04,Credit Card,Bangalore
MAR_004707,CUST_01120,Headphones,2,24763,2026-03-26,Credit Card,Bangalore
MAR_004708,CUST_02674,Smartphone,2,36608,2026-03-25,Cash on Delivery,Delhi
MAR_004709,CUST_03410,Smartwatch,4,19238,2026-03-30,Debit Card,Chennai
MAR_004710,CUST_02693,Mouse,3,43972,2026-03-08,Credit Card,Mumbai
MAR_004711,CUST_00731,Smartphone,2,27031,2026-03-25,Credit Card,Delhi
MAR_004712,CUST_00794,Smartwatch,4,38327,2026-03-28,Debit Card,Chennai
MAR_004713,CUST_00009,Tablet,4,36240,2026-03-16,Credit Card,Chennai
MAR_004714,CUST_03137,Smartwatch,5,18674,2026-03-24,Cash on Delivery,Bangalore
MAR_004715,CUST_04856,Headphones,2,12250,2026-03-04,UPI,Bangalore
MAR_004716,CUST_02558,Headphones,5,25307,2026-03-15,Credit Card,Hyderabad
MAR_004717,CUST_04878,Keyboard,3,35857,2026-03-30,Credit Card,Hyderabad
MAR_004718,CUST_00801,Smartphone,5,30155,2026-03-21,Credit Card,Hyderabad
MAR_004719,CUST_01607,Mouse,5,49513,2026-03-06,Debit Card,Mumbai
MAR_004720,CUST_03681,Smartphone,1,33388,2026-03-24,Cash on Delivery,Pune
MAR_004721,CUST_02114,Keyboard,4,48364,2026-03-30,Debit Card,Bangalore
MAR_004722,CUST_00454,Smartwatch,3,6089,2026-03-06,Cash on Delivery,Chennai
MAR_004723,CUST_02774,Tablet,1,45546,2026-03-19,UPI,Mumbai
MAR_004724,CUST_02597,Smartwatch,2,24449,2026-03-02,UPI,Mumbai
MAR_004725,CUST_03499,Mouse,4,7161,2026-03-28,Debit Card,Mumbai
MAR_004726,CUST_02517,Mouse,1,4271,2026-03-12,Cash on Delivery,Hyderabad
MAR_004727,CUST_01547,Monitor,3,43369,2026-03-02,Credit Card,Mumbai
MAR_004728,CUST_04036,Smartphone,4,22998,2026-03-15,Debit Card,Hyderabad
MAR_004729,CUST_03739,Smartwatch,1,17687,2026-03-28,Cash on Delivery,Delhi
MAR_004730,CUST_02478,Headphones,1,7203,2026-03-13,Debit Card,Delhi
MAR_004731,CUST_02669,Mouse,1,42845,2026-03-06,Credit Card,Pune
MAR_004732,CUST_01706,Laptop,3,30565,2026-03-26,Credit Card,Bangalore
MAR_004733,CUST_00071,Keyboard,4,28982,2026-03-13,Cash on Delivery,Bangalore
MAR_004734,CUST_02556,Monitor,2,20381,2026-03-28,Credit Card,Hyderabad
MAR_004735,CUST_00234,Laptop,2,30365,2026-03-22,UPI,Bangalore
MAR_004736,CUST_03506,Monitor,4,21461,2026-03-13,UPI,Pune
MAR_004737,CUST_00229,Keyboard,4,5012,2026-03-04,Credit Card,Bangalore
MAR_004738,CUST_01454,Smartwatch,2,45895,2026-03-09,UPI,Mumbai
MAR_004739,CUST_00459,Smartwatch,3,28456,2026-03-15,Cash on Delivery,Mumbai
MAR_004740,CUST_00654,Smartwatch,5,31236,2026-03-04,UPI,Delhi
MAR_004741,CUST_03110,Laptop,4,9005,2026-03-30,UPI,Hyderabad
MAR_004742,CUST_04039,Smartwatch,4,32380,2026-03-04,UPI,Mumbai
MAR_004743,CUST_01826,Smartphone,2,18527,2026-03-11,Debit Card,Hyderabad
MAR_004744,CUST_02240,Smartphone,4,45782,2026-03-10,Credit Card,Delhi
MAR_004745,CUST_04423,Smartphone,4,24243,2026-03-18,Cash on Delivery,Mumbai
MAR_004746,CUST_02777,Mouse,2,46274,2026-03-28,Cash on Delivery,Chennai
MAR_004747,CUST_02521,Monitor,3,379,2026-03-02,Cash on Delivery,Bangalore
MAR_004748,CUST_01121,Keyboard,2,24784,2026-03-30,Debit Card,Delhi
MAR_004749,CUST_04176,Tablet,3,34549,2026-03-10,Debit Card,Pune
MAR_004750,CUST_02155,Smartphone,3,11570,2026-03-07,Debit Card,Hyderabad
MAR_004751,CUST_03466,Laptop,3,8361,2026-03-03,Debit Card,Hyderabad
MAR_004752,CUST_04105,Headphones,1,49340,2026-03-08,Cash on Delivery,Mumbai
MAR_004753,CUST_03375,Laptop,3,46147,2026-03-15,Credit Card,Pune
MAR_004754,CUST_03055,Laptop,5,42853,2026-03-07,Credit Card,Delhi
MAR_004755,CUST_00879,Headphones,3,24698,2026-03-23,Credit Card,Hyderabad
MAR_004756,CUST_02736,Mouse,3,20262,2026-03-13,Credit Card,Mumbai
MAR_004757,CUST_02742,Smartwatch,4,2734,2026-03-30,Cash on Delivery,Pune
MAR_004758,CUST_02543,Smartwatch,3,6759,2026-03-05,Debit Card,Chennai
MAR_004759,CUST_01685,Monitor,4,35975,2026-03-16,Cash on Delivery,Chennai
MAR_004760,CUST_00562,Mouse,5,25508,2026-03-20,Credit Card,Bangalore
MAR_004761,CUST_01388,Keyboard,1,694,2026-03-14,Debit Card,Delhi
MAR_004762,CUST_01875,Monitor,1,43941,2026-03-29,Credit Card,Mumbai
MAR_004763,CUST_01432,Tablet,3,37179,2026-03-13,Debit Card,Chennai
MAR_004764,CUST_01332,Laptop,2,30050,2026-03-17,UPI,Mumbai
MAR_004765,CUST_02150,Headphones,4,15094,2026-03-08,UPI,Delhi
MAR_004766,CUST_03408,Headphones,1,33035,2026-03-31,Credit Card,Hyderabad
MAR_004767,CUST_03420,Laptop,3,17189,2026-03-24,Cash on Delivery,Pune
MAR_004768,CUST_01304,Headphones,4,30547,2026-03-05,Cash on Delivery,Delhi
MAR_004769,CUST_03083,Keyboard,3,35759,2026-03-24,Credit Card,Chennai
MAR_004770,CUST_03088,Mouse,1,18019,2026-03-16,Cash on Delivery,Pune
MAR_004771,CUST_03017,Monitor,4,6914,2026-03-19,Debit Card,Chennai
MAR_004772,CUST_01758,Mouse,5,14525,2026-03-27,UPI,Hyderabad
MAR_004773,CUST_02890,Tablet,5,616,2026-03-15,Cash on Delivery,Delhi
MAR_004774,CUST_00654,Tablet,5,39946,2026-03-30,Cash on Delivery,Hyderabad
MAR_004775,CUST_02720,Smartwatch,2,37934,2026-03-08,Credit Card,Bangalore
MAR_004776,CUST_04791,Smartphone,2,34001,2026-03-05,Cash on Delivery,Pune
MAR_004777,CUST_00782,Smartphone,4,23784,2026-03-10,Cash on Delivery,Mumbai
MAR_004778,CUST_00359,Monitor,1,979,2026-03-17,Debit Card,Hyderabad
MAR_004779,CUST_00613,Keyboard,1,12446,2026-03-27,Cash on Delivery,Chennai
MAR_004780,CUST_00589,Headphones,5,32862,2026-03-14,Debit Card,Pune
MAR_004781,CUST_02033,Smartwatch,2,680,2026-03-09,Credit Card,Chennai
MAR_004782,CUST_01706,Monitor,4,21898,2026-03-23,Debit Card,Pune
MAR_004783,CUST_01215,Headphones,3,37137,2026-03-29,UPI,Bangalore
MAR_004784,CUST_04781,Smartwatch,1,3366,2026-03-01,Credit Card,Chennai
MAR_004785,CUST_02934,Smartphone,2,6758,2026-03-21,Credit Card,Delhi
MAR_004786,CUST_04477,Laptop,1,39997,2026-03-02,Cash on Delivery,Hyderabad
MAR_004787,CUST_04111,Smartphone,2,47040,2026-03-30,Cash on Delivery,Chennai
MAR_004788,CUST_02587,Headphones,2,36411,2026-03-30,Credit Card,Pune
MAR_004789,CUST_03758,Smartwatch,5,42410,2026-03-21,Credit Card,Pune
MAR_004790,CUST_03956,Laptop,2,48477,2026-03-23,Cash on Delivery,Mumbai
MAR_004791,CUST_03452,Tablet,2,39853,2026-03-03,Cash on Delivery,Mumbai
MAR_004792,CUST_01746,Keyboard,2,36058,2026-03-29,Cash on Delivery,Bangalore
MAR_004793,CUST_01139,Smartphone,4,44289,2026-03-14,Credit Card,Chennai
MAR_004794,CUST_00561,Mouse,1,5336,2026-03-27,Cash on Delivery,Hyderabad
MAR_004795,CUST_00837,Keyboard,5,1240,2026-03-02,Cash on Delivery,Chennai
MAR_004796,CUST_03941,Laptop,1,27896,2026-03-31,Cash on Delivery,Mumbai
MAR_004797,CUST_00396,Tablet,1,43430,2026-03-01,Debit Card,Bangalore
MAR_004798,CUST_04226,Headphones,5,23887,2026-03-07,Debit Card,Mumbai
MAR_004799,CUST_01519,Headphones,4,2513,2026-03-29,Debit Card,Pune
MAR_004800,CUST_03726,Tablet,2,16955,2026-03-24,Cash on Delivery,Pune
MAR_004801,CUST_02883,Monitor,3,14709,2026-03-12,Debit Card,Mumbai
MAR_004802,CUST_00945,Monitor,4,37889,2026-03-12,Debit Card,Delhi
MAR_004803,CUST_04757,Keyboard,5,46262,2026-03-17,Cash on Delivery,Bangalore
MAR_004804,CUST_02634,Headphones,3,35407,2026-03-13,Cash on Delivery,Mumbai
MAR_004805,CUST_02629,Mouse,2,14701,2026-03-07,Credit Card,Delhi
MAR_004806,CUST_04087,Headphones,1,49424,2026-03-03,Credit Card,Hyderabad
MAR_004807,CUST_00086,Tablet,5,13649,2026-03-13,Cash on Delivery,Hyderabad
MAR_004808,CUST_01765,Mouse,5,45133,2026-03-07,Debit Card,Mumbai
MAR_004809,CUST_00417,Mouse,5,14108,2026-03-02,Debit Card,Mumbai
MAR_004810,CUST_03026,Keyboard,4,17359,2026-03-11,Debit Card,Chennai
MAR_004811,CUST_00405,Headphones,5,8297,2026-03-29,UPI,Hyderabad
MAR_004812,CUST_04405,Headphones,1,16230,2026-03-11,UPI,Chennai
MAR_004813,CUST_01088,Laptop,1,42300,2026-03-21,Credit Card,Bangalore
MAR_004814,CUST_03903,Keyboard,2,37634,2026-03-25,UPI,Delhi
MAR_004815,CUST_03509,Headphones,5,34115,2026-03-11,Cash on Delivery,Mumbai
MAR_004816,CUST_04264,Smartwatch,1,16488,2026-03-11,Credit Card,Hyderabad
MAR_004817,CUST_00569,Tablet,1,39864,2026-03-26,Debit Card,Delhi
MAR_004818,CUST_04646,Smartphone,4,46572,2026-03-28,Debit Card,Bangalore
MAR_004819,CUST_04650,Monitor,1,27161,2026-03-19,Debit Card,Hyderabad
MAR_004820,CUST_00272,Keyboard,3,31484,2026-03-19,Credit Card,Hyderabad
MAR_004821,CUST_02242,Mouse,1,43827,2026-03-18,Cash on Delivery,Mumbai
MAR_004822,CUST_00551,Tablet,5,33362,2026-03-20,Credit Card,Chennai
MAR_004823,CUST_04812,Tablet,3,21941,2026-03-09,UPI,Chennai
MAR_004824,CUST_03114,Mouse,5,26269,2026-03-09,Debit Card,Chennai
MAR_004825,CUST_01967,Mouse,4,23080,2026-03-17,Debit Card,Delhi
MAR_004826,CUST_03940,Smartphone,1,18965,2026-03-17,Credit Card,Bangalore
MAR_004827,CUST_02963,Laptop,1,10227,2026-03-30,UPI,Bangalore
MAR_004828,CUST_04904,Smartwatch,1,21495,2026-03-11,UPI,Chennai
MAR_004829,CUST_03502,Laptop,2,36866,2026-03-21,Cash on Delivery,Delhi
MAR_004830,CUST_02271,Keyboard,3,6563,2026-03-31,Cash on Delivery,Delhi
MAR_004831,CUST_02365,Smartwatch,4,11476,2026-03-20,Credit Card,Mumbai
MAR_004832,CUST_03228,Laptop,4,23772,2026-03-12,Debit Card,Bangalore
MAR_004833,CUST_02834,Keyboard,5,2305,2026-03-28,Cash on Delivery,Pune
MAR_004834,CUST_04219,Smartphone,3,37662,2026-03-09,Cash on Delivery,Chennai
MAR_004835,CUST_02251,Smartwatch,2,33091,2026-03-11,Cash on Delivery,Chennai
MAR_004836,CUST_01910,Headphones,2,34026,2026-03-17,Debit Card,Mumbai
MAR_004837,CUST_04872,Keyboard,3,12713,2026-03-28,Cash on Delivery,Delhi
MAR_004838,CUST_02635,Headphones,4,29664,2026-03-31,Credit Card,Chennai
MAR_004839,CUST_03190,Monitor,5,39243,2026-03-19,Debit Card,Bangalore
MAR_004840,CUST_02718,Tablet,2,3141,2026-03-14,Debit Card,Mumbai
MAR_004841,CUST_03973,Headphones,4,49658,2026-03-08,Debit Card,Pune
MAR_004842,CUST_04180,Smartwatch,4,42593,2026-03-27,UPI,Bangalore
MAR_004843,CUST_01151,Keyboard,2,48109,2026-03-14,Debit Card,Chennai
MAR_004844,CUST_00137,Smartwatch,1,12477,2026-03-09,UPI,Delhi
MAR_004845,CUST_03076,Monitor,4,12413,2026-03-09,Cash on Delivery,Chennai
MAR_004846,CUST_01430,Laptop,4,5633,2026-03-03,Debit Card,Bangalore
MAR_004847,CUST_00465,Monitor,4,21408,2026-03-01,Credit Card,Hyderabad
MAR_004848,CUST_00695,Tablet,5,18532,2026-03-07,Credit Card,Hyderabad
MAR_004849,CUST_01247,Keyboard,2,679,2026-03-29,UPI,Delhi
MAR_004850,CUST_02704,Tablet,3,18679,2026-03-26,Credit Card,Chennai
MAR_004851,CUST_01005,Keyboard,1,29788,2026-03-27,Cash on Delivery,Pune
MAR_004852,CUST_01291,Tablet,1,34916,2026-03-28,Debit Card,Bangalore
MAR_004853,CUST_01727,Smartphone,1,8402,2026-03-05,Credit Card,Pune
MAR_004854,CUST_03792,Smartphone,5,13964,2026-03-14,Cash on Delivery,Mumbai
MAR_004855,CUST_04350,Laptop,5,47012,2026-03-12,Debit Card,Mumbai
MAR_004856,CUST_03931,Headphones,1,35949,2026-03-11,Credit Card,Chennai
MAR_004857,CUST_01673,Headphones,4,9239,2026-03-01,Debit Card,Hyderabad
MAR_004858,CUST_03615,Monitor,3,15998,2026-03-26,Debit Card,Hyderabad
MAR_004859,CUST_02773,Smartphone,2,28031,2026-03-30,Cash on Delivery,Hyderabad
MAR_004860,CUST_01809,Smartphone,5,1465,2026-03-11,UPI,Bangalore
MAR_004861,CUST_03933,Headphones,4,14025,2026-03-14,UPI,Mumbai
MAR_004862,CUST_01114,Laptop,1,24360,2026-03-26,UPI,Bangalore
MAR_004863,CUST_04510,Smartwatch,4,17442,2026-03-08,Cash on Delivery,Mumbai
MAR_004864,CUST_00169,Smartphone,5,33055,2026-03-25,UPI,Pune
MAR_004865,CUST_00790,Smartwatch,3,306,2026-03-24,Cash on Delivery,Pune
MAR_004866,CUST_03252,Laptop,4,44658,2026-03-10,Debit Card,Pune
MAR_004867,CUST_04128,Headphones,5,27045,2026-03-28,Cash on Delivery,Pune
MAR_004868,CUST_01386,Laptop,1,41039,2026-03-17,Credit Card,Hyderabad
MAR_004869,CUST_02637,Smartwatch,4,25556,2026-03-06,Debit Card,Pune
MAR_004870,CUST_04314,Laptop,3,33623,2026-03-20,Debit Card,Bangalore
MAR_004871,CUST_03468,Monitor,4,19672,2026-03-29,Credit Card,Hyderabad
MAR_004872,CUST_00157,Mouse,4,20805,2026-03-30,Credit Card,Hyderabad
MAR_004873,CUST_02221,Headphones,2,31541,2026-03-06,Cash on Delivery,Chennai
MAR_004874,CUST_04230,Monitor,3,17269,2026-03-29,Debit Card,Pune
MAR_004875,CUST_03739,Smartwatch,5,16440,2026-03-20,Cash on Delivery,Bangalore
MAR_004876,CUST_02772,Headphones,1,33878,2026-03-06,UPI,Pune
MAR_004877,CUST_00294,Headphones,3,9311,2026-03-30,Credit Card,Chennai
MAR_004878,CUST_00782,Keyboard,1,39699,2026-03-29,Debit Card,Bangalore
MAR_004879,CUST_02458,Smartwatch,1,30865,2026-03-02,Credit Card,Chennai
MAR_004880,CUST_03932,Tablet,2,41251,2026-03-07,Cash on Delivery,Bangalore
MAR_004881,CUST_00486,Mouse,1,13621,2026-03-16,UPI,Bangalore
MAR_004882,CUST_03545,Headphones,4,42994,2026-03-02,Cash on Delivery,Chennai
MAR_004883,CUST_00108,Smartphone,4,48402,2026-03-02,Cash on Delivery,Pune
MAR_004884,CUST_03197,Monitor,1,10939,2026-03-13,Debit Card,Pune
MAR_004885,CUST_04998,Keyboard,3,41770,2026-03-01,Credit Card,Delhi
MAR_004886,CUST_02018,Tablet,1,17721,2026-03-03,Debit Card,Delhi
MAR_004887,CUST_00704,Tablet,2,4735,2026-03-17,Credit Card,Mumbai
MAR_004888,CUST_00244,Keyboard,2,1257,2026-03-12,Credit Card,Bangalore
MAR_004889,CUST_02069,Smartwatch,2,21728,2026-03-22,Debit Card,Chennai
MAR_004890,CUST_01745,Laptop,4,19980,2026-03-30,Debit Card,Mumbai
MAR_004891,CUST_03482,Smartwatch,3,43204,2026-03-04,UPI,Bangalore
MAR_004892,CUST_04288,Tablet,3,28755,2026-03-22,UPI,Mumbai
MAR_004893,CUST_00002,Smartwatch,2,9458,2026-03-31,Cash on Delivery,Delhi
MAR_004894,CUST_03575,Keyboard,3,29657,2026-03-07,Credit Card,Chennai
MAR_004895,CUST_00626,Mouse,3,5736,2026-03-03,Credit Card,Hyderabad
MAR_004896,CUST_03316,Headphones,1,15577,2026-03-09,Cash on Delivery,Hyderabad
MAR_004897,CUST_03178,Laptop,4,17671,2026-03-07,Debit Card,Pune
MAR_004898,CUST_00405,Headphones,4,25300,2026-03-15,Credit Card,Mumbai
MAR_004899,CUST_01548,Headphones,3,26807,2026-03-14,Credit Card,Bangalore
MAR_004900,CUST_02741,Tablet,3,7097,2026-03-04,Cash on Delivery,Pune
MAR_004901,CUST_03533,Headphones,2,13177,2026-03-15,UPI,Chennai
MAR_004902,CUST_01105,Tablet,1,17549,2026-03-16,UPI,Chennai
MAR_004903,CUST_01224,Mouse,4,35385,2026-03-15,Debit Card,Mumbai
MAR_004904,CUST_02227,Mouse,3,24603,2026-03-18,UPI,Chennai
MAR_004905,CUST_03769,Monitor,2,44463,2026-03-22,UPI,Pune
MAR_004906,CUST_02413,Mouse,2,40408,2026-03-22,Credit Card,Hyderabad
MAR_004907,CUST_02958,Mouse,2,48777,2026-03-21,Cash on Delivery,Bangalore
MAR_004908,CUST_01951,Keyboard,5,5214,2026-03-30,Credit Card,Chennai
MAR_004909,CUST_02834,Mouse,4,21866,2026-03-19,Cash on Delivery,Mumbai
MAR_004910,CUST_03113,Keyboard,5,37009,2026-03-16,UPI,Pune
MAR_004911,CUST_04151,Tablet,5,6295,2026-03-11,UPI,Pune
MAR_004912,CUST_00829,Keyboard,4,13224,2026-03-07,Cash on Delivery,Hyderabad
MAR_004913,CUST_01233,Laptop,3,36693,2026-03-02,Debit Card,Bangalore
MAR_004914,CUST_01883,Keyboard,5,23247,2026-03-18,Cash on Delivery,Chennai
MAR_004915,CUST_01729,Tablet,3,38737,2026-03-19,Debit Card,Hyderabad
MAR_004916,CUST_03328,Laptop,2,49782,2026-03-27,Cash on Delivery,Bangalore
MAR_004917,CUST_03855,Smartwatch,5,48626,2026-03-21,Credit Card,Pune
MAR_004918,CUST_04715,Smartwatch,2,16771,2026-03-02,Cash on Delivery,Bangalore
MAR_004919,CUST_01400,Tablet,2,2577,2026-03-29,UPI,Mumbai
MAR_004920,CUST_01812,Smartwatch,1,1927,2026-03-12,UPI,Mumbai
MAR_004921,CUST_04779,Monitor,4,10474,2026-03-07,Cash on Delivery,Pune
MAR_004922,CUST_03615,Smartphone,3,19918,2026-03-16,UPI,Delhi
MAR_004923,CUST_03313,Monitor,4,44987,2026-03-17,Cash on Delivery,Delhi
MAR_004924,CUST_04303,Monitor,2,13616,2026-03-31,UPI,Delhi
MAR_004925,CUST_03641,Tablet,2,10799,2026-03-29,Cash on Delivery,Delhi
MAR_004926,CUST_01598,Keyboard,3,887,2026-03-01,Cash on Delivery,Delhi
MAR_004927,CUST_01774,Monitor,5,15240,2026-03-16,Debit Card,Delhi
MAR_004928,CUST_02202,Laptop,4,10300,2026-03-23,Debit Card,Bangalore
MAR_004929,CUST_00915,Mouse,5,2331,2026-03-30,Cash on Delivery,Hyderabad
MAR_004930,CUST_02858,Monitor,2,19090,2026-03-05,Cash on Delivery,Delhi
MAR_004931,CUST_01984,Monitor,5,14606,2026-03-26,UPI,Hyderabad
MAR_004932,CUST_02888,Keyboard,3,32452,2026-03-27,UPI,Bangalore
MAR_004933,CUST_00304,Smartwatch,3,31337,2026-03-01,Debit Card,Delhi
MAR_004934,CUST_02208,Smartphone,4,7600,2026-03-23,Credit Card,Chennai
MAR_004935,CUST_01655,Headphones,3,6440,2026-03-15,Credit Card,Bangalore
MAR_004936,CUST_04477,Smartwatch,3,49324,2026-03-11,Cash on Delivery,Pune
MAR_004937,CUST_03535,Tablet,4,37405,2026-03-12,Credit Card,Pune
MAR_004938,CUST_03669,Smartwatch,2,21532,2026-03-17,UPI,Chennai
MAR_004939,CUST_03573,Smartphone,2,43512,2026-03-02,Cash on Delivery,Hyderabad
MAR_004940,CUST_01297,Tablet,4,12340,2026-03-10,UPI,Pune
MAR_004941,CUST_04134,Headphones,2,30566,2026-03-21,Credit Card,Delhi
MAR_004942,CUST_04985,Smartwatch,4,48928,2026-03-12,Cash on Delivery,Bangalore
MAR_004943,CUST_02340,Keyboard,4,12562,2026-03-07,Debit Card,Pune
MAR_004944,CUST_04636,Smartphone,1,25324,2026-03-06,Cash on Delivery,Hyderabad
MAR_004945,CUST_00036,Laptop,5,8702,2026-03-19,Cash on Delivery,Mumbai
MAR_004946,CUST_02758,Keyboard,3,40275,2026-03-02,UPI,Chennai
MAR_004947,CUST_00383,Headphones,1,40527,2026-03-31,Debit Card,Chennai
MAR_004948,CUST_01850,Smartphone,1,26522,2026-03-06,Cash on Delivery,Delhi
MAR_004949,CUST_00876,Smartwatch,1,45475,2026-03-16,UPI,Hyderabad
MAR_004950,CUST_00992,Headphones,5,18764,2026-03-05,Cash on Delivery,Mumbai
MAR_004951,CUST_03438,Keyboard,2,7893,2026-03-22,Cash on Delivery,Bangalore
MAR_004952,CUST_02749,Laptop,3,753,2026-03-02,Credit Card,Hyderabad
MAR_004953,CUST_04557,Tablet,4,17340,2026-03-11,Debit Card,Chennai
MAR_004954,CUST_02622,Tablet,2,20279,2026-03-03,UPI,Delhi
MAR_004955,CUST_04752,Headphones,2,3015,2026-03-18,Credit Card,Pune
MAR_004956,CUST_04231,Headphones,2,47175,2026-03-24,Cash on Delivery,Delhi
MAR_004957,CUST_01385,Smartphone,2,49462,2026-03-25,Cash on Delivery,Bangalore
MAR_004958,CUST_01804,Laptop,4,21362,2026-03-19,Debit Card,Hyderabad
MAR_004959,CUST_01446,Smartphone,2,22108,2026-03-29,UPI,Delhi
MAR_004960,CUST_03887,Mouse,5,42945,2026-03-14,Credit Card,Mumbai
MAR_004961,CUST_04039,Mouse,2,36992,2026-03-24,Credit Card,Chennai
MAR_004962,CUST_00713,Tablet,4,16886,2026-03-25,Cash on Delivery,Mumbai
MAR_004963,CUST_00340,Monitor,4,46984,2026-03-09,Cash on Delivery,Mumbai
MAR_004964,CUST_03701,Keyboard,3,17474,2026-03-20,UPI,Mumbai
MAR_004965,CUST_00093,Monitor,2,46157,2026-03-02,Debit Card,Delhi
MAR_004966,CUST_03182,Tablet,3,45930,2026-03-31,Debit Card,Chennai
MAR_004967,CUST_04538,Monitor,1,43221,2026-03-20,Cash on Delivery,Delhi
MAR_004968,CUST_02863,Keyboard,1,5141,2026-03-31,Cash on Delivery,Pune
MAR_004969,CUST_02535,Tablet,1,4289,2026-03-30,Credit Card,Chennai
MAR_004970,CUST_02792,Headphones,2,2978,2026-03-12,UPI,Mumbai
MAR_004971,CUST_03678,Tablet,2,31820,2026-03-09,Cash on Delivery,Pune
MAR_004972,CUST_04631,Smartphone,3,44963,2026-03-28,Debit Card,Chennai
MAR_004973,CUST_00632,Smartwatch,1,3818,2026-03-25,Cash on Delivery,Mumbai
MAR_004974,CUST_03777,Monitor,4,20498,2026-03-09,Cash on Delivery,Mumbai
MAR_004975,CUST_04871,Smartphone,1,29177,2026-03-15,UPI,Bangalore
MAR_004976,CUST_02943,Smartphone,5,44765,2026-03-16,UPI,Pune
MAR_004977,CUST_03254,Keyboard,5,44627,2026-03-14,UPI,Delhi
MAR_004978,CUST_00063,Smartwatch,2,38154,2026-03-11,UPI,Pune
MAR_004979,CUST_02991,Monitor,3,11099,2026-03-16,Credit Card,Chennai
MAR_004980,CUST_01091,Monitor,4,28516,2026-03-30,Credit Card,Delhi
MAR_004981,CUST_00030,Monitor,2,14876,2026-03-19,Credit Card,Hyderabad
MAR_004982,CUST_01861,Laptop,2,43418,2026-03-14,Cash on Delivery,Hyderabad
MAR_004983,CUST_03347,Smartphone,3,7887,2026-03-28,UPI,Bangalore
MAR_004984,CUST_00469,Tablet,3,35289,2026-03-06,UPI,Chennai
MAR_004985,CUST_03335,Monitor,3,9556,2026-03-29,Debit Card,Delhi
MAR_004986,CUST_01705,Laptop,3,34701,2026-03-04,Debit Card,Pune
MAR_004987,CUST_04135,Monitor,1,17576,2026-03-01,UPI,Chennai
MAR_004988,CUST_02561,Tablet,4,47374,2026-03-07,Debit Card,Bangalore
MAR_004989,CUST_02323,Monitor,2,24544,2026-03-20,UPI,Bangalore
MAR_004990,CUST_02786,Laptop,5,15752,2026-03-10,Cash on Delivery,Bangalore
MAR_004991,CUST_02932,Keyboard,1,32344,2026-03-18,Debit Card,Mumbai
MAR_004992,CUST_02638,Monitor,3,7026,2026-03-07,UPI,Pune
MAR_004993,CUST_01232,Keyboard,4,11740,2026-03-21,Cash on Delivery,Bangalore
MAR_004994,CUST_03953,Keyboard,2,23121,2026-03-31,Credit Card,Delhi
MAR_004995,CUST_02168,Headphones,5,41467,2026-03-27,Cash on Delivery,Hyderabad
MAR_004996,CUST_00967,Tablet,3,23598,2026-03-21,UPI,Bangalore
MAR_004997,CUST_00867,Headphones,2,6592,2026-03-14,UPI,Delhi
MAR_004998,CUST_00725,Laptop,1,3225,2026-03-29,Cash on Delivery,Bangalore
MAR_004999,CUST_01669,Keyboard,1,32807,2026-03-18,Debit Card,Bangalore
MAR_005000,CUST_00187,Smartphone,1,45764,2026-03-21,Debit Card,Delhi
MAR_005001,CUST_02575,Smartphone,5,19475,2026-03-27,Debit Card,Hyderabad
MAR_005002,CUST_01963,Keyboard,1,4707,2026-03-07,Debit Card,Delhi
MAR_005003,CUST_00287,Keyboard,4,27416,2026-03-12,Credit Card,Bangalore
MAR_005004,CUST_03753,Keyboard,2,25153,2026-03-23,Debit Card,Bangalore
MAR_005005,CUST_04424,Headphones,1,34746,2026-03-23,Cash on Delivery,Hyderabad
MAR_005006,CUST_02692,Tablet,5,13177,2026-03-13,Debit Card,Bangalore
MAR_005007,CUST_00098,Keyboard,5,14053,2026-03-31,Debit Card,Delhi
MAR_005008,CUST_01682,Laptop,1,46379,2026-03-05,Cash on Delivery,Mumbai
MAR_005009,CUST_01179,Keyboard,5,48378,2026-03-26,UPI,Pune
MAR_005010,CUST_04675,Mouse,4,33746,2026-03-07,Debit Card,Pune
MAR_005011,CUST_04834,Monitor,4,40059,2026-03-29,UPI,Bangalore
MAR_005012,CUST_03743,Headphones,5,7003,2026-03-23,Credit Card,Bangalore
MAR_005013,CUST_00026,Laptop,5,6670,2026-03-06,UPI,Pune
MAR_005014,CUST_02116,Monitor,3,14050,2026-03-17,Debit Card,Bangalore
MAR_005015,CUST_00863,Headphones,5,40280,2026-03-29,Debit Card,Pune
MAR_005016,CUST_03892,Smartwatch,4,37225,2026-03-01,Debit Card,Mumbai
MAR_005017,CUST_00994,Smartwatch,1,21890,2026-03-27,UPI,Pune
MAR_005018,CUST_00754,Smartphone,3,7401,2026-03-13,Debit Card,Pune
MAR_005019,CUST_03806,Smartwatch,1,39626,2026-03-25,Cash on Delivery,Pune
MAR_005020,CUST_02253,Mouse,2,2134,2026-03-03,UPI,Chennai
MAR_005021,CUST_03655,Smartwatch,2,49151,2026-03-26,Cash on Delivery,Hyderabad
MAR_005022,CUST_01836,Headphones,2,37065,2026-03-15,Credit Card,Hyderabad
MAR_005023,CUST_01569,Laptop,1,12440,2026-03-27,Credit Card,Pune
MAR_005024,CUST_04822,Tablet,1,17962,2026-03-31,Credit Card,Hyderabad
MAR_005025,CUST_02085,Monitor,2,45432,2026-03-15,Cash on Delivery,Pune
MAR_005026,CUST_00733,Smartwatch,1,6378,2026-03-27,Credit Card,Chennai
MAR_005027,CUST_00894,Laptop,1,33828,2026-03-09,UPI,Delhi
MAR_005028,CUST_04897,Tablet,2,18856,2026-03-20,Cash on Delivery,Pune
MAR_005029,CUST_00134,Smartphone,1,5869,2026-03-20,Cash on Delivery,Delhi
MAR_005030,CUST_01124,Keyboard,5,6379,2026-03-24,Debit Card,Mumbai
MAR_005031,CUST_01013,Keyboard,1,14711,2026-03-04,Credit Card,Mumbai
MAR_005032,CUST_00126,Mouse,4,13201,2026-03-08,Credit Card,Mumbai
MAR_005033,CUST_03140,Mouse,2,8181,2026-03-14,Cash on Delivery,Pune
MAR_005034,CUST_02421,Mouse,5,12396,2026-03-27,UPI,Delhi
MAR_005035,CUST_04277,Monitor,3,6763,2026-03-15,Debit Card,Mumbai
MAR_005036,CUST_02021,Tablet,3,18941,2026-03-27,Debit Card,Pune
MAR_005037,CUST_01732,Tablet,1,305,2026-03-22,Credit Card,Chennai
MAR_005038,CUST_01281,Headphones,4,21760,2026-03-28,Debit Card,Delhi
MAR_005039,CUST_01601,Mouse,1,9287,2026-03-15,Debit Card,Hyderabad
MAR_005040,CUST_00071,Mouse,1,42034,2026-03-30,Credit Card,Delhi
MAR_005041,CUST_01423,Smartphone,2,2114,2026-03-23,Cash on Delivery,Mumbai
MAR_005042,CUST_04822,Smartwatch,2,6460,2026-03-08,UPI,Delhi
MAR_005043,CUST_04915,Laptop,1,1662,2026-03-04,UPI,Bangalore
MAR_005044,CUST_04376,Laptop,3,45587,2026-03-03,Credit Card,Chennai
MAR_005045,CUST_00267,Monitor,5,24883,2026-03-05,Cash on Delivery,Mumbai
MAR_005046,CUST_01039,Headphones,1,42743,2026-03-19,Debit Card,Pune
MAR_005047,CUST_01725,Laptop,1,23200,2026-03-08,Credit Card,Hyderabad
MAR_005048,CUST_04670,Laptop,5,25509,2026-03-19,Cash on Delivery,Hyderabad
MAR_005049,CUST_01911,Tablet,2,24191,2026-03-10,Debit Card,Chennai
MAR_005050,CUST_00318,Headphones,2,12970,2026-03-23,Debit Card,Delhi
MAR_005051,CUST_04133,Keyboard,5,30366,2026-03-08,Debit Card,Delhi
MAR_005052,CUST_02479,Keyboard,4,49811,2026-03-03,Cash on Delivery,Bangalore
MAR_005053,CUST_04232,Smartwatch,3,35999,2026-03-30,Cash on Delivery,Bangalore
MAR_005054,CUST_02683,Tablet,3,27182,2026-03-18,Credit Card,Pune
MAR_005055,CUST_03670,Tablet,4,7995,2026-03-12,UPI,Hyderabad
MAR_005056,CUST_02413,Tablet,5,34891,2026-03-02,Credit Card,Pune
MAR_005057,CUST_02014,Mouse,4,35826,2026-03-01,Credit Card,Mumbai
MAR_005058,CUST_00740,Smartphone,2,6752,2026-03-20,UPI,Bangalore
MAR_005059,CUST_03653,Tablet,2,40702,2026-03-07,UPI,Chennai
MAR_005060,CUST_01352,Keyboard,1,4124,2026-03-08,UPI,Delhi
MAR_005061,CUST_00643,Laptop,4,49341,2026-03-31,UPI,Pune
MAR_005062,CUST_02571,Headphones,5,30709,2026-03-05,Cash on Delivery,Mumbai
MAR_005063,CUST_04592,Mouse,4,9329,2026-03-31,Credit Card,Delhi
MAR_005064,CUST_04808,Keyboard,2,16352,2026-03-05,Credit Card,Chennai
MAR_005065,CUST_02934,Keyboard,4,12966,2026-03-31,Credit Card,Chennai
MAR_005066,CUST_01574,Tablet,3,10040,2026-03-08,Credit Card,Chennai
MAR_005067,CUST_03326,Smartwatch,1,19171,2026-03-14,Credit Card,Pune
MAR_005068,CUST_01205,Smartwatch,4,3246,2026-03-01,UPI,Pune
MAR_005069,CUST_02110,Laptop,4,41304,2026-03-23,Debit Card,Mumbai
MAR_005070,CUST_01207,Smartphone,4,22151,2026-03-28,Credit Card,Bangalore
MAR_005071,CUST_03831,Mouse,1,35906,2026-03-22,UPI,Mumbai
MAR_005072,CUST_01264,Laptop,5,48504,2026-03-16,Cash on Delivery,Mumbai
MAR_005073,CUST_03439,Smartwatch,5,35382,2026-03-12,Cash on Delivery,Pune
MAR_005074,CUST_04344,Headphones,3,8889,2026-03-30,Debit Card,Mumbai
MAR_005075,CUST_03043,Headphones,2,24834,2026-03-17,Credit Card,Delhi
MAR_005076,CUST_01966,Headphones,1,15208,2026-03-18,Cash on Delivery,Hyderabad
MAR_005077,CUST_02742,Keyboard,4,41138,2026-03-28,UPI,Hyderabad
MAR_005078,CUST_02498,Smartwatch,3,33126,2026-03-01,Debit Card,Delhi
MAR_005079,CUST_04579,Keyboard,1,13129,2026-03-09,Debit Card,Bangalore
MAR_005080,CUST_04975,Monitor,4,18952,2026-03-01,Debit Card,Pune
MAR_005081,CUST_02581,Keyboard,2,2069,2026-03-23,UPI,Pune
MAR_005082,CUST_00486,Keyboard,1,25282,2026-03-29,Debit Card,Bangalore
MAR_005083,CUST_04385,Headphones,5,12871,2026-03-05,UPI,Mumbai
MAR_005084,CUST_03693,Smartwatch,5,43774,2026-03-10,Credit Card,Chennai
MAR_005085,CUST_01792,Keyboard,1,37095,2026-03-28,Credit Card,Hyderabad
MAR_005086,CUST_00620,Smartphone,4,24640,2026-03-10,Cash on Delivery,Bangalore
MAR_005087,CUST_04235,Laptop,3,17919,2026-03-23,UPI,Hyderabad
MAR_005088,CUST_04576,Smartphone,1,13348,2026-03-26,Credit Card,Mumbai
MAR_005089,CUST_01447,Smartphone,4,2861,2026-03-23,Debit Card,Mumbai
MAR_005090,CUST_03691,Smartphone,4,19053,2026-03-24,UPI,Delhi
MAR_005091,CUST_03340,Monitor,2,7585,2026-03-11,UPI,Bangalore
MAR_005092,CUST_02374,Tablet,4,29772,2026-03-30,UPI,Hyderabad
MAR_005093,CUST_01600,Keyboard,3,23975,2026-03-01,Debit Card,Mumbai
MAR_005094,CUST_04133,Smartphone,2,20011,2026-03-20,Cash on Delivery,Pune
MAR_005095,CUST_00766,Keyboard,2,9692,2026-03-27,Cash on Delivery,Chennai
MAR_005096,CUST_04365,Smartwatch,5,48091,2026-03-06,Debit Card,Mumbai
MAR_005097,CUST_02862,Monitor,3,32954,2026-03-19,UPI,Bangalore
MAR_005098,CUST_01904,Laptop,5,33578,2026-03-04,Credit Card,Bangalore
MAR_005099,CUST_00420,Laptop,4,23349,2026-03-30,Credit Card,Bangalore
MAR_005100,CUST_02941,Smartwatch,4,39771,2026-03-16,UPI,Mumbai
MAR_005101,CUST_02547,Tablet,1,5540,2026-03-17,Cash on Delivery,Mumbai
MAR_005102,CUST_01743,Smartwatch,1,46738,2026-03-15,Credit Card,Hyderabad
MAR_005103,CUST_01449,Monitor,3,48403,2026-03-19,UPI,Bangalore
MAR_005104,CUST_00488,Headphones,1,21803,2026-03-17,Credit Card,Bangalore
MAR_005105,CUST_04800,Smartwatch,1,3701,2026-03-04,Debit Card,Bangalore
MAR_005106,CUST_01700,Tablet,1,48804,2026-03-17,UPI,Hyderabad
MAR_005107,CUST_01048,Headphones,4,961,2026-03-07,Credit Card,Delhi
MAR_005108,CUST_02347,Headphones,1,28589,2026-03-23,UPI,Mumbai
MAR_005109,CUST_00189,Laptop,2,1492,2026-03-06,Debit Card,Pune
MAR_005110,CUST_04408,Keyboard,3,10186,2026-03-21,UPI,Bangalore
MAR_005111,CUST_02321,Smartphone,2,42680,2026-03-13,Credit Card,Mumbai
MAR_005112,CUST_03267,Keyboard,1,27060,2026-03-02,Credit Card,Chennai
MAR_005113,CUST_02296,Headphones,3,40633,2026-03-12,Credit Card,Mumbai
MAR_005114,CUST_00404,Mouse,3,6533,2026-03-16,Credit Card,Bangalore
MAR_005115,CUST_04804,Smartphone,3,17181,2026-03-04,Debit Card,Pune
MAR_005116,CUST_03367,Keyboard,5,24274,2026-03-29,Credit Card,Chennai
MAR_005117,CUST_03160,Headphones,4,27766,2026-03-01,Credit Card,Delhi
MAR_005118,CUST_04601,Laptop,1,7561,2026-03-11,Debit Card,Delhi
MAR_005119,CUST_04203,Smartphone,2,22683,2026-03-04,Debit Card,Pune
MAR_005120,CUST_03043,Mouse,5,46813,2026-03-26,Cash on Delivery,Pune
MAR_005121,CUST_00959,Mouse,1,18000,2026-03-21,Debit Card,Mumbai
MAR_005122,CUST_01603,Laptop,1,12961,2026-03-12,Credit Card,Chennai
MAR_005123,CUST_04933,Headphones,5,18044,2026-03-14,Debit Card,Hyderabad
MAR_005124,CUST_00206,Smartwatch,5,21518,2026-03-12,Cash on Delivery,Hyderabad
MAR_005125,CUST_03854,Headphones,2,19585,2026-03-19,Credit Card,Delhi
MAR_005126,CUST_01596,Tablet,5,3586,2026-03-19,Credit Card,Delhi
MAR_005127,CUST_00282,Keyboard,5,38897,2026-03-02,Debit Card,Mumbai
MAR_005128,CUST_00217,Tablet,5,35217,2026-03-09,Cash on Delivery,Pune
MAR_005129,CUST_00889,Mouse,1,1668,2026-03-18,Cash on Delivery,Hyderabad
MAR_005130,CUST_03887,Headphones,2,38440,2026-03-21,UPI,Bangalore
MAR_005131,CUST_01513,Tablet,5,31745,2026-03-09,Credit Card,Mumbai
MAR_005132,CUST_01754,Smartwatch,4,46775,2026-03-17,Credit Card,Pune
MAR_005133,CUST_00999,Keyboard,5,24166,2026-03-15,Credit Card,Bangalore
MAR_005134,CUST_03509,Smartphone,1,49716,2026-03-16,Debit Card,Pune
MAR_005135,CUST_04295,Headphones,1,13404,2026-03-18,Cash on Delivery,Bangalore
MAR_005136,CUST_02299,Smartphone,2,37392,2026-03-26,Debit Card,Bangalore
MAR_005137,CUST_04179,Tablet,2,35200,2026-03-18,Cash on Delivery,Mumbai
MAR_005138,CUST_02451,Smartphone,1,49082,2026-03-04,Debit Card,Mumbai
MAR_005139,CUST_04067,Smartphone,1,18346,2026-03-05,Debit Card,Bangalore
MAR_005140,CUST_03461,Smartphone,3,19163,2026-03-03,UPI,Mumbai
MAR_005141,CUST_02795,Keyboard,5,5375,2026-03-03,UPI,Chennai
MAR_005142,CUST_01625,Keyboard,1,762,2026-03-03,UPI,Delhi
MAR_005143,CUST_01257,Headphones,4,13169,2026-03-20,UPI,Mumbai
MAR_005144,CUST_03815,Keyboard,3,37183,2026-03-21,Credit Card,Hyderabad
MAR_005145,CUST_03776,Keyboard,5,16134,2026-03-05,Cash on Delivery,Chennai
MAR_005146,CUST_02682,Headphones,2,16655,2026-03-11,Credit Card,Hyderabad
MAR_005147,CUST_01363,Monitor,5,43044,2026-03-11,UPI,Chennai
MAR_005148,CUST_01880,Smartwatch,3,11591,2026-03-19,Cash on Delivery,Chennai
MAR_005149,CUST_03968,Monitor,2,9832,2026-03-15,UPI,Pune
MAR_005150,CUST_04784,Headphones,2,24833,2026-03-30,Cash on Delivery,Hyderabad
MAR_005151,CUST_00944,Mouse,1,39318,2026-03-26,Credit Card,Chennai
MAR_005152,CUST_04432,Laptop,3,33050,2026-03-04,Credit Card,Chennai
MAR_005153,CUST_04295,Keyboard,3,35589,2026-03-13,Debit Card,Hyderabad
MAR_005154,CUST_00474,Mouse,2,9331,2026-03-20,Debit Card,Delhi
MAR_005155,CUST_01511,Smartwatch,5,19721,2026-03-02,Cash on Delivery,Bangalore
MAR_005156,CUST_01468,Laptop,4,25453,2026-03-11,UPI,Hyderabad
MAR_005157,CUST_04302,Monitor,3,34327,2026-03-27,UPI,Mumbai
MAR_005158,CUST_01179,Headphones,1,46670,2026-03-31,Credit Card,Hyderabad
MAR_005159,CUST_02974,Headphones,3,35428,2026-03-22,Debit Card,Bangalore
MAR_005160,CUST_01284,Monitor,3,26054,2026-03-20,Cash on Delivery,Delhi
MAR_005161,CUST_01365,Smartwatch,5,26700,2026-03-25,Credit Card,Chennai
MAR_005162,CUST_00620,Smartwatch,4,22250,2026-03-31,Credit Card,Mumbai
MAR_005163,CUST_01540,Laptop,3,18677,2026-03-01,UPI,Chennai
MAR_005164,CUST_03814,Mouse,1,4182,2026-03-26,Debit Card,Chennai
MAR_005165,CUST_01512,Monitor,1,16110,2026-03-07,Cash on Delivery,Bangalore
MAR_005166,CUST_02973,Keyboard,1,8252,2026-03-14,Credit Card,Hyderabad
MAR_005167,CUST_01872,Tablet,2,13689,2026-03-23,UPI,Chennai
MAR_005168,CUST_01743,Laptop,1,46882,2026-03-17,UPI,Hyderabad
MAR_005169,CUST_02426,Headphones,3,22055,2026-03-16,Credit Card,Chennai
MAR_005170,CUST_04860,Headphones,5,16080,2026-03-12,Debit Card,Mumbai
MAR_005171,CUST_00524,Headphones,5,13951,2026-03-14,Cash on Delivery,Pune
MAR_005172,CUST_00134,Laptop,5,25845,2026-03-27,Credit Card,Hyderabad
MAR_005173,CUST_02708,Smartwatch,4,4083,2026-03-15,Cash on Delivery,Chennai
MAR_005174,CUST_04679,Mouse,5,49222,2026-03-18,UPI,Bangalore
MAR_005175,CUST_02307,Laptop,4,35914,2026-03-20,Debit Card,Hyderabad
MAR_005176,CUST_00660,Headphones,5,41124,2026-03-26,UPI,Pune
MAR_005177,CUST_02921,Keyboard,5,32100,2026-03-29,UPI,Chennai
MAR_005178,CUST_01319,Smartphone,2,5629,2026-03-19,Debit Card,Bangalore
MAR_005179,CUST_01896,Smartphone,3,39599,2026-03-16,UPI,Delhi
MAR_005180,CUST_03688,Headphones,4,24167,2026-03-09,Debit Card,Chennai
MAR_005181,CUST_03186,Tablet,5,836,2026-03-09,Debit Card,Bangalore
MAR_005182,CUST_04466,Monitor,1,28376,2026-03-12,Debit Card,Mumbai
MAR_005183,CUST_00923,Keyboard,4,21066,2026-03-02,Debit Card,Chennai
MAR_005184,CUST_04593,Keyboard,4,24181,2026-03-28,Credit Card,Mumbai
MAR_005185,CUST_00252,Tablet,1,45408,2026-03-29,Debit Card,Mumbai
MAR_005186,CUST_01482,Monitor,2,3028,2026-03-30,Cash on Delivery,Bangalore
MAR_005187,CUST_00939,Laptop,2,31930,2026-03-21,Credit Card,Chennai
MAR_005188,CUST_03245,Smartphone,5,11932,2026-03-28,Credit Card,Delhi
MAR_005189,CUST_01956,Smartphone,1,33646,2026-03-18,Cash on Delivery,Delhi
MAR_005190,CUST_00522,Smartphone,5,13169,2026-03-01,UPI,Bangalore
MAR_005191,CUST_00824,Headphones,1,27449,2026-03-10,Debit Card,Delhi
MAR_005192,CUST_04429,Mouse,4,40961,2026-03-06,Credit Card,Bangalore
MAR_005193,CUST_00012,Mouse,2,619,2026-03-05,Debit Card,Bangalore
MAR_005194,CUST_03668,Monitor,2,43436,2026-03-24,Cash on Delivery,Hyderabad
MAR_005195,CUST_02844,Keyboard,5,4890,2026-03-14,Debit Card,Bangalore
MAR_005196,CUST_02610,Smartphone,1,48880,2026-03-25,Cash on Delivery,Bangalore
MAR_005197,CUST_02301,Tablet,1,23161,2026-03-06,Cash on Delivery,Pune
MAR_005198,CUST_00881,Smartphone,3,26106,2026-03-15,Debit Card,Pune
MAR_005199,CUST_00823,Headphones,1,15735,2026-03-31,Cash on Delivery,Pune
MAR_005200,CUST_02886,Headphones,5,26373,2026-03-05,Debit Card,Delhi
MAR_005201,CUST_02454,Smartphone,5,33873,2026-03-11,Cash on Delivery,Mumbai
MAR_005202,CUST_03497,Smartphone,4,41544,2026-03-24,Cash on Delivery,Delhi
MAR_005203,CUST_01102,Monitor,2,2563,2026-03-17,Cash on Delivery,Chennai
MAR_005204,CUST_01919,Smartwatch,3,23338,2026-03-03,Debit Card,Hyderabad
MAR_005205,CUST_03586,Mouse,3,34047,2026-03-18,UPI,Chennai
MAR_005206,CUST_02254,Keyboard,2,42863,2026-03-12,UPI,Pune
MAR_005207,CUST_04743,Smartwatch,5,17980,2026-03-29,UPI,Delhi
MAR_005208,CUST_01959,Smartwatch,2,49988,2026-03-15,UPI,Pune
MAR_005209,CUST_04705,Smartphone,1,8944,2026-03-09,Debit Card,Bangalore
MAR_005210,CUST_03719,Mouse,5,31460,2026-03-03,Debit Card,Hyderabad
MAR_005211,CUST_02599,Tablet,3,27380,2026-03-08,UPI,Bangalore
MAR_005212,CUST_01340,Laptop,2,49998,2026-03-18,UPI,Hyderabad
MAR_005213,CUST_02680,Smartphone,2,29576,2026-03-20,Credit Card,Delhi
MAR_005214,CUST_02929,Laptop,3,33684,2026-03-15,Debit Card,Bangalore
MAR_005215,CUST_00704,Mouse,2,8290,2026-03-03,Credit Card,Bangalore
MAR_005216,CUST_01262,Tablet,4,18274,2026-03-10,Debit Card,Mumbai
MAR_005217,CUST_00891,Mouse,1,44895,2026-03-15,Debit Card,Hyderabad
MAR_005218,CUST_01257,Monitor,5,30152,2026-03-08,Credit Card,Chennai
MAR_005219,CUST_02969,Monitor,4,39192,2026-03-14,Debit Card,Hyderabad
MAR_005220,CUST_02059,Headphones,3,40325,2026-03-01,Credit Card,Hyderabad
MAR_005221,CUST_03071,Headphones,1,2844,2026-03-19,Credit Card,Hyderabad
MAR_005222,CUST_03950,Laptop,3,39187,2026-03-03,UPI,Mumbai
MAR_005223,CUST_04452,Headphones,4,33152,2026-03-11,Debit Card,Bangalore
MAR_005224,CUST_01115,Smartwatch,3,49293,2026-03-19,Debit Card,Delhi
MAR_005225,CUST_01478,Monitor,4,43381,2026-03-27,UPI,Bangalore
MAR_005226,CUST_02842,Smartphone,1,25269,2026-03-05,UPI,Mumbai
MAR_005227,CUST_02314,Smartphone,2,23399,2026-03-21,UPI,Hyderabad
MAR_005228,CUST_03285,Laptop,2,36264,2026-03-11,Credit Card,Hyderabad
MAR_005229,CUST_02432,Tablet,3,40353,2026-03-29,Debit Card,Delhi
MAR_005230,CUST_00261,Laptop,2,1347,2026-03-03,Credit Card,Bangalore
MAR_005231,CUST_00454,Headphones,2,36320,2026-03-11,Cash on Delivery,Pune
MAR_005232,CUST_02153,Mouse,4,231,2026-03-18,Debit Card,Hyderabad
MAR_005233,CUST_01607,Monitor,5,32698,2026-03-02,UPI,Chennai
MAR_005234,CUST_01418,Laptop,1,36430,2026-03-30,Cash on Delivery,Hyderabad
MAR_005235,CUST_03035,Keyboard,3,695,2026-03-18,Debit Card,Mumbai
MAR_005236,CUST_00682,Monitor,1,17493,2026-03-20,Debit Card,Hyderabad
MAR_005237,CUST_01599,Laptop,5,42963,2026-03-04,Cash on Delivery,Delhi
MAR_005238,CUST_04929,Headphones,2,20082,2026-03-27,Cash on Delivery,Pune
MAR_005239,CUST_02511,Smartphone,2,23916,2026-03-30,Cash on Delivery,Delhi
MAR_005240,CUST_02216,Smartwatch,2,43388,2026-03-20,Cash on Delivery,Mumbai
MAR_005241,CUST_00446,Smartphone,1,21953,2026-03-24,Cash on Delivery,Chennai
MAR_005242,CUST_01412,Tablet,4,19505,2026-03-07,Credit Card,Pune
MAR_005243,CUST_03444,Smartwatch,2,19480,2026-03-12,Credit Card,Mumbai
MAR_005244,CUST_01291,Smartwatch,2,34243,2026-03-13,UPI,Hyderabad
MAR_005245,CUST_04553,Tablet,5,25467,2026-03-16,Credit Card,Hyderabad
MAR_005246,CUST_04931,Mouse,5,27229,2026-03-03,UPI,Chennai
MAR_005247,CUST_00580,Headphones,3,16755,2026-03-11,Cash on Delivery,Bangalore
MAR_005248,CUST_04677,Monitor,2,1207,2026-03-11,UPI,Hyderabad
MAR_005249,CUST_04690,Smartphone,2,44697,2026-03-11,UPI,Hyderabad
MAR_005250,CUST_04637,Monitor,1,22146,2026-03-07,Credit Card,Pune
MAR_005251,CUST_03829,Mouse,3,1428,2026-03-24,Debit Card,Mumbai
MAR_005252,CUST_03842,Keyboard,1,13195,2026-03-13,Credit Card,Hyderabad
MAR_005253,CUST_00765,Smartphone,2,47396,2026-03-23,Debit Card,Hyderabad
MAR_005254,CUST_03737,Laptop,1,34436,2026-03-02,Cash on Delivery,Pune
MAR_005255,CUST_04272,Keyboard,1,33979,2026-03-02,Credit Card,Hyderabad
MAR_005256,CUST_04310,Smartphone,2,17861,2026-03-14,Credit Card,Pune
MAR_005257,CUST_03462,Headphones,2,30627,2026-03-05,Credit Card,Chennai
MAR_005258,CUST_04280,Smartphone,3,37701,2026-03-24,Debit Card,Chennai
MAR_005259,CUST_00315,Headphones,3,35428,2026-03-15,Credit Card,Pune
MAR_005260,CUST_01851,Mouse,4,5333,2026-03-29,Debit Card,Mumbai
MAR_005261,CUST_04674,Smartwatch,2,3239,2026-03-03,Credit Card,Hyderabad
MAR_005262,CUST_00522,Monitor,5,13807,2026-03-17,Debit Card,Chennai
MAR_005263,CUST_03885,Smartwatch,5,16092,2026-03-11,UPI,Hyderabad
MAR_005264,CUST_03798,Tablet,4,20898,2026-03-09,UPI,Bangalore
MAR_005265,CUST_04181,Mouse,5,23731,2026-03-01,Debit Card,Delhi
MAR_005266,CUST_01414,Keyboard,4,8131,2026-03-27,Debit Card,Mumbai
MAR_005267,CUST_02374,Laptop,5,32238,2026-03-31,Credit Card,Hyderabad
MAR_005268,CUST_01814,Keyboard,4,42505,2026-03-23,Credit Card,Delhi
MAR_005269,CUST_02659,Monitor,4,29580,2026-03-10,Credit Card,Hyderabad
MAR_005270,CUST_03004,Headphones,2,13980,2026-03-25,Credit Card,Chennai
MAR_005271,CUST_04011,Smartphone,1,28491,2026-03-30,Credit Card,Pune
MAR_005272,CUST_03757,Monitor,3,46025,2026-03-18,UPI,Chennai
MAR_005273,CUST_01592,Headphones,1,30443,2026-03-16,Cash on Delivery,Hyderabad
MAR_005274,CUST_01634,Smartwatch,4,29029,2026-03-18,Debit Card,Hyderabad
MAR_005275,CUST_04310,Mouse,2,23572,2026-03-16,UPI,Mumbai
MAR_005276,CUST_02196,Mouse,1,44637,2026-03-19,Debit Card,Hyderabad
MAR_005277,CUST_00556,Laptop,3,39659,2026-03-25,UPI,Chennai
MAR_005278,CUST_03752,Laptop,3,36410,2026-03-17,Credit Card,Bangalore
MAR_005279,CUST_04823,Headphones,5,38101,2026-03-13,UPI,Bangalore
MAR_005280,CUST_03338,Laptop,3,21286,2026-03-08,Debit Card,Mumbai
MAR_005281,CUST_00308,Mouse,3,40109,2026-03-25,Cash on Delivery,Delhi
MAR_005282,CUST_00029,Headphones,3,7359,2026-03-17,Credit Card,Hyderabad
MAR_005283,CUST_00393,Smartphone,2,11091,2026-03-14,Debit Card,Chennai
MAR_005284,CUST_03257,Laptop,4,42134,2026-03-16,Credit Card,Bangalore
MAR_005285,CUST_03908,Monitor,5,20438,2026-03-27,UPI,Chennai
MAR_005286,CUST_00442,Headphones,1,13446,2026-03-09,Cash on Delivery,Bangalore
MAR_005287,CUST_01894,Monitor,3,3702,2026-03-29,UPI,Pune
MAR_005288,CUST_00876,Monitor,4,38363,2026-03-16,Cash on Delivery,Chennai
MAR_005289,CUST_01194,Smartphone,4,6947,2026-03-04,UPI,Bangalore
MAR_005290,CUST_00431,Smartphone,5,29847,2026-03-14,UPI,Pune
MAR_005291,CUST_02381,Smartphone,3,5508,2026-03-08,Cash on Delivery,Chennai
MAR_005292,CUST_02533,Smartwatch,2,42298,2026-03-10,Credit Card,Chennai
MAR_005293,CUST_03441,Headphones,2,37660,2026-03-04,Credit Card,Mumbai
MAR_005294,CUST_03431,Headphones,2,1449,2026-03-28,UPI,Bangalore
MAR_005295,CUST_02482,Headphones,3,6940,2026-03-18,Credit Card,Hyderabad
MAR_005296,CUST_00800,Tablet,3,6894,2026-03-12,Debit Card,Chennai
MAR_005297,CUST_03575,Laptop,4,31091,2026-03-23,UPI,Hyderabad
MAR_005298,CUST_01000,Keyboard,5,210,2026-03-30,Cash on Delivery,Chennai
MAR_005299,CUST_04406,Headphones,4,31645,2026-03-06,UPI,Bangalore
MAR_005300,CUST_03771,Tablet,4,24857,2026-03-02,Cash on Delivery,Delhi
MAR_005301,CUST_04558,Keyboard,3,11615,2026-03-06,Credit Card,Bangalore
MAR_005302,CUST_04821,Smartphone,1,2764,2026-03-27,Cash on Delivery,Chennai
MAR_005303,CUST_02429,Keyboard,3,48496,2026-03-19,UPI,Pune
MAR_005304,CUST_01523,Smartwatch,4,34427,2026-03-08,Credit Card,Mumbai
MAR_005305,CUST_02252,Laptop,3,12278,2026-03-31,Credit Card,Chennai
MAR_005306,CUST_00837,Smartwatch,4,24174,2026-03-26,UPI,Delhi
MAR_005307,CUST_01239,Smartwatch,5,13732,2026-03-29,Credit Card,Delhi
MAR_005308,CUST_02496,Tablet,4,3490,2026-03-21,Cash on Delivery,Bangalore
MAR_005309,CUST_01737,Headphones,2,24994,2026-03-13,Cash on Delivery,Pune
MAR_005310,CUST_04624,Smartphone,4,48570,2026-03-16,UPI,Mumbai
MAR_005311,CUST_04838,Smartphone,4,16617,2026-03-23,Debit Card,Mumbai
MAR_005312,CUST_01943,Keyboard,1,32345,2026-03-19,Cash on Delivery,Bangalore
MAR_005313,CUST_02066,Keyboard,4,40669,2026-03-01,Cash on Delivery,Hyderabad
MAR_005314,CUST_02856,Headphones,1,46744,2026-03-20,Credit Card,Pune
MAR_005315,CUST_03967,Smartwatch,4,22459,2026-03-09,Cash on Delivery,Hyderabad
MAR_005316,CUST_02430,Keyboard,5,4230,2026-03-01,Debit Card,Mumbai
MAR_005317,CUST_02278,Tablet,5,20252,2026-03-03,Debit Card,Hyderabad
MAR_005318,CUST_02189,Monitor,1,29041,2026-03-19,Cash on Delivery,Chennai
MAR_005319,CUST_02559,Mouse,5,23352,2026-03-23,UPI,Bangalore
MAR_005320,CUST_02142,Monitor,1,6469,2026-03-01,Credit Card,Delhi
MAR_005321,CUST_04879,Tablet,5,3901,2026-03-18,Debit Card,Pune
MAR_005322,CUST_02210,Monitor,4,37357,2026-03-18,UPI,Chennai
MAR_005323,CUST_03847,Laptop,3,900,2026-03-14,Credit Card,Bangalore
MAR_005324,CUST_01952,Keyboard,3,45893,2026-03-21,Debit Card,Delhi
MAR_005325,CUST_04151,Keyboard,4,19073,2026-03-02,UPI,Pune
MAR_005326,CUST_02550,Headphones,5,47092,2026-03-22,Credit Card,Bangalore
MAR_005327,CUST_04465,Headphones,4,13528,2026-03-11,Cash on Delivery,Mumbai
MAR_005328,CUST_04032,Smartphone,2,30386,2026-03-30,Credit Card,Delhi
MAR_005329,CUST_03509,Laptop,2,44207,2026-03-26,UPI,Hyderabad
MAR_005330,CUST_00543,Tablet,2,5217,2026-03-16,Credit Card,Hyderabad
MAR_005331,CUST_00974,Laptop,4,15553,2026-03-08,Cash on Delivery,Hyderabad
MAR_005332,CUST_03457,Smartwatch,1,30770,2026-03-19,Credit Card,Mumbai
MAR_005333,CUST_02564,Laptop,1,7952,2026-03-29,Debit Card,Delhi
MAR_005334,CUST_00787,Smartphone,4,29570,2026-03-31,Debit Card,Hyderabad
MAR_005335,CUST_04188,Keyboard,4,10326,2026-03-18,Debit Card,Delhi
MAR_005336,CUST_01865,Monitor,4,12127,2026-03-10,UPI,Delhi
MAR_005337,CUST_04237,Headphones,3,15368,2026-03-02,Credit Card,Mumbai
MAR_005338,CUST_01782,Monitor,5,4829,2026-03-05,Cash on Delivery,Mumbai
MAR_005339,CUST_01248,Keyboard,1,22312,2026-03-27,Debit Card,Delhi
MAR_005340,CUST_04854,Smartphone,5,17039,2026-03-02,Cash on Delivery,Hyderabad
MAR_005341,CUST_01793,Monitor,4,39375,2026-03-22,UPI,Delhi
MAR_005342,CUST_01408,Keyboard,3,35584,2026-03-26,Debit Card,Delhi
MAR_005343,CUST_01591,Smartphone,2,23973,2026-03-19,Cash on Delivery,Chennai
MAR_005344,CUST_03787,Headphones,1,38068,2026-03-02,Cash on Delivery,Mumbai
MAR_005345,CUST_04900,Monitor,3,1681,2026-03-09,Debit Card,Mumbai
MAR_005346,CUST_04853,Mouse,3,9172,2026-03-01,Debit Card,Chennai
MAR_005347,CUST_01220,Headphones,2,26781,2026-03-22,Debit Card,Hyderabad
MAR_005348,CUST_02328,Smartphone,4,7275,2026-03-27,Credit Card,Delhi
MAR_005349,CUST_00218,Smartwatch,1,18180,2026-03-21,UPI,Pune
MAR_005350,CUST_04912,Smartwatch,5,22891,2026-03-13,UPI,Mumbai
MAR_005351,CUST_01233,Smartwatch,1,26273,2026-03-31,Cash on Delivery,Delhi
MAR_005352,CUST_04037,Keyboard,4,7164,2026-03-25,Cash on Delivery,Hyderabad
MAR_005353,CUST_03738,Mouse,5,18099,2026-03-16,Credit Card,Delhi
MAR_005354,CUST_03321,Mouse,4,37467,2026-03-18,UPI,Pune
MAR_005355,CUST_03506,Headphones,5,1880,2026-03-11,Credit Card,Chennai
MAR_005356,CUST_04775,Smartwatch,3,12130,2026-03-15,Cash on Delivery,Chennai
MAR_005357,CUST_02287,Smartwatch,2,19993,2026-03-06,UPI,Bangalore
MAR_005358,CUST_01946,Mouse,4,17024,2026-03-14,Cash on Delivery,Delhi
MAR_005359,CUST_03886,Mouse,1,49018,2026-03-10,UPI,Pune
MAR_005360,CUST_04002,Headphones,2,38241,2026-03-30,Cash on Delivery,Bangalore
MAR_005361,CUST_01125,Mouse,1,38166,2026-03-09,Cash on Delivery,Mumbai
MAR_005362,CUST_02688,Laptop,2,12295,2026-03-26,Credit Card,Mumbai
MAR_005363,CUST_00766,Keyboard,2,10987,2026-03-25,Debit Card,Pune
MAR_005364,CUST_04813,Laptop,3,25689,2026-03-26,Debit Card,Delhi
MAR_005365,CUST_01074,Laptop,2,13850,2026-03-30,UPI,Hyderabad
MAR_005366,CUST_03122,Smartwatch,4,31620,2026-03-18,Credit Card,Pune
MAR_005367,CUST_01118,Headphones,3,24888,2026-03-23,Credit Card,Hyderabad
MAR_005368,CUST_01662,Mouse,5,7829,2026-03-18,UPI,Hyderabad
MAR_005369,CUST_01185,Smartphone,1,15312,2026-03-15,Debit Card,Mumbai
MAR_005370,CUST_02192,Tablet,1,46047,2026-03-11,Debit Card,Mumbai
MAR_005371,CUST_00918,Smartphone,2,10854,2026-03-04,Cash on Delivery,Chennai
MAR_005372,CUST_03566,Smartphone,4,7231,2026-03-13,UPI,Hyderabad
MAR_005373,CUST_02545,Headphones,4,20728,2026-03-07,Cash on Delivery,Pune
MAR_005374,CUST_04627,Laptop,5,35931,2026-03-25,UPI,Delhi
MAR_005375,CUST_02323,Laptop,3,29901,2026-03-06,Cash on Delivery,Delhi
MAR_005376,CUST_02810,Tablet,4,41262,2026-03-02,UPI,Delhi
MAR_005377,CUST_02744,Laptop,2,11078,2026-03-02,Debit Card,Hyderabad
MAR_005378,CUST_01888,Mouse,3,43736,2026-03-24,Cash on Delivery,Delhi
MAR_005379,CUST_00321,Keyboard,5,45364,2026-03-11,UPI,Pune
MAR_005380,CUST_04568,Monitor,1,5622,2026-03-26,Cash on Delivery,Chennai
MAR_005381,CUST_01634,Keyboard,2,46306,2026-03-29,UPI,Pune
MAR_005382,CUST_02004,Headphones,5,42579,2026-03-28,Debit Card,Hyderabad
MAR_005383,CUST_01589,Smartwatch,2,35417,2026-03-09,Debit Card,Hyderabad
MAR_005384,CUST_01044,Mouse,1,41667,2026-03-10,Credit Card,Hyderabad
MAR_005385,CUST_02212,Keyboard,5,16681,2026-03-04,Cash on Delivery,Bangalore
MAR_005386,CUST_04837,Smartwatch,1,6692,2026-03-01,Cash on Delivery,Chennai
MAR_005387,CUST_01003,Keyboard,4,19035,2026-03-07,Cash on Delivery,Bangalore
MAR_005388,CUST_03364,Headphones,1,49150,2026-03-24,Credit Card,Hyderabad
MAR_005389,CUST_03589,Smartphone,5,39371,2026-03-21,Debit Card,Mumbai
MAR_005390,CUST_00998,Laptop,4,7143,2026-03-21,Debit Card,Chennai
MAR_005391,CUST_02011,Mouse,2,9254,2026-03-04,Debit Card,Hyderabad
MAR_005392,CUST_00469,Keyboard,2,14908,2026-03-18,Credit Card,Bangalore
MAR_005393,CUST_00203,Smartwatch,3,12208,2026-03-24,Credit Card,Mumbai
MAR_005394,CUST_00566,Headphones,5,8061,2026-03-26,UPI,Mumbai
MAR_005395,CUST_03513,Tablet,4,27842,2026-03-12,Credit Card,Mumbai
MAR_005396,CUST_04791,Headphones,3,32468,2026-03-30,Cash on Delivery,Delhi
MAR_005397,CUST_01050,Smartwatch,2,15089,2026-03-16,Credit Card,Mumbai
MAR_005398,CUST_02686,Keyboard,5,3007,2026-03-19,Credit Card,Mumbai
MAR_005399,CUST_01914,Keyboard,5,44636,2026-03-09,Credit Card,Bangalore
MAR_005400,CUST_03095,Tablet,3,8276,2026-03-16,Credit Card,Hyderabad
MAR_005401,CUST_02541,Keyboard,5,29961,2026-03-13,Cash on Delivery,Mumbai
MAR_005402,CUST_00251,Laptop,2,4916,2026-03-16,UPI,Hyderabad
MAR_005403,CUST_02464,Laptop,3,4427,2026-03-26,Debit Card,Pune
MAR_005404,CUST_01967,Smartphone,2,43510,2026-03-02,Debit Card,Mumbai
MAR_005405,CUST_03204,Mouse,1,20307,2026-03-03,Cash on Delivery,Mumbai
MAR_005406,CUST_04766,Keyboard,3,41868,2026-03-17,UPI,Hyderabad
MAR_005407,CUST_02964,Keyboard,3,9348,2026-03-10,Credit Card,Chennai
MAR_005408,CUST_00344,Monitor,4,16559,2026-03-24,Cash on Delivery,Mumbai
MAR_005409,CUST_04156,Smartphone,5,45397,2026-03-03,UPI,Mumbai
MAR_005410,CUST_03702,Smartwatch,2,43822,2026-03-10,Debit Card,Hyderabad
MAR_005411,CUST_04105,Mouse,2,43508,2026-03-31,Cash on Delivery,Mumbai
MAR_005412,CUST_04098,Tablet,4,43147,2026-03-30,Debit Card,Delhi
MAR_005413,CUST_02209,Smartwatch,4,18265,2026-03-24,Cash on Delivery,Chennai
MAR_005414,CUST_02236,Laptop,5,20553,2026-03-22,Cash on Delivery,Bangalore
MAR_005415,CUST_04168,Smartwatch,3,31061,2026-03-21,Debit Card,Hyderabad
MAR_005416,CUST_00197,Laptop,2,25280,2026-03-26,Debit Card,Hyderabad
MAR_005417,CUST_03564,Mouse,5,3454,2026-03-23,UPI,Mumbai
MAR_005418,CUST_03043,Monitor,5,8479,2026-03-02,Credit Card,Pune
MAR_005419,CUST_04319,Monitor,1,28648,2026-03-29,Credit Card,Hyderabad
MAR_005420,CUST_01105,Smartwatch,1,38001,2026-03-11,Credit Card,Chennai
MAR_005421,CUST_00322,Monitor,4,45148,2026-03-28,Cash on Delivery,Mumbai
MAR_005422,CUST_02831,Laptop,1,34522,2026-03-19,UPI,Mumbai
MAR_005423,CUST_02414,Headphones,5,21414,2026-03-12,Credit Card,Hyderabad
MAR_005424,CUST_00028,Smartwatch,3,41897,2026-03-23,Cash on Delivery,Bangalore
MAR_005425,CUST_00483,Monitor,4,32908,2026-03-20,UPI,Pune
MAR_005426,CUST_03208,Monitor,1,42565,2026-03-23,Debit Card,Mumbai
MAR_005427,CUST_02271,Headphones,5,30372,2026-03-24,Cash on Delivery,Mumbai
MAR_005428,CUST_02207,Smartwatch,3,7328,2026-03-01,Cash on Delivery,Delhi
MAR_005429,CUST_02872,Headphones,5,18958,2026-03-24,UPI,Bangalore
MAR_005430,CUST_02212,Mouse,4,12035,2026-03-11,UPI,Hyderabad
MAR_005431,CUST_00673,Laptop,2,15789,2026-03-17,Cash on Delivery,Pune
MAR_005432,CUST_01461,Smartwatch,3,10771,2026-03-11,Credit Card,Mumbai
MAR_005433,CUST_02697,Mouse,2,17757,2026-03-13,UPI,Pune
MAR_005434,CUST_00603,Smartphone,1,38054,2026-03-27,Cash on Delivery,Hyderabad
MAR_005435,CUST_04440,Tablet,4,45561,2026-03-07,UPI,Delhi
MAR_005436,CUST_01695,Tablet,2,39982,2026-03-10,Cash on Delivery,Pune
MAR_005437,CUST_03105,Keyboard,3,40741,2026-03-13,UPI,Chennai
MAR_005438,CUST_03757,Keyboard,1,31158,2026-03-14,UPI,Delhi
MAR_005439,CUST_02524,Mouse,1,34619,2026-03-11,UPI,Pune
MAR_005440,CUST_03290,Monitor,3,49265,2026-03-20,Debit Card,Delhi
MAR_005441,CUST_03130,Mouse,3,30681,2026-03-10,Credit Card,Delhi
MAR_005442,CUST_04183,Headphones,4,10258,2026-03-08,Credit Card,Delhi
MAR_005443,CUST_03038,Monitor,2,47891,2026-03-19,UPI,Hyderabad
MAR_005444,CUST_03077,Keyboard,4,31034,2026-03-06,Debit Card,Chennai
MAR_005445,CUST_04688,Smartphone,1,14802,2026-03-07,Credit Card,Hyderabad
MAR_005446,CUST_04419,Headphones,2,19852,2026-03-10,Debit Card,Hyderabad
MAR_005447,CUST_01734,Laptop,1,10412,2026-03-09,Debit Card,Chennai
MAR_005448,CUST_00332,Laptop,1,30819,2026-03-01,Credit Card,Mumbai
MAR_005449,CUST_00562,Smartwatch,5,25736,2026-03-25,Cash on Delivery,Hyderabad
MAR_005450,CUST_03917,Headphones,2,31969,2026-03-28,Cash on Delivery,Bangalore
MAR_005451,CUST_02671,Headphones,1,36546,2026-03-18,UPI,Hyderabad
MAR_005452,CUST_01330,Mouse,5,39069,2026-03-08,Cash on Delivery,Hyderabad
MAR_005453,CUST_03243,Keyboard,3,37864,2026-03-05,Debit Card,Hyderabad
MAR_005454,CUST_03968,Smartwatch,1,33304,2026-03-13,Credit Card,Mumbai
MAR_005455,CUST_03355,Keyboard,4,30512,2026-03-04,Cash on Delivery,Bangalore
MAR_005456,CUST_03930,Mouse,3,45608,2026-03-06,Credit Card,Chennai
MAR_005457,CUST_00317,Smartwatch,2,23376,2026-03-18,Credit Card,Chennai
MAR_005458,CUST_01497,Monitor,4,48802,2026-03-04,Cash on Delivery,Bangalore
MAR_005459,CUST_03199,Headphones,5,10803,2026-03-14,Debit Card,Hyderabad
MAR_005460,CUST_01930,Mouse,3,27175,2026-03-31,Cash on Delivery,Mumbai
MAR_005461,CUST_03006,Smartwatch,3,3866,2026-03-04,Cash on Delivery,Hyderabad
MAR_005462,CUST_00493,Smartwatch,4,36776,2026-03-10,UPI,Mumbai
MAR_005463,CUST_00689,Headphones,5,992,2026-03-21,Credit Card,Mumbai
MAR_005464,CUST_01023,Laptop,2,42561,2026-03-26,Debit Card,Chennai
MAR_005465,CUST_01453,Keyboard,2,33691,2026-03-21,Debit Card,Bangalore
MAR_005466,CUST_02199,Keyboard,5,34486,2026-03-08,Cash on Delivery,Mumbai
MAR_005467,CUST_03369,Smartwatch,4,20700,2026-03-09,UPI,Pune
MAR_005468,CUST_03822,Headphones,2,29583,2026-03-21,Cash on Delivery,Bangalore
MAR_005469,CUST_04782,Keyboard,1,28010,2026-03-19,UPI,Hyderabad
MAR_005470,CUST_00676,Smartwatch,1,21801,2026-03-19,Debit Card,Pune
MAR_005471,CUST_00795,Monitor,5,36852,2026-03-30,Cash on Delivery,Delhi
MAR_005472,CUST_04524,Mouse,3,9522,2026-03-29,Debit Card,Bangalore
MAR_005473,CUST_02964,Monitor,2,33927,2026-03-01,Debit Card,Hyderabad
MAR_005474,CUST_04221,Mouse,3,18774,2026-03-01,Cash on Delivery,Chennai
MAR_005475,CUST_04328,Monitor,5,2280,2026-03-23,UPI,Pune
MAR_005476,CUST_04198,Keyboard,5,26072,2026-03-21,Cash on Delivery,Pune
MAR_005477,CUST_02421,Monitor,5,41703,2026-03-14,UPI,Mumbai
MAR_005478,CUST_03513,Tablet,4,6780,2026-03-17,Credit Card,Hyderabad
MAR_005479,CUST_01826,Laptop,3,43639,2026-03-16,Cash on Delivery,Mumbai
MAR_005480,CUST_02318,Laptop,5,49987,2026-03-14,UPI,Hyderabad
MAR_005481,CUST_01745,Tablet,1,7155,2026-03-02,UPI,Pune
MAR_005482,CUST_02676,Laptop,3,38220,2026-03-27,UPI,Delhi
MAR_005483,CUST_02270,Headphones,3,47522,2026-03-11,Credit Card,Delhi
MAR_005484,CUST_01961,Mouse,4,4055,2026-03-02,UPI,Delhi
MAR_005485,CUST_00333,Smartphone,3,21266,2026-03-15,Debit Card,Mumbai
MAR_005486,CUST_02924,Headphones,4,25193,2026-03-23,Credit Card,Chennai
MAR_005487,CUST_01579,Smartwatch,5,11638,2026-03-21,Credit Card,Mumbai
MAR_005488,CUST_04473,Smartwatch,3,38475,2026-03-07,Debit Card,Bangalore
MAR_005489,CUST_01028,Keyboard,1,38397,2026-03-24,Debit Card,Hyderabad
MAR_005490,CUST_03194,Laptop,1,18096,2026-03-26,Cash on Delivery,Chennai
MAR_005491,CUST_03632,Monitor,1,5330,2026-03-08,Cash on Delivery,Hyderabad
MAR_005492,CUST_02032,Tablet,5,1764,2026-03-12,Debit Card,Pune
MAR_005493,CUST_03692,Laptop,4,22805,2026-03-01,UPI,Chennai
MAR_005494,CUST_02897,Tablet,5,7150,2026-03-25,Debit Card,Delhi
MAR_005495,CUST_00043,Laptop,2,1991,2026-03-06,Credit Card,Chennai
MAR_005496,CUST_00817,Mouse,3,34627,2026-03-28,Credit Card,Pune
MAR_005497,CUST_01120,Headphones,5,8811,2026-03-17,Credit Card,Delhi
MAR_005498,CUST_02457,Tablet,5,32221,2026-03-30,UPI,Mumbai
MAR_005499,CUST_01309,Smartphone,2,40129,2026-03-30,UPI,Delhi
MAR_005500,CUST_02510,Smartphone,3,21563,2026-03-24,Cash on Delivery,Bangalore
MAR_005501,CUST_00692,Mouse,4,22957,2026-03-04,Cash on Delivery,Hyderabad
MAR_005502,CUST_03701,Monitor,5,34051,2026-03-11,UPI,Bangalore
MAR_005503,CUST_00413,Monitor,5,7271,2026-03-16,Credit Card,Hyderabad
MAR_005504,CUST_02560,Laptop,3,3521,2026-03-30,Cash on Delivery,Mumbai
MAR_005505,CUST_00919,Smartwatch,3,5523,2026-03-03,UPI,Chennai
MAR_005506,CUST_02682,Laptop,5,33482,2026-03-09,Cash on Delivery,Delhi
MAR_005507,CUST_01663,Mouse,1,10222,2026-03-24,Debit Card,Chennai
MAR_005508,CUST_04348,Keyboard,1,34671,2026-03-10,Cash on Delivery,Bangalore
MAR_005509,CUST_03768,Tablet,3,44389,2026-03-14,UPI,Chennai
MAR_005510,CUST_03642,Smartwatch,4,13022,2026-03-13,Cash on Delivery,Hyderabad
MAR_005511,CUST_00366,Headphones,2,18218,2026-03-13,Debit Card,Hyderabad
MAR_005512,CUST_00578,Smartphone,1,45983,2026-03-26,Credit Card,Bangalore
MAR_005513,CUST_03083,Smartphone,3,2097,2026-03-18,UPI,Bangalore
MAR_005514,CUST_02717,Keyboard,3,11745,2026-03-08,Debit Card,Mumbai
MAR_005515,CUST_03498,Smartphone,1,45830,2026-03-03,UPI,Chennai
MAR_005516,CUST_00059,Smartwatch,1,7879,2026-03-17,UPI,Bangalore
MAR_005517,CUST_03302,Tablet,4,28126,2026-03-24,UPI,Bangalore
MAR_005518,CUST_02201,Headphones,2,44764,2026-03-18,UPI,Delhi
MAR_005519,CUST_01109,Smartphone,2,26548,2026-03-05,UPI,Mumbai
MAR_005520,CUST_04160,Keyboard,2,22471,2026-03-25,Debit Card,Bangalore
MAR_005521,CUST_03681,Tablet,2,17626,2026-03-31,Cash on Delivery,Chennai
MAR_005522,CUST_01782,Smartphone,2,21603,2026-03-19,Debit Card,Mumbai
MAR_005523,CUST_04055,Tablet,1,5773,2026-03-19,Credit Card,Bangalore
MAR_005524,CUST_00896,Smartwatch,2,33555,2026-03-01,Debit Card,Hyderabad
MAR_005525,CUST_02710,Tablet,4,40330,2026-03-27,UPI,Chennai
MAR_005526,CUST_03641,Smartphone,5,14920,2026-03-26,Credit Card,Chennai
MAR_005527,CUST_00148,Keyboard,5,27251,2026-03-26,Credit Card,Delhi
MAR_005528,CUST_00665,Keyboard,1,32938,2026-03-06,UPI,Chennai
MAR_005529,CUST_02758,Tablet,1,3910,2026-03-17,UPI,Hyderabad
MAR_005530,CUST_01393,Monitor,5,9480,2026-03-02,UPI,Mumbai
MAR_005531,CUST_02101,Keyboard,1,29916,2026-03-26,UPI,Chennai
MAR_005532,CUST_03412,Laptop,2,47247,2026-03-28,Debit Card,Hyderabad
MAR_005533,CUST_03325,Keyboard,2,22003,2026-03-15,Debit Card,Mumbai
MAR_005534,CUST_04006,Headphones,1,15357,2026-03-12,Credit Card,Delhi
MAR_005535,CUST_01143,Monitor,3,9420,2026-03-13,Cash on Delivery,Mumbai
MAR_005536,CUST_04355,Tablet,3,30087,2026-03-28,Credit Card,Delhi
MAR_005537,CUST_00044,Monitor,1,4141,2026-03-18,Cash on Delivery,Bangalore
MAR_005538,CUST_03690,Mouse,3,30039,2026-03-07,Debit Card,Pune
MAR_005539,CUST_01687,Smartphone,4,8027,2026-03-07,Credit Card,Pune
MAR_005540,CUST_00337,Smartphone,5,32930,2026-03-04,Debit Card,Bangalore
MAR_005541,CUST_03736,Keyboard,4,2874,2026-03-17,Debit Card,Bangalore
MAR_005542,CUST_04142,Headphones,5,19875,2026-03-12,Debit Card,Delhi
MAR_005543,CUST_04343,Smartwatch,4,16380,2026-03-22,Debit Card,Delhi
MAR_005544,CUST_00869,Smartwatch,5,4830,2026-03-16,Debit Card,Delhi
MAR_005545,CUST_01835,Monitor,1,41860,2026-03-28,Cash on Delivery,Pune
MAR_005546,CUST_04746,Keyboard,3,18805,2026-03-03,Credit Card,Hyderabad
MAR_005547,CUST_04694,Keyboard,1,230,2026-03-26,Cash on Delivery,Pune
MAR_005548,CUST_01003,Tablet,5,36678,2026-03-06,Cash on Delivery,Delhi
MAR_005549,CUST_04038,Smartwatch,4,12125,2026-03-30,UPI,Pune
MAR_005550,CUST_04265,Keyboard,1,9346,2026-03-21,Debit Card,Bangalore
MAR_005551,CUST_03029,Smartphone,4,34468,2026-03-08,Cash on Delivery,Bangalore
MAR_005552,CUST_03090,Smartphone,4,14605,2026-03-19,Debit Card,Hyderabad
MAR_005553,CUST_00205,Monitor,3,41402,2026-03-28,Debit Card,Delhi
MAR_005554,CUST_02758,Mouse,3,17935,2026-03-29,UPI,Delhi
MAR_005555,CUST_04959,Laptop,4,219,2026-03-06,Debit Card,Pune
MAR_005556,CUST_02696,Headphones,1,48176,2026-03-07,UPI,Hyderabad
MAR_005557,CUST_02522,Smartwatch,2,2169,2026-03-06,Cash on Delivery,Hyderabad
MAR_005558,CUST_04930,Smartwatch,1,32451,2026-03-23,UPI,Chennai
MAR_005559,CUST_00918,Mouse,4,20604,2026-03-22,Credit Card,Hyderabad
MAR_005560,CUST_04180,Mouse,1,45258,2026-03-09,Credit Card,Chennai
MAR_005561,CUST_03982,Smartwatch,5,49493,2026-03-14,Debit Card,Hyderabad
MAR_005562,CUST_04909,Laptop,3,20170,2026-03-15,Debit Card,Chennai
MAR_005563,CUST_03474,Laptop,1,26230,2026-03-24,Cash on Delivery,Chennai
MAR_005564,CUST_02931,Mouse,1,40220,2026-03-23,UPI,Mumbai
MAR_005565,CUST_04376,Keyboard,5,29738,2026-03-10,Debit Card,Mumbai
MAR_005566,CUST_04403,Monitor,3,46464,2026-03-14,Cash on Delivery,Hyderabad
MAR_005567,CUST_00609,Smartwatch,1,44750,2026-03-22,UPI,Pune
MAR_005568,CUST_04417,Smartphone,4,14381,2026-03-16,UPI,Mumbai
MAR_005569,CUST_01027,Keyboard,5,15296,2026-03-20,Cash on Delivery,Delhi
MAR_005570,CUST_03214,Laptop,5,18775,2026-03-02,UPI,Delhi
MAR_005571,CUST_01986,Tablet,1,32395,2026-03-02,Debit Card,Bangalore
MAR_005572,CUST_00945,Headphones,3,39820,2026-03-11,Cash on Delivery,Delhi
MAR_005573,CUST_02562,Tablet,1,14058,2026-03-11,Debit Card,Hyderabad
MAR_005574,CUST_01212,Smartphone,1,12951,2026-03-29,Credit Card,Bangalore
MAR_005575,CUST_04293,Smartwatch,5,2494,2026-03-02,UPI,Pune
MAR_005576,CUST_04722,Monitor,5,23454,2026-03-04,Credit Card,Chennai
MAR_005577,CUST_04354,Mouse,2,30385,2026-03-05,UPI,Delhi
MAR_005578,CUST_01126,Monitor,3,19640,2026-03-30,Credit Card,Mumbai
MAR_005579,CUST_01428,Smartphone,2,11252,2026-03-04,Credit Card,Delhi
MAR_005580,CUST_02258,Smartphone,5,16737,2026-03-16,Credit Card,Chennai
MAR_005581,CUST_01973,Smartphone,5,26297,2026-03-17,Debit Card,Mumbai
MAR_005582,CUST_04438,Keyboard,5,34387,2026-03-11,UPI,Delhi
MAR_005583,CUST_03290,Smartwatch,2,18128,2026-03-30,Cash on Delivery,Delhi
MAR_005584,CUST_01895,Mouse,1,1680,2026-03-16,Credit Card,Bangalore
MAR_005585,CUST_03081,Keyboard,5,18066,2026-03-09,Credit Card,Pune
MAR_005586,CUST_01624,Mouse,3,42138,2026-03-31,Credit Card,Delhi
MAR_005587,CUST_00337,Keyboard,2,30022,2026-03-29,Debit Card,Delhi
MAR_005588,CUST_00050,Smartwatch,4,32684,2026-03-27,Debit Card,Mumbai
MAR_005589,CUST_00165,Tablet,4,20305,2026-03-29,Debit Card,Bangalore
MAR_005590,CUST_03052,Smartphone,1,18335,2026-03-25,UPI,Pune
MAR_005591,CUST_02349,Headphones,2,47154,2026-03-31,Credit Card,Chennai
MAR_005592,CUST_01449,Smartphone,2,33464,2026-03-01,UPI,Pune
MAR_005593,CUST_04667,Keyboard,5,44446,2026-03-10,Credit Card,Pune
MAR_005594,CUST_04166,Laptop,5,27804,2026-03-28,Credit Card,Bangalore
MAR_005595,CUST_00030,Mouse,1,29667,2026-03-06,Debit Card,Hyderabad
MAR_005596,CUST_00617,Smartwatch,5,38918,2026-03-23,Credit Card,Hyderabad
MAR_005597,CUST_00710,Tablet,1,5756,2026-03-25,Debit Card,Chennai
MAR_005598,CUST_00836,Tablet,5,14706,2026-03-08,UPI,Hyderabad
MAR_005599,CUST_02933,Laptop,3,26929,2026-03-13,Debit Card,Bangalore
MAR_005600,CUST_04984,Headphones,1,18642,2026-03-10,Debit Card,Pune
MAR_005601,CUST_00975,Monitor,5,40962,2026-03-30,Credit Card,Mumbai
MAR_005602,CUST_00991,Monitor,5,34236,2026-03-13,Debit Card,Mumbai
MAR_005603,CUST_01195,Tablet,3,24938,2026-03-10,UPI,Hyderabad
MAR_005604,CUST_01394,Keyboard,2,48047,2026-03-31,Credit Card,Chennai
MAR_005605,CUST_03881,Keyboard,2,34124,2026-03-06,UPI,Delhi
MAR_005606,CUST_00961,Monitor,1,10742,2026-03-14,UPI,Delhi
MAR_005607,CUST_01583,Tablet,3,38382,2026-03-31,Credit Card,Pune
MAR_005608,CUST_00672,Keyboard,4,32282,2026-03-30,Debit Card,Chennai
MAR_005609,CUST_01692,Monitor,1,6076,2026-03-19,Cash on Delivery,Pune
MAR_005610,CUST_03678,Tablet,1,3043,2026-03-22,Cash on Delivery,Chennai
MAR_005611,CUST_00094,Laptop,4,37374,2026-03-18,Cash on Delivery,Bangalore
MAR_005612,CUST_03946,Mouse,4,20879,2026-03-15,Credit Card,Delhi
MAR_005613,CUST_03071,Smartphone,3,3686,2026-03-02,Debit Card,Chennai
MAR_005614,CUST_03407,Smartphone,5,20207,2026-03-03,Credit Card,Pune
MAR_005615,CUST_02499,Smartphone,2,7926,2026-03-11,Credit Card,Mumbai
MAR_005616,CUST_01085,Headphones,1,22319,2026-03-02,UPI,Delhi
MAR_005617,CUST_00546,Smartphone,4,2166,2026-03-29,UPI,Mumbai
MAR_005618,CUST_00317,Tablet,2,31432,2026-03-25,Debit Card,Bangalore
MAR_005619,CUST_04242,Laptop,2,38294,2026-03-28,Cash on Delivery,Pune
MAR_005620,CUST_00778,Mouse,1,32937,2026-03-03,UPI,Mumbai
MAR_005621,CUST_02865,Smartwatch,4,27592,2026-03-01,UPI,Delhi
MAR_005622,CUST_01149,Headphones,4,2617,2026-03-13,Cash on Delivery,Chennai
MAR_005623,CUST_01402,Keyboard,1,21425,2026-03-15,UPI,Hyderabad
MAR_005624,CUST_00608,Smartphone,2,4194,2026-03-01,UPI,Chennai
MAR_005625,CUST_04047,Smartphone,1,15352,2026-03-28,Debit Card,Mumbai
MAR_005626,CUST_03846,Mouse,2,18332,2026-03-19,Cash on Delivery,Chennai
MAR_005627,CUST_04681,Tablet,5,11808,2026-03-20,UPI,Delhi
MAR_005628,CUST_02956,Keyboard,2,6195,2026-03-24,Debit Card,Delhi
MAR_005629,CUST_04973,Laptop,1,41435,2026-03-14,Credit Card,Delhi
MAR_005630,CUST_04499,Smartphone,5,22993,2026-03-30,Debit Card,Mumbai
MAR_005631,CUST_03952,Monitor,3,21604,2026-03-05,Credit Card,Pune
MAR_005632,CUST_03365,Tablet,3,46910,2026-03-15,Debit Card,Mumbai
MAR_005633,CUST_04734,Tablet,3,44682,2026-03-16,UPI,Pune
MAR_005634,CUST_00908,Smartphone,2,26942,2026-03-26,Cash on Delivery,Pune
MAR_005635,CUST_03485,Smartphone,3,35741,2026-03-27,Cash on Delivery,Hyderabad
MAR_005636,CUST_04411,Smartphone,3,11225,2026-03-02,Credit Card,Pune
MAR_005637,CUST_01464,Monitor,4,19136,2026-03-08,Debit Card,Pune
MAR_005638,CUST_03851,Smartwatch,3,24902,2026-03-09,Credit Card,Delhi
MAR_005639,CUST_02339,Smartphone,3,40993,2026-03-14,Cash on Delivery,Mumbai
MAR_005640,CUST_03348,Keyboard,5,29669,2026-03-02,Debit Card,Chennai
MAR_005641,CUST_01620,Laptop,3,42491,2026-03-03,UPI,Chennai
MAR_005642,CUST_01883,Keyboard,3,39274,2026-03-24,UPI,Delhi
MAR_005643,CUST_01480,Smartwatch,5,31986,2026-03-17,Cash on Delivery,Mumbai
MAR_005644,CUST_04533,Laptop,1,30298,2026-03-01,UPI,Delhi
MAR_005645,CUST_01170,Keyboard,3,37047,2026-03-06,Credit Card,Bangalore
MAR_005646,CUST_03171,Headphones,1,16593,2026-03-30,Credit Card,Mumbai
MAR_005647,CUST_00474,Keyboard,5,34450,2026-03-28,UPI,Chennai
MAR_005648,CUST_02170,Laptop,4,32426,2026-03-11,Cash on Delivery,Bangalore
MAR_005649,CUST_01889,Keyboard,3,17593,2026-03-23,Credit Card,Delhi
MAR_005650,CUST_00941,Keyboard,4,31872,2026-03-10,Credit Card,Hyderabad
MAR_005651,CUST_04755,Monitor,2,24464,2026-03-16,Cash on Delivery,Bangalore
MAR_005652,CUST_00010,Smartphone,5,22626,2026-03-13,Credit Card,Chennai
MAR_005653,CUST_00615,Mouse,4,45329,2026-03-07,UPI,Hyderabad
MAR_005654,CUST_00548,Headphones,5,7321,2026-03-04,Cash on Delivery,Chennai
MAR_005655,CUST_03233,Smartwatch,5,31042,2026-03-05,Credit Card,Pune
MAR_005656,CUST_01640,Keyboard,4,14698,2026-03-08,Credit Card,Mumbai
MAR_005657,CUST_04467,Mouse,4,32299,2026-03-07,Credit Card,Hyderabad
MAR_005658,CUST_00068,Smartwatch,2,21402,2026-03-15,Debit Card,Delhi
MAR_005659,CUST_00950,Monitor,1,37942,2026-03-18,Cash on Delivery,Bangalore
MAR_005660,CUST_00865,Tablet,4,3364,2026-03-23,UPI,Delhi
MAR_005661,CUST_04702,Monitor,2,10966,2026-03-28,Debit Card,Delhi
MAR_005662,CUST_02319,Laptop,5,18590,2026-03-16,Credit Card,Chennai
MAR_005663,CUST_04356,Smartwatch,2,16067,2026-03-03,Credit Card,Pune
MAR_005664,CUST_03112,Smartwatch,5,23917,2026-03-14,Debit Card,Chennai
MAR_005665,CUST_01014,Monitor,4,32736,2026-03-04,Cash on Delivery,Delhi
MAR_005666,CUST_02666,Monitor,2,45248,2026-03-31,Credit Card,Chennai
MAR_005667,CUST_00118,Headphones,5,41692,2026-03-16,UPI,Delhi
MAR_005668,CUST_03467,Monitor,4,21595,2026-03-20,Cash on Delivery,Pune
MAR_005669,CUST_02923,Monitor,4,1884,2026-03-15,UPI,Chennai
MAR_005670,CUST_00469,Keyboard,4,46004,2026-03-31,Cash on Delivery,Delhi
MAR_005671,CUST_00440,Laptop,5,40839,2026-03-03,Debit Card,Pune
MAR_005672,CUST_04063,Tablet,2,10696,2026-03-31,Credit Card,Delhi
MAR_005673,CUST_02932,Mouse,4,8268,2026-03-29,Credit Card,Bangalore
MAR_005674,CUST_01215,Smartphone,2,49246,2026-03-21,UPI,Mumbai
MAR_005675,CUST_02231,Laptop,3,11432,2026-03-30,Cash on Delivery,Hyderabad
MAR_005676,CUST_03955,Tablet,2,23228,2026-03-07,Cash on Delivery,Pune
MAR_005677,CUST_01375,Mouse,5,9913,2026-03-15,Credit Card,Hyderabad
MAR_005678,CUST_03058,Monitor,1,44072,2026-03-22,Debit Card,Mumbai
MAR_005679,CUST_02966,Smartwatch,1,45705,2026-03-16,Credit Card,Mumbai
MAR_005680,CUST_03782,Smartwatch,5,25186,2026-03-10,Cash on Delivery,Bangalore
MAR_005681,CUST_02606,Laptop,1,13716,2026-03-19,Cash on Delivery,Chennai
MAR_005682,CUST_04778,Smartwatch,3,2752,2026-03-13,Debit Card,Hyderabad
MAR_005683,CUST_01681,Headphones,5,40691,2026-03-19,Credit Card,Chennai
MAR_005684,CUST_02431,Smartwatch,1,4461,2026-03-06,Credit Card,Delhi
MAR_005685,CUST_02538,Laptop,1,39563,2026-03-27,UPI,Bangalore
MAR_005686,CUST_00509,Headphones,5,9246,2026-03-31,Cash on Delivery,Pune
MAR_005687,CUST_01354,Smartphone,5,5482,2026-03-14,Debit Card,Pune
MAR_005688,CUST_01888,Mouse,5,10370,2026-03-09,Debit Card,Chennai
MAR_005689,CUST_04655,Tablet,1,1519,2026-03-09,Credit Card,Pune
MAR_005690,CUST_02231,Keyboard,1,26419,2026-03-28,UPI,Pune
MAR_005691,CUST_02686,Headphones,5,45506,2026-03-18,Credit Card,Delhi
MAR_005692,CUST_04869,Monitor,2,47535,2026-03-26,UPI,Mumbai
MAR_005693,CUST_03242,Tablet,5,9196,2026-03-13,Cash on Delivery,Mumbai
MAR_005694,CUST_02874,Smartphone,3,7456,2026-03-19,Credit Card,Hyderabad
MAR_005695,CUST_04441,Laptop,5,13471,2026-03-13,Debit Card,Delhi
MAR_005696,CUST_02523,Smartphone,1,5175,2026-03-09,UPI,Bangalore
MAR_005697,CUST_02438,Keyboard,2,11524,2026-03-09,UPI,Delhi
MAR_005698,CUST_00043,Mouse,4,32401,2026-03-22,UPI,Chennai
MAR_005699,CUST_00720,Laptop,4,32465,2026-03-26,UPI,Delhi
MAR_005700,CUST_04599,Monitor,2,48375,2026-03-20,Cash on Delivery,Pune
MAR_005701,CUST_04701,Keyboard,2,4469,2026-03-15,Credit Card,Chennai
MAR_005702,CUST_03473,Laptop,2,28617,2026-03-01,Credit Card,Pune
MAR_005703,CUST_04522,Mouse,4,41144,2026-03-03,UPI,Bangalore
MAR_005704,CUST_01526,Headphones,2,40812,2026-03-26,Debit Card,Bangalore
MAR_005705,CUST_03002,Tablet,2,41974,2026-03-19,Credit Card,Pune
MAR_005706,CUST_03405,Headphones,2,40766,2026-03-11,Credit Card,Pune
MAR_005707,CUST_02215,Monitor,2,45305,2026-03-06,Cash on Delivery,Chennai
MAR_005708,CUST_01707,Tablet,2,12090,2026-03-28,UPI,Mumbai
MAR_005709,CUST_02278,Laptop,5,33055,2026-03-16,Credit Card,Mumbai
MAR_005710,CUST_04015,Monitor,5,16366,2026-03-25,Credit Card,Pune
MAR_005711,CUST_04108,Mouse,3,24009,2026-03-04,Cash on Delivery,Bangalore
MAR_005712,CUST_03500,Laptop,3,38412,2026-03-25,UPI,Hyderabad
MAR_005713,CUST_01119,Headphones,3,14403,2026-03-11,Cash on Delivery,Pune
MAR_005714,CUST_03234,Keyboard,1,39683,2026-03-02,Credit Card,Hyderabad
MAR_005715,CUST_04183,Monitor,4,21535,2026-03-01,Cash on Delivery,Chennai
MAR_005716,CUST_01395,Headphones,4,3701,2026-03-02,Credit Card,Hyderabad
MAR_005717,CUST_02511,Monitor,5,27029,2026-03-24,Debit Card,Delhi
MAR_005718,CUST_02196,Smartwatch,1,30565,2026-03-13,Credit Card,Bangalore
MAR_005719,CUST_02154,Headphones,3,36134,2026-03-31,UPI,Pune
MAR_005720,CUST_00359,Headphones,1,14106,2026-03-05,Credit Card,Hyderabad
MAR_005721,CUST_01569,Tablet,4,326,2026-03-04,Cash on Delivery,Mumbai
MAR_005722,CUST_04665,Monitor,1,7871,2026-03-25,Cash on Delivery,Hyderabad
MAR_005723,CUST_02418,Keyboard,3,46418,2026-03-14,UPI,Hyderabad
MAR_005724,CUST_00164,Keyboard,1,1699,2026-03-26,Debit Card,Mumbai
MAR_005725,CUST_00358,Smartphone,3,5959,2026-03-30,UPI,Mumbai
MAR_005726,CUST_00649,Laptop,1,34368,2026-03-13,UPI,Hyderabad
MAR_005727,CUST_03345,Smartwatch,1,18697,2026-03-16,UPI,Pune
MAR_005728,CUST_00966,Keyboard,2,43432,2026-03-19,UPI,Bangalore
MAR_005729,CUST_02371,Monitor,3,15791,2026-03-24,Credit Card,Bangalore
MAR_005730,CUST_03726,Keyboard,1,10559,2026-03-12,Credit Card,Pune
MAR_005731,CUST_02234,Headphones,2,8914,2026-03-03,Debit Card,Pune
MAR_005732,CUST_02557,Laptop,5,33441,2026-03-03,UPI,Hyderabad
MAR_005733,CUST_00236,Headphones,5,32850,2026-03-22,Debit Card,Chennai
MAR_005734,CUST_01305,Smartphone,3,39923,2026-03-10,Credit Card,Mumbai
MAR_005735,CUST_00844,Tablet,3,28326,2026-03-30,Debit Card,Pune
MAR_005736,CUST_03266,Mouse,2,20916,2026-03-16,Debit Card,Mumbai
MAR_005737,CUST_03868,Smartphone,4,21817,2026-03-26,UPI,Mumbai
MAR_005738,CUST_00121,Monitor,5,26348,2026-03-24,Cash on Delivery,Mumbai
MAR_005739,CUST_04149,Laptop,5,45921,2026-03-12,Debit Card,Mumbai
MAR_005740,CUST_04564,Monitor,4,4891,2026-03-22,Cash on Delivery,Mumbai
MAR_005741,CUST_04590,Smartwatch,4,24621,2026-03-03,UPI,Chennai
MAR_005742,CUST_01693,Smartwatch,5,1942,2026-03-16,UPI,Bangalore
MAR_005743,CUST_01959,Monitor,5,8055,2026-03-11,Cash on Delivery,Bangalore
MAR_005744,CUST_01372,Smartphone,1,37579,2026-03-08,Cash on Delivery,Delhi
MAR_005745,CUST_04489,Monitor,4,9854,2026-03-02,Credit Card,Bangalore
MAR_005746,CUST_02002,Smartwatch,5,35488,2026-03-06,Credit Card,Chennai
MAR_005747,CUST_02711,Headphones,2,47293,2026-03-04,Credit Card,Bangalore
MAR_005748,CUST_01906,Laptop,1,10793,2026-03-27,UPI,Mumbai
MAR_005749,CUST_04539,Mouse,3,529,2026-03-05,UPI,Chennai
MAR_005750,CUST_01506,Monitor,5,8899,2026-03-16,UPI,Pune
MAR_005751,CUST_04975,Headphones,3,8627,2026-03-27,Cash on Delivery,Pune
MAR_005752,CUST_01235,Mouse,3,15303,2026-03-09,Credit Card,Chennai
MAR_005753,CUST_04348,Laptop,1,7914,2026-03-05,Debit Card,Bangalore
MAR_005754,CUST_03082,Tablet,4,20373,2026-03-31,Credit Card,Delhi
MAR_005755,CUST_03826,Tablet,3,24849,2026-03-28,UPI,Bangalore
MAR_005756,CUST_01384,Headphones,1,49238,2026-03-19,UPI,Hyderabad
MAR_005757,CUST_01191,Laptop,1,19046,2026-03-22,Cash on Delivery,Hyderabad
MAR_005758,CUST_01239,Laptop,5,48530,2026-03-21,UPI,Pune
MAR_005759,CUST_03523,Laptop,4,13216,2026-03-25,Cash on Delivery,Bangalore
MAR_005760,CUST_00281,Tablet,4,9589,2026-03-17,UPI,Hyderabad
MAR_005761,CUST_04600,Headphones,3,2005,2026-03-05,Credit Card,Mumbai
MAR_005762,CUST_01944,Keyboard,5,33424,2026-03-15,Cash on Delivery,Delhi
MAR_005763,CUST_03349,Tablet,4,28278,2026-03-03,Credit Card,Mumbai
MAR_005764,CUST_00262,Monitor,5,6357,2026-03-26,Cash on Delivery,Pune
MAR_005765,CUST_03591,Laptop,4,2450,2026-03-18,Cash on Delivery,Delhi
MAR_005766,CUST_00967,Smartwatch,2,21843,2026-03-21,Credit Card,Pune
MAR_005767,CUST_00076,Smartwatch,5,44899,2026-03-26,Debit Card,Hyderabad
MAR_005768,CUST_03741,Smartwatch,2,20255,2026-03-16,UPI,Pune
MAR_005769,CUST_04318,Mouse,5,11533,2026-03-03,UPI,Delhi
MAR_005770,CUST_02767,Keyboard,2,12562,2026-03-16,Credit Card,Hyderabad
MAR_005771,CUST_02572,Mouse,2,28995,2026-03-18,Cash on Delivery,Pune
MAR_005772,CUST_00193,Smartphone,1,19481,2026-03-24,UPI,Hyderabad
MAR_005773,CUST_00888,Headphones,4,7112,2026-03-16,UPI,Hyderabad
MAR_005774,CUST_01537,Laptop,2,25328,2026-03-23,Debit Card,Bangalore
MAR_005775,CUST_01486,Mouse,1,20118,2026-03-18,UPI,Hyderabad
MAR_005776,CUST_04303,Laptop,5,28293,2026-03-26,Credit Card,Chennai
MAR_005777,CUST_04050,Laptop,5,17109,2026-03-31,Credit Card,Pune
MAR_005778,CUST_01807,Laptop,4,49993,2026-03-23,UPI,Bangalore
MAR_005779,CUST_00622,Smartphone,2,19132,2026-03-07,Cash on Delivery,Bangalore
MAR_005780,CUST_01840,Mouse,2,233,2026-03-10,Credit Card,Chennai
MAR_005781,CUST_02287,Headphones,1,34658,2026-03-04,Debit Card,Pune
MAR_005782,CUST_00973,Mouse,3,17223,2026-03-21,UPI,Pune
MAR_005783,CUST_00734,Mouse,4,36744,2026-03-19,Cash on Delivery,Delhi
MAR_005784,CUST_01792,Laptop,3,11623,2026-03-12,Credit Card,Pune
MAR_005785,CUST_01173,Mouse,3,34383,2026-03-18,Cash on Delivery,Delhi
MAR_005786,CUST_00092,Headphones,5,16859,2026-03-11,Cash on Delivery,Delhi
MAR_005787,CUST_03444,Smartwatch,1,1793,2026-03-09,UPI,Chennai
MAR_005788,CUST_00766,Monitor,4,2477,2026-03-14,Credit Card,Pune
MAR_005789,CUST_04255,Keyboard,3,5323,2026-03-25,Debit Card,Bangalore
MAR_005790,CUST_02466,Keyboard,4,1904,2026-03-02,Credit Card,Mumbai
MAR_005791,CUST_00240,Tablet,3,20874,2026-03-08,Cash on Delivery,Pune
MAR_005792,CUST_00454,Laptop,2,28972,2026-03-17,Cash on Delivery,Chennai
MAR_005793,CUST_01919,Smartphone,4,7056,2026-03-10,Debit Card,Mumbai
MAR_005794,CUST_02851,Headphones,5,9763,2026-03-30,Debit Card,Mumbai
MAR_005795,CUST_02312,Tablet,2,24886,2026-03-11,UPI,Hyderabad
MAR_005796,CUST_03651,Smartphone,1,35269,2026-03-30,Cash on Delivery,Hyderabad
MAR_005797,CUST_00548,Mouse,4,29220,2026-03-10,UPI,Chennai
MAR_005798,CUST_01383,Smartwatch,1,21948,2026-03-27,UPI,Pune
MAR_005799,CUST_00938,Headphones,2,11497,2026-03-31,Credit Card,Delhi
MAR_005800,CUST_02201,Mouse,3,17681,2026-03-14,Cash on Delivery,Chennai
MAR_005801,CUST_01501,Keyboard,1,7238,2026-03-17,Credit Card,Delhi
MAR_005802,CUST_02722,Keyboard,5,23556,2026-03-28,Credit Card,Bangalore
MAR_005803,CUST_01079,Smartphone,3,38708,2026-03-20,Debit Card,Mumbai
MAR_005804,CUST_04263,Headphones,4,23089,2026-03-09,UPI,Chennai
MAR_005805,CUST_00634,Laptop,5,35913,2026-03-09,Cash on Delivery,Bangalore
MAR_005806,CUST_00035,Mouse,5,28448,2026-03-07,Cash on Delivery,Delhi
MAR_005807,CUST_04807,Mouse,2,9188,2026-03-22,UPI,Mumbai
MAR_005808,CUST_01126,Monitor,3,39276,2026-03-05,UPI,Hyderabad
MAR_005809,CUST_02527,Smartwatch,2,29538,2026-03-24,Debit Card,Bangalore
MAR_005810,CUST_02363,Smartwatch,5,23889,2026-03-10,UPI,Pune
MAR_005811,CUST_02724,Mouse,5,23366,2026-03-16,Cash on Delivery,Chennai
MAR_005812,CUST_03863,Mouse,2,15201,2026-03-14,Debit Card,Delhi
MAR_005813,CUST_04305,Tablet,4,1908,2026-03-08,UPI,Delhi
MAR_005814,CUST_03790,Tablet,3,43137,2026-03-20,Credit Card,Pune
MAR_005815,CUST_03748,Monitor,2,28570,2026-03-03,Cash on Delivery,Pune
MAR_005816,CUST_04522,Monitor,5,23277,2026-03-14,Credit Card,Chennai
MAR_005817,CUST_04521,Tablet,2,43936,2026-03-12,UPI,Hyderabad
MAR_005818,CUST_03759,Headphones,1,27924,2026-03-03,UPI,Delhi
MAR_005819,CUST_03740,Smartwatch,4,20059,2026-03-24,UPI,Mumbai
MAR_005820,CUST_02954,Monitor,2,27192,2026-03-01,Credit Card,Hyderabad
MAR_005821,CUST_02603,Laptop,4,7199,2026-03-20,UPI,Mumbai
MAR_005822,CUST_04923,Keyboard,4,40654,2026-03-20,Debit Card,Delhi
MAR_005823,CUST_03736,Tablet,3,26413,2026-03-07,Credit Card,Bangalore
MAR_005824,CUST_04809,Mouse,3,42462,2026-03-16,Credit Card,Mumbai
MAR_005825,CUST_02530,Headphones,3,4398,2026-03-17,Cash on Delivery,Bangalore
MAR_005826,CUST_00951,Laptop,5,38309,2026-03-22,Credit Card,Pune
MAR_005827,CUST_01691,Tablet,4,5665,2026-03-13,Credit Card,Delhi
MAR_005828,CUST_02030,Smartphone,5,41928,2026-03-26,UPI,Mumbai
MAR_005829,CUST_03738,Tablet,5,22942,2026-03-31,UPI,Bangalore
MAR_005830,CUST_00434,Laptop,5,28897,2026-03-14,Cash on Delivery,Chennai
MAR_005831,CUST_04918,Headphones,1,18433,2026-03-02,Cash on Delivery,Mumbai
MAR_005832,CUST_01157,Mouse,3,45182,2026-03-20,UPI,Mumbai
MAR_005833,CUST_01085,Headphones,5,11560,2026-03-03,Debit Card,Pune
MAR_005834,CUST_02080,Headphones,3,14171,2026-03-26,Credit Card,Hyderabad
MAR_005835,CUST_02702,Smartwatch,4,21942,2026-03-08,Cash on Delivery,Hyderabad
MAR_005836,CUST_02266,Monitor,2,6905,2026-03-30,UPI,Pune
MAR_005837,CUST_00384,Monitor,3,8540,2026-03-17,Cash on Delivery,Chennai
MAR_005838,CUST_02053,Monitor,5,28623,2026-03-01,Cash on Delivery,Bangalore
MAR_005839,CUST_03154,Laptop,1,16985,2026-03-04,Debit Card,Hyderabad
MAR_005840,CUST_02679,Headphones,4,8073,2026-03-26,UPI,Bangalore
MAR_005841,CUST_00009,Laptop,2,28529,2026-03-29,Debit Card,Hyderabad
MAR_005842,CUST_02178,Headphones,4,31502,2026-03-27,Cash on Delivery,Pune
MAR_005843,CUST_03555,Headphones,4,38395,2026-03-25,Cash on Delivery,Hyderabad
MAR_005844,CUST_03462,Tablet,4,25954,2026-03-06,Credit Card,Bangalore
MAR_005845,CUST_02877,Monitor,3,43404,2026-03-25,Cash on Delivery,Hyderabad
MAR_005846,CUST_02779,Monitor,2,4076,2026-03-08,Credit Card,Bangalore
MAR_005847,CUST_04761,Headphones,3,47116,2026-03-12,UPI,Delhi
MAR_005848,CUST_00240,Laptop,4,49433,2026-03-10,Debit Card,Bangalore
MAR_005849,CUST_00159,Laptop,4,32915,2026-03-02,Credit Card,Hyderabad
MAR_005850,CUST_02609,Mouse,4,40428,2026-03-13,UPI,Hyderabad
MAR_005851,CUST_03259,Mouse,5,15986,2026-03-12,UPI,Pune
MAR_005852,CUST_04822,Laptop,3,20213,2026-03-26,Debit Card,Pune
MAR_005853,CUST_00304,Monitor,3,3162,2026-03-31,UPI,Mumbai
MAR_005854,CUST_01547,Mouse,2,39313,2026-03-02,Credit Card,Mumbai
MAR_005855,CUST_00931,Monitor,5,47612,2026-03-10,UPI,Mumbai
MAR_005856,CUST_02417,Smartphone,2,19720,2026-03-23,Debit Card,Chennai
MAR_005857,CUST_03176,Keyboard,2,10838,2026-03-09,Cash on Delivery,Chennai
MAR_005858,CUST_02694,Mouse,2,32316,2026-03-14,Debit Card,Bangalore
MAR_005859,CUST_01024,Keyboard,2,20315,2026-03-30,Credit Card,Delhi
MAR_005860,CUST_02697,Keyboard,1,5654,2026-03-18,Debit Card,Pune
MAR_005861,CUST_00506,Laptop,4,14187,2026-03-03,Credit Card,Hyderabad
MAR_005862,CUST_00684,Smartphone,5,46674,2026-03-24,Credit Card,Chennai
MAR_005863,CUST_01638,Monitor,5,25612,2026-03-26,UPI,Delhi
MAR_005864,CUST_03171,Smartwatch,5,5529,2026-03-21,Cash on Delivery,Chennai
MAR_005865,CUST_00104,Mouse,3,27519,2026-03-17,Credit Card,Bangalore
MAR_005866,CUST_03727,Smartphone,3,5752,2026-03-02,UPI,Mumbai
MAR_005867,CUST_04981,Tablet,3,36243,2026-03-10,UPI,Chennai
MAR_005868,CUST_03763,Smartwatch,1,44134,2026-03-20,Debit Card,Delhi
MAR_005869,CUST_02880,Keyboard,5,43239,2026-03-22,UPI,Pune
MAR_005870,CUST_00166,Smartwatch,1,28153,2026-03-20,Cash on Delivery,Pune
MAR_005871,CUST_01731,Keyboard,3,38785,2026-03-19,Debit Card,Delhi
MAR_005872,CUST_03274,Tablet,3,25507,2026-03-23,Credit Card,Chennai
MAR_005873,CUST_03745,Smartwatch,3,37530,2026-03-28,Credit Card,Hyderabad
MAR_005874,CUST_04927,Smartwatch,5,30986,2026-03-25,Credit Card,Mumbai
MAR_005875,CUST_02279,Keyboard,5,8053,2026-03-30,UPI,Delhi
MAR_005876,CUST_04182,Laptop,1,24357,2026-03-30,Debit Card,Bangalore
MAR_005877,CUST_03952,Headphones,1,43216,2026-03-30,Credit Card,Chennai
MAR_005878,CUST_04718,Tablet,3,49149,2026-03-09,Credit Card,Delhi
MAR_005879,CUST_01329,Headphones,5,37939,2026-03-31,Credit Card,Hyderabad
MAR_005880,CUST_04699,Laptop,3,33737,2026-03-25,Credit Card,Hyderabad
MAR_005881,CUST_01418,Keyboard,5,3115,2026-03-09,Credit Card,Delhi
MAR_005882,CUST_03428,Smartwatch,2,15205,2026-03-10,Cash on Delivery,Delhi
MAR_005883,CUST_04871,Smartphone,1,48944,2026-03-27,Debit Card,Mumbai
MAR_005884,CUST_01726,Headphones,4,31388,2026-03-02,Cash on Delivery,Delhi
MAR_005885,CUST_00983,Keyboard,2,31370,2026-03-31,Debit Card,Hyderabad
MAR_005886,CUST_03113,Smartwatch,5,29560,2026-03-11,Credit Card,Mumbai
MAR_005887,CUST_03535,Laptop,3,4991,2026-03-02,Cash on Delivery,Delhi
MAR_005888,CUST_04416,Laptop,3,10604,2026-03-15,Credit Card,Delhi
MAR_005889,CUST_00518,Mouse,3,15175,2026-03-12,Debit Card,Delhi
MAR_005890,CUST_01232,Tablet,1,31521,2026-03-17,Cash on Delivery,Pune
MAR_005891,CUST_02220,Keyboard,4,12116,2026-03-02,Credit Card,Mumbai
MAR_005892,CUST_04660,Tablet,2,39231,2026-03-22,Cash on Delivery,Hyderabad
MAR_005893,CUST_03037,Mouse,2,11167,2026-03-28,Cash on Delivery,Hyderabad
MAR_005894,CUST_00147,Headphones,3,24128,2026-03-22,UPI,Mumbai
MAR_005895,CUST_00009,Keyboard,2,22800,2026-03-11,Debit Card,Bangalore
MAR_005896,CUST_04373,Smartphone,5,35741,2026-03-16,Credit Card,Pune
MAR_005897,CUST_02812,Smartwatch,2,23526,2026-03-29,Debit Card,Mumbai
MAR_005898,CUST_02779,Mouse,5,42399,2026-03-05,Credit Card,Bangalore
MAR_005899,CUST_03220,Smartphone,2,41885,2026-03-17,Cash on Delivery,Hyderabad
MAR_005900,CUST_03828,Monitor,3,40582,2026-03-01,Cash on Delivery,Mumbai
MAR_005901,CUST_01653,Laptop,5,9177,2026-03-14,UPI,Bangalore
MAR_005902,CUST_01664,Smartphone,3,1809,2026-03-01,Debit Card,Delhi
MAR_005903,CUST_02427,Mouse,3,12269,2026-03-28,Credit Card,Chennai
MAR_005904,CUST_03991,Smartwatch,5,28151,2026-03-14,Cash on Delivery,Mumbai
MAR_005905,CUST_02729,Monitor,3,1772,2026-03-28,Credit Card,Pune
MAR_005906,CUST_04312,Tablet,1,31921,2026-03-14,Cash on Delivery,Delhi
MAR_005907,CUST_00985,Headphones,3,37861,2026-03-01,Debit Card,Hyderabad
MAR_005908,CUST_00163,Tablet,1,8861,2026-03-03,Credit Card,Chennai
MAR_005909,CUST_00649,Keyboard,4,44627,2026-03-03,Debit Card,Delhi
MAR_005910,CUST_01157,Smartphone,5,32571,2026-03-03,Cash on Delivery,Mumbai
MAR_005911,CUST_00781,Monitor,5,23919,2026-03-20,Credit Card,Mumbai
MAR_005912,CUST_03650,Tablet,3,32042,2026-03-06,Cash on Delivery,Hyderabad
MAR_005913,CUST_02084,Monitor,2,5916,2026-03-26,UPI,Delhi
MAR_005914,CUST_00898,Headphones,1,11594,2026-03-25,UPI,Delhi
MAR_005915,CUST_03071,Keyboard,5,24080,2026-03-19,Credit Card,Pune
MAR_005916,CUST_00250,Smartwatch,3,12754,2026-03-18,Debit Card,Chennai
MAR_005917,CUST_02809,Mouse,4,30189,2026-03-09,Credit Card,Mumbai
MAR_005918,CUST_00711,Laptop,3,27481,2026-03-25,UPI,Mumbai
MAR_005919,CUST_03812,Monitor,2,40180,2026-03-23,Cash on Delivery,Chennai
MAR_005920,CUST_01718,Smartwatch,5,6938,2026-03-09,UPI,Hyderabad
MAR_005921,CUST_04317,Smartwatch,2,28419,2026-03-26,UPI,Delhi
MAR_005922,CUST_04892,Laptop,4,11936,2026-03-28,Cash on Delivery,Chennai
MAR_005923,CUST_00815,Smartphone,5,9793,2026-03-06,Debit Card,Delhi
MAR_005924,CUST_03656,Mouse,4,17305,2026-03-16,Debit Card,Hyderabad
MAR_005925,CUST_03192,Mouse,2,7070,2026-03-29,UPI,Delhi
MAR_005926,CUST_00199,Smartphone,1,49651,2026-03-11,Cash on Delivery,Pune
MAR_005927,CUST_02165,Tablet,2,14602,2026-03-26,Cash on Delivery,Delhi
MAR_005928,CUST_00561,Headphones,4,19005,2026-03-19,Cash on Delivery,Hyderabad
MAR_005929,CUST_02747,Smartwatch,5,12972,2026-03-20,UPI,Delhi
MAR_005930,CUST_00397,Keyboard,4,8574,2026-03-05,Debit Card,Delhi
MAR_005931,CUST_03939,Headphones,1,4266,2026-03-07,Credit Card,Delhi
MAR_005932,CUST_04041,Headphones,5,39824,2026-03-19,UPI,Pune
MAR_005933,CUST_04508,Laptop,4,40404,2026-03-18,Debit Card,Hyderabad
MAR_005934,CUST_00965,Keyboard,1,29562,2026-03-19,Cash on Delivery,Bangalore
MAR_005935,CUST_01820,Keyboard,2,26597,2026-03-02,Debit Card,Chennai
MAR_005936,CUST_00287,Mouse,1,35501,2026-03-16,Credit Card,Pune
MAR_005937,CUST_04902,Laptop,1,24903,2026-03-10,Cash on Delivery,Pune
MAR_005938,CUST_04951,Smartwatch,4,41337,2026-03-13,Credit Card,Chennai
MAR_005939,CUST_01343,Laptop,4,16826,2026-03-16,Credit Card,Chennai
MAR_005940,CUST_01056,Headphones,2,39840,2026-03-01,Debit Card,Pune
MAR_005941,CUST_02214,Tablet,5,5686,2026-03-03,UPI,Delhi
MAR_005942,CUST_03316,Tablet,2,4188,2026-03-05,UPI,Hyderabad
MAR_005943,CUST_04124,Headphones,4,17211,2026-03-15,Debit Card,Chennai
MAR_005944,CUST_04272,Keyboard,1,16089,2026-03-07,UPI,Pune
MAR_005945,CUST_00907,Smartwatch,1,6616,2026-03-29,UPI,Pune
MAR_005946,CUST_04604,Smartphone,5,30609,2026-03-11,Credit Card,Mumbai
MAR_005947,CUST_03520,Headphones,4,10767,2026-03-24,UPI,Delhi
MAR_005948,CUST_00098,Mouse,3,10269,2026-03-28,Credit Card,Mumbai
MAR_005949,CUST_02819,Smartphone,1,48883,2026-03-09,Credit Card,Mumbai
MAR_005950,CUST_00602,Headphones,4,40145,2026-03-21,Cash on Delivery,Bangalore
MAR_005951,CUST_02803,Keyboard,2,22364,2026-03-04,Debit Card,Chennai
MAR_005952,CUST_00434,Smartphone,3,33114,2026-03-02,UPI,Chennai
MAR_005953,CUST_03776,Smartphone,3,27727,2026-03-06,Cash on Delivery,Hyderabad
MAR_005954,CUST_01096,Headphones,1,38310,2026-03-18,Debit Card,Bangalore
MAR_005955,CUST_04022,Smartwatch,2,12242,2026-03-19,Credit Card,Pune
MAR_005956,CUST_00222,Smartphone,1,9988,2026-03-18,UPI,Bangalore
MAR_005957,CUST_04993,Headphones,3,44993,2026-03-21,Credit Card,Chennai
MAR_005958,CUST_03800,Headphones,1,26136,2026-03-02,Cash on Delivery,Delhi
MAR_005959,CUST_00648,Tablet,4,47606,2026-03-16,Credit Card,Pune
MAR_005960,CUST_03056,Smartphone,1,37026,2026-03-29,Debit Card,Hyderabad
MAR_005961,CUST_03865,Smartphone,1,10748,2026-03-08,Debit Card,Chennai
MAR_005962,CUST_02631,Smartphone,5,49116,2026-03-15,Debit Card,Delhi
MAR_005963,CUST_03378,Tablet,1,8511,2026-03-11,Cash on Delivery,Pune
MAR_005964,CUST_01287,Mouse,3,4079,2026-03-12,Debit Card,Hyderabad
MAR_005965,CUST_03849,Tablet,5,43822,2026-03-01,Debit Card,Chennai
MAR_005966,CUST_02033,Monitor,1,6799,2026-03-12,Credit Card,Chennai
MAR_005967,CUST_02749,Smartwatch,1,13649,2026-03-12,UPI,Delhi
MAR_005968,CUST_03062,Tablet,4,40185,2026-03-24,Credit Card,Pune
MAR_005969,CUST_02749,Tablet,3,11289,2026-03-10,Debit Card,Pune
MAR_005970,CUST_04325,Headphones,1,1464,2026-03-15,UPI,Chennai
MAR_005971,CUST_04533,Keyboard,3,7146,2026-03-26,UPI,Pune
MAR_005972,CUST_01622,Tablet,5,25402,2026-03-24,Debit Card,Bangalore
MAR_005973,CUST_00402,Smartphone,4,34112,2026-03-21,Debit Card,Chennai
MAR_005974,CUST_00539,Smartphone,2,38178,2026-03-17,Cash on Delivery,Delhi
MAR_005975,CUST_03625,Smartwatch,2,4185,2026-03-04,Credit Card,Bangalore
MAR_005976,CUST_03529,Mouse,5,27139,2026-03-13,Credit Card,Delhi
MAR_005977,CUST_04696,Monitor,5,34616,2026-03-18,Credit Card,Chennai
MAR_005978,CUST_00155,Monitor,3,36789,2026-03-18,Cash on Delivery,Mumbai
MAR_005979,CUST_02456,Headphones,5,25387,2026-03-09,Debit Card,Delhi
MAR_005980,CUST_02844,Monitor,3,42800,2026-03-04,Cash on Delivery,Mumbai
MAR_005981,CUST_04925,Keyboard,4,40984,2026-03-21,Credit Card,Mumbai
MAR_005982,CUST_00104,Smartwatch,1,2250,2026-03-04,Debit Card,Pune
MAR_005983,CUST_03386,Smartphone,3,19416,2026-03-24,Credit Card,Delhi
MAR_005984,CUST_02743,Laptop,5,32850,2026-03-13,Cash on Delivery,Chennai
MAR_005985,CUST_02342,Keyboard,3,26519,2026-03-05,Debit Card,Delhi
MAR_005986,CUST_03832,Monitor,3,2284,2026-03-26,Cash on Delivery,Bangalore
MAR_005987,CUST_03428,Monitor,2,39922,2026-03-03,Cash on Delivery,Hyderabad
MAR_005988,CUST_04060,Mouse,5,46892,2026-03-06,Debit Card,Mumbai
MAR_005989,CUST_02929,Smartphone,2,21718,2026-03-11,UPI,Hyderabad
MAR_005990,CUST_03677,Tablet,4,36184,2026-03-06,Cash on Delivery,Hyderabad
MAR_005991,CUST_00881,Laptop,1,3932,2026-03-28,Credit Card,Hyderabad
MAR_005992,CUST_01455,Mouse,1,34323,2026-03-14,Cash on Delivery,Delhi
MAR_005993,CUST_02554,Tablet,1,5505,2026-03-13,Cash on Delivery,Delhi
MAR_005994,CUST_02297,Headphones,1,16591,2026-03-04,Credit Card,Bangalore
MAR_005995,CUST_04106,Mouse,5,47652,2026-03-20,Cash on Delivery,Mumbai
MAR_005996,CUST_00446,Smartphone,1,6511,2026-03-25,Credit Card,Mumbai
MAR_005997,CUST_04858,Headphones,3,3077,2026-03-19,Cash on Delivery,Pune
MAR_005998,CUST_04101,Keyboard,4,48403,2026-03-26,Cash on Delivery,Pune
MAR_005999,CUST_04641,Smartwatch,4,10085,2026-03-15,Credit Card,Pune
MAR_006000,CUST_04678,Headphones,5,28884,2026-03-05,UPI,Pune
MAR_006001,CUST_00059,Headphones,5,43719,2026-03-11,Credit Card,Pune
MAR_006002,CUST_01036,Smartwatch,3,41233,2026-03-28,Cash on Delivery,Delhi
MAR_006003,CUST_02476,Smartwatch,5,7514,2026-03-16,Credit Card,Mumbai
MAR_006004,CUST_03419,Smartwatch,5,48085,2026-03-25,Debit Card,Bangalore
MAR_006005,CUST_01010,Tablet,3,22100,2026-03-02,Credit Card,Bangalore
MAR_006006,CUST_00074,Smartphone,2,18582,2026-03-28,Credit Card,Hyderabad
MAR_006007,CUST_03418,Laptop,2,7790,2026-03-19,Credit Card,Hyderabad
MAR_006008,CUST_04330,Laptop,5,15209,2026-03-24,Debit Card,Chennai
MAR_006009,CUST_02811,Keyboard,5,20014,2026-03-31,Cash on Delivery,Mumbai
MAR_006010,CUST_02741,Smartwatch,3,11955,2026-03-12,Credit Card,Delhi
MAR_006011,CUST_04168,Monitor,4,14883,2026-03-25,UPI,Hyderabad
MAR_006012,CUST_04136,Smartphone,5,26401,2026-03-25,Debit Card,Mumbai
MAR_006013,CUST_04359,Tablet,4,23257,2026-03-22,UPI,Hyderabad
MAR_006014,CUST_01071,Headphones,2,26970,2026-03-18,Debit Card,Bangalore
MAR_006015,CUST_02169,Headphones,4,47438,2026-03-24,Cash on Delivery,Mumbai
MAR_006016,CUST_01463,Headphones,2,34692,2026-03-29,UPI,Bangalore
MAR_006017,CUST_04942,Smartwatch,1,2978,2026-03-12,UPI,Hyderabad
MAR_006018,CUST_01841,Smartwatch,4,9233,2026-03-06,Cash on Delivery,Delhi
MAR_006019,CUST_00878,Headphones,1,2627,2026-03-17,Cash on Delivery,Bangalore
MAR_006020,CUST_02218,Headphones,3,18285,2026-03-10,Debit Card,Bangalore
MAR_006021,CUST_02322,Keyboard,4,41184,2026-03-27,Credit Card,Pune
MAR_006022,CUST_01760,Monitor,5,3647,2026-03-03,UPI,Mumbai
MAR_006023,CUST_01705,Monitor,1,5744,2026-03-05,Cash on Delivery,Delhi
MAR_006024,CUST_03374,Monitor,1,45500,2026-03-30,Credit Card,Pune
MAR_006025,CUST_04035,Keyboard,4,26241,2026-03-18,Debit Card,Delhi
MAR_006026,CUST_02168,Smartphone,5,20770,2026-03-23,Cash on Delivery,Chennai
MAR_006027,CUST_04675,Smartphone,1,2649,2026-03-12,Credit Card,Mumbai
MAR_006028,CUST_01789,Laptop,5,20960,2026-03-25,UPI,Delhi
MAR_006029,CUST_01203,Smartwatch,2,492,2026-03-11,Credit Card,Mumbai
MAR_006030,CUST_01385,Laptop,4,1501,2026-03-05,Debit Card,Chennai
MAR_006031,CUST_01630,Monitor,2,49434,2026-03-04,UPI,Chennai
MAR_006032,CUST_01895,Monitor,4,468,2026-03-06,UPI,Chennai
MAR_006033,CUST_02202,Laptop,4,11967,2026-03-10,Debit Card,Delhi
MAR_006034,CUST_04155,Headphones,5,43404,2026-03-17,Cash on Delivery,Mumbai
MAR_006035,CUST_02655,Keyboard,3,31657,2026-03-05,Cash on Delivery,Hyderabad
MAR_006036,CUST_02074,Smartwatch,1,12682,2026-03-03,UPI,Hyderabad
MAR_006037,CUST_04902,Mouse,4,48176,2026-03-07,Credit Card,Chennai
MAR_006038,CUST_03988,Tablet,3,6248,2026-03-07,UPI,Chennai
MAR_006039,CUST_01881,Smartphone,1,1686,2026-03-14,Debit Card,Pune
MAR_006040,CUST_02156,Smartphone,4,27412,2026-03-29,Cash on Delivery,Pune
MAR_006041,CUST_01014,Mouse,3,39375,2026-03-19,Debit Card,Bangalore
MAR_006042,CUST_04789,Tablet,3,11540,2026-03-23,Cash on Delivery,Chennai
MAR_006043,CUST_02667,Laptop,1,31972,2026-03-03,Credit Card,Chennai
MAR_006044,CUST_03663,Keyboard,1,2582,2026-03-03,Cash on Delivery,Delhi
MAR_006045,CUST_04331,Keyboard,5,24074,2026-03-31,UPI,Bangalore
MAR_006046,CUST_01898,Tablet,3,15809,2026-03-19,Cash on Delivery,Delhi
MAR_006047,CUST_02021,Smartphone,4,13510,2026-03-28,Cash on Delivery,Chennai
MAR_006048,CUST_02533,Smartwatch,1,46073,2026-03-01,UPI,Pune
MAR_006049,CUST_02128,Monitor,3,10891,2026-03-29,Cash on Delivery,Chennai
MAR_006050,CUST_04036,Smartphone,5,2900,2026-03-21,UPI,Mumbai
MAR_006051,CUST_03614,Headphones,2,39040,2026-03-22,Debit Card,Bangalore
MAR_006052,CUST_02208,Keyboard,5,32360,2026-03-28,Cash on Delivery,Delhi
MAR_006053,CUST_02785,Monitor,5,11023,2026-03-02,UPI,Pune
MAR_006054,CUST_03243,Mouse,3,46614,2026-03-13,Cash on Delivery,Pune
MAR_006055,CUST_02005,Tablet,1,5870,2026-03-16,Cash on Delivery,Mumbai
MAR_006056,CUST_01346,Laptop,2,24948,2026-03-31,Debit Card,Hyderabad
MAR_006057,CUST_03144,Headphones,3,29233,2026-03-16,Cash on Delivery,Chennai
MAR_006058,CUST_03967,Laptop,3,46430,2026-03-06,Debit Card,Hyderabad
MAR_006059,CUST_00920,Smartwatch,2,19948,2026-03-29,Credit Card,Pune
MAR_006060,CUST_00150,Monitor,2,18291,2026-03-18,Debit Card,Bangalore
MAR_006061,CUST_02520,Headphones,4,3814,2026-03-23,Credit Card,Mumbai
MAR_006062,CUST_00386,Tablet,1,46564,2026-03-24,Credit Card,Delhi
MAR_006063,CUST_00580,Mouse,3,44250,2026-03-02,Debit Card,Mumbai
MAR_006064,CUST_03085,Tablet,3,22362,2026-03-23,Credit Card,Chennai
MAR_006065,CUST_03155,Smartphone,3,29110,2026-03-02,UPI,Delhi
MAR_006066,CUST_03694,Mouse,3,6073,2026-03-21,Cash on Delivery,Mumbai
MAR_006067,CUST_03422,Mouse,5,45589,2026-03-13,Credit Card,Chennai
MAR_006068,CUST_02708,Monitor,3,4147,2026-03-19,Debit Card,Delhi
MAR_006069,CUST_00890,Headphones,1,14497,2026-03-11,UPI,Mumbai
MAR_006070,CUST_04774,Tablet,3,15290,2026-03-18,Debit Card,Mumbai
MAR_006071,CUST_00578,Keyboard,2,41847,2026-03-30,Debit Card,Mumbai
MAR_006072,CUST_03086,Keyboard,1,22301,2026-03-01,Cash on Delivery,Delhi
MAR_006073,CUST_03738,Mouse,2,6292,2026-03-02,Credit Card,Pune
MAR_006074,CUST_03969,Headphones,5,33685,2026-03-06,UPI,Chennai
MAR_006075,CUST_02541,Headphones,3,42387,2026-03-14,Credit Card,Delhi
MAR_006076,CUST_04900,Mouse,5,29205,2026-03-01,Debit Card,Delhi
MAR_006077,CUST_01621,Tablet,3,3595,2026-03-07,Debit Card,Chennai
MAR_006078,CUST_02490,Tablet,3,48852,2026-03-22,Cash on Delivery,Chennai
MAR_006079,CUST_03708,Laptop,4,35147,2026-03-08,UPI,Pune
MAR_006080,CUST_02573,Tablet,2,13347,2026-03-04,Credit Card,Mumbai
MAR_006081,CUST_00863,Smartwatch,5,24647,2026-03-26,Credit Card,Mumbai
MAR_006082,CUST_04393,Smartwatch,5,29443,2026-03-05,Debit Card,Mumbai
MAR_006083,CUST_03588,Monitor,4,9789,2026-03-09,Debit Card,Bangalore
MAR_006084,CUST_00829,Monitor,5,9594,2026-03-16,UPI,Hyderabad
MAR_006085,CUST_01616,Keyboard,2,20038,2026-03-08,UPI,Chennai
MAR_006086,CUST_01444,Smartphone,2,32575,2026-03-28,Cash on Delivery,Delhi
MAR_006087,CUST_04228,Smartphone,1,7961,2026-03-31,UPI,Delhi
MAR_006088,CUST_04128,Headphones,4,5535,2026-03-12,Credit Card,Chennai
MAR_006089,CUST_04210,Smartphone,3,32085,2026-03-25,UPI,Pune
MAR_006090,CUST_04689,Smartwatch,2,4548,2026-03-20,Credit Card,Chennai
MAR_006091,CUST_00480,Monitor,2,28706,2026-03-15,Cash on Delivery,Pune
MAR_006092,CUST_02461,Monitor,5,44152,2026-03-30,Credit Card,Hyderabad
MAR_006093,CUST_03579,Keyboard,4,5284,2026-03-18,UPI,Mumbai
MAR_006094,CUST_02538,Laptop,3,8257,2026-03-31,Debit Card,Hyderabad
MAR_006095,CUST_03501,Tablet,5,26675,2026-03-08,Cash on Delivery,Mumbai
MAR_006096,CUST_00839,Tablet,4,27853,2026-03-01,UPI,Hyderabad
MAR_006097,CUST_01865,Headphones,3,4804,2026-03-03,Debit Card,Pune
MAR_006098,CUST_00370,Mouse,5,3448,2026-03-24,Cash on Delivery,Mumbai
MAR_006099,CUST_01670,Monitor,4,43876,2026-03-27,UPI,Chennai
MAR_006100,CUST_01457,Laptop,1,38444,2026-03-24,Cash on Delivery,Mumbai
MAR_006101,CUST_00622,Headphones,1,23806,2026-03-01,Cash on Delivery,Hyderabad
MAR_006102,CUST_02856,Tablet,2,30021,2026-03-22,Credit Card,Pune
MAR_006103,CUST_01941,Tablet,2,19093,2026-03-23,Credit Card,Hyderabad
MAR_006104,CUST_00024,Headphones,1,5132,2026-03-03,Credit Card,Delhi
MAR_006105,CUST_02524,Smartwatch,4,31067,2026-03-23,Cash on Delivery,Pune
MAR_006106,CUST_03429,Monitor,4,30332,2026-03-20,Debit Card,Hyderabad
MAR_006107,CUST_00712,Monitor,1,11071,2026-03-06,Credit Card,Chennai
MAR_006108,CUST_02558,Monitor,5,39917,2026-03-21,Debit Card,Hyderabad
MAR_006109,CUST_04708,Monitor,1,24993,2026-03-11,Cash on Delivery,Delhi
MAR_006110,CUST_04531,Laptop,1,46896,2026-03-02,UPI,Mumbai
MAR_006111,CUST_01619,Smartwatch,2,48785,2026-03-23,UPI,Pune
MAR_006112,CUST_03177,Monitor,4,34531,2026-03-03,UPI,Delhi
MAR_006113,CUST_04621,Smartphone,5,7131,2026-03-18,Debit Card,Mumbai
MAR_006114,CUST_00509,Keyboard,2,48264,2026-03-17,UPI,Delhi
MAR_006115,CUST_03705,Tablet,4,31182,2026-03-11,Debit Card,Delhi
MAR_006116,CUST_03115,Laptop,5,29175,2026-03-07,UPI,Mumbai
MAR_006117,CUST_00927,Monitor,2,46110,2026-03-15,Debit Card,Hyderabad
MAR_006118,CUST_00123,Mouse,2,45277,2026-03-17,Debit Card,Chennai
MAR_006119,CUST_04134,Smartphone,2,35948,2026-03-12,UPI,Mumbai
MAR_006120,CUST_01886,Smartwatch,3,44077,2026-03-08,UPI,Hyderabad
MAR_006121,CUST_00637,Smartwatch,1,10333,2026-03-20,Cash on Delivery,Chennai
MAR_006122,CUST_00004,Smartphone,5,23334,2026-03-29,Credit Card,Mumbai
MAR_006123,CUST_00552,Mouse,2,17200,2026-03-16,Credit Card,Mumbai
MAR_006124,CUST_04932,Smartphone,3,1806,2026-03-16,Debit Card,Chennai
MAR_006125,CUST_04687,Keyboard,1,2978,2026-03-12,Debit Card,Pune
MAR_006126,CUST_02857,Headphones,4,17525,2026-03-31,Credit Card,Pune
MAR_006127,CUST_04287,Mouse,2,29292,2026-03-14,Cash on Delivery,Bangalore
MAR_006128,CUST_03482,Smartwatch,4,26206,2026-03-13,Cash on Delivery,Chennai
MAR_006129,CUST_00485,Smartphone,3,18863,2026-03-25,UPI,Pune
MAR_006130,CUST_03969,Monitor,2,45059,2026-03-30,UPI,Chennai
MAR_006131,CUST_01150,Laptop,1,11560,2026-03-17,Cash on Delivery,Bangalore
MAR_006132,CUST_02665,Mouse,1,30337,2026-03-28,Debit Card,Pune
MAR_006133,CUST_03067,Headphones,4,12266,2026-03-02,Credit Card,Bangalore
MAR_006134,CUST_01114,Keyboard,5,44158,2026-03-08,UPI,Hyderabad
MAR_006135,CUST_02903,Keyboard,3,7490,2026-03-28,Credit Card,Mumbai
MAR_006136,CUST_00931,Keyboard,5,33749,2026-03-28,Cash on Delivery,Pune
MAR_006137,CUST_03085,Mouse,1,40147,2026-03-04,Credit Card,Hyderabad
MAR_006138,CUST_04711,Monitor,2,1436,2026-03-05,Cash on Delivery,Mumbai
MAR_006139,CUST_03773,Smartwatch,1,7747,2026-03-11,Debit Card,Chennai
MAR_006140,CUST_00380,Mouse,5,23066,2026-03-12,Debit Card,Hyderabad
MAR_006141,CUST_03756,Laptop,2,28140,2026-03-01,Debit Card,Hyderabad
MAR_006142,CUST_01533,Monitor,3,3812,2026-03-29,Credit Card,Bangalore
MAR_006143,CUST_01427,Monitor,1,39444,2026-03-12,UPI,Delhi
MAR_006144,CUST_04625,Keyboard,1,43436,2026-03-16,UPI,Hyderabad
MAR_006145,CUST_04009,Laptop,5,30852,2026-03-24,Cash on Delivery,Bangalore
MAR_006146,CUST_04135,Mouse,4,13044,2026-03-20,Cash on Delivery,Bangalore
MAR_006147,CUST_02150,Headphones,1,17697,2026-03-20,UPI,Hyderabad
MAR_006148,CUST_04472,Laptop,2,12271,2026-03-17,Debit Card,Hyderabad
MAR_006149,CUST_03878,Keyboard,5,15767,2026-03-13,Debit Card,Pune
MAR_006150,CUST_04042,Smartwatch,4,36459,2026-03-25,UPI,Mumbai
MAR_006151,CUST_04336,Monitor,4,17780,2026-03-16,Cash on Delivery,Bangalore
MAR_006152,CUST_00346,Smartwatch,5,34915,2026-03-11,UPI,Mumbai
MAR_006153,CUST_02151,Monitor,3,9437,2026-03-11,Debit Card,Hyderabad
MAR_006154,CUST_00183,Monitor,3,32048,2026-03-05,UPI,Bangalore
MAR_006155,CUST_00572,Headphones,1,6812,2026-03-17,Credit Card,Chennai
MAR_006156,CUST_03643,Mouse,1,14217,2026-03-09,Cash on Delivery,Delhi
MAR_006157,CUST_00667,Mouse,3,2210,2026-03-25,UPI,Mumbai
MAR_006158,CUST_01251,Headphones,1,11031,2026-03-14,Cash on Delivery,Pune
MAR_006159,CUST_00617,Mouse,4,7003,2026-03-02,Debit Card,Bangalore
MAR_006160,CUST_00633,Smartphone,5,28218,2026-03-14,UPI,Hyderabad
MAR_006161,CUST_02985,Mouse,1,40045,2026-03-12,Debit Card,Hyderabad
MAR_006162,CUST_03621,Smartwatch,1,44326,2026-03-17,Cash on Delivery,Delhi
MAR_006163,CUST_01511,Smartwatch,2,16859,2026-03-18,UPI,Mumbai
MAR_006164,CUST_04310,Mouse,4,22121,2026-03-14,Cash on Delivery,Hyderabad
MAR_006165,CUST_01961,Smartwatch,4,35199,2026-03-29,Credit Card,Mumbai
MAR_006166,CUST_03457,Keyboard,1,43684,2026-03-23,Credit Card,Bangalore
MAR_006167,CUST_00537,Monitor,3,23856,2026-03-06,Debit Card,Hyderabad
MAR_006168,CUST_04116,Smartwatch,4,40959,2026-03-24,UPI,Mumbai
MAR_006169,CUST_02957,Headphones,4,23266,2026-03-13,Debit Card,Delhi
MAR_006170,CUST_03963,Keyboard,4,16522,2026-03-05,Credit Card,Hyderabad
MAR_006171,CUST_00869,Laptop,2,39636,2026-03-15,Cash on Delivery,Delhi
MAR_006172,CUST_04863,Smartphone,2,7333,2026-03-06,Debit Card,Delhi
MAR_006173,CUST_04830,Mouse,2,39447,2026-03-01,Cash on Delivery,Hyderabad
MAR_006174,CUST_00892,Headphones,2,39518,2026-03-06,Credit Card,Mumbai
MAR_006175,CUST_01849,Monitor,1,33040,2026-03-21,Debit Card,Delhi
MAR_006176,CUST_00966,Smartwatch,2,35666,2026-03-19,UPI,Hyderabad
MAR_006177,CUST_01410,Keyboard,1,45235,2026-03-25,UPI,Delhi
MAR_006178,CUST_01254,Keyboard,1,1744,2026-03-08,UPI,Bangalore
MAR_006179,CUST_03382,Tablet,5,43242,2026-03-03,UPI,Hyderabad
MAR_006180,CUST_02438,Monitor,3,24974,2026-03-24,Cash on Delivery,Delhi
MAR_006181,CUST_04670,Smartwatch,4,43249,2026-03-18,Credit Card,Mumbai
MAR_006182,CUST_03864,Smartwatch,5,12017,2026-03-18,Credit Card,Chennai
MAR_006183,CUST_04747,Laptop,4,31232,2026-03-30,Cash on Delivery,Delhi
MAR_006184,CUST_03388,Smartphone,1,9913,2026-03-18,Credit Card,Hyderabad
MAR_006185,CUST_00893,Headphones,4,37996,2026-03-05,Debit Card,Pune
MAR_006186,CUST_02839,Smartphone,3,28760,2026-03-12,UPI,Mumbai
MAR_006187,CUST_03846,Monitor,4,45078,2026-03-04,Cash on Delivery,Hyderabad
MAR_006188,CUST_04933,Smartwatch,2,29423,2026-03-02,Debit Card,Chennai
MAR_006189,CUST_02754,Headphones,4,44837,2026-03-23,UPI,Delhi
MAR_006190,CUST_01069,Smartphone,5,39327,2026-03-25,UPI,Chennai
MAR_006191,CUST_04206,Laptop,4,1766,2026-03-20,UPI,Delhi
MAR_006192,CUST_04314,Monitor,4,2822,2026-03-22,UPI,Bangalore
MAR_006193,CUST_03519,Tablet,4,19140,2026-03-18,Credit Card,Hyderabad
MAR_006194,CUST_00418,Monitor,5,1327,2026-03-31,Credit Card,Delhi
MAR_006195,CUST_02644,Tablet,2,41670,2026-03-01,UPI,Chennai
MAR_006196,CUST_04073,Monitor,3,12493,2026-03-11,Credit Card,Bangalore
MAR_006197,CUST_02178,Tablet,1,22496,2026-03-27,Credit Card,Bangalore
MAR_006198,CUST_03009,Laptop,5,35292,2026-03-15,Credit Card,Hyderabad
MAR_006199,CUST_01174,Mouse,5,41386,2026-03-14,Cash on Delivery,Bangalore
MAR_006200,CUST_01505,Smartphone,2,2934,2026-03-21,Cash on Delivery,Hyderabad
MAR_006201,CUST_01289,Smartphone,5,21660,2026-03-12,UPI,Delhi
MAR_006202,CUST_04838,Monitor,5,26778,2026-03-15,Cash on Delivery,Chennai
MAR_006203,CUST_02621,Smartwatch,3,39031,2026-03-01,Credit Card,Hyderabad
MAR_006204,CUST_04995,Monitor,3,29555,2026-03-02,UPI,Bangalore
MAR_006205,CUST_01721,Smartwatch,5,9550,2026-03-25,Credit Card,Pune
MAR_006206,CUST_04913,Monitor,2,25343,2026-03-24,Credit Card,Delhi
MAR_006207,CUST_04432,Laptop,2,49062,2026-03-05,UPI,Bangalore
MAR_006208,CUST_01588,Keyboard,5,4324,2026-03-03,Debit Card,Delhi
MAR_006209,CUST_03624,Monitor,3,17148,2026-03-03,UPI,Chennai
MAR_006210,CUST_02291,Tablet,1,8124,2026-03-12,Debit Card,Bangalore
MAR_006211,CUST_01241,Keyboard,1,24260,2026-03-02,Cash on Delivery,Bangalore
MAR_006212,CUST_02193,Mouse,4,30300,2026-03-28,Credit Card,Chennai
MAR_006213,CUST_04549,Laptop,3,47999,2026-03-04,Debit Card,Delhi
MAR_006214,CUST_04883,Laptop,4,3262,2026-03-05,Credit Card,Chennai
MAR_006215,CUST_02162,Headphones,5,8595,2026-03-30,Cash on Delivery,Hyderabad
MAR_006216,CUST_01657,Laptop,2,30300,2026-03-26,Cash on Delivery,Delhi
MAR_006217,CUST_00064,Mouse,5,12977,2026-03-13,Cash on Delivery,Hyderabad
MAR_006218,CUST_01527,Smartphone,3,3868,2026-03-23,UPI,Pune
MAR_006219,CUST_03534,Mouse,1,41336,2026-03-07,UPI,Chennai
MAR_006220,CUST_00362,Laptop,4,20491,2026-03-28,Credit Card,Mumbai
MAR_006221,CUST_04867,Keyboard,2,11314,2026-03-27,Credit Card,Mumbai
MAR_006222,CUST_00972,Mouse,1,29163,2026-03-28,Debit Card,Bangalore
MAR_006223,CUST_01328,Keyboard,3,7128,2026-03-13,Cash on Delivery,Chennai
MAR_006224,CUST_02883,Smartphone,4,8515,2026-03-22,Cash on Delivery,Chennai
MAR_006225,CUST_03694,Keyboard,3,19864,2026-03-28,Debit Card,Bangalore
MAR_006226,CUST_02488,Laptop,5,31575,2026-03-28,Credit Card,Hyderabad
MAR_006227,CUST_02158,Mouse,1,22017,2026-03-01,Credit Card,Chennai
MAR_006228,CUST_00985,Laptop,1,31658,2026-03-25,Cash on Delivery,Bangalore
MAR_006229,CUST_02607,Keyboard,3,14978,2026-03-15,Debit Card,Mumbai
MAR_006230,CUST_02876,Mouse,3,49086,2026-03-15,UPI,Chennai
MAR_006231,CUST_00746,Laptop,3,4046,2026-03-27,Cash on Delivery,Bangalore
MAR_006232,CUST_00084,Laptop,1,2820,2026-03-06,UPI,Mumbai
MAR_006233,CUST_01113,Mouse,4,24838,2026-03-05,Debit Card,Delhi
MAR_006234,CUST_03601,Smartphone,5,14972,2026-03-07,UPI,Hyderabad
MAR_006235,CUST_03145,Laptop,5,32410,2026-03-01,Debit Card,Bangalore
MAR_006236,CUST_01710,Smartphone,2,30963,2026-03-15,Debit Card,Chennai
MAR_006237,CUST_02515,Keyboard,4,49459,2026-03-06,Credit Card,Mumbai
MAR_006238,CUST_03784,Smartphone,3,8804,2026-03-10,Credit Card,Bangalore
MAR_006239,CUST_04923,Smartphone,2,2679,2026-03-12,Cash on Delivery,Bangalore
MAR_006240,CUST_01320,Laptop,5,15784,2026-03-13,Cash on Delivery,Hyderabad
MAR_006241,CUST_00866,Headphones,5,6312,2026-03-22,Debit Card,Bangalore
MAR_006242,CUST_04777,Tablet,5,32019,2026-03-13,Debit Card,Hyderabad
MAR_006243,CUST_01109,Smartwatch,3,22680,2026-03-23,Credit Card,Bangalore
MAR_006244,CUST_01139,Tablet,2,48065,2026-03-27,Cash on Delivery,Hyderabad
MAR_006245,CUST_01597,Monitor,3,22722,2026-03-24,Credit Card,Mumbai
MAR_006246,CUST_03017,Laptop,5,3762,2026-03-06,Debit Card,Hyderabad
MAR_006247,CUST_01876,Tablet,2,12340,2026-03-26,Debit Card,Hyderabad
MAR_006248,CUST_04866,Mouse,3,15764,2026-03-14,Credit Card,Mumbai
MAR_006249,CUST_00091,Mouse,5,38578,2026-03-20,UPI,Chennai
MAR_006250,CUST_02252,Smartphone,5,35414,2026-03-22,Credit Card,Hyderabad
MAR_006251,CUST_01468,Smartwatch,1,48915,2026-03-02,Cash on Delivery,Pune
MAR_006252,CUST_01473,Smartwatch,5,19245,2026-03-22,Debit Card,Hyderabad
MAR_006253,CUST_02668,Mouse,5,40863,2026-03-02,Debit Card,Hyderabad
MAR_006254,CUST_03021,Keyboard,1,49765,2026-03-15,Debit Card,Mumbai
MAR_006255,CUST_03932,Smartwatch,4,48562,2026-03-20,Cash on Delivery,Delhi
MAR_006256,CUST_04992,Smartwatch,5,11795,2026-03-02,Debit Card,Chennai
MAR_006257,CUST_00609,Laptop,1,42048,2026-03-04,Debit Card,Delhi
MAR_006258,CUST_03468,Headphones,3,27481,2026-03-30,UPI,Pune
MAR_006259,CUST_00883,Tablet,4,37602,2026-03-26,Credit Card,Hyderabad
MAR_006260,CUST_01342,Monitor,3,38456,2026-03-09,Debit Card,Chennai
MAR_006261,CUST_01586,Monitor,1,1118,2026-03-31,Credit Card,Chennai
MAR_006262,CUST_01772,Mouse,5,44167,2026-03-30,Debit Card,Delhi
MAR_006263,CUST_02715,Monitor,4,2517,2026-03-03,Credit Card,Delhi
MAR_006264,CUST_04864,Mouse,5,19730,2026-03-05,Cash on Delivery,Chennai
MAR_006265,CUST_00885,Mouse,3,31856,2026-03-24,UPI,Chennai
MAR_006266,CUST_00237,Monitor,2,1469,2026-03-21,Debit Card,Hyderabad
MAR_006267,CUST_02862,Headphones,3,31278,2026-03-14,UPI,Bangalore
MAR_006268,CUST_02977,Headphones,3,31616,2026-03-12,Cash on Delivery,Bangalore
MAR_006269,CUST_00122,Tablet,5,19883,2026-03-26,Debit Card,Bangalore
MAR_006270,CUST_02090,Laptop,1,10580,2026-03-21,Debit Card,Chennai
MAR_006271,CUST_00985,Laptop,2,39243,2026-03-16,Cash on Delivery,Chennai
MAR_006272,CUST_04202,Tablet,5,2366,2026-03-24,Credit Card,Pune
MAR_006273,CUST_04948,Laptop,1,3522,2026-03-01,Cash on Delivery,Hyderabad
MAR_006274,CUST_01766,Laptop,3,4390,2026-03-23,Cash on Delivery,Pune
MAR_006275,CUST_03835,Tablet,2,17008,2026-03-06,UPI,Chennai
MAR_006276,CUST_04110,Monitor,2,42704,2026-03-19,Credit Card,Mumbai
MAR_006277,CUST_00209,Smartphone,3,47395,2026-03-26,Debit Card,Chennai
MAR_006278,CUST_00725,Keyboard,2,5320,2026-03-15,UPI,Hyderabad
MAR_006279,CUST_01668,Tablet,4,36723,2026-03-01,Credit Card,Delhi
MAR_006280,CUST_01667,Laptop,5,7406,2026-03-15,Credit Card,Chennai
MAR_006281,CUST_02435,Keyboard,4,36199,2026-03-13,UPI,Delhi
MAR_006282,CUST_04859,Keyboard,2,14773,2026-03-12,Debit Card,Hyderabad
MAR_006283,CUST_01196,Laptop,1,37942,2026-03-19,Debit Card,Mumbai
MAR_006284,CUST_00290,Keyboard,5,42530,2026-03-07,UPI,Delhi
MAR_006285,CUST_03811,Monitor,5,12152,2026-03-01,Debit Card,Chennai
MAR_006286,CUST_04317,Smartphone,3,14023,2026-03-03,Cash on Delivery,Mumbai
MAR_006287,CUST_03384,Tablet,4,16396,2026-03-10,Debit Card,Delhi
MAR_006288,CUST_02232,Mouse,1,47178,2026-03-05,UPI,Hyderabad
MAR_006289,CUST_04839,Monitor,1,753,2026-03-05,Credit Card,Pune
MAR_006290,CUST_03777,Headphones,4,28032,2026-03-15,Credit Card,Delhi
MAR_006291,CUST_04196,Monitor,4,49175,2026-03-10,Debit Card,Pune
MAR_006292,CUST_01895,Headphones,2,30868,2026-03-09,Debit Card,Bangalore
MAR_006293,CUST_01065,Smartphone,5,4865,2026-03-02,Debit Card,Pune
MAR_006294,CUST_04909,Smartphone,4,33415,2026-03-09,UPI,Delhi
MAR_006295,CUST_00945,Keyboard,5,9979,2026-03-03,UPI,Mumbai
MAR_006296,CUST_00511,Smartphone,5,17900,2026-03-26,Cash on Delivery,Pune
MAR_006297,CUST_04794,Smartwatch,1,26488,2026-03-25,Credit Card,Bangalore
MAR_006298,CUST_02137,Smartphone,5,12660,2026-03-04,Debit Card,Pune
MAR_006299,CUST_01537,Smartphone,5,37984,2026-03-12,Cash on Delivery,Pune
MAR_006300,CUST_00911,Smartphone,2,2080,2026-03-27,Debit Card,Pune
MAR_006301,CUST_04745,Laptop,4,37296,2026-03-18,UPI,Chennai
MAR_006302,CUST_00346,Tablet,1,28283,2026-03-25,Credit Card,Delhi
MAR_006303,CUST_01276,Smartwatch,4,28986,2026-03-07,Debit Card,Hyderabad
MAR_006304,CUST_00102,Laptop,4,47126,2026-03-28,Credit Card,Hyderabad
MAR_006305,CUST_02243,Headphones,4,3160,2026-03-22,Credit Card,Delhi
MAR_006306,CUST_00752,Tablet,5,45940,2026-03-07,Cash on Delivery,Bangalore
MAR_006307,CUST_01512,Monitor,5,27857,2026-03-07,Debit Card,Bangalore
MAR_006308,CUST_01405,Monitor,1,34983,2026-03-05,Cash on Delivery,Chennai
MAR_006309,CUST_00243,Smartphone,3,43535,2026-03-21,Credit Card,Chennai
MAR_006310,CUST_03209,Laptop,3,36140,2026-03-27,Credit Card,Hyderabad
MAR_006311,CUST_02876,Headphones,5,17987,2026-03-14,Cash on Delivery,Mumbai
MAR_006312,CUST_02012,Keyboard,1,42895,2026-03-07,Cash on Delivery,Delhi
MAR_006313,CUST_01126,Monitor,1,18742,2026-03-22,UPI,Hyderabad
MAR_006314,CUST_04983,Keyboard,1,46032,2026-03-27,Cash on Delivery,Chennai
MAR_006315,CUST_01782,Laptop,5,32251,2026-03-26,Debit Card,Bangalore
MAR_006316,CUST_01604,Headphones,2,5408,2026-03-28,Debit Card,Bangalore
MAR_006317,CUST_01921,Tablet,1,34802,2026-03-13,UPI,Hyderabad
MAR_006318,CUST_01553,Headphones,1,45838,2026-03-22,Cash on Delivery,Hyderabad
MAR_006319,CUST_01956,Tablet,2,38920,2026-03-19,UPI,Hyderabad
MAR_006320,CUST_02297,Smartphone,1,46224,2026-03-10,Debit Card,Hyderabad
MAR_006321,CUST_02850,Laptop,3,14763,2026-03-19,Debit Card,Delhi
MAR_006322,CUST_01357,Laptop,5,31318,2026-03-30,Cash on Delivery,Pune
MAR_006323,CUST_01518,Laptop,4,15807,2026-03-28,UPI,Pune
MAR_006324,CUST_03589,Headphones,2,25723,2026-03-26,UPI,Pune
MAR_006325,CUST_02358,Tablet,1,43614,2026-03-05,Cash on Delivery,Chennai
MAR_006326,CUST_01309,Keyboard,3,30318,2026-03-23,UPI,Bangalore
MAR_006327,CUST_02602,Mouse,4,8288,2026-03-31,Debit Card,Delhi
MAR_006328,CUST_01972,Monitor,5,42966,2026-03-28,Cash on Delivery,Hyderabad
MAR_006329,CUST_02079,Keyboard,2,18515,2026-03-02,Debit Card,Chennai
MAR_006330,CUST_04077,Laptop,4,41011,2026-03-17,Debit Card,Hyderabad
MAR_006331,CUST_04977,Smartwatch,1,21614,2026-03-21,Cash on Delivery,Chennai
MAR_006332,CUST_03285,Headphones,5,38504,2026-03-10,UPI,Hyderabad
MAR_006333,CUST_01574,Keyboard,3,17181,2026-03-07,UPI,Chennai
MAR_006334,CUST_02377,Mouse,4,35406,2026-03-22,Credit Card,Hyderabad
MAR_006335,CUST_03306,Smartwatch,2,40865,2026-03-24,UPI,Chennai
MAR_006336,CUST_04435,Tablet,4,11223,2026-03-09,Credit Card,Delhi
MAR_006337,CUST_01942,Smartwatch,3,41500,2026-03-17,Debit Card,Delhi
MAR_006338,CUST_01678,Headphones,2,7451,2026-03-01,Credit Card,Delhi
MAR_006339,CUST_01370,Smartwatch,3,20338,2026-03-28,UPI,Pune
MAR_006340,CUST_02895,Smartwatch,5,5915,2026-03-10,Cash on Delivery,Bangalore
MAR_006341,CUST_01348,Laptop,3,22732,2026-03-05,Cash on Delivery,Mumbai
MAR_006342,CUST_00588,Keyboard,4,41712,2026-03-27,UPI,Delhi
MAR_006343,CUST_04945,Keyboard,1,30186,2026-03-15,Credit Card,Chennai
MAR_006344,CUST_01868,Headphones,2,48618,2026-03-05,UPI,Pune
MAR_006345,CUST_04032,Monitor,4,34622,2026-03-09,Cash on Delivery,Delhi
MAR_006346,CUST_01144,Smartphone,4,45953,2026-03-10,Credit Card,Pune
MAR_006347,CUST_01938,Tablet,2,19114,2026-03-08,Cash on Delivery,Bangalore
MAR_006348,CUST_02170,Monitor,3,47906,2026-03-31,Credit Card,Hyderabad
MAR_006349,CUST_00415,Tablet,5,6275,2026-03-15,Debit Card,Chennai
MAR_006350,CUST_01612,Keyboard,1,7871,2026-03-12,UPI,Bangalore
MAR_006351,CUST_02722,Smartwatch,4,19299,2026-03-23,Debit Card,Delhi
MAR_006352,CUST_04426,Keyboard,2,688,2026-03-25,Credit Card,Bangalore
MAR_006353,CUST_02342,Headphones,1,6317,2026-03-16,Debit Card,Pune
MAR_006354,CUST_04196,Monitor,2,5937,2026-03-07,UPI,Chennai
MAR_006355,CUST_00114,Tablet,3,17980,2026-03-09,Credit Card,Bangalore
MAR_006356,CUST_02042,Monitor,3,42837,2026-03-04,Cash on Delivery,Pune
MAR_006357,CUST_00759,Keyboard,5,45851,2026-03-06,Cash on Delivery,Delhi
MAR_006358,CUST_02893,Headphones,2,17613,2026-03-20,Debit Card,Bangalore
MAR_006359,CUST_01597,Monitor,4,33978,2026-03-22,UPI,Hyderabad
MAR_006360,CUST_04740,Smartphone,1,40806,2026-03-20,Credit Card,Delhi
MAR_006361,CUST_01256,Mouse,2,6822,2026-03-27,Credit Card,Chennai
MAR_006362,CUST_01582,Monitor,4,11837,2026-03-10,Debit Card,Mumbai
MAR_006363,CUST_02915,Headphones,4,2816,2026-03-25,Cash on Delivery,Hyderabad
MAR_006364,CUST_02606,Tablet,4,24973,2026-03-21,Cash on Delivery,Chennai
MAR_006365,CUST_01617,Mouse,1,38095,2026-03-29,UPI,Hyderabad
MAR_006366,CUST_02814,Monitor,2,29198,2026-03-14,Cash on Delivery,Mumbai
MAR_006367,CUST_04144,Monitor,2,34748,2026-03-28,UPI,Chennai
MAR_006368,CUST_00353,Laptop,1,19446,2026-03-01,Cash on Delivery,Mumbai
MAR_006369,CUST_04357,Monitor,1,38283,2026-03-04,Debit Card,Pune
MAR_006370,CUST_01343,Smartwatch,3,29498,2026-03-20,Debit Card,Delhi
MAR_006371,CUST_01491,Headphones,4,27994,2026-03-11,Credit Card,Delhi
MAR_006372,CUST_00718,Laptop,1,14062,2026-03-16,Debit Card,Hyderabad
MAR_006373,CUST_01681,Mouse,1,27030,2026-03-23,Cash on Delivery,Pune
MAR_006374,CUST_00572,Smartphone,3,1919,2026-03-25,Credit Card,Delhi
MAR_006375,CUST_00650,Tablet,1,9373,2026-03-24,Cash on Delivery,Mumbai
MAR_006376,CUST_03054,Tablet,3,29047,2026-03-24,Credit Card,Delhi
MAR_006377,CUST_01328,Monitor,1,47579,2026-03-25,Credit Card,Bangalore
MAR_006378,CUST_00056,Tablet,5,30739,2026-03-01,Credit Card,Delhi
MAR_006379,CUST_02646,Mouse,5,11570,2026-03-31,Debit Card,Mumbai
MAR_006380,CUST_03703,Tablet,2,40621,2026-03-22,Cash on Delivery,Delhi
MAR_006381,CUST_03344,Keyboard,4,45358,2026-03-08,Cash on Delivery,Bangalore
MAR_006382,CUST_03863,Mouse,5,33421,2026-03-11,Cash on Delivery,Mumbai
MAR_006383,CUST_03177,Tablet,3,25634,2026-03-06,UPI,Delhi
MAR_006384,CUST_03597,Smartwatch,1,1866,2026-03-19,UPI,Bangalore
MAR_006385,CUST_04283,Smartwatch,3,41349,2026-03-10,Cash on Delivery,Hyderabad
MAR_006386,CUST_01056,Mouse,1,39550,2026-03-21,Credit Card,Hyderabad
MAR_006387,CUST_03005,Monitor,1,37571,2026-03-08,Debit Card,Mumbai
MAR_006388,CUST_04633,Headphones,2,4079,2026-03-08,Credit Card,Chennai
MAR_006389,CUST_00720,Mouse,5,5944,2026-03-06,Cash on Delivery,Chennai
MAR_006390,CUST_03672,Headphones,4,47326,2026-03-31,Credit Card,Hyderabad
MAR_006391,CUST_00290,Laptop,1,25468,2026-03-11,Credit Card,Chennai
MAR_006392,CUST_03797,Laptop,1,12346,2026-03-06,Debit Card,Bangalore
MAR_006393,CUST_02858,Tablet,2,23345,2026-03-17,Debit Card,Pune
MAR_006394,CUST_03599,Keyboard,5,43411,2026-03-10,Credit Card,Mumbai
MAR_006395,CUST_00769,Smartwatch,3,14412,2026-03-08,Debit Card,Bangalore
MAR_006396,CUST_01450,Laptop,2,48018,2026-03-24,UPI,Bangalore
MAR_006397,CUST_04535,Tablet,2,45044,2026-03-25,Debit Card,Bangalore
MAR_006398,CUST_04020,Tablet,4,5194,2026-03-14,Debit Card,Hyderabad
MAR_006399,CUST_04098,Smartwatch,5,40202,2026-03-26,UPI,Hyderabad
MAR_006400,CUST_03926,Keyboard,4,49305,2026-03-09,Cash on Delivery,Mumbai
MAR_006401,CUST_01078,Tablet,4,2006,2026-03-30,Debit Card,Delhi
MAR_006402,CUST_04902,Tablet,2,26922,2026-03-21,Credit Card,Delhi
MAR_006403,CUST_02150,Laptop,2,27715,2026-03-19,Credit Card,Hyderabad
MAR_006404,CUST_03092,Mouse,2,13219,2026-03-21,UPI,Mumbai
MAR_006405,CUST_04724,Keyboard,5,9073,2026-03-12,Debit Card,Delhi
MAR_006406,CUST_03806,Monitor,5,21664,2026-03-04,UPI,Mumbai
MAR_006407,CUST_00327,Tablet,1,45000,2026-03-05,Credit Card,Delhi
MAR_006408,CUST_03709,Keyboard,4,21726,2026-03-14,Debit Card,Pune
MAR_006409,CUST_03992,Mouse,5,33290,2026-03-17,Cash on Delivery,Chennai
MAR_006410,CUST_04665,Mouse,5,30818,2026-03-16,UPI,Pune
MAR_006411,CUST_03726,Monitor,3,14838,2026-03-01,UPI,Mumbai
MAR_006412,CUST_04068,Monitor,4,9627,2026-03-29,UPI,Mumbai
MAR_006413,CUST_03271,Keyboard,1,46612,2026-03-29,UPI,Chennai
MAR_006414,CUST_01432,Mouse,2,49451,2026-03-07,UPI,Mumbai
MAR_006415,CUST_01784,Keyboard,3,27804,2026-03-09,Debit Card,Pune
MAR_006416,CUST_00398,Tablet,1,14358,2026-03-15,Debit Card,Bangalore
MAR_006417,CUST_01916,Smartphone,2,43288,2026-03-14,Credit Card,Pune
MAR_006418,CUST_00935,Tablet,5,34413,2026-03-30,Credit Card,Chennai
MAR_006419,CUST_03891,Headphones,3,15659,2026-03-05,UPI,Bangalore
MAR_006420,CUST_01969,Smartphone,3,3414,2026-03-26,Debit Card,Bangalore
MAR_006421,CUST_02273,Mouse,3,32222,2026-03-12,Cash on Delivery,Delhi
MAR_006422,CUST_00361,Monitor,2,30467,2026-03-11,Debit Card,Bangalore
MAR_006423,CUST_00313,Keyboard,5,34860,2026-03-04,UPI,Delhi
MAR_006424,CUST_03742,Mouse,4,23810,2026-03-09,Credit Card,Pune
MAR_006425,CUST_00693,Tablet,2,33986,2026-03-30,Credit Card,Hyderabad
MAR_006426,CUST_04365,Tablet,3,40489,2026-03-31,Debit Card,Hyderabad
MAR_006427,CUST_02977,Mouse,1,11114,2026-03-19,Credit Card,Hyderabad
MAR_006428,CUST_02401,Keyboard,4,35420,2026-03-20,Credit Card,Chennai
MAR_006429,CUST_02444,Keyboard,4,11114,2026-03-01,Debit Card,Chennai
MAR_006430,CUST_00316,Tablet,2,34773,2026-03-24,Cash on Delivery,Chennai
MAR_006431,CUST_00185,Mouse,1,46866,2026-03-14,Debit Card,Delhi
MAR_006432,CUST_02730,Headphones,2,32564,2026-03-15,Cash on Delivery,Mumbai
MAR_006433,CUST_01586,Headphones,5,45779,2026-03-04,Debit Card,Hyderabad
MAR_006434,CUST_04656,Tablet,5,32866,2026-03-16,Debit Card,Bangalore
MAR_006435,CUST_00601,Headphones,4,37030,2026-03-14,UPI,Bangalore
MAR_006436,CUST_02875,Keyboard,2,3295,2026-03-31,Debit Card,Mumbai
MAR_006437,CUST_00260,Keyboard,4,37151,2026-03-19,Credit Card,Mumbai
MAR_006438,CUST_04562,Smartphone,2,42811,2026-03-12,Cash on Delivery,Pune
MAR_006439,CUST_01888,Smartphone,4,8271,2026-03-02,Cash on Delivery,Chennai
MAR_006440,CUST_03605,Mouse,2,11343,2026-03-31,UPI,Pune
MAR_006441,CUST_02378,Monitor,4,18386,2026-03-01,UPI,Bangalore
MAR_006442,CUST_02545,Headphones,1,9215,2026-03-31,Debit Card,Chennai
MAR_006443,CUST_04018,Mouse,4,7352,2026-03-01,Credit Card,Mumbai
MAR_006444,CUST_03944,Monitor,2,23713,2026-03-08,Credit Card,Hyderabad
MAR_006445,CUST_02168,Laptop,3,45384,2026-03-04,Debit Card,Delhi
MAR_006446,CUST_03696,Tablet,3,37688,2026-03-24,UPI,Chennai
MAR_006447,CUST_02318,Tablet,2,17043,2026-03-20,Credit Card,Mumbai
MAR_006448,CUST_04378,Laptop,5,18610,2026-03-25,Debit Card,Mumbai
MAR_006449,CUST_01755,Mouse,1,2289,2026-03-18,Debit Card,Hyderabad
MAR_006450,CUST_04931,Smartwatch,2,43886,2026-03-05,Cash on Delivery,Hyderabad
MAR_006451,CUST_00921,Smartphone,1,37444,2026-03-27,UPI,Hyderabad
MAR_006452,CUST_03239,Tablet,4,21406,2026-03-11,UPI,Pune
MAR_006453,CUST_00242,Smartwatch,2,14696,2026-03-10,Credit Card,Bangalore
MAR_006454,CUST_03514,Tablet,5,37061,2026-03-23,Cash on Delivery,Mumbai
MAR_006455,CUST_02211,Smartphone,5,24740,2026-03-18,Credit Card,Bangalore
MAR_006456,CUST_04198,Smartphone,1,48150,2026-03-17,Credit Card,Chennai
MAR_006457,CUST_01036,Monitor,4,28009,2026-03-23,Cash on Delivery,Hyderabad
MAR_006458,CUST_04933,Tablet,4,12095,2026-03-11,Debit Card,Bangalore
MAR_006459,CUST_01369,Keyboard,3,37994,2026-03-04,UPI,Pune
MAR_006460,CUST_03649,Tablet,3,28085,2026-03-13,Credit Card,Hyderabad
MAR_006461,CUST_04167,Headphones,2,38972,2026-03-24,Credit Card,Mumbai
MAR_006462,CUST_03430,Mouse,4,36639,2026-03-09,Debit Card,Pune
MAR_006463,CUST_01373,Tablet,4,1811,2026-03-27,UPI,Chennai
MAR_006464,CUST_02655,Laptop,3,30391,2026-03-26,Credit Card,Hyderabad
MAR_006465,CUST_01894,Smartphone,5,14903,2026-03-04,UPI,Mumbai
MAR_006466,CUST_00686,Keyboard,2,39351,2026-03-19,Cash on Delivery,Mumbai
MAR_006467,CUST_01820,Smartwatch,2,6361,2026-03-16,Cash on Delivery,Bangalore
MAR_006468,CUST_02477,Laptop,5,34178,2026-03-28,Cash on Delivery,Delhi
MAR_006469,CUST_02033,Smartphone,5,12145,2026-03-25,Credit Card,Bangalore
MAR_006470,CUST_00702,Monitor,1,904,2026-03-16,Cash on Delivery,Hyderabad
MAR_006471,CUST_02446,Headphones,2,17011,2026-03-15,Credit Card,Delhi
MAR_006472,CUST_02581,Headphones,4,26541,2026-03-28,Cash on Delivery,Chennai
MAR_006473,CUST_02843,Smartwatch,1,49804,2026-03-05,Debit Card,Delhi
MAR_006474,CUST_04071,Smartwatch,5,32006,2026-03-13,Credit Card,Chennai
MAR_006475,CUST_02082,Monitor,5,30089,2026-03-04,Debit Card,Mumbai
MAR_006476,CUST_02485,Keyboard,4,46278,2026-03-18,Debit Card,Hyderabad
MAR_006477,CUST_00612,Smartphone,3,45462,2026-03-30,Cash on Delivery,Pune
MAR_006478,CUST_00494,Keyboard,5,6071,2026-03-19,Debit Card,Hyderabad
MAR_006479,CUST_01341,Tablet,1,4341,2026-03-17,Debit Card,Delhi
MAR_006480,CUST_02894,Smartphone,2,7951,2026-03-03,UPI,Mumbai
MAR_006481,CUST_02304,Laptop,3,29890,2026-03-29,Debit Card,Chennai
MAR_006482,CUST_01025,Headphones,3,47795,2026-03-13,UPI,Hyderabad
MAR_006483,CUST_02670,Smartphone,5,7365,2026-03-11,UPI,Delhi
MAR_006484,CUST_04073,Headphones,1,14511,2026-03-24,Credit Card,Delhi
MAR_006485,CUST_04182,Headphones,2,26350,2026-03-02,UPI,Chennai
MAR_006486,CUST_04857,Smartwatch,2,17553,2026-03-07,Credit Card,Delhi
MAR_006487,CUST_04742,Laptop,1,37878,2026-03-07,Cash on Delivery,Mumbai
MAR_006488,CUST_01338,Monitor,4,44733,2026-03-31,Debit Card,Mumbai
MAR_006489,CUST_04880,Laptop,5,711,2026-03-17,Credit Card,Mumbai
MAR_006490,CUST_02304,Headphones,4,49738,2026-03-29,Cash on Delivery,Hyderabad
MAR_006491,CUST_02976,Tablet,2,37177,2026-03-16,Cash on Delivery,Pune
MAR_006492,CUST_04072,Smartphone,3,40159,2026-03-07,Debit Card,Pune
MAR_006493,CUST_04683,Mouse,2,14327,2026-03-21,Cash on Delivery,Mumbai
MAR_006494,CUST_01356,Monitor,4,24748,2026-03-20,UPI,Pune
MAR_006495,CUST_02366,Laptop,2,7065,2026-03-04,Debit Card,Mumbai
MAR_006496,CUST_03209,Tablet,3,29658,2026-03-04,Cash on Delivery,Bangalore
MAR_006497,CUST_00209,Smartphone,5,34117,2026-03-15,UPI,Hyderabad
MAR_006498,CUST_01742,Headphones,4,25127,2026-03-29,Debit Card,Chennai
MAR_006499,CUST_04287,Smartphone,2,30825,2026-03-07,Cash on Delivery,Pune
MAR_006500,CUST_02128,Smartphone,1,18359,2026-03-12,Cash on Delivery,Hyderabad
MAR_006501,CUST_01061,Headphones,2,16154,2026-03-08,Cash on Delivery,Pune
MAR_006502,CUST_00067,Headphones,3,20516,2026-03-15,UPI,Hyderabad
MAR_006503,CUST_02250,Smartwatch,1,36145,2026-03-28,UPI,Mumbai
MAR_006504,CUST_02051,Mouse,5,32891,2026-03-25,UPI,Pune
MAR_006505,CUST_04639,Laptop,1,32386,2026-03-06,Cash on Delivery,Hyderabad
MAR_006506,CUST_01593,Laptop,4,41013,2026-03-18,UPI,Pune
MAR_006507,CUST_03673,Laptop,3,5444,2026-03-05,UPI,Delhi
MAR_006508,CUST_00804,Smartphone,5,43038,2026-03-03,UPI,Chennai
MAR_006509,CUST_01861,Keyboard,5,968,2026-03-04,Cash on Delivery,Bangalore
MAR_006510,CUST_03860,Laptop,3,38794,2026-03-29,UPI,Bangalore
MAR_006511,CUST_04970,Mouse,5,27608,2026-03-11,Cash on Delivery,Hyderabad
MAR_006512,CUST_04783,Tablet,2,32570,2026-03-03,Cash on Delivery,Pune
MAR_006513,CUST_04028,Mouse,1,27681,2026-03-31,Credit Card,Chennai
MAR_006514,CUST_00792,Mouse,1,34670,2026-03-01,Cash on Delivery,Pune
MAR_006515,CUST_00064,Tablet,4,4975,2026-03-17,Credit Card,Hyderabad
MAR_006516,CUST_04649,Smartphone,1,40420,2026-03-11,Debit Card,Pune
MAR_006517,CUST_02400,Smartwatch,5,23093,2026-03-17,Cash on Delivery,Hyderabad
MAR_006518,CUST_04648,Mouse,1,45524,2026-03-28,UPI,Bangalore
MAR_006519,CUST_01551,Smartwatch,2,14805,2026-03-06,UPI,Chennai
MAR_006520,CUST_02116,Smartwatch,1,34096,2026-03-04,UPI,Mumbai
MAR_006521,CUST_02817,Smartwatch,3,43702,2026-03-08,Debit Card,Bangalore
MAR_006522,CUST_01376,Smartwatch,1,20259,2026-03-14,Debit Card,Delhi
MAR_006523,CUST_04905,Smartphone,5,19814,2026-03-30,UPI,Mumbai
MAR_006524,CUST_04265,Keyboard,1,36771,2026-03-02,Debit Card,Pune
MAR_006525,CUST_01675,Smartphone,3,49987,2026-03-21,Debit Card,Pune
MAR_006526,CUST_01673,Laptop,1,13215,2026-03-16,Credit Card,Bangalore
MAR_006527,CUST_03361,Smartphone,1,26029,2026-03-16,UPI,Chennai
MAR_006528,CUST_00650,Mouse,4,44604,2026-03-17,Debit Card,Delhi
MAR_006529,CUST_04366,Mouse,5,27398,2026-03-27,Debit Card,Hyderabad
MAR_006530,CUST_03271,Keyboard,2,21092,2026-03-07,Credit Card,Pune
MAR_006531,CUST_03863,Monitor,5,25991,2026-03-04,Credit Card,Pune
MAR_006532,CUST_03565,Tablet,1,25639,2026-03-25,Cash on Delivery,Bangalore
MAR_006533,CUST_00903,Smartphone,2,10131,2026-03-18,Credit Card,Delhi
MAR_006534,CUST_01028,Monitor,1,5372,2026-03-31,UPI,Chennai
MAR_006535,CUST_03932,Laptop,3,21644,2026-03-29,Cash on Delivery,Mumbai
MAR_006536,CUST_01454,Headphones,2,10700,2026-03-25,UPI,Delhi
MAR_006537,CUST_02022,Smartwatch,4,5593,2026-03-14,Cash on Delivery,Hyderabad
MAR_006538,CUST_02743,Keyboard,3,37933,2026-03-23,Credit Card,Mumbai
MAR_006539,CUST_03120,Laptop,2,15818,2026-03-12,Cash on Delivery,Chennai
MAR_006540,CUST_03846,Mouse,5,38098,2026-03-19,Cash on Delivery,Hyderabad
MAR_006541,CUST_01247,Keyboard,2,41913,2026-03-24,Credit Card,Delhi
MAR_006542,CUST_03778,Mouse,5,20677,2026-03-26,UPI,Delhi
MAR_006543,CUST_03140,Smartwatch,3,31139,2026-03-19,Cash on Delivery,Mumbai
MAR_006544,CUST_04821,Monitor,5,9766,2026-03-27,Credit Card,Chennai
MAR_006545,CUST_03167,Headphones,4,19203,2026-03-19,Debit Card,Bangalore
MAR_006546,CUST_02798,Smartwatch,1,19409,2026-03-25,Debit Card,Bangalore
MAR_006547,CUST_03839,Keyboard,3,9937,2026-03-29,UPI,Bangalore
MAR_006548,CUST_03559,Tablet,5,22181,2026-03-23,Debit Card,Pune
MAR_006549,CUST_01439,Smartphone,1,4427,2026-03-21,UPI,Pune
MAR_006550,CUST_02064,Keyboard,2,10959,2026-03-09,Credit Card,Mumbai
MAR_006551,CUST_01877,Tablet,2,19136,2026-03-09,Cash on Delivery,Bangalore
MAR_006552,CUST_04448,Tablet,3,30052,2026-03-20,Credit Card,Mumbai
MAR_006553,CUST_03972,Headphones,3,31123,2026-03-08,Cash on Delivery,Delhi
MAR_006554,CUST_04582,Laptop,4,49141,2026-03-14,Cash on Delivery,Hyderabad
MAR_006555,CUST_04840,Mouse,3,8937,2026-03-30,Credit Card,Mumbai
MAR_006556,CUST_01909,Headphones,3,1005,2026-03-03,Debit Card,Delhi
MAR_006557,CUST_00967,Monitor,1,22567,2026-03-24,UPI,Hyderabad
MAR_006558,CUST_03585,Mouse,4,14309,2026-03-01,UPI,Hyderabad
MAR_006559,CUST_03143,Smartwatch,4,7846,2026-03-04,Credit Card,Hyderabad
MAR_006560,CUST_03710,Tablet,4,35973,2026-03-27,Credit Card,Mumbai
MAR_006561,CUST_00258,Laptop,4,27824,2026-03-03,Cash on Delivery,Mumbai
MAR_006562,CUST_04220,Monitor,4,17631,2026-03-12,Credit Card,Pune
MAR_006563,CUST_04902,Mouse,2,34365,2026-03-02,Credit Card,Delhi
MAR_006564,CUST_02807,Tablet,3,27881,2026-03-01,Credit Card,Hyderabad
MAR_006565,CUST_03198,Smartwatch,1,46140,2026-03-18,Cash on Delivery,Mumbai
MAR_006566,CUST_04187,Smartwatch,3,41381,2026-03-21,Debit Card,Mumbai
MAR_006567,CUST_01502,Laptop,3,31439,2026-03-18,Credit Card,Bangalore
MAR_006568,CUST_01339,Smartphone,3,37783,2026-03-06,Cash on Delivery,Pune
MAR_006569,CUST_04692,Smartwatch,3,15013,2026-03-21,Debit Card,Chennai
MAR_006570,CUST_02225,Monitor,5,48217,2026-03-30,UPI,Bangalore
MAR_006571,CUST_03879,Laptop,3,35371,2026-03-31,UPI,Delhi
MAR_006572,CUST_01221,Smartwatch,3,33891,2026-03-13,Debit Card,Pune
MAR_006573,CUST_04833,Mouse,5,31132,2026-03-25,Cash on Delivery,Hyderabad
MAR_006574,CUST_01753,Smartphone,4,4085,2026-03-28,Debit Card,Bangalore
MAR_006575,CUST_02645,Keyboard,2,12747,2026-03-21,Debit Card,Hyderabad
MAR_006576,CUST_01837,Keyboard,3,1263,2026-03-15,Debit Card,Chennai
MAR_006577,CUST_02267,Laptop,3,36079,2026-03-13,Cash on Delivery,Hyderabad
MAR_006578,CUST_00420,Keyboard,5,23478,2026-03-19,Credit Card,Chennai
MAR_006579,CUST_03686,Laptop,4,2665,2026-03-24,UPI,Pune
MAR_006580,CUST_04433,Monitor,4,30554,2026-03-22,UPI,Bangalore
MAR_006581,CUST_00649,Laptop,2,21111,2026-03-03,Debit Card,Pune
MAR_006582,CUST_00644,Keyboard,4,30082,2026-03-31,Debit Card,Delhi
MAR_006583,CUST_03288,Tablet,3,7375,2026-03-18,Credit Card,Hyderabad
MAR_006584,CUST_04180,Keyboard,3,3813,2026-03-01,Cash on Delivery,Chennai
MAR_006585,CUST_02182,Monitor,5,6973,2026-03-10,Credit Card,Bangalore
MAR_006586,CUST_04883,Monitor,2,23604,2026-03-22,UPI,Mumbai
MAR_006587,CUST_02915,Tablet,2,20465,2026-03-11,Cash on Delivery,Mumbai
MAR_006588,CUST_01945,Smartphone,4,45817,2026-03-17,Cash on Delivery,Bangalore
MAR_006589,CUST_00492,Monitor,3,26251,2026-03-21,Cash on Delivery,Hyderabad
MAR_006590,CUST_00104,Keyboard,1,14105,2026-03-01,Credit Card,Chennai
MAR_006591,CUST_02020,Keyboard,1,15804,2026-03-14,Debit Card,Chennai
MAR_006592,CUST_03519,Keyboard,5,31227,2026-03-27,Debit Card,Mumbai
MAR_006593,CUST_01432,Keyboard,3,3652,2026-03-01,Debit Card,Delhi
MAR_006594,CUST_01805,Headphones,1,25107,2026-03-10,Debit Card,Pune
MAR_006595,CUST_02790,Headphones,5,30075,2026-03-21,Credit Card,Bangalore
MAR_006596,CUST_01705,Keyboard,2,44058,2026-03-10,Credit Card,Pune
MAR_006597,CUST_02314,Tablet,4,42669,2026-03-27,Cash on Delivery,Pune
MAR_006598,CUST_02746,Keyboard,3,11404,2026-03-11,Cash on Delivery,Bangalore
MAR_006599,CUST_00360,Monitor,2,2362,2026-03-14,Debit Card,Bangalore
MAR_006600,CUST_01691,Keyboard,4,24954,2026-03-29,UPI,Hyderabad
MAR_006601,CUST_02690,Monitor,3,3852,2026-03-16,Credit Card,Chennai
MAR_006602,CUST_03748,Monitor,4,13704,2026-03-29,Debit Card,Mumbai
MAR_006603,CUST_04690,Laptop,3,48370,2026-03-06,Debit Card,Bangalore
MAR_006604,CUST_03681,Headphones,4,6309,2026-03-17,Cash on Delivery,Delhi
MAR_006605,CUST_02386,Laptop,4,28685,2026-03-01,Debit Card,Chennai
MAR_006606,CUST_01926,Headphones,1,43985,2026-03-05,UPI,Delhi
MAR_006607,CUST_02941,Headphones,5,2810,2026-03-29,Cash on Delivery,Mumbai
MAR_006608,CUST_03387,Headphones,4,46191,2026-03-28,Debit Card,Pune
MAR_006609,CUST_04157,Headphones,4,19032,2026-03-14,UPI,Chennai
MAR_006610,CUST_00731,Smartphone,1,30237,2026-03-26,Debit Card,Delhi
MAR_006611,CUST_01594,Keyboard,1,11688,2026-03-03,UPI,Chennai
MAR_006612,CUST_03303,Laptop,1,29191,2026-03-01,Credit Card,Bangalore
MAR_006613,CUST_02823,Smartwatch,2,44531,2026-03-11,Cash on Delivery,Hyderabad
MAR_006614,CUST_04277,Smartwatch,5,30083,2026-03-09,Cash on Delivery,Delhi
MAR_006615,CUST_04100,Mouse,4,43116,2026-03-24,Cash on Delivery,Hyderabad
MAR_006616,CUST_00462,Smartphone,5,20806,2026-03-20,UPI,Delhi
MAR_006617,CUST_00717,Tablet,4,21653,2026-03-27,Credit Card,Delhi
MAR_006618,CUST_04755,Smartphone,3,33676,2026-03-28,Credit Card,Chennai
MAR_006619,CUST_03673,Headphones,2,19281,2026-03-19,Cash on Delivery,Bangalore
MAR_006620,CUST_00406,Mouse,1,13728,2026-03-02,UPI,Delhi
MAR_006621,CUST_03897,Smartwatch,3,7712,2026-03-05,Cash on Delivery,Bangalore
MAR_006622,CUST_02490,Mouse,5,14557,2026-03-01,Credit Card,Bangalore
MAR_006623,CUST_01727,Mouse,1,25829,2026-03-23,UPI,Mumbai
MAR_006624,CUST_02692,Smartwatch,3,11978,2026-03-06,Cash on Delivery,Chennai
MAR_006625,CUST_00591,Smartwatch,4,23522,2026-03-10,UPI,Pune
MAR_006626,CUST_00968,Smartwatch,1,5830,2026-03-23,Credit Card,Delhi
MAR_006627,CUST_02521,Smartwatch,5,23573,2026-03-25,Cash on Delivery,Hyderabad
MAR_006628,CUST_02691,Laptop,4,6649,2026-03-09,Cash on Delivery,Chennai
MAR_006629,CUST_01038,Smartwatch,3,36101,2026-03-08,Credit Card,Delhi
MAR_006630,CUST_00205,Mouse,2,23683,2026-03-31,UPI,Bangalore
MAR_006631,CUST_02205,Tablet,1,36639,2026-03-02,Debit Card,Hyderabad
MAR_006632,CUST_04428,Laptop,1,44955,2026-03-22,Credit Card,Hyderabad
MAR_006633,CUST_00681,Tablet,2,17852,2026-03-18,UPI,Mumbai
MAR_006634,CUST_00076,Monitor,4,24281,2026-03-31,Cash on Delivery,Hyderabad
MAR_006635,CUST_03952,Headphones,3,30571,2026-03-05,Credit Card,Mumbai
MAR_006636,CUST_01461,Mouse,3,38551,2026-03-09,Credit Card,Mumbai
MAR_006637,CUST_00213,Headphones,4,25105,2026-03-26,Cash on Delivery,Hyderabad
MAR_006638,CUST_00567,Mouse,4,43020,2026-03-29,Debit Card,Chennai
MAR_006639,CUST_01139,Headphones,4,23725,2026-03-24,UPI,Delhi
MAR_006640,CUST_02309,Keyboard,2,12355,2026-03-09,Credit Card,Mumbai
MAR_006641,CUST_02887,Mouse,3,44413,2026-03-29,Debit Card,Bangalore
MAR_006642,CUST_01112,Smartwatch,5,38670,2026-03-18,Debit Card,Mumbai
MAR_006643,CUST_04245,Tablet,5,5394,2026-03-10,Credit Card,Chennai
MAR_006644,CUST_01421,Monitor,2,29483,2026-03-13,UPI,Mumbai
MAR_006645,CUST_03323,Monitor,1,37895,2026-03-03,Debit Card,Pune
MAR_006646,CUST_01345,Mouse,1,32936,2026-03-29,UPI,Hyderabad
MAR_006647,CUST_00106,Mouse,1,4977,2026-03-21,Credit Card,Mumbai
MAR_006648,CUST_02010,Mouse,1,9226,2026-03-17,Credit Card,Hyderabad
MAR_006649,CUST_03058,Headphones,3,27931,2026-03-21,Cash on Delivery,Chennai
MAR_006650,CUST_04391,Keyboard,1,16199,2026-03-31,UPI,Chennai
MAR_006651,CUST_02409,Laptop,5,47688,2026-03-10,Credit Card,Hyderabad
MAR_006652,CUST_04495,Tablet,4,15172,2026-03-12,Debit Card,Bangalore
MAR_006653,CUST_01601,Smartwatch,1,20291,2026-03-02,Debit Card,Bangalore
MAR_006654,CUST_00055,Mouse,4,18811,2026-03-17,UPI,Chennai
MAR_006655,CUST_00599,Monitor,3,43350,2026-03-19,UPI,Mumbai
MAR_006656,CUST_01433,Headphones,1,24402,2026-03-17,Debit Card,Pune
MAR_006657,CUST_02629,Tablet,4,27773,2026-03-30,Debit Card,Chennai
MAR_006658,CUST_03607,Mouse,2,3082,2026-03-25,Debit Card,Bangalore
MAR_006659,CUST_04997,Headphones,2,2339,2026-03-02,UPI,Hyderabad
MAR_006660,CUST_00176,Smartwatch,5,29438,2026-03-14,Credit Card,Mumbai
MAR_006661,CUST_02772,Mouse,5,21655,2026-03-26,Credit Card,Pune
MAR_006662,CUST_04104,Mouse,1,36696,2026-03-05,Credit Card,Hyderabad
MAR_006663,CUST_00373,Smartphone,1,29038,2026-03-10,Cash on Delivery,Bangalore
MAR_006664,CUST_02382,Monitor,1,46777,2026-03-05,Cash on Delivery,Pune
MAR_006665,CUST_00108,Smartwatch,5,12899,2026-03-25,Credit Card,Mumbai
MAR_006666,CUST_03134,Headphones,1,11933,2026-03-03,Debit Card,Pune
MAR_006667,CUST_04757,Keyboard,1,31241,2026-03-07,Credit Card,Bangalore
MAR_006668,CUST_02773,Headphones,3,16169,2026-03-22,Cash on Delivery,Chennai
MAR_006669,CUST_02380,Laptop,3,403,2026-03-05,Credit Card,Bangalore
MAR_006670,CUST_04782,Monitor,4,3985,2026-03-22,Debit Card,Chennai
MAR_006671,CUST_02933,Keyboard,1,27955,2026-03-08,UPI,Pune
MAR_006672,CUST_02092,Smartphone,1,44147,2026-03-01,Cash on Delivery,Chennai
MAR_006673,CUST_02751,Laptop,5,17543,2026-03-10,UPI,Mumbai
MAR_006674,CUST_00625,Tablet,4,24258,2026-03-05,UPI,Hyderabad
MAR_006675,CUST_00251,Smartwatch,3,37580,2026-03-28,Debit Card,Hyderabad
MAR_006676,CUST_02544,Laptop,2,41633,2026-03-12,UPI,Pune
MAR_006677,CUST_03679,Monitor,2,17228,2026-03-11,Cash on Delivery,Pune
MAR_006678,CUST_00100,Headphones,1,21641,2026-03-22,Debit Card,Hyderabad
MAR_006679,CUST_02398,Monitor,3,32564,2026-03-15,Cash on Delivery,Chennai
MAR_006680,CUST_02676,Laptop,3,13205,2026-03-13,UPI,Hyderabad
MAR_006681,CUST_02926,Tablet,3,13540,2026-03-11,Credit Card,Pune
MAR_006682,CUST_03773,Keyboard,3,17112,2026-03-23,Credit Card,Bangalore
MAR_006683,CUST_01624,Smartphone,2,48584,2026-03-27,Cash on Delivery,Mumbai
MAR_006684,CUST_04559,Smartwatch,5,49244,2026-03-20,UPI,Chennai
MAR_006685,CUST_00632,Smartwatch,4,23635,2026-03-10,Credit Card,Delhi
MAR_006686,CUST_03106,Smartwatch,2,24838,2026-03-28,Cash on Delivery,Bangalore
MAR_006687,CUST_03130,Mouse,2,49731,2026-03-19,Debit Card,Hyderabad
MAR_006688,CUST_01941,Keyboard,3,19791,2026-03-20,UPI,Pune
MAR_006689,CUST_01354,Laptop,5,23661,2026-03-31,Debit Card,Pune
MAR_006690,CUST_02372,Smartwatch,4,48283,2026-03-14,Debit Card,Mumbai
MAR_006691,CUST_04242,Monitor,2,42973,2026-03-08,Debit Card,Delhi
MAR_006692,CUST_04977,Smartwatch,1,18568,2026-03-31,UPI,Mumbai
MAR_006693,CUST_04069,Smartphone,4,27831,2026-03-25,Cash on Delivery,Delhi
MAR_006694,CUST_02558,Keyboard,3,10073,2026-03-27,UPI,Hyderabad
MAR_006695,CUST_00679,Mouse,3,34801,2026-03-18,UPI,Chennai
MAR_006696,CUST_04453,Smartwatch,5,3382,2026-03-23,UPI,Pune
MAR_006697,CUST_02038,Monitor,5,14159,2026-03-14,Debit Card,Bangalore
MAR_006698,CUST_01955,Tablet,3,22490,2026-03-19,Cash on Delivery,Chennai
MAR_006699,CUST_03933,Mouse,2,42579,2026-03-13,Debit Card,Bangalore
MAR_006700,CUST_02488,Smartphone,4,7028,2026-03-29,Debit Card,Bangalore
MAR_006701,CUST_02785,Headphones,4,10192,2026-03-18,UPI,Hyderabad
MAR_006702,CUST_00455,Smartphone,4,21168,2026-03-04,Cash on Delivery,Pune
MAR_006703,CUST_00290,Headphones,3,10918,2026-03-26,Debit Card,Mumbai
MAR_006704,CUST_00630,Laptop,5,938,2026-03-30,Debit Card,Mumbai
MAR_006705,CUST_02571,Laptop,4,9080,2026-03-23,Cash on Delivery,Delhi
MAR_006706,CUST_00396,Tablet,3,24551,2026-03-01,UPI,Pune
MAR_006707,CUST_03234,Mouse,3,19504,2026-03-22,Credit Card,Bangalore
MAR_006708,CUST_02553,Smartwatch,3,20584,2026-03-19,Cash on Delivery,Chennai
MAR_006709,CUST_04188,Mouse,3,26283,2026-03-07,UPI,Bangalore
MAR_006710,CUST_00508,Smartphone,2,32353,2026-03-28,UPI,Pune
MAR_006711,CUST_01342,Headphones,5,8970,2026-03-24,Cash on Delivery,Chennai
MAR_006712,CUST_01140,Smartwatch,1,1668,2026-03-13,Credit Card,Delhi
MAR_006713,CUST_04854,Laptop,3,3633,2026-03-21,Credit Card,Delhi
MAR_006714,CUST_02499,Smartphone,5,48900,2026-03-06,Debit Card,Hyderabad
MAR_006715,CUST_03495,Smartwatch,3,14857,2026-03-23,Credit Card,Chennai
MAR_006716,CUST_02789,Mouse,2,36795,2026-03-31,Cash on Delivery,Mumbai
MAR_006717,CUST_01310,Monitor,1,32583,2026-03-08,Credit Card,Chennai
MAR_006718,CUST_03367,Tablet,2,4146,2026-03-17,Cash on Delivery,Delhi
MAR_006719,CUST_04318,Tablet,4,43696,2026-03-12,Credit Card,Pune
MAR_006720,CUST_04979,Tablet,3,10262,2026-03-02,Cash on Delivery,Delhi
MAR_006721,CUST_00242,Laptop,2,20386,2026-03-12,Credit Card,Bangalore
MAR_006722,CUST_04955,Smartphone,5,30702,2026-03-02,Cash on Delivery,Bangalore
MAR_006723,CUST_01482,Headphones,1,274,2026-03-03,UPI,Delhi
MAR_006724,CUST_01613,Headphones,3,2142,2026-03-31,UPI,Chennai
MAR_006725,CUST_04299,Mouse,3,15282,2026-03-28,Debit Card,Delhi
MAR_006726,CUST_01885,Headphones,4,38473,2026-03-11,Credit Card,Pune
MAR_006727,CUST_02711,Headphones,1,26730,2026-03-18,Debit Card,Pune
MAR_006728,CUST_01230,Smartphone,3,2500,2026-03-04,UPI,Mumbai
MAR_006729,CUST_03878,Keyboard,1,27655,2026-03-19,Debit Card,Pune
MAR_006730,CUST_00612,Laptop,2,15414,2026-03-21,Cash on Delivery,Chennai
MAR_006731,CUST_04834,Laptop,5,38543,2026-03-03,UPI,Pune
MAR_006732,CUST_03691,Monitor,5,28338,2026-03-16,Cash on Delivery,Hyderabad
MAR_006733,CUST_01484,Keyboard,5,47932,2026-03-07,UPI,Delhi
MAR_006734,CUST_00974,Laptop,1,36153,2026-03-05,Debit Card,Bangalore
MAR_006735,CUST_03904,Tablet,5,28389,2026-03-05,Cash on Delivery,Mumbai
MAR_006736,CUST_03388,Mouse,2,7246,2026-03-30,UPI,Chennai
MAR_006737,CUST_04942,Keyboard,2,16755,2026-03-28,UPI,Mumbai
MAR_006738,CUST_03257,Smartphone,1,26834,2026-03-06,Credit Card,Pune
MAR_006739,CUST_02318,Mouse,1,3499,2026-03-23,UPI,Delhi
MAR_006740,CUST_00568,Smartphone,2,22625,2026-03-23,Cash on Delivery,Hyderabad
MAR_006741,CUST_04387,Tablet,2,47567,2026-03-16,Debit Card,Mumbai
MAR_006742,CUST_03551,Smartphone,2,45210,2026-03-06,Credit Card,Pune
MAR_006743,CUST_04910,Headphones,4,5534,2026-03-09,UPI,Mumbai
MAR_006744,CUST_04321,Smartphone,3,18819,2026-03-07,UPI,Delhi
MAR_006745,CUST_02993,Laptop,4,30114,2026-03-23,Credit Card,Bangalore
MAR_006746,CUST_04273,Headphones,3,39981,2026-03-04,UPI,Mumbai
MAR_006747,CUST_00643,Smartwatch,5,39745,2026-03-18,UPI,Pune
MAR_006748,CUST_01491,Smartphone,4,9869,2026-03-30,UPI,Delhi
MAR_006749,CUST_03688,Smartphone,4,3744,2026-03-16,Cash on Delivery,Hyderabad
MAR_006750,CUST_04961,Smartphone,4,38871,2026-03-15,Cash on Delivery,Pune
MAR_006751,CUST_03805,Mouse,2,40794,2026-03-09,Debit Card,Hyderabad
MAR_006752,CUST_04403,Monitor,3,6868,2026-03-05,Cash on Delivery,Hyderabad
MAR_006753,CUST_04588,Tablet,1,1152,2026-03-06,UPI,Chennai
MAR_006754,CUST_01770,Mouse,4,39681,2026-03-24,Cash on Delivery,Delhi
MAR_006755,CUST_00269,Monitor,4,35079,2026-03-30,Debit Card,Chennai
MAR_006756,CUST_00217,Tablet,5,23191,2026-03-24,UPI,Pune
MAR_006757,CUST_03867,Keyboard,4,11132,2026-03-11,Credit Card,Hyderabad
MAR_006758,CUST_02257,Mouse,2,19580,2026-03-08,Debit Card,Pune
MAR_006759,CUST_03049,Smartphone,2,37362,2026-03-22,Debit Card,Chennai
MAR_006760,CUST_04965,Tablet,1,9136,2026-03-14,Debit Card,Hyderabad
MAR_006761,CUST_01651,Tablet,1,16233,2026-03-09,Cash on Delivery,Mumbai
MAR_006762,CUST_01366,Mouse,4,37022,2026-03-12,Credit Card,Chennai
MAR_006763,CUST_00081,Laptop,1,41048,2026-03-17,UPI,Mumbai
MAR_006764,CUST_03391,Monitor,1,37705,2026-03-13,Cash on Delivery,Chennai
MAR_006765,CUST_02983,Smartwatch,3,38911,2026-03-12,Credit Card,Mumbai
MAR_006766,CUST_04059,Laptop,1,13657,2026-03-31,Credit Card,Bangalore
MAR_006767,CUST_01018,Keyboard,5,1137,2026-03-08,UPI,Delhi
MAR_006768,CUST_01063,Laptop,2,39809,2026-03-24,Debit Card,Delhi
MAR_006769,CUST_02509,Laptop,4,36182,2026-03-07,Debit Card,Pune
MAR_006770,CUST_00918,Monitor,3,21308,2026-03-03,UPI,Delhi
MAR_006771,CUST_02439,Tablet,5,43967,2026-03-09,Cash on Delivery,Delhi
MAR_006772,CUST_03689,Mouse,2,23292,2026-03-22,Cash on Delivery,Chennai
MAR_006773,CUST_01460,Tablet,1,1581,2026-03-05,Credit Card,Pune
MAR_006774,CUST_04442,Tablet,2,34583,2026-03-21,Cash on Delivery,Chennai
MAR_006775,CUST_02221,Monitor,5,23328,2026-03-06,Credit Card,Chennai
MAR_006776,CUST_00096,Smartwatch,1,3220,2026-03-20,Debit Card,Mumbai
MAR_006777,CUST_01986,Headphones,3,49575,2026-03-08,Credit Card,Mumbai
MAR_006778,CUST_04600,Smartwatch,1,49770,2026-03-27,UPI,Delhi
MAR_006779,CUST_00961,Laptop,3,40536,2026-03-24,Cash on Delivery,Mumbai
MAR_006780,CUST_00692,Headphones,2,19517,2026-03-18,Cash on Delivery,Hyderabad
MAR_006781,CUST_04490,Laptop,5,907,2026-03-15,Credit Card,Chennai
MAR_006782,CUST_00663,Keyboard,3,28246,2026-03-10,Cash on Delivery,Chennai
MAR_006783,CUST_04748,Laptop,4,49731,2026-03-08,Credit Card,Bangalore
MAR_006784,CUST_03169,Monitor,1,23609,2026-03-25,Cash on Delivery,Chennai
MAR_006785,CUST_00401,Headphones,2,23395,2026-03-08,Credit Card,Bangalore
MAR_006786,CUST_04812,Headphones,2,8405,2026-03-30,UPI,Mumbai
MAR_006787,CUST_03047,Smartwatch,4,24997,2026-03-31,Credit Card,Hyderabad
MAR_006788,CUST_00728,Monitor,5,17468,2026-03-21,Debit Card,Bangalore
MAR_006789,CUST_03682,Smartphone,2,555,2026-03-09,Cash on Delivery,Bangalore
MAR_006790,CUST_00241,Smartwatch,3,45604,2026-03-07,Credit Card,Mumbai
MAR_006791,CUST_02751,Laptop,4,22236,2026-03-02,Cash on Delivery,Hyderabad
MAR_006792,CUST_04991,Monitor,4,6314,2026-03-23,Debit Card,Pune
MAR_006793,CUST_01821,Smartphone,2,36957,2026-03-01,Cash on Delivery,Mumbai
MAR_006794,CUST_03770,Monitor,5,14144,2026-03-16,Cash on Delivery,Hyderabad
MAR_006795,CUST_03965,Headphones,1,41193,2026-03-01,Cash on Delivery,Pune
MAR_006796,CUST_01762,Smartwatch,1,28449,2026-03-15,UPI,Pune
MAR_006797,CUST_03380,Mouse,1,15032,2026-03-24,Debit Card,Delhi
MAR_006798,CUST_03741,Smartwatch,2,38244,2026-03-05,Cash on Delivery,Mumbai
MAR_006799,CUST_01797,Smartphone,3,43060,2026-03-25,Debit Card,Delhi
MAR_006800,CUST_01562,Laptop,2,38202,2026-03-03,Credit Card,Hyderabad
MAR_006801,CUST_02409,Laptop,1,10798,2026-03-19,UPI,Chennai
MAR_006802,CUST_00795,Keyboard,2,45903,2026-03-17,UPI,Hyderabad
MAR_006803,CUST_01657,Keyboard,5,1808,2026-03-10,Debit Card,Hyderabad
MAR_006804,CUST_04565,Laptop,1,33298,2026-03-15,Debit Card,Bangalore
MAR_006805,CUST_03371,Monitor,2,24443,2026-03-15,Debit Card,Bangalore
MAR_006806,CUST_02334,Smartwatch,2,44831,2026-03-31,Cash on Delivery,Pune
MAR_006807,CUST_01916,Mouse,2,44212,2026-03-29,Credit Card,Bangalore
MAR_006808,CUST_00364,Keyboard,4,38631,2026-03-30,Credit Card,Pune
MAR_006809,CUST_02705,Keyboard,3,9780,2026-03-16,Debit Card,Bangalore
MAR_006810,CUST_00810,Keyboard,5,14908,2026-03-26,Credit Card,Hyderabad
MAR_006811,CUST_04546,Smartwatch,4,10272,2026-03-02,Cash on Delivery,Bangalore
MAR_006812,CUST_01215,Monitor,2,49186,2026-03-30,Credit Card,Pune
MAR_006813,CUST_04554,Monitor,5,33217,2026-03-08,Credit Card,Mumbai
MAR_006814,CUST_03290,Laptop,4,32159,2026-03-01,Credit Card,Delhi
MAR_006815,CUST_01727,Laptop,5,32427,2026-03-08,Cash on Delivery,Delhi
MAR_006816,CUST_04354,Smartphone,5,16931,2026-03-15,Credit Card,Delhi
MAR_006817,CUST_00749,Smartwatch,5,4866,2026-03-31,UPI,Delhi
MAR_006818,CUST_04267,Keyboard,1,3444,2026-03-24,Cash on Delivery,Pune
MAR_006819,CUST_02903,Mouse,2,37338,2026-03-12,Debit Card,Bangalore
MAR_006820,CUST_03788,Headphones,2,40881,2026-03-12,Credit Card,Mumbai
MAR_006821,CUST_02513,Laptop,2,3778,2026-03-09,UPI,Chennai
MAR_006822,CUST_04884,Monitor,2,35990,2026-03-27,Cash on Delivery,Mumbai
MAR_006823,CUST_00880,Monitor,2,27606,2026-03-10,Debit Card,Pune
MAR_006824,CUST_02533,Keyboard,4,2997,2026-03-28,Debit Card,Mumbai
MAR_006825,CUST_02109,Mouse,3,46220,2026-03-04,UPI,Hyderabad
MAR_006826,CUST_01193,Tablet,3,36145,2026-03-09,UPI,Hyderabad
MAR_006827,CUST_02497,Laptop,2,24135,2026-03-10,Credit Card,Bangalore
MAR_006828,CUST_00505,Tablet,1,17918,2026-03-14,Cash on Delivery,Chennai
MAR_006829,CUST_00379,Headphones,1,31961,2026-03-16,Debit Card,Delhi
MAR_006830,CUST_00235,Mouse,5,6165,2026-03-11,Credit Card,Delhi
MAR_006831,CUST_04986,Mouse,4,13858,2026-03-30,Debit Card,Delhi
MAR_006832,CUST_00025,Monitor,1,46539,2026-03-21,Debit Card,Chennai
MAR_006833,CUST_03375,Mouse,2,22445,2026-03-19,UPI,Bangalore
MAR_006834,CUST_00810,Smartphone,4,23872,2026-03-21,UPI,Delhi
MAR_006835,CUST_02932,Monitor,3,6647,2026-03-06,UPI,Chennai
MAR_006836,CUST_00673,Tablet,1,21989,2026-03-08,Debit Card,Pune
MAR_006837,CUST_00484,Laptop,3,25187,2026-03-08,UPI,Mumbai
MAR_006838,CUST_02849,Monitor,5,29840,2026-03-17,Credit Card,Hyderabad
MAR_006839,CUST_04258,Laptop,4,29233,2026-03-27,Debit Card,Bangalore
MAR_006840,CUST_04305,Tablet,1,2502,2026-03-03,UPI,Pune
MAR_006841,CUST_00390,Smartwatch,3,10111,2026-03-18,Cash on Delivery,Chennai
MAR_006842,CUST_04167,Laptop,1,28260,2026-03-03,Cash on Delivery,Chennai
MAR_006843,CUST_00695,Monitor,3,25865,2026-03-22,UPI,Bangalore
MAR_006844,CUST_03097,Mouse,3,32725,2026-03-03,Debit Card,Delhi
MAR_006845,CUST_03855,Smartphone,4,10460,2026-03-11,Cash on Delivery,Mumbai
MAR_006846,CUST_01695,Mouse,5,40833,2026-03-28,Cash on Delivery,Bangalore
MAR_006847,CUST_02068,Smartwatch,1,15300,2026-03-31,UPI,Chennai
MAR_006848,CUST_03360,Mouse,2,12570,2026-03-23,UPI,Chennai
MAR_006849,CUST_01659,Smartphone,3,25367,2026-03-04,Cash on Delivery,Delhi
MAR_006850,CUST_02803,Smartwatch,1,48217,2026-03-07,Credit Card,Bangalore
MAR_006851,CUST_01019,Headphones,5,46035,2026-03-30,Cash on Delivery,Mumbai
MAR_006852,CUST_03362,Tablet,2,46216,2026-03-22,UPI,Chennai
MAR_006853,CUST_00376,Tablet,4,44412,2026-03-25,Credit Card,Chennai
MAR_006854,CUST_00599,Tablet,4,26741,2026-03-08,Cash on Delivery,Bangalore
MAR_006855,CUST_01434,Laptop,5,35747,2026-03-12,Credit Card,Delhi
MAR_006856,CUST_01884,Smartwatch,1,28290,2026-03-07,Debit Card,Bangalore
MAR_006857,CUST_00195,Monitor,5,39746,2026-03-18,Credit Card,Chennai
MAR_006858,CUST_01559,Laptop,3,15006,2026-03-11,Cash on Delivery,Delhi
MAR_006859,CUST_01266,Smartphone,5,37674,2026-03-07,UPI,Delhi
MAR_006860,CUST_00213,Mouse,3,49447,2026-03-10,UPI,Bangalore
MAR_006861,CUST_02651,Mouse,1,16865,2026-03-16,UPI,Chennai
MAR_006862,CUST_00334,Headphones,4,12335,2026-03-09,Cash on Delivery,Bangalore
MAR_006863,CUST_03204,Laptop,2,720,2026-03-13,Cash on Delivery,Bangalore
MAR_006864,CUST_02486,Laptop,1,19573,2026-03-01,Credit Card,Mumbai
MAR_006865,CUST_03048,Headphones,4,36907,2026-03-02,Cash on Delivery,Pune
MAR_006866,CUST_03519,Smartphone,3,6916,2026-03-01,UPI,Mumbai
MAR_006867,CUST_01515,Smartphone,5,44531,2026-03-25,UPI,Hyderabad
MAR_006868,CUST_01056,Monitor,2,19309,2026-03-03,Cash on Delivery,Hyderabad
MAR_006869,CUST_04579,Monitor,5,874,2026-03-10,Cash on Delivery,Pune
MAR_006870,CUST_01645,Smartwatch,5,7491,2026-03-03,Debit Card,Delhi
MAR_006871,CUST_03482,Tablet,2,33358,2026-03-18,Cash on Delivery,Delhi
MAR_006872,CUST_00606,Smartphone,3,28528,2026-03-27,Cash on Delivery,Delhi
MAR_006873,CUST_02614,Tablet,4,33913,2026-03-19,UPI,Delhi
MAR_006874,CUST_02047,Smartphone,2,23527,2026-03-05,Credit Card,Bangalore
MAR_006875,CUST_02652,Smartwatch,5,37481,2026-03-30,Debit Card,Delhi
MAR_006876,CUST_04402,Smartphone,3,5493,2026-03-10,Cash on Delivery,Delhi
MAR_006877,CUST_00275,Keyboard,3,41611,2026-03-06,Cash on Delivery,Bangalore
MAR_006878,CUST_01363,Mouse,5,32667,2026-03-09,Credit Card,Hyderabad
MAR_006879,CUST_01932,Smartphone,3,7227,2026-03-13,UPI,Mumbai
MAR_006880,CUST_04855,Keyboard,3,3284,2026-03-09,UPI,Hyderabad
MAR_006881,CUST_01387,Monitor,4,36719,2026-03-18,Debit Card,Mumbai
MAR_006882,CUST_01643,Smartphone,3,15821,2026-03-13,Cash on Delivery,Mumbai
MAR_006883,CUST_02021,Laptop,5,30302,2026-03-29,Credit Card,Delhi
MAR_006884,CUST_01879,Keyboard,3,1123,2026-03-14,UPI,Bangalore
MAR_006885,CUST_03239,Monitor,3,17254,2026-03-14,UPI,Pune
MAR_006886,CUST_04124,Smartphone,3,24861,2026-03-27,Cash on Delivery,Pune
MAR_006887,CUST_01941,Headphones,1,31214,2026-03-07,UPI,Mumbai
MAR_006888,CUST_00654,Headphones,4,35630,2026-03-07,UPI,Pune
MAR_006889,CUST_03044,Laptop,5,36333,2026-03-28,Debit Card,Hyderabad
MAR_006890,CUST_02007,Tablet,4,22992,2026-03-20,Cash on Delivery,Chennai
MAR_006891,CUST_01000,Laptop,4,5770,2026-03-29,UPI,Delhi
MAR_006892,CUST_01829,Mouse,3,7379,2026-03-20,Cash on Delivery,Bangalore
MAR_006893,CUST_03604,Keyboard,5,46991,2026-03-26,UPI,Hyderabad
MAR_006894,CUST_03764,Smartwatch,4,2096,2026-03-28,UPI,Mumbai
MAR_006895,CUST_03357,Headphones,4,9430,2026-03-24,Cash on Delivery,Pune
MAR_006896,CUST_02544,Keyboard,3,33425,2026-03-14,Credit Card,Chennai
MAR_006897,CUST_01926,Headphones,2,46091,2026-03-28,UPI,Bangalore
MAR_006898,CUST_02933,Headphones,2,35398,2026-03-12,Cash on Delivery,Mumbai
MAR_006899,CUST_04440,Monitor,5,29431,2026-03-08,Debit Card,Pune
MAR_006900,CUST_03517,Headphones,3,43542,2026-03-20,Credit Card,Hyderabad
MAR_006901,CUST_02320,Laptop,1,25888,2026-03-12,Cash on Delivery,Chennai
MAR_006902,CUST_00685,Mouse,5,45816,2026-03-26,Cash on Delivery,Delhi
MAR_006903,CUST_02127,Keyboard,5,37181,2026-03-22,Debit Card,Hyderabad
MAR_006904,CUST_02605,Headphones,3,32632,2026-03-25,Credit Card,Hyderabad
MAR_006905,CUST_04161,Smartphone,2,40194,2026-03-03,Credit Card,Chennai
MAR_006906,CUST_04943,Smartphone,5,46583,2026-03-23,Cash on Delivery,Mumbai
MAR_006907,CUST_03981,Mouse,4,13560,2026-03-23,Credit Card,Bangalore
MAR_006908,CUST_03524,Tablet,5,30247,2026-03-30,Credit Card,Mumbai
MAR_006909,CUST_03756,Smartwatch,5,45093,2026-03-17,Credit Card,Bangalore
MAR_006910,CUST_00548,Smartphone,4,25518,2026-03-03,Credit Card,Mumbai
MAR_006911,CUST_04352,Mouse,3,17205,2026-03-10,UPI,Chennai
MAR_006912,CUST_02177,Monitor,4,22799,2026-03-17,Cash on Delivery,Pune
MAR_006913,CUST_00210,Monitor,4,36296,2026-03-07,Debit Card,Chennai
MAR_006914,CUST_01190,Tablet,3,23192,2026-03-10,UPI,Chennai
MAR_006915,CUST_03879,Headphones,4,17536,2026-03-05,Debit Card,Bangalore
MAR_006916,CUST_02235,Keyboard,4,27248,2026-03-17,UPI,Delhi
MAR_006917,CUST_01094,Mouse,2,18865,2026-03-15,Cash on Delivery,Hyderabad
MAR_006918,CUST_03665,Smartphone,3,49783,2026-03-29,Debit Card,Hyderabad
MAR_006919,CUST_01946,Smartwatch,3,3477,2026-03-30,Cash on Delivery,Chennai
MAR_006920,CUST_02430,Mouse,1,35228,2026-03-27,Cash on Delivery,Pune
MAR_006921,CUST_03892,Mouse,1,31319,2026-03-14,Cash on Delivery,Mumbai
MAR_006922,CUST_04410,Headphones,5,27854,2026-03-05,Debit Card,Delhi
MAR_006923,CUST_00611,Laptop,3,32767,2026-03-19,Debit Card,Chennai
MAR_006924,CUST_04705,Monitor,5,29928,2026-03-25,Credit Card,Pune
MAR_006925,CUST_01622,Smartphone,5,44333,2026-03-20,Credit Card,Bangalore
MAR_006926,CUST_04520,Laptop,1,13274,2026-03-06,Credit Card,Bangalore
MAR_006927,CUST_03232,Keyboard,2,45118,2026-03-12,Credit Card,Bangalore
MAR_006928,CUST_00110,Keyboard,3,45883,2026-03-22,UPI,Chennai
MAR_006929,CUST_01774,Headphones,3,27864,2026-03-27,Credit Card,Mumbai
MAR_006930,CUST_04374,Smartphone,2,17769,2026-03-09,UPI,Chennai
MAR_006931,CUST_02252,Mouse,2,35295,2026-03-05,Debit Card,Chennai
MAR_006932,CUST_03853,Monitor,1,20462,2026-03-16,UPI,Hyderabad
MAR_006933,CUST_01135,Tablet,5,17305,2026-03-20,Debit Card,Delhi
MAR_006934,CUST_04214,Tablet,2,8698,2026-03-03,Cash on Delivery,Delhi
MAR_006935,CUST_01916,Headphones,1,13165,2026-03-11,Debit Card,Delhi
MAR_006936,CUST_04244,Laptop,2,36313,2026-03-20,Cash on Delivery,Bangalore
MAR_006937,CUST_04338,Smartwatch,1,35661,2026-03-01,Credit Card,Bangalore
MAR_006938,CUST_02146,Mouse,5,16541,2026-03-20,UPI,Mumbai
MAR_006939,CUST_02997,Headphones,4,25963,2026-03-22,UPI,Delhi
MAR_006940,CUST_04697,Monitor,1,5462,2026-03-01,Cash on Delivery,Bangalore
MAR_006941,CUST_02135,Smartwatch,1,30229,2026-03-24,Cash on Delivery,Hyderabad
MAR_006942,CUST_04948,Smartphone,4,4679,2026-03-17,Debit Card,Chennai
MAR_006943,CUST_03265,Mouse,3,38690,2026-03-19,Credit Card,Hyderabad
MAR_006944,CUST_03377,Headphones,5,5887,2026-03-04,UPI,Mumbai
MAR_006945,CUST_04259,Keyboard,3,18476,2026-03-14,Cash on Delivery,Bangalore
MAR_006946,CUST_01663,Laptop,1,16391,2026-03-14,UPI,Pune
MAR_006947,CUST_04386,Monitor,3,27635,2026-03-11,Debit Card,Delhi
MAR_006948,CUST_00676,Smartphone,3,18103,2026-03-04,Credit Card,Delhi
MAR_006949,CUST_00350,Mouse,3,43682,2026-03-12,Credit Card,Hyderabad
MAR_006950,CUST_03410,Keyboard,5,47461,2026-03-22,Debit Card,Chennai
MAR_006951,CUST_02297,Headphones,2,38659,2026-03-14,Debit Card,Chennai
MAR_006952,CUST_04637,Headphones,3,6176,2026-03-20,UPI,Pune
MAR_006953,CUST_02975,Headphones,1,47739,2026-03-18,UPI,Hyderabad
MAR_006954,CUST_01592,Headphones,5,22588,2026-03-20,Credit Card,Pune
MAR_006955,CUST_03454,Headphones,5,5125,2026-03-23,Credit Card,Chennai
MAR_006956,CUST_04300,Laptop,5,34821,2026-03-23,Cash on Delivery,Pune
MAR_006957,CUST_04990,Mouse,5,44271,2026-03-26,Credit Card,Chennai
MAR_006958,CUST_04270,Smartwatch,4,18292,2026-03-22,Credit Card,Bangalore
MAR_006959,CUST_03196,Smartphone,4,21163,2026-03-16,Debit Card,Mumbai
MAR_006960,CUST_02436,Monitor,1,38707,2026-03-26,Debit Card,Mumbai
MAR_006961,CUST_04266,Headphones,4,32897,2026-03-07,Debit Card,Pune
MAR_006962,CUST_02313,Headphones,3,10209,2026-03-30,UPI,Delhi
MAR_006963,CUST_00619,Monitor,5,12043,2026-03-18,Cash on Delivery,Chennai
MAR_006964,CUST_00519,Laptop,5,22574,2026-03-03,Debit Card,Mumbai
MAR_006965,CUST_00150,Smartphone,3,48450,2026-03-22,Debit Card,Delhi
MAR_006966,CUST_01901,Monitor,5,33922,2026-03-28,UPI,Hyderabad
MAR_006967,CUST_02185,Headphones,4,4628,2026-03-20,UPI,Bangalore
MAR_006968,CUST_02114,Keyboard,3,8962,2026-03-06,Debit Card,Pune
MAR_006969,CUST_00995,Keyboard,5,7977,2026-03-06,Credit Card,Bangalore
MAR_006970,CUST_00949,Mouse,1,6247,2026-03-17,Credit Card,Hyderabad
MAR_006971,CUST_04339,Tablet,4,47954,2026-03-01,UPI,Mumbai
MAR_006972,CUST_03956,Smartwatch,4,28106,2026-03-14,Debit Card,Pune
MAR_006973,CUST_04994,Smartphone,2,25444,2026-03-17,Cash on Delivery,Delhi
MAR_006974,CUST_00518,Mouse,3,46065,2026-03-21,UPI,Bangalore
MAR_006975,CUST_02743,Keyboard,2,21453,2026-03-20,Debit Card,Delhi
MAR_006976,CUST_01828,Headphones,1,35007,2026-03-08,UPI,Chennai
MAR_006977,CUST_02546,Smartwatch,1,48605,2026-03-12,Credit Card,Hyderabad
MAR_006978,CUST_00942,Mouse,3,44627,2026-03-08,Credit Card,Bangalore
MAR_006979,CUST_02802,Tablet,4,17009,2026-03-20,UPI,Bangalore
MAR_006980,CUST_02936,Headphones,1,13979,2026-03-20,Debit Card,Mumbai
MAR_006981,CUST_02490,Tablet,2,43792,2026-03-05,UPI,Hyderabad
MAR_006982,CUST_02034,Keyboard,1,30663,2026-03-21,UPI,Delhi
MAR_006983,CUST_00453,Laptop,2,13359,2026-03-13,Credit Card,Delhi
MAR_006984,CUST_04991,Laptop,2,25915,2026-03-08,Credit Card,Hyderabad
MAR_006985,CUST_04264,Smartphone,2,45123,2026-03-26,UPI,Chennai
MAR_006986,CUST_01079,Smartphone,3,18488,2026-03-08,Cash on Delivery,Chennai
MAR_006987,CUST_02280,Tablet,4,45877,2026-03-02,Debit Card,Delhi
MAR_006988,CUST_02787,Headphones,2,38073,2026-03-07,Debit Card,Hyderabad
MAR_006989,CUST_01149,Laptop,2,2888,2026-03-20,Cash on Delivery,Chennai
MAR_006990,CUST_02234,Smartwatch,5,48195,2026-03-16,Debit Card,Bangalore
MAR_006991,CUST_01478,Monitor,5,26725,2026-03-22,Cash on Delivery,Delhi
MAR_006992,CUST_04809,Smartwatch,1,1204,2026-03-23,UPI,Delhi
MAR_006993,CUST_02743,Mouse,5,14493,2026-03-15,UPI,Mumbai
MAR_006994,CUST_03269,Keyboard,5,15057,2026-03-30,Cash on Delivery,Delhi
MAR_006995,CUST_04799,Headphones,2,48247,2026-03-03,Debit Card,Bangalore
MAR_006996,CUST_03430,Tablet,3,9500,2026-03-29,Credit Card,Bangalore
MAR_006997,CUST_03741,Monitor,5,16166,2026-03-14,Cash on Delivery,Bangalore
MAR_006998,CUST_04896,Smartphone,3,13857,2026-03-12,Credit Card,Mumbai
MAR_006999,CUST_04428,Laptop,5,43483,2026-03-30,UPI,Chennai
MAR_007000,CUST_00242,Tablet,3,37076,2026-03-08,Credit Card,Bangalore
MAR_007001,CUST_00431,Smartphone,1,41406,2026-03-30,Debit Card,Pune
MAR_007002,CUST_03801,Monitor,4,13380,2026-03-02,Debit Card,Chennai
MAR_007003,CUST_03259,Keyboard,5,40395,2026-03-11,Debit Card,Bangalore
MAR_007004,CUST_03828,Keyboard,5,19424,2026-03-20,UPI,Bangalore
MAR_007005,CUST_00029,Laptop,3,25713,2026-03-20,Credit Card,Bangalore
MAR_007006,CUST_00758,Smartwatch,3,46970,2026-03-14,Credit Card,Chennai
MAR_007007,CUST_01745,Laptop,5,43406,2026-03-08,UPI,Mumbai
MAR_007008,CUST_00210,Headphones,4,34059,2026-03-31,Cash on Delivery,Pune
MAR_007009,CUST_03885,Tablet,2,17155,2026-03-12,UPI,Hyderabad
MAR_007010,CUST_03463,Laptop,5,2999,2026-03-23,Debit Card,Pune
MAR_007011,CUST_03355,Laptop,2,17742,2026-03-26,Credit Card,Chennai
MAR_007012,CUST_03115,Tablet,2,26477,2026-03-31,UPI,Chennai
MAR_007013,CUST_03656,Smartphone,4,37137,2026-03-27,Debit Card,Delhi
MAR_007014,CUST_00995,Tablet,1,22519,2026-03-23,UPI,Pune
MAR_007015,CUST_02089,Laptop,3,15626,2026-03-23,UPI,Delhi
MAR_007016,CUST_04434,Tablet,4,17110,2026-03-27,Credit Card,Hyderabad
MAR_007017,CUST_01796,Tablet,2,27261,2026-03-12,Cash on Delivery,Chennai
MAR_007018,CUST_00412,Tablet,2,25911,2026-03-05,Debit Card,Bangalore
MAR_007019,CUST_00966,Headphones,3,45960,2026-03-01,Debit Card,Hyderabad
MAR_007020,CUST_02123,Smartwatch,1,47228,2026-03-06,Cash on Delivery,Mumbai
MAR_007021,CUST_01660,Monitor,4,26613,2026-03-26,Debit Card,Chennai
MAR_007022,CUST_01195,Laptop,4,35497,2026-03-01,Cash on Delivery,Bangalore
MAR_007023,CUST_02703,Laptop,1,14133,2026-03-11,Cash on Delivery,Chennai
MAR_007024,CUST_00577,Laptop,1,33376,2026-03-11,Debit Card,Chennai
MAR_007025,CUST_03483,Laptop,5,3419,2026-03-19,Cash on Delivery,Chennai
MAR_007026,CUST_00983,Keyboard,5,31407,2026-03-28,Cash on Delivery,Bangalore
MAR_007027,CUST_00508,Mouse,4,35060,2026-03-12,Cash on Delivery,Pune
MAR_007028,CUST_04265,Tablet,4,31754,2026-03-27,Credit Card,Chennai
MAR_007029,CUST_04465,Keyboard,3,35821,2026-03-12,Cash on Delivery,Chennai
MAR_007030,CUST_02532,Smartphone,1,2077,2026-03-19,UPI,Mumbai
MAR_007031,CUST_02910,Smartwatch,5,7626,2026-03-08,Cash on Delivery,Chennai
MAR_007032,CUST_01602,Headphones,2,5018,2026-03-07,Cash on Delivery,Delhi
MAR_007033,CUST_02534,Mouse,1,15442,2026-03-02,Credit Card,Hyderabad
MAR_007034,CUST_01686,Tablet,3,25236,2026-03-26,Credit Card,Delhi
MAR_007035,CUST_04176,Keyboard,1,38775,2026-03-21,Credit Card,Bangalore
MAR_007036,CUST_02202,Tablet,2,38188,2026-03-01,Credit Card,Chennai
MAR_007037,CUST_03866,Monitor,3,43983,2026-03-17,UPI,Hyderabad
MAR_007038,CUST_02568,Smartwatch,4,7610,2026-03-30,Cash on Delivery,Hyderabad
MAR_007039,CUST_01842,Keyboard,3,16011,2026-03-05,Cash on Delivery,Chennai
MAR_007040,CUST_04656,Laptop,4,8863,2026-03-02,Cash on Delivery,Bangalore
MAR_007041,CUST_00062,Headphones,5,35755,2026-03-07,Credit Card,Bangalore
MAR_007042,CUST_02464,Keyboard,2,8431,2026-03-02,Credit Card,Chennai
MAR_007043,CUST_00345,Laptop,4,31516,2026-03-26,Cash on Delivery,Chennai
MAR_007044,CUST_03536,Tablet,5,22007,2026-03-13,Cash on Delivery,Pune
MAR_007045,CUST_00120,Headphones,3,16769,2026-03-11,UPI,Bangalore
MAR_007046,CUST_03923,Headphones,2,25784,2026-03-15,UPI,Hyderabad
MAR_007047,CUST_02780,Laptop,4,12306,2026-03-20,Debit Card,Mumbai
MAR_007048,CUST_01335,Keyboard,3,6027,2026-03-04,Cash on Delivery,Mumbai
MAR_007049,CUST_02198,Headphones,4,15330,2026-03-30,Debit Card,Delhi
MAR_007050,CUST_03907,Headphones,2,30134,2026-03-02,Debit Card,Delhi
MAR_007051,CUST_02523,Headphones,3,32965,2026-03-15,Debit Card,Chennai
MAR_007052,CUST_03499,Keyboard,3,29406,2026-03-14,UPI,Hyderabad
MAR_007053,CUST_01764,Smartphone,3,11773,2026-03-12,Debit Card,Bangalore
MAR_007054,CUST_02633,Smartphone,5,46495,2026-03-22,Credit Card,Pune
MAR_007055,CUST_00632,Headphones,4,48683,2026-03-27,Debit Card,Mumbai
MAR_007056,CUST_01937,Mouse,3,34025,2026-03-20,Debit Card,Delhi
MAR_007057,CUST_01625,Smartphone,5,23407,2026-03-12,Debit Card,Bangalore
MAR_007058,CUST_03782,Smartphone,2,17314,2026-03-18,UPI,Bangalore
MAR_007059,CUST_04563,Keyboard,2,44782,2026-03-13,UPI,Pune
MAR_007060,CUST_04351,Tablet,4,47781,2026-03-23,Credit Card,Bangalore
MAR_007061,CUST_00680,Mouse,2,36686,2026-03-12,Debit Card,Mumbai
MAR_007062,CUST_03797,Tablet,3,47671,2026-03-11,Cash on Delivery,Pune
MAR_007063,CUST_01169,Keyboard,2,45059,2026-03-21,Credit Card,Chennai
MAR_007064,CUST_00356,Laptop,4,44739,2026-03-17,Debit Card,Bangalore
MAR_007065,CUST_00370,Tablet,2,43861,2026-03-02,Credit Card,Chennai
MAR_007066,CUST_03870,Laptop,2,40665,2026-03-05,Debit Card,Delhi
MAR_007067,CUST_04226,Laptop,5,6713,2026-03-19,Credit Card,Pune
MAR_007068,CUST_02457,Mouse,1,6349,2026-03-19,UPI,Bangalore
MAR_007069,CUST_01124,Monitor,4,1651,2026-03-25,Credit Card,Pune
MAR_007070,CUST_00902,Headphones,4,46548,2026-03-10,UPI,Bangalore
MAR_007071,CUST_03329,Mouse,5,9045,2026-03-12,Credit Card,Hyderabad
MAR_007072,CUST_00407,Monitor,2,19667,2026-03-26,Debit Card,Delhi
MAR_007073,CUST_01335,Tablet,1,9205,2026-03-12,UPI,Pune
MAR_007074,CUST_00998,Headphones,3,35191,2026-03-23,UPI,Delhi
MAR_007075,CUST_01810,Laptop,4,34565,2026-03-18,Debit Card,Delhi
MAR_007076,CUST_00262,Monitor,4,23479,2026-03-20,Debit Card,Pune
MAR_007077,CUST_02300,Laptop,4,21961,2026-03-02,Debit Card,Mumbai
MAR_007078,CUST_00434,Keyboard,2,26275,2026-03-17,Credit Card,Mumbai
MAR_007079,CUST_00858,Smartwatch,3,45505,2026-03-08,UPI,Hyderabad
MAR_007080,CUST_02414,Keyboard,2,28794,2026-03-28,Debit Card,Hyderabad
MAR_007081,CUST_01536,Laptop,2,26395,2026-03-27,UPI,Hyderabad
MAR_007082,CUST_02525,Tablet,5,28178,2026-03-12,Debit Card,Pune
MAR_007083,CUST_02942,Laptop,3,25923,2026-03-11,Cash on Delivery,Hyderabad
MAR_007084,CUST_02104,Smartphone,2,26231,2026-03-09,Credit Card,Bangalore
MAR_007085,CUST_03646,Keyboard,2,32357,2026-03-16,Debit Card,Delhi
MAR_007086,CUST_00938,Keyboard,1,39954,2026-03-23,Credit Card,Chennai
MAR_007087,CUST_04149,Smartphone,5,15811,2026-03-06,Credit Card,Pune
MAR_007088,CUST_03412,Tablet,3,47221,2026-03-11,UPI,Chennai
MAR_007089,CUST_01360,Laptop,1,28907,2026-03-01,Debit Card,Delhi
MAR_007090,CUST_04527,Keyboard,5,49611,2026-03-01,Debit Card,Mumbai
MAR_007091,CUST_00509,Monitor,2,29204,2026-03-07,UPI,Hyderabad
MAR_007092,CUST_00292,Tablet,1,7016,2026-03-02,Cash on Delivery,Delhi
MAR_007093,CUST_03660,Headphones,5,4082,2026-03-09,Debit Card,Delhi
MAR_007094,CUST_02900,Monitor,1,34265,2026-03-03,Credit Card,Delhi
MAR_007095,CUST_01361,Smartwatch,3,12489,2026-03-11,Debit Card,Bangalore
MAR_007096,CUST_03946,Keyboard,3,22335,2026-03-05,Cash on Delivery,Chennai
MAR_007097,CUST_02856,Tablet,2,6988,2026-03-14,Credit Card,Chennai
MAR_007098,CUST_00208,Smartwatch,4,43577,2026-03-05,Credit Card,Bangalore
MAR_007099,CUST_00840,Tablet,2,27018,2026-03-25,Debit Card,Mumbai
MAR_007100,CUST_04421,Monitor,4,12441,2026-03-18,Debit Card,Pune
MAR_007101,CUST_03795,Tablet,1,8971,2026-03-22,Debit Card,Pune
MAR_007102,CUST_00446,Monitor,5,21389,2026-03-25,UPI,Hyderabad
MAR_007103,CUST_03099,Tablet,4,5361,2026-03-25,Credit Card,Delhi
MAR_007104,CUST_02801,Monitor,2,23193,2026-03-07,Debit Card,Delhi
MAR_007105,CUST_03895,Smartphone,5,20863,2026-03-04,Credit Card,Bangalore
MAR_007106,CUST_03942,Headphones,3,28075,2026-03-31,Credit Card,Mumbai
MAR_007107,CUST_02323,Smartphone,5,307,2026-03-18,Debit Card,Bangalore
MAR_007108,CUST_03995,Smartphone,2,13866,2026-03-17,Debit Card,Mumbai
MAR_007109,CUST_03853,Monitor,4,12499,2026-03-26,UPI,Delhi
MAR_007110,CUST_00378,Monitor,1,45645,2026-03-02,UPI,Delhi
MAR_007111,CUST_04044,Keyboard,3,631,2026-03-20,UPI,Delhi
MAR_007112,CUST_02689,Keyboard,4,18030,2026-03-10,UPI,Delhi
MAR_007113,CUST_03908,Laptop,4,33648,2026-03-24,Debit Card,Delhi
MAR_007114,CUST_00913,Laptop,2,14796,2026-03-05,Debit Card,Delhi
MAR_007115,CUST_04535,Monitor,3,48602,2026-03-28,UPI,Hyderabad
MAR_007116,CUST_02961,Keyboard,1,33909,2026-03-01,Cash on Delivery,Hyderabad
MAR_007117,CUST_03116,Smartwatch,1,20598,2026-03-30,Cash on Delivery,Pune
MAR_007118,CUST_04492,Keyboard,4,28274,2026-03-14,Credit Card,Hyderabad
MAR_007119,CUST_02151,Headphones,1,28656,2026-03-15,Debit Card,Chennai
MAR_007120,CUST_04475,Laptop,5,41701,2026-03-01,UPI,Bangalore
MAR_007121,CUST_01660,Tablet,5,47270,2026-03-14,Debit Card,Pune
MAR_007122,CUST_01889,Keyboard,2,38717,2026-03-30,Debit Card,Chennai
MAR_007123,CUST_04123,Monitor,1,18683,2026-03-12,Credit Card,Mumbai
MAR_007124,CUST_02268,Laptop,4,43958,2026-03-28,Credit Card,Chennai
MAR_007125,CUST_00345,Tablet,1,41585,2026-03-14,Credit Card,Pune
MAR_007126,CUST_04507,Smartphone,2,32918,2026-03-15,UPI,Delhi
MAR_007127,CUST_03495,Laptop,3,16872,2026-03-25,Debit Card,Chennai
MAR_007128,CUST_02709,Smartwatch,4,15204,2026-03-07,Credit Card,Pune
MAR_007129,CUST_04479,Monitor,4,3894,2026-03-28,Cash on Delivery,Pune
MAR_007130,CUST_02980,Keyboard,4,37653,2026-03-31,Credit Card,Pune
MAR_007131,CUST_00847,Smartphone,2,5924,2026-03-07,UPI,Pune
MAR_007132,CUST_04453,Laptop,2,3070,2026-03-30,Debit Card,Hyderabad
MAR_007133,CUST_02313,Monitor,4,19613,2026-03-04,Debit Card,Chennai
MAR_007134,CUST_00705,Monitor,4,32097,2026-03-23,UPI,Pune
MAR_007135,CUST_03646,Mouse,3,44931,2026-03-28,UPI,Chennai
MAR_007136,CUST_03387,Headphones,2,36668,2026-03-17,Cash on Delivery,Mumbai
MAR_007137,CUST_00861,Monitor,3,21133,2026-03-03,Credit Card,Pune
MAR_007138,CUST_00176,Keyboard,4,31371,2026-03-15,Credit Card,Pune
MAR_007139,CUST_01505,Keyboard,2,24001,2026-03-13,Debit Card,Hyderabad
MAR_007140,CUST_00403,Smartwatch,1,2032,2026-03-16,Credit Card,Mumbai
MAR_007141,CUST_02639,Headphones,4,29891,2026-03-09,UPI,Hyderabad
MAR_007142,CUST_02255,Keyboard,4,39258,2026-03-07,Cash on Delivery,Pune
MAR_007143,CUST_00494,Smartphone,1,36669,2026-03-18,Credit Card,Bangalore
MAR_007144,CUST_02102,Tablet,2,28428,2026-03-27,Cash on Delivery,Chennai
MAR_007145,CUST_02017,Smartwatch,5,40222,2026-03-11,Debit Card,Pune
MAR_007146,CUST_03750,Tablet,5,38466,2026-03-10,Debit Card,Hyderabad
MAR_007147,CUST_00262,Smartwatch,1,26094,2026-03-26,Debit Card,Delhi
MAR_007148,CUST_02218,Smartwatch,2,41876,2026-03-31,Debit Card,Hyderabad
MAR_007149,CUST_00685,Laptop,4,47142,2026-03-16,Cash on Delivery,Pune
MAR_007150,CUST_03780,Mouse,2,11562,2026-03-12,Cash on Delivery,Mumbai
MAR_007151,CUST_00824,Monitor,4,25206,2026-03-28,Cash on Delivery,Pune
MAR_007152,CUST_02807,Smartwatch,4,6524,2026-03-31,UPI,Pune
MAR_007153,CUST_01878,Headphones,3,47508,2026-03-19,Credit Card,Bangalore
MAR_007154,CUST_04087,Keyboard,1,19512,2026-03-09,UPI,Delhi
MAR_007155,CUST_00974,Smartwatch,4,16147,2026-03-26,Debit Card,Chennai
MAR_007156,CUST_00682,Laptop,3,20353,2026-03-04,Credit Card,Mumbai
MAR_007157,CUST_00676,Headphones,3,35454,2026-03-03,UPI,Bangalore
MAR_007158,CUST_00823,Smartphone,5,22270,2026-03-15,Debit Card,Delhi
MAR_007159,CUST_03366,Smartwatch,3,28352,2026-03-14,Debit Card,Delhi
MAR_007160,CUST_04985,Smartphone,2,13326,2026-03-18,Credit Card,Pune
MAR_007161,CUST_01052,Smartwatch,3,18613,2026-03-02,Credit Card,Mumbai
MAR_007162,CUST_00327,Mouse,4,31567,2026-03-18,Credit Card,Pune
MAR_007163,CUST_01149,Laptop,3,47855,2026-03-27,Cash on Delivery,Mumbai
MAR_007164,CUST_02137,Tablet,3,18754,2026-03-10,UPI,Hyderabad
MAR_007165,CUST_04627,Tablet,2,7615,2026-03-18,Debit Card,Chennai
MAR_007166,CUST_02399,Tablet,4,45754,2026-03-28,Credit Card,Hyderabad
MAR_007167,CUST_00599,Headphones,2,43069,2026-03-30,Cash on Delivery,Hyderabad
MAR_007168,CUST_00975,Keyboard,1,8307,2026-03-30,UPI,Chennai
MAR_007169,CUST_00377,Smartphone,4,4028,2026-03-20,Debit Card,Bangalore
MAR_007170,CUST_02422,Monitor,4,21477,2026-03-29,Cash on Delivery,Mumbai
MAR_007171,CUST_00269,Keyboard,5,4210,2026-03-02,Credit Card,Pune
MAR_007172,CUST_02424,Smartwatch,4,636,2026-03-14,Cash on Delivery,Bangalore
MAR_007173,CUST_01425,Keyboard,1,34542,2026-03-03,Cash on Delivery,Bangalore
MAR_007174,CUST_01191,Mouse,2,43024,2026-03-30,Cash on Delivery,Pune
MAR_007175,CUST_02517,Smartwatch,1,2077,2026-03-26,UPI,Pune
MAR_007176,CUST_02147,Mouse,1,39761,2026-03-20,UPI,Pune
MAR_007177,CUST_02139,Smartphone,1,6909,2026-03-10,Cash on Delivery,Hyderabad
MAR_007178,CUST_01834,Laptop,3,33491,2026-03-18,Debit Card,Hyderabad
MAR_007179,CUST_04135,Mouse,1,19822,2026-03-11,UPI,Pune
MAR_007180,CUST_04748,Mouse,4,8795,2026-03-12,Credit Card,Hyderabad
MAR_007181,CUST_00274,Mouse,2,29591,2026-03-20,Credit Card,Chennai
MAR_007182,CUST_00148,Monitor,1,21888,2026-03-08,Credit Card,Bangalore
MAR_007183,CUST_01088,Smartwatch,3,14461,2026-03-09,Debit Card,Delhi
MAR_007184,CUST_04158,Smartphone,1,48827,2026-03-25,Debit Card,Bangalore
MAR_007185,CUST_02438,Keyboard,1,43880,2026-03-27,UPI,Chennai
MAR_007186,CUST_01152,Monitor,4,23197,2026-03-03,Cash on Delivery,Bangalore
MAR_007187,CUST_04317,Smartphone,4,23393,2026-03-27,UPI,Pune
MAR_007188,CUST_00932,Mouse,3,508,2026-03-30,UPI,Pune
MAR_007189,CUST_03458,Headphones,2,44841,2026-03-19,Credit Card,Mumbai
MAR_007190,CUST_03723,Mouse,5,15773,2026-03-14,Cash on Delivery,Pune
MAR_007191,CUST_03338,Smartwatch,1,13035,2026-03-15,UPI,Delhi
MAR_007192,CUST_00178,Smartwatch,3,15354,2026-03-12,Credit Card,Mumbai
MAR_007193,CUST_03023,Headphones,4,17860,2026-03-18,Credit Card,Pune
MAR_007194,CUST_03462,Headphones,1,7288,2026-03-12,Cash on Delivery,Hyderabad
MAR_007195,CUST_01320,Mouse,3,6040,2026-03-14,Debit Card,Chennai
MAR_007196,CUST_03719,Monitor,3,21371,2026-03-14,Credit Card,Mumbai
MAR_007197,CUST_03382,Tablet,2,32975,2026-03-19,UPI,Hyderabad
MAR_007198,CUST_04330,Smartwatch,3,15195,2026-03-06,UPI,Mumbai
MAR_007199,CUST_01729,Headphones,5,44502,2026-03-14,Credit Card,Bangalore
MAR_007200,CUST_02863,Smartphone,2,26933,2026-03-05,Cash on Delivery,Bangalore
MAR_007201,CUST_00753,Headphones,3,5874,2026-03-06,UPI,Mumbai
MAR_007202,CUST_00118,Headphones,1,8661,2026-03-01,Cash on Delivery,Bangalore
MAR_007203,CUST_00445,Tablet,5,33195,2026-03-08,UPI,Chennai
MAR_007204,CUST_00851,Smartwatch,1,3886,2026-03-07,Credit Card,Chennai
MAR_007205,CUST_01611,Tablet,5,16197,2026-03-01,Debit Card,Delhi
MAR_007206,CUST_00624,Headphones,5,1157,2026-03-15,UPI,Hyderabad
MAR_007207,CUST_00064,Tablet,4,38567,2026-03-05,Credit Card,Bangalore
MAR_007208,CUST_02999,Smartwatch,3,1897,2026-03-08,UPI,Mumbai
MAR_007209,CUST_03286,Laptop,5,33230,2026-03-07,Credit Card,Bangalore
MAR_007210,CUST_02863,Smartphone,4,7745,2026-03-20,Credit Card,Delhi
MAR_007211,CUST_00362,Laptop,3,3227,2026-03-07,UPI,Pune
MAR_007212,CUST_01555,Headphones,2,432,2026-03-28,Cash on Delivery,Delhi
MAR_007213,CUST_04027,Headphones,3,1419,2026-03-07,Cash on Delivery,Hyderabad
MAR_007214,CUST_04613,Laptop,4,24887,2026-03-23,Cash on Delivery,Bangalore
MAR_007215,CUST_03646,Monitor,3,9968,2026-03-29,Credit Card,Pune
MAR_007216,CUST_04529,Headphones,2,5685,2026-03-19,UPI,Delhi
MAR_007217,CUST_02207,Headphones,3,35887,2026-03-05,Credit Card,Hyderabad
MAR_007218,CUST_01330,Tablet,5,46007,2026-03-26,Debit Card,Chennai
MAR_007219,CUST_04688,Smartphone,1,39314,2026-03-10,Cash on Delivery,Mumbai
MAR_007220,CUST_04547,Mouse,4,44334,2026-03-24,UPI,Mumbai
MAR_007221,CUST_04905,Mouse,1,9725,2026-03-23,Credit Card,Bangalore
MAR_007222,CUST_01235,Headphones,3,22087,2026-03-29,Debit Card,Hyderabad
MAR_007223,CUST_01039,Monitor,1,19498,2026-03-07,Credit Card,Delhi
MAR_007224,CUST_03682,Mouse,4,48135,2026-03-19,Debit Card,Bangalore
MAR_007225,CUST_03484,Smartphone,3,29651,2026-03-05,Debit Card,Chennai
MAR_007226,CUST_01420,Headphones,2,41019,2026-03-17,Cash on Delivery,Hyderabad
MAR_007227,CUST_00229,Monitor,1,28306,2026-03-29,UPI,Hyderabad
MAR_007228,CUST_02217,Keyboard,5,26130,2026-03-25,Debit Card,Pune
MAR_007229,CUST_04668,Smartphone,4,43978,2026-03-02,Credit Card,Mumbai
MAR_007230,CUST_04195,Laptop,3,37159,2026-03-23,Debit Card,Chennai
MAR_007231,CUST_02219,Tablet,1,33703,2026-03-31,Debit Card,Chennai
MAR_007232,CUST_02537,Mouse,1,20201,2026-03-07,UPI,Mumbai
MAR_007233,CUST_00377,Tablet,1,35925,2026-03-31,UPI,Mumbai
MAR_007234,CUST_02736,Laptop,5,25921,2026-03-06,Cash on Delivery,Hyderabad
MAR_007235,CUST_02357,Tablet,5,44955,2026-03-09,Cash on Delivery,Hyderabad
MAR_007236,CUST_02740,Smartphone,3,745,2026-03-19,Debit Card,Pune
MAR_007237,CUST_04355,Keyboard,1,30085,2026-03-11,Credit Card,Chennai
MAR_007238,CUST_01897,Monitor,2,3038,2026-03-19,UPI,Mumbai
MAR_007239,CUST_04900,Monitor,3,16253,2026-03-29,UPI,Pune
MAR_007240,CUST_03348,Smartphone,4,46468,2026-03-11,Debit Card,Bangalore
MAR_007241,CUST_04628,Mouse,2,17713,2026-03-20,Credit Card,Pune
MAR_007242,CUST_03260,Mouse,5,4915,2026-03-15,Cash on Delivery,Mumbai
MAR_007243,CUST_02854,Laptop,5,46198,2026-03-28,Credit Card,Hyderabad
MAR_007244,CUST_01162,Tablet,5,39039,2026-03-07,UPI,Mumbai
MAR_007245,CUST_04679,Smartwatch,5,31644,2026-03-04,Debit Card,Delhi
MAR_007246,CUST_02414,Keyboard,1,12889,2026-03-02,Credit Card,Hyderabad
MAR_007247,CUST_02892,Tablet,2,6330,2026-03-21,Debit Card,Chennai
MAR_007248,CUST_04730,Keyboard,5,22648,2026-03-14,Credit Card,Mumbai
MAR_007249,CUST_00941,Tablet,1,13107,2026-03-05,Debit Card,Bangalore
MAR_007250,CUST_03782,Headphones,1,6016,2026-03-22,Cash on Delivery,Pune
MAR_007251,CUST_00410,Monitor,3,37543,2026-03-10,Debit Card,Delhi
MAR_007252,CUST_03408,Mouse,3,37160,2026-03-01,Debit Card,Bangalore
MAR_007253,CUST_03962,Tablet,2,49054,2026-03-01,UPI,Hyderabad
MAR_007254,CUST_01667,Smartwatch,3,17669,2026-03-07,UPI,Pune
MAR_007255,CUST_01094,Monitor,5,2052,2026-03-18,Cash on Delivery,Mumbai
MAR_007256,CUST_01171,Smartwatch,4,2468,2026-03-18,Cash on Delivery,Mumbai
MAR_007257,CUST_03520,Smartphone,5,35015,2026-03-23,Cash on Delivery,Delhi
MAR_007258,CUST_01323,Smartwatch,1,28132,2026-03-09,UPI,Bangalore
MAR_007259,CUST_04094,Headphones,5,43683,2026-03-11,UPI,Mumbai
MAR_007260,CUST_03597,Headphones,3,33985,2026-03-30,UPI,Chennai
MAR_007261,CUST_04228,Tablet,5,47627,2026-03-17,Credit Card,Hyderabad
MAR_007262,CUST_04131,Headphones,3,26229,2026-03-02,Debit Card,Pune
MAR_007263,CUST_00703,Keyboard,1,34838,2026-03-31,Debit Card,Mumbai
MAR_007264,CUST_01702,Headphones,1,30733,2026-03-26,Cash on Delivery,Chennai
MAR_007265,CUST_02414,Headphones,1,29322,2026-03-07,Debit Card,Bangalore
MAR_007266,CUST_00939,Headphones,2,29988,2026-03-17,Credit Card,Pune
MAR_007267,CUST_04932,Mouse,1,36083,2026-03-18,UPI,Pune
MAR_007268,CUST_03524,Headphones,5,37116,2026-03-24,Cash on Delivery,Pune
MAR_007269,CUST_02615,Keyboard,5,10839,2026-03-28,UPI,Chennai
MAR_007270,CUST_04165,Laptop,3,35005,2026-03-21,Credit Card,Hyderabad
MAR_007271,CUST_04150,Laptop,3,7928,2026-03-25,UPI,Delhi
MAR_007272,CUST_03301,Headphones,3,14628,2026-03-08,Debit Card,Mumbai
MAR_007273,CUST_00294,Tablet,3,33852,2026-03-03,UPI,Delhi
MAR_007274,CUST_00150,Keyboard,2,42388,2026-03-10,UPI,Chennai
MAR_007275,CUST_03680,Laptop,3,9012,2026-03-27,UPI,Delhi
MAR_007276,CUST_03572,Tablet,2,24717,2026-03-17,Debit Card,Bangalore
MAR_007277,CUST_01158,Monitor,2,22756,2026-03-09,UPI,Delhi
MAR_007278,CUST_03678,Smartwatch,3,11988,2026-03-08,Debit Card,Hyderabad
MAR_007279,CUST_04265,Monitor,2,48247,2026-03-23,Debit Card,Mumbai
MAR_007280,CUST_02155,Smartphone,5,36613,2026-03-07,UPI,Pune
MAR_007281,CUST_00752,Tablet,1,35533,2026-03-19,Debit Card,Pune
MAR_007282,CUST_04341,Keyboard,2,31157,2026-03-05,Debit Card,Delhi
MAR_007283,CUST_02213,Tablet,1,39657,2026-03-14,UPI,Chennai
MAR_007284,CUST_04067,Tablet,5,2489,2026-03-28,Cash on Delivery,Chennai
MAR_007285,CUST_03610,Monitor,2,6260,2026-03-20,UPI,Mumbai
MAR_007286,CUST_02045,Smartwatch,1,15752,2026-03-04,Credit Card,Delhi
MAR_007287,CUST_00256,Headphones,3,2370,2026-03-03,Credit Card,Hyderabad
MAR_007288,CUST_04076,Keyboard,5,2901,2026-03-01,Cash on Delivery,Chennai
MAR_007289,CUST_00715,Laptop,2,8475,2026-03-02,UPI,Mumbai
MAR_007290,CUST_01682,Mouse,4,38272,2026-03-15,UPI,Bangalore
MAR_007291,CUST_02672,Laptop,5,22379,2026-03-09,Credit Card,Chennai
MAR_007292,CUST_00868,Tablet,3,6169,2026-03-07,Cash on Delivery,Mumbai
MAR_007293,CUST_03988,Smartwatch,4,41738,2026-03-31,Debit Card,Hyderabad
MAR_007294,CUST_03382,Smartwatch,1,17327,2026-03-22,Credit Card,Hyderabad
MAR_007295,CUST_01445,Headphones,2,12600,2026-03-24,Cash on Delivery,Delhi
MAR_007296,CUST_03806,Tablet,4,19270,2026-03-03,Credit Card,Chennai
MAR_007297,CUST_03181,Smartphone,1,15861,2026-03-14,Debit Card,Chennai
MAR_007298,CUST_02030,Mouse,4,28354,2026-03-21,UPI,Delhi
MAR_007299,CUST_04441,Laptop,2,44265,2026-03-12,Cash on Delivery,Hyderabad
MAR_007300,CUST_02662,Keyboard,2,39850,2026-03-16,UPI,Chennai
MAR_007301,CUST_00130,Keyboard,5,27366,2026-03-21,UPI,Chennai
MAR_007302,CUST_04019,Smartphone,4,27017,2026-03-24,Cash on Delivery,Bangalore
MAR_007303,CUST_03839,Smartphone,3,31361,2026-03-29,UPI,Bangalore
MAR_007304,CUST_04867,Keyboard,1,12472,2026-03-31,Debit Card,Hyderabad
MAR_007305,CUST_01015,Headphones,5,43185,2026-03-30,Credit Card,Pune
MAR_007306,CUST_01281,Keyboard,1,5150,2026-03-20,UPI,Hyderabad
MAR_007307,CUST_01167,Smartwatch,3,18212,2026-03-30,Cash on Delivery,Hyderabad
MAR_007308,CUST_01170,Tablet,4,41665,2026-03-02,Cash on Delivery,Hyderabad
MAR_007309,CUST_01825,Mouse,4,27687,2026-03-05,Credit Card,Mumbai
MAR_007310,CUST_02103,Smartphone,2,14282,2026-03-30,Credit Card,Pune
MAR_007311,CUST_03773,Laptop,5,43593,2026-03-11,Credit Card,Delhi
MAR_007312,CUST_01118,Smartwatch,2,22590,2026-03-06,Cash on Delivery,Bangalore
MAR_007313,CUST_03627,Smartwatch,3,36637,2026-03-18,Credit Card,Hyderabad
MAR_007314,CUST_03005,Smartwatch,2,3552,2026-03-17,Debit Card,Chennai
MAR_007315,CUST_01405,Tablet,4,28434,2026-03-06,Debit Card,Mumbai
MAR_007316,CUST_01874,Headphones,4,2189,2026-03-26,Credit Card,Bangalore
MAR_007317,CUST_01266,Smartwatch,4,4862,2026-03-12,UPI,Pune
MAR_007318,CUST_00400,Monitor,3,48169,2026-03-23,Credit Card,Mumbai
MAR_007319,CUST_01799,Tablet,1,14907,2026-03-14,Credit Card,Bangalore
MAR_007320,CUST_03401,Smartwatch,4,41938,2026-03-18,UPI,Chennai
MAR_007321,CUST_02495,Smartwatch,2,2029,2026-03-25,Credit Card,Bangalore
MAR_007322,CUST_00623,Laptop,2,44662,2026-03-11,Cash on Delivery,Hyderabad
MAR_007323,CUST_04795,Smartphone,4,11311,2026-03-25,UPI,Mumbai
MAR_007324,CUST_01493,Headphones,3,13657,2026-03-27,UPI,Bangalore
MAR_007325,CUST_01617,Smartwatch,1,3501,2026-03-16,UPI,Pune
MAR_007326,CUST_04934,Laptop,1,12492,2026-03-03,UPI,Pune
MAR_007327,CUST_03159,Monitor,3,37197,2026-03-17,Debit Card,Pune
MAR_007328,CUST_03233,Smartphone,3,3178,2026-03-27,Credit Card,Hyderabad
MAR_007329,CUST_03059,Smartphone,3,7722,2026-03-19,UPI,Bangalore
MAR_007330,CUST_00257,Keyboard,3,25313,2026-03-19,Credit Card,Hyderabad
MAR_007331,CUST_01641,Mouse,5,31587,2026-03-12,Debit Card,Pune
MAR_007332,CUST_02384,Headphones,3,16335,2026-03-17,Cash on Delivery,Bangalore
MAR_007333,CUST_00047,Laptop,5,9639,2026-03-08,Credit Card,Chennai
MAR_007334,CUST_03216,Smartwatch,3,21573,2026-03-03,Credit Card,Chennai
MAR_007335,CUST_02404,Smartphone,2,41930,2026-03-22,Cash on Delivery,Bangalore
MAR_007336,CUST_01730,Tablet,1,37908,2026-03-01,Debit Card,Delhi
MAR_007337,CUST_04393,Mouse,2,10567,2026-03-21,UPI,Bangalore
MAR_007338,CUST_00182,Mouse,4,3463,2026-03-18,Cash on Delivery,Mumbai
MAR_007339,CUST_04209,Tablet,2,16607,2026-03-12,Cash on Delivery,Bangalore
MAR_007340,CUST_00541,Keyboard,2,1875,2026-03-10,Debit Card,Mumbai
MAR_007341,CUST_03748,Laptop,5,30755,2026-03-27,Credit Card,Hyderabad
MAR_007342,CUST_00394,Laptop,4,35370,2026-03-23,UPI,Bangalore
MAR_007343,CUST_01317,Headphones,4,41999,2026-03-27,UPI,Chennai
MAR_007344,CUST_00121,Tablet,3,5797,2026-03-10,Cash on Delivery,Mumbai
MAR_007345,CUST_02599,Smartphone,4,45522,2026-03-01,Credit Card,Pune
MAR_007346,CUST_03510,Smartwatch,4,35398,2026-03-20,Cash on Delivery,Delhi
MAR_007347,CUST_00826,Mouse,4,20872,2026-03-06,Credit Card,Pune
MAR_007348,CUST_00469,Monitor,4,36133,2026-03-25,Cash on Delivery,Bangalore
MAR_007349,CUST_04658,Tablet,1,4440,2026-03-04,UPI,Pune
MAR_007350,CUST_01939,Mouse,1,37013,2026-03-18,Credit Card,Chennai
MAR_007351,CUST_01401,Smartphone,4,28895,2026-03-13,Cash on Delivery,Bangalore
MAR_007352,CUST_04764,Smartphone,1,1243,2026-03-11,Cash on Delivery,Mumbai
MAR_007353,CUST_01723,Keyboard,2,45660,2026-03-26,UPI,Pune
MAR_007354,CUST_01795,Laptop,4,39846,2026-03-10,Cash on Delivery,Chennai
MAR_007355,CUST_02689,Mouse,5,4318,2026-03-20,UPI,Delhi
MAR_007356,CUST_01624,Smartphone,2,7858,2026-03-09,Cash on Delivery,Pune
MAR_007357,CUST_02921,Smartwatch,2,38865,2026-03-31,Cash on Delivery,Hyderabad
MAR_007358,CUST_02333,Headphones,3,25792,2026-03-20,Debit Card,Pune
MAR_007359,CUST_04737,Smartwatch,1,777,2026-03-06,Debit Card,Bangalore
MAR_007360,CUST_03999,Tablet,5,292,2026-03-04,Debit Card,Delhi
MAR_007361,CUST_01608,Headphones,3,45452,2026-03-01,Credit Card,Delhi
MAR_007362,CUST_02920,Keyboard,5,518,2026-03-22,Credit Card,Bangalore
MAR_007363,CUST_00147,Smartphone,3,9186,2026-03-24,Credit Card,Hyderabad
MAR_007364,CUST_04840,Laptop,5,2538,2026-03-08,Credit Card,Delhi
MAR_007365,CUST_01999,Laptop,4,22482,2026-03-25,Debit Card,Chennai
MAR_007366,CUST_03058,Laptop,5,39898,2026-03-08,Credit Card,Bangalore
MAR_007367,CUST_04690,Keyboard,2,22802,2026-03-07,Credit Card,Mumbai
MAR_007368,CUST_01005,Smartphone,4,7238,2026-03-03,Debit Card,Chennai
MAR_007369,CUST_03140,Keyboard,2,10552,2026-03-06,Credit Card,Hyderabad
MAR_007370,CUST_04481,Keyboard,2,37626,2026-03-22,Cash on Delivery,Pune
MAR_007371,CUST_04237,Keyboard,1,37674,2026-03-30,UPI,Bangalore
MAR_007372,CUST_04203,Tablet,2,18699,2026-03-19,Cash on Delivery,Delhi
MAR_007373,CUST_02476,Headphones,3,856,2026-03-29,Cash on Delivery,Chennai
MAR_007374,CUST_01652,Monitor,5,16729,2026-03-18,Cash on Delivery,Mumbai
MAR_007375,CUST_01337,Headphones,4,12367,2026-03-17,Cash on Delivery,Delhi
MAR_007376,CUST_02170,Smartphone,3,20374,2026-03-03,Credit Card,Hyderabad
MAR_007377,CUST_04817,Tablet,3,40473,2026-03-31,Cash on Delivery,Bangalore
MAR_007378,CUST_03543,Headphones,4,12296,2026-03-10,UPI,Mumbai
MAR_007379,CUST_02955,Mouse,2,6647,2026-03-05,Cash on Delivery,Hyderabad
MAR_007380,CUST_01220,Mouse,3,34929,2026-03-31,UPI,Hyderabad
MAR_007381,CUST_01517,Smartphone,4,29375,2026-03-31,Debit Card,Bangalore
MAR_007382,CUST_02984,Tablet,5,18458,2026-03-10,Debit Card,Hyderabad
MAR_007383,CUST_00074,Smartphone,4,30418,2026-03-10,Credit Card,Delhi
MAR_007384,CUST_04690,Headphones,2,33429,2026-03-08,UPI,Mumbai
MAR_007385,CUST_01028,Tablet,5,20910,2026-03-14,Credit Card,Bangalore
MAR_007386,CUST_00504,Tablet,3,29733,2026-03-26,Credit Card,Hyderabad
MAR_007387,CUST_02806,Smartphone,2,6376,2026-03-18,UPI,Bangalore
MAR_007388,CUST_03438,Keyboard,3,17477,2026-03-13,Debit Card,Bangalore
MAR_007389,CUST_04214,Monitor,5,20515,2026-03-01,Debit Card,Delhi
MAR_007390,CUST_04451,Monitor,1,29596,2026-03-06,Debit Card,Pune
MAR_007391,CUST_01003,Headphones,2,43390,2026-03-08,Debit Card,Delhi
MAR_007392,CUST_04462,Headphones,4,2277,2026-03-29,Debit Card,Bangalore
MAR_007393,CUST_00202,Tablet,1,35489,2026-03-01,Debit Card,Hyderabad
MAR_007394,CUST_00534,Laptop,4,9049,2026-03-06,UPI,Pune
MAR_007395,CUST_03192,Tablet,3,16050,2026-03-03,UPI,Pune
MAR_007396,CUST_04748,Headphones,1,21192,2026-03-21,UPI,Bangalore
MAR_007397,CUST_04178,Keyboard,1,37040,2026-03-23,Cash on Delivery,Mumbai
MAR_007398,CUST_02631,Mouse,2,472,2026-03-23,Cash on Delivery,Mumbai
MAR_007399,CUST_03542,Tablet,5,35607,2026-03-14,UPI,Chennai
MAR_007400,CUST_04833,Headphones,2,10764,2026-03-06,Credit Card,Chennai
MAR_007401,CUST_04716,Mouse,5,1319,2026-03-19,UPI,Mumbai
MAR_007402,CUST_01512,Mouse,5,29863,2026-03-29,UPI,Bangalore
MAR_007403,CUST_02739,Smartwatch,2,34310,2026-03-26,UPI,Mumbai
MAR_007404,CUST_02611,Smartphone,4,26673,2026-03-26,Cash on Delivery,Delhi
MAR_007405,CUST_00922,Smartwatch,5,10650,2026-03-27,UPI,Mumbai
MAR_007406,CUST_02466,Smartphone,5,11176,2026-03-20,UPI,Pune
MAR_007407,CUST_04287,Keyboard,5,40073,2026-03-27,Cash on Delivery,Mumbai
MAR_007408,CUST_02405,Mouse,5,46398,2026-03-01,Cash on Delivery,Pune
MAR_007409,CUST_00803,Smartphone,1,32136,2026-03-05,Credit Card,Bangalore
MAR_007410,CUST_00076,Smartwatch,2,7319,2026-03-15,UPI,Bangalore
MAR_007411,CUST_01705,Smartwatch,2,40038,2026-03-11,Debit Card,Pune
MAR_007412,CUST_02381,Smartwatch,5,31811,2026-03-05,Cash on Delivery,Bangalore
MAR_007413,CUST_02835,Keyboard,1,32794,2026-03-09,UPI,Chennai
MAR_007414,CUST_02070,Mouse,5,37794,2026-03-27,Credit Card,Delhi
MAR_007415,CUST_00992,Smartwatch,1,28291,2026-03-11,Debit Card,Delhi
MAR_007416,CUST_03125,Laptop,2,3048,2026-03-14,Debit Card,Mumbai
MAR_007417,CUST_02141,Monitor,1,45403,2026-03-31,UPI,Pune
MAR_007418,CUST_01859,Smartphone,4,26611,2026-03-20,Debit Card,Chennai
MAR_007419,CUST_04991,Tablet,2,30466,2026-03-15,Debit Card,Pune
MAR_007420,CUST_00263,Keyboard,5,10834,2026-03-09,Debit Card,Delhi
MAR_007421,CUST_01908,Smartwatch,5,44059,2026-03-27,Cash on Delivery,Bangalore
MAR_007422,CUST_04204,Laptop,3,16880,2026-03-30,Debit Card,Hyderabad
MAR_007423,CUST_00306,Headphones,4,20113,2026-03-28,Credit Card,Pune
MAR_007424,CUST_04556,Headphones,3,14770,2026-03-10,UPI,Mumbai
MAR_007425,CUST_02547,Smartphone,5,47279,2026-03-30,UPI,Chennai
MAR_007426,CUST_04732,Headphones,4,42401,2026-03-22,Debit Card,Bangalore
MAR_007427,CUST_03947,Tablet,5,42017,2026-03-20,UPI,Delhi
MAR_007428,CUST_04172,Keyboard,1,49300,2026-03-06,Debit Card,Bangalore
MAR_007429,CUST_04785,Keyboard,1,38738,2026-03-28,Debit Card,Chennai
MAR_007430,CUST_01710,Laptop,1,26440,2026-03-07,Debit Card,Mumbai
MAR_007431,CUST_02526,Tablet,1,36871,2026-03-10,Cash on Delivery,Hyderabad
MAR_007432,CUST_02280,Smartphone,1,49942,2026-03-21,Cash on Delivery,Chennai
MAR_007433,CUST_03446,Headphones,1,1981,2026-03-09,UPI,Delhi
MAR_007434,CUST_03825,Mouse,3,33882,2026-03-14,Cash on Delivery,Hyderabad
MAR_007435,CUST_02900,Monitor,4,40511,2026-03-03,Debit Card,Chennai
MAR_007436,CUST_04521,Keyboard,1,46228,2026-03-15,UPI,Chennai
MAR_007437,CUST_02374,Smartphone,5,29756,2026-03-01,Debit Card,Bangalore
MAR_007438,CUST_03829,Headphones,3,37352,2026-03-06,UPI,Hyderabad
MAR_007439,CUST_03118,Tablet,5,2281,2026-03-20,UPI,Bangalore
MAR_007440,CUST_04306,Headphones,1,6723,2026-03-15,Debit Card,Bangalore
MAR_007441,CUST_02499,Tablet,5,20667,2026-03-08,Cash on Delivery,Delhi
MAR_007442,CUST_00031,Keyboard,3,6434,2026-03-04,Cash on Delivery,Bangalore
MAR_007443,CUST_03124,Mouse,4,10664,2026-03-17,Cash on Delivery,Chennai
MAR_007444,CUST_01735,Mouse,5,22365,2026-03-07,Credit Card,Bangalore
MAR_007445,CUST_01715,Headphones,4,6022,2026-03-08,Cash on Delivery,Chennai
MAR_007446,CUST_01526,Smartphone,1,15845,2026-03-01,UPI,Mumbai
MAR_007447,CUST_00434,Monitor,1,13067,2026-03-23,UPI,Delhi
MAR_007448,CUST_00758,Tablet,2,12349,2026-03-28,Debit Card,Bangalore
MAR_007449,CUST_02525,Headphones,2,41556,2026-03-04,Credit Card,Chennai
MAR_007450,CUST_02477,Smartwatch,5,6312,2026-03-15,UPI,Pune
MAR_007451,CUST_01005,Laptop,4,37854,2026-03-27,Cash on Delivery,Mumbai
MAR_007452,CUST_00257,Smartwatch,1,44921,2026-03-11,Credit Card,Delhi
MAR_007453,CUST_02575,Mouse,3,24134,2026-03-12,UPI,Hyderabad
MAR_007454,CUST_03929,Headphones,3,38749,2026-03-31,Debit Card,Hyderabad
MAR_007455,CUST_01993,Mouse,2,46865,2026-03-02,Debit Card,Delhi
MAR_007456,CUST_04106,Monitor,3,46879,2026-03-16,UPI,Chennai
MAR_007457,CUST_03987,Mouse,1,46227,2026-03-06,Cash on Delivery,Mumbai
MAR_007458,CUST_04423,Smartwatch,3,2947,2026-03-14,UPI,Mumbai
MAR_007459,CUST_03946,Smartphone,4,21136,2026-03-04,Debit Card,Hyderabad
MAR_007460,CUST_04021,Keyboard,5,45254,2026-03-20,UPI,Chennai
MAR_007461,CUST_02520,Monitor,2,27613,2026-03-12,UPI,Chennai
MAR_007462,CUST_01493,Mouse,1,6864,2026-03-18,UPI,Hyderabad
MAR_007463,CUST_04384,Mouse,2,37357,2026-03-23,Debit Card,Chennai
MAR_007464,CUST_00544,Tablet,2,5748,2026-03-02,Credit Card,Hyderabad
MAR_007465,CUST_02177,Laptop,4,9847,2026-03-07,UPI,Delhi
MAR_007466,CUST_00854,Laptop,3,11303,2026-03-05,UPI,Chennai
MAR_007467,CUST_02198,Laptop,3,39154,2026-03-08,Credit Card,Chennai
MAR_007468,CUST_01782,Laptop,4,18479,2026-03-29,Cash on Delivery,Chennai
MAR_007469,CUST_02461,Smartwatch,3,1057,2026-03-30,Cash on Delivery,Pune
MAR_007470,CUST_03288,Headphones,2,34245,2026-03-29,Debit Card,Delhi
MAR_007471,CUST_01774,Smartwatch,2,24569,2026-03-13,Debit Card,Hyderabad
MAR_007472,CUST_04591,Monitor,4,26096,2026-03-08,Debit Card,Pune
MAR_007473,CUST_01723,Monitor,3,24339,2026-03-13,Credit Card,Delhi
MAR_007474,CUST_02902,Tablet,5,42233,2026-03-17,UPI,Hyderabad
MAR_007475,CUST_04354,Keyboard,4,12313,2026-03-13,Credit Card,Mumbai
MAR_007476,CUST_00667,Tablet,2,47014,2026-03-14,UPI,Chennai
MAR_007477,CUST_00434,Keyboard,3,30929,2026-03-05,UPI,Bangalore
MAR_007478,CUST_03130,Keyboard,3,17611,2026-03-21,UPI,Delhi
MAR_007479,CUST_01774,Tablet,3,8145,2026-03-21,Credit Card,Mumbai
MAR_007480,CUST_02146,Monitor,4,20925,2026-03-13,Debit Card,Pune
MAR_007481,CUST_01673,Mouse,3,5872,2026-03-19,Cash on Delivery,Delhi
MAR_007482,CUST_02905,Smartwatch,1,6471,2026-03-03,Credit Card,Delhi
MAR_007483,CUST_02795,Headphones,1,9321,2026-03-08,Credit Card,Pune
MAR_007484,CUST_02341,Smartwatch,1,41347,2026-03-01,Debit Card,Delhi
MAR_007485,CUST_04664,Headphones,2,17097,2026-03-09,Debit Card,Bangalore
MAR_007486,CUST_03829,Smartphone,4,19277,2026-03-16,Debit Card,Mumbai
MAR_007487,CUST_04018,Mouse,2,13036,2026-03-06,Credit Card,Delhi
MAR_007488,CUST_02265,Smartwatch,1,32294,2026-03-27,Debit Card,Hyderabad
MAR_007489,CUST_01197,Headphones,4,34865,2026-03-24,Debit Card,Bangalore
MAR_007490,CUST_03898,Headphones,5,38881,2026-03-28,Cash on Delivery,Chennai
MAR_007491,CUST_00461,Monitor,3,1780,2026-03-04,UPI,Bangalore
MAR_007492,CUST_03106,Headphones,5,45777,2026-03-12,UPI,Chennai
MAR_007493,CUST_04726,Mouse,4,15589,2026-03-15,Cash on Delivery,Chennai
MAR_007494,CUST_01072,Headphones,3,44989,2026-03-12,Debit Card,Mumbai
MAR_007495,CUST_00953,Keyboard,2,8495,2026-03-07,Credit Card,Chennai
MAR_007496,CUST_02425,Keyboard,2,20210,2026-03-02,Debit Card,Hyderabad
MAR_007497,CUST_01581,Smartwatch,2,13770,2026-03-31,Debit Card,Hyderabad
MAR_007498,CUST_03620,Laptop,5,32235,2026-03-31,UPI,Pune
MAR_007499,CUST_04726,Headphones,3,1647,2026-03-13,Cash on Delivery,Delhi
MAR_007500,CUST_01614,Tablet,4,5932,2026-03-27,Credit Card,Hyderabad
MAR_007501,CUST_02418,Smartwatch,3,43183,2026-03-16,Debit Card,Bangalore
MAR_007502,CUST_03498,Smartphone,4,18882,2026-03-12,Credit Card,Mumbai
MAR_007503,CUST_02221,Monitor,2,11058,2026-03-14,Cash on Delivery,Mumbai
MAR_007504,CUST_01345,Monitor,3,12131,2026-03-26,Credit Card,Hyderabad
MAR_007505,CUST_03900,Smartwatch,2,36773,2026-03-26,Debit Card,Pune
MAR_007506,CUST_03748,Monitor,4,33261,2026-03-26,Debit Card,Hyderabad
MAR_007507,CUST_04381,Monitor,1,21019,2026-03-03,Cash on Delivery,Delhi
MAR_007508,CUST_04806,Keyboard,5,29934,2026-03-23,Cash on Delivery,Mumbai
MAR_007509,CUST_00467,Tablet,1,27737,2026-03-07,Debit Card,Bangalore
MAR_007510,CUST_04811,Headphones,3,48063,2026-03-25,Credit Card,Pune
MAR_007511,CUST_03086,Tablet,1,44274,2026-03-30,Debit Card,Hyderabad
MAR_007512,CUST_02376,Keyboard,5,36457,2026-03-25,UPI,Bangalore
MAR_007513,CUST_00772,Smartwatch,3,4781,2026-03-13,Cash on Delivery,Delhi
MAR_007514,CUST_01196,Laptop,2,46632,2026-03-16,UPI,Pune
MAR_007515,CUST_05000,Keyboard,1,39466,2026-03-16,Debit Card,Delhi
MAR_007516,CUST_00226,Headphones,5,38692,2026-03-22,Cash on Delivery,Mumbai
MAR_007517,CUST_03244,Keyboard,1,18513,2026-03-28,Credit Card,Mumbai
MAR_007518,CUST_01542,Headphones,5,31942,2026-03-19,Debit Card,Bangalore
MAR_007519,CUST_02694,Monitor,5,31681,2026-03-28,UPI,Pune
MAR_007520,CUST_02274,Smartphone,4,18506,2026-03-03,UPI,Bangalore
MAR_007521,CUST_03514,Mouse,4,3469,2026-03-24,Cash on Delivery,Chennai
MAR_007522,CUST_01903,Headphones,3,7452,2026-03-30,Cash on Delivery,Chennai
MAR_007523,CUST_03801,Smartwatch,5,42900,2026-03-29,Credit Card,Hyderabad
MAR_007524,CUST_00185,Headphones,5,26769,2026-03-21,Debit Card,Delhi
MAR_007525,CUST_03208,Monitor,2,35682,2026-03-07,Credit Card,Hyderabad
MAR_007526,CUST_03770,Monitor,2,10096,2026-03-04,UPI,Delhi
MAR_007527,CUST_01196,Laptop,5,28093,2026-03-06,Debit Card,Mumbai
MAR_007528,CUST_03200,Headphones,5,23741,2026-03-10,UPI,Mumbai
MAR_007529,CUST_01043,Smartphone,3,8964,2026-03-04,Credit Card,Delhi
MAR_007530,CUST_01712,Mouse,1,43350,2026-03-01,Cash on Delivery,Mumbai
MAR_007531,CUST_04728,Monitor,5,42717,2026-03-07,Credit Card,Bangalore
MAR_007532,CUST_00886,Headphones,5,39847,2026-03-15,Cash on Delivery,Delhi
MAR_007533,CUST_02405,Laptop,3,4894,2026-03-01,Debit Card,Chennai
MAR_007534,CUST_03695,Smartwatch,3,11016,2026-03-17,Debit Card,Hyderabad
MAR_007535,CUST_00308,Smartwatch,5,39222,2026-03-11,Credit Card,Delhi
MAR_007536,CUST_03782,Laptop,3,26535,2026-03-07,Cash on Delivery,Hyderabad
MAR_007537,CUST_01575,Tablet,2,470,2026-03-10,Credit Card,Bangalore
MAR_007538,CUST_00608,Monitor,4,16003,2026-03-17,Debit Card,Hyderabad
MAR_007539,CUST_00352,Mouse,5,22646,2026-03-06,UPI,Mumbai
MAR_007540,CUST_03718,Mouse,4,1744,2026-03-26,Debit Card,Delhi
MAR_007541,CUST_03438,Keyboard,4,47083,2026-03-04,Credit Card,Mumbai
MAR_007542,CUST_04115,Smartphone,1,11194,2026-03-29,Credit Card,Chennai
MAR_007543,CUST_03841,Smartwatch,1,12108,2026-03-10,Debit Card,Mumbai
MAR_007544,CUST_03322,Laptop,3,11479,2026-03-13,Cash on Delivery,Chennai
MAR_007545,CUST_04113,Laptop,3,10573,2026-03-05,UPI,Hyderabad
MAR_007546,CUST_04103,Monitor,2,15565,2026-03-10,Credit Card,Hyderabad
MAR_007547,CUST_03711,Mouse,5,1388,2026-03-17,Cash on Delivery,Chennai
MAR_007548,CUST_01225,Monitor,3,15241,2026-03-20,UPI,Bangalore
MAR_007549,CUST_02976,Keyboard,3,835,2026-03-11,Cash on Delivery,Chennai
MAR_007550,CUST_02084,Smartwatch,5,36929,2026-03-12,Cash on Delivery,Hyderabad
MAR_007551,CUST_01653,Smartphone,5,43059,2026-03-05,UPI,Mumbai
MAR_007552,CUST_01500,Smartphone,4,6411,2026-03-10,UPI,Delhi
MAR_007553,CUST_03841,Laptop,5,25742,2026-03-13,Debit Card,Bangalore
MAR_007554,CUST_00765,Tablet,2,37056,2026-03-02,Debit Card,Delhi
MAR_007555,CUST_03037,Mouse,3,8407,2026-03-06,Credit Card,Bangalore
MAR_007556,CUST_00002,Laptop,5,25785,2026-03-27,Debit Card,Delhi
MAR_007557,CUST_02589,Headphones,5,49540,2026-03-27,Credit Card,Delhi
MAR_007558,CUST_00602,Headphones,1,26233,2026-03-15,Debit Card,Delhi
MAR_007559,CUST_03133,Monitor,4,26377,2026-03-12,Credit Card,Hyderabad
MAR_007560,CUST_01501,Tablet,5,9736,2026-03-23,UPI,Delhi
MAR_007561,CUST_01950,Laptop,2,35560,2026-03-21,Cash on Delivery,Bangalore
MAR_007562,CUST_04835,Smartphone,3,26306,2026-03-27,Debit Card,Mumbai
MAR_007563,CUST_04904,Keyboard,5,23209,2026-03-27,Credit Card,Mumbai
MAR_007564,CUST_01945,Headphones,3,42306,2026-03-01,Debit Card,Chennai
MAR_007565,CUST_04699,Laptop,2,24108,2026-03-18,Cash on Delivery,Pune
MAR_007566,CUST_04463,Mouse,3,39436,2026-03-04,Debit Card,Mumbai
MAR_007567,CUST_04542,Laptop,2,38691,2026-03-24,Cash on Delivery,Delhi
MAR_007568,CUST_00422,Mouse,1,20708,2026-03-05,Cash on Delivery,Delhi
MAR_007569,CUST_03436,Headphones,1,36022,2026-03-12,Credit Card,Chennai
MAR_007570,CUST_02126,Tablet,1,38751,2026-03-19,UPI,Pune
MAR_007571,CUST_00354,Mouse,2,35230,2026-03-27,Cash on Delivery,Delhi
MAR_007572,CUST_01097,Laptop,1,45949,2026-03-22,Cash on Delivery,Pune
MAR_007573,CUST_03068,Smartphone,5,30687,2026-03-26,Credit Card,Bangalore
MAR_007574,CUST_03387,Laptop,4,9804,2026-03-19,Credit Card,Delhi
MAR_007575,CUST_04925,Laptop,5,28297,2026-03-14,Cash on Delivery,Hyderabad
MAR_007576,CUST_01365,Smartphone,5,4673,2026-03-12,UPI,Bangalore
MAR_007577,CUST_03928,Headphones,5,38497,2026-03-17,Credit Card,Pune
MAR_007578,CUST_03763,Tablet,2,36372,2026-03-27,Debit Card,Pune
MAR_007579,CUST_03845,Mouse,2,42971,2026-03-31,Debit Card,Bangalore
MAR_007580,CUST_03166,Keyboard,5,24559,2026-03-18,Cash on Delivery,Delhi
MAR_007581,CUST_02835,Smartphone,4,3671,2026-03-24,Cash on Delivery,Mumbai
MAR_007582,CUST_03356,Monitor,2,45160,2026-03-04,Debit Card,Pune
MAR_007583,CUST_04923,Headphones,5,41884,2026-03-27,Debit Card,Mumbai
MAR_007584,CUST_04537,Smartphone,3,32318,2026-03-31,UPI,Bangalore
MAR_007585,CUST_02086,Laptop,4,17129,2026-03-03,Cash on Delivery,Mumbai
MAR_007586,CUST_00590,Smartphone,1,36989,2026-03-17,Debit Card,Mumbai
MAR_007587,CUST_04990,Headphones,3,41122,2026-03-12,Cash on Delivery,Hyderabad
MAR_007588,CUST_03769,Laptop,5,11938,2026-03-03,UPI,Mumbai
MAR_007589,CUST_03854,Tablet,4,15310,2026-03-23,Credit Card,Pune
MAR_007590,CUST_01863,Keyboard,3,329,2026-03-28,Cash on Delivery,Bangalore
MAR_007591,CUST_04122,Tablet,3,37215,2026-03-01,Credit Card,Delhi
MAR_007592,CUST_04715,Keyboard,1,3345,2026-03-10,Cash on Delivery,Chennai
MAR_007593,CUST_03749,Smartwatch,5,37564,2026-03-09,UPI,Delhi
MAR_007594,CUST_03319,Headphones,5,26117,2026-03-05,UPI,Pune
MAR_007595,CUST_01180,Keyboard,4,49678,2026-03-09,Credit Card,Bangalore
MAR_007596,CUST_00529,Headphones,4,38777,2026-03-27,Cash on Delivery,Hyderabad
MAR_007597,CUST_01979,Mouse,4,47259,2026-03-22,Debit Card,Mumbai
MAR_007598,CUST_03810,Smartphone,1,622,2026-03-03,Credit Card,Pune
MAR_007599,CUST_03575,Monitor,5,19220,2026-03-13,UPI,Delhi
MAR_007600,CUST_03986,Tablet,4,12861,2026-03-19,Credit Card,Bangalore
MAR_007601,CUST_00394,Smartphone,3,17433,2026-03-14,Cash on Delivery,Hyderabad
MAR_007602,CUST_04759,Smartphone,4,43003,2026-03-03,Debit Card,Mumbai
MAR_007603,CUST_04755,Mouse,2,1156,2026-03-05,UPI,Mumbai
MAR_007604,CUST_02966,Mouse,3,11230,2026-03-05,Credit Card,Mumbai
MAR_007605,CUST_00523,Smartphone,2,17878,2026-03-28,Debit Card,Bangalore
MAR_007606,CUST_01806,Headphones,5,29373,2026-03-25,Cash on Delivery,Hyderabad
MAR_007607,CUST_04833,Smartphone,1,22376,2026-03-31,Cash on Delivery,Chennai
MAR_007608,CUST_00990,Headphones,1,47227,2026-03-26,Credit Card,Delhi
MAR_007609,CUST_02575,Smartwatch,2,2844,2026-03-05,Cash on Delivery,Hyderabad
MAR_007610,CUST_00385,Laptop,5,44157,2026-03-16,Cash on Delivery,Delhi
MAR_007611,CUST_00175,Mouse,4,16021,2026-03-30,UPI,Pune
MAR_007612,CUST_04194,Headphones,4,11019,2026-03-14,Cash on Delivery,Delhi
MAR_007613,CUST_01584,Mouse,1,6134,2026-03-05,Credit Card,Delhi
MAR_007614,CUST_01107,Keyboard,4,32854,2026-03-26,Credit Card,Delhi
MAR_007615,CUST_00720,Monitor,3,35581,2026-03-20,Cash on Delivery,Mumbai
MAR_007616,CUST_03863,Headphones,3,48852,2026-03-18,Credit Card,Delhi
MAR_007617,CUST_04304,Tablet,5,2901,2026-03-31,Cash on Delivery,Mumbai
MAR_007618,CUST_01412,Smartphone,5,36630,2026-03-11,Cash on Delivery,Pune
MAR_007619,CUST_00097,Laptop,2,24821,2026-03-29,UPI,Hyderabad
MAR_007620,CUST_01729,Monitor,2,2598,2026-03-04,Debit Card,Pune
MAR_007621,CUST_04115,Mouse,1,28353,2026-03-15,Credit Card,Mumbai
MAR_007622,CUST_00362,Smartphone,3,10404,2026-03-04,Debit Card,Pune
MAR_007623,CUST_02966,Keyboard,2,23992,2026-03-11,Credit Card,Bangalore
MAR_007624,CUST_02387,Monitor,4,31140,2026-03-16,Debit Card,Pune
MAR_007625,CUST_02222,Smartphone,4,14195,2026-03-30,UPI,Hyderabad
MAR_007626,CUST_03055,Laptop,1,10277,2026-03-05,Debit Card,Chennai
MAR_007627,CUST_02546,Headphones,2,13439,2026-03-04,Debit Card,Chennai
MAR_007628,CUST_03461,Mouse,5,41577,2026-03-27,UPI,Chennai
MAR_007629,CUST_00124,Smartwatch,1,40563,2026-03-18,Credit Card,Hyderabad
MAR_007630,CUST_01877,Tablet,2,18696,2026-03-15,UPI,Chennai
MAR_007631,CUST_02055,Monitor,2,11784,2026-03-28,UPI,Delhi
MAR_007632,CUST_02937,Keyboard,5,3542,2026-03-15,Cash on Delivery,Pune
MAR_007633,CUST_01525,Smartphone,3,7590,2026-03-19,Debit Card,Chennai
MAR_007634,CUST_02306,Monitor,3,16994,2026-03-07,Cash on Delivery,Chennai
MAR_007635,CUST_02066,Smartphone,5,18290,2026-03-02,Cash on Delivery,Delhi
MAR_007636,CUST_00691,Mouse,1,36374,2026-03-20,Cash on Delivery,Mumbai
MAR_007637,CUST_04672,Smartwatch,3,41388,2026-03-15,Credit Card,Mumbai
MAR_007638,CUST_00873,Tablet,3,24174,2026-03-14,UPI,Bangalore
MAR_007639,CUST_03907,Smartwatch,2,38441,2026-03-22,Cash on Delivery,Delhi
MAR_007640,CUST_04319,Smartwatch,2,11975,2026-03-03,Debit Card,Bangalore
MAR_007641,CUST_04884,Smartwatch,2,28981,2026-03-31,Credit Card,Mumbai
MAR_007642,CUST_03200,Smartwatch,4,10829,2026-03-13,Debit Card,Bangalore
MAR_007643,CUST_00745,Headphones,1,5697,2026-03-29,Credit Card,Mumbai
MAR_007644,CUST_00290,Laptop,5,18602,2026-03-02,UPI,Delhi
MAR_007645,CUST_02619,Smartphone,3,27727,2026-03-02,Cash on Delivery,Mumbai
MAR_007646,CUST_04408,Laptop,5,20236,2026-03-22,Debit Card,Bangalore
MAR_007647,CUST_01627,Smartphone,4,33117,2026-03-11,UPI,Chennai
MAR_007648,CUST_02792,Monitor,2,10498,2026-03-10,Debit Card,Mumbai
MAR_007649,CUST_04736,Tablet,1,20019,2026-03-23,Cash on Delivery,Hyderabad
MAR_007650,CUST_00361,Mouse,4,14576,2026-03-11,UPI,Hyderabad
MAR_007651,CUST_00776,Monitor,1,18693,2026-03-08,Credit Card,Bangalore
MAR_007652,CUST_00017,Smartwatch,3,1482,2026-03-12,Credit Card,Bangalore
MAR_007653,CUST_04319,Headphones,5,17375,2026-03-27,Credit Card,Hyderabad
MAR_007654,CUST_03430,Monitor,1,11312,2026-03-13,Cash on Delivery,Bangalore
MAR_007655,CUST_04039,Laptop,2,41402,2026-03-11,Cash on Delivery,Chennai
MAR_007656,CUST_01675,Smartphone,4,47919,2026-03-11,UPI,Pune
MAR_007657,CUST_03601,Keyboard,1,40086,2026-03-25,Cash on Delivery,Hyderabad
MAR_007658,CUST_04737,Keyboard,3,439,2026-03-30,Debit Card,Pune
MAR_007659,CUST_00246,Laptop,4,37594,2026-03-15,Credit Card,Bangalore
MAR_007660,CUST_01860,Headphones,1,13527,2026-03-07,Credit Card,Chennai
MAR_007661,CUST_00328,Smartwatch,1,35297,2026-03-23,Credit Card,Delhi
MAR_007662,CUST_00403,Headphones,5,23966,2026-03-12,UPI,Chennai
MAR_007663,CUST_04431,Smartwatch,4,30745,2026-03-12,Credit Card,Pune
MAR_007664,CUST_04916,Monitor,1,33533,2026-03-18,Debit Card,Delhi
MAR_007665,CUST_04373,Mouse,4,13268,2026-03-12,Debit Card,Mumbai
MAR_007666,CUST_04552,Keyboard,5,49086,2026-03-24,Credit Card,Hyderabad
MAR_007667,CUST_00431,Laptop,4,33862,2026-03-28,UPI,Chennai
MAR_007668,CUST_01747,Tablet,1,13983,2026-03-10,Debit Card,Delhi
MAR_007669,CUST_04119,Smartwatch,3,7814,2026-03-06,Debit Card,Delhi
MAR_007670,CUST_01098,Headphones,2,11379,2026-03-10,UPI,Delhi
MAR_007671,CUST_00830,Headphones,3,492,2026-03-11,UPI,Bangalore
MAR_007672,CUST_00967,Mouse,3,28080,2026-03-09,Cash on Delivery,Delhi
MAR_007673,CUST_01956,Mouse,1,36798,2026-03-15,Debit Card,Mumbai
MAR_007674,CUST_01137,Headphones,2,46433,2026-03-31,Debit Card,Mumbai
MAR_007675,CUST_01626,Monitor,3,25061,2026-03-12,Credit Card,Mumbai
MAR_007676,CUST_02064,Mouse,3,4763,2026-03-19,UPI,Bangalore
MAR_007677,CUST_00644,Laptop,5,26636,2026-03-23,UPI,Hyderabad
MAR_007678,CUST_00080,Headphones,2,24923,2026-03-19,Cash on Delivery,Chennai
MAR_007679,CUST_02507,Mouse,4,2127,2026-03-23,Cash on Delivery,Hyderabad
MAR_007680,CUST_04927,Keyboard,4,45932,2026-03-03,Debit Card,Mumbai
MAR_007681,CUST_01512,Smartwatch,5,25639,2026-03-29,UPI,Chennai
MAR_007682,CUST_03909,Keyboard,4,21338,2026-03-07,UPI,Hyderabad
MAR_007683,CUST_00280,Headphones,3,15945,2026-03-02,UPI,Delhi
MAR_007684,CUST_04512,Headphones,5,15141,2026-03-09,UPI,Mumbai
MAR_007685,CUST_03261,Smartphone,3,23806,2026-03-16,Cash on Delivery,Chennai
MAR_007686,CUST_01964,Headphones,1,17460,2026-03-30,UPI,Chennai
MAR_007687,CUST_02071,Laptop,2,39182,2026-03-24,Debit Card,Delhi
MAR_007688,CUST_01224,Tablet,5,24239,2026-03-27,Debit Card,Bangalore
MAR_007689,CUST_02022,Smartwatch,3,32009,2026-03-21,Debit Card,Bangalore
MAR_007690,CUST_01183,Headphones,3,30673,2026-03-14,Credit Card,Hyderabad
MAR_007691,CUST_01245,Smartwatch,2,25445,2026-03-13,Cash on Delivery,Bangalore
MAR_007692,CUST_03479,Monitor,3,45967,2026-03-24,UPI,Chennai
MAR_007693,CUST_03439,Smartwatch,4,16743,2026-03-01,Cash on Delivery,Mumbai
MAR_007694,CUST_01733,Tablet,3,44335,2026-03-07,Debit Card,Bangalore
MAR_007695,CUST_02351,Mouse,3,19538,2026-03-17,Cash on Delivery,Pune
MAR_007696,CUST_00645,Keyboard,4,31215,2026-03-03,Debit Card,Delhi
MAR_007697,CUST_02796,Smartphone,5,7850,2026-03-11,UPI,Bangalore
MAR_007698,CUST_01232,Tablet,5,18862,2026-03-10,Cash on Delivery,Pune
MAR_007699,CUST_01705,Laptop,5,19026,2026-03-29,Cash on Delivery,Delhi
MAR_007700,CUST_01478,Tablet,5,37103,2026-03-15,Debit Card,Mumbai
MAR_007701,CUST_01665,Tablet,4,5688,2026-03-24,Credit Card,Mumbai
MAR_007702,CUST_01272,Headphones,5,15474,2026-03-21,UPI,Chennai
MAR_007703,CUST_00995,Laptop,2,14260,2026-03-11,UPI,Pune
MAR_007704,CUST_00301,Monitor,5,23370,2026-03-10,Credit Card,Mumbai
MAR_007705,CUST_02916,Tablet,1,18780,2026-03-22,Debit Card,Hyderabad
MAR_007706,CUST_00563,Monitor,1,49855,2026-03-26,UPI,Bangalore
MAR_007707,CUST_00682,Laptop,5,29304,2026-03-01,Cash on Delivery,Chennai
MAR_007708,CUST_02587,Monitor,5,35893,2026-03-11,Cash on Delivery,Hyderabad
MAR_007709,CUST_00723,Headphones,2,32631,2026-03-31,UPI,Hyderabad
MAR_007710,CUST_00901,Headphones,4,45369,2026-03-05,UPI,Mumbai
MAR_007711,CUST_02077,Smartphone,5,39547,2026-03-26,UPI,Hyderabad
MAR_007712,CUST_04909,Monitor,3,9434,2026-03-29,Cash on Delivery,Delhi
MAR_007713,CUST_02033,Keyboard,2,28220,2026-03-17,Cash on Delivery,Delhi
MAR_007714,CUST_01971,Laptop,4,6306,2026-03-12,UPI,Mumbai
MAR_007715,CUST_01113,Mouse,4,6336,2026-03-02,UPI,Chennai
MAR_007716,CUST_03976,Smartphone,1,6526,2026-03-19,Credit Card,Chennai
MAR_007717,CUST_03807,Keyboard,5,43064,2026-03-29,Credit Card,Chennai
MAR_007718,CUST_00217,Keyboard,4,7346,2026-03-27,Cash on Delivery,Bangalore
MAR_007719,CUST_02938,Headphones,3,38571,2026-03-30,Debit Card,Pune
MAR_007720,CUST_00552,Smartphone,4,21387,2026-03-04,UPI,Chennai
MAR_007721,CUST_00740,Headphones,3,26622,2026-03-03,Cash on Delivery,Mumbai
MAR_007722,CUST_01752,Monitor,5,38473,2026-03-09,Cash on Delivery,Hyderabad
MAR_007723,CUST_01075,Keyboard,1,20783,2026-03-16,UPI,Pune
MAR_007724,CUST_04495,Tablet,2,15737,2026-03-20,UPI,Delhi
MAR_007725,CUST_02790,Monitor,3,7035,2026-03-03,Debit Card,Pune
MAR_007726,CUST_03123,Mouse,3,16452,2026-03-17,Cash on Delivery,Chennai
MAR_007727,CUST_02113,Mouse,4,23054,2026-03-01,Debit Card,Mumbai
MAR_007728,CUST_04213,Laptop,4,12754,2026-03-09,Cash on Delivery,Chennai
MAR_007729,CUST_03222,Tablet,5,24448,2026-03-08,Debit Card,Pune
MAR_007730,CUST_00903,Monitor,5,41168,2026-03-25,Cash on Delivery,Hyderabad
MAR_007731,CUST_00920,Smartphone,2,2143,2026-03-31,Cash on Delivery,Pune
MAR_007732,CUST_01203,Monitor,5,14500,2026-03-19,Debit Card,Delhi
MAR_007733,CUST_02578,Tablet,3,27542,2026-03-10,Credit Card,Mumbai
MAR_007734,CUST_03251,Tablet,1,7100,2026-03-19,Credit Card,Mumbai
MAR_007735,CUST_03200,Smartwatch,3,39440,2026-03-18,Credit Card,Bangalore
MAR_007736,CUST_00027,Tablet,1,29276,2026-03-09,Debit Card,Delhi
MAR_007737,CUST_02433,Headphones,5,7475,2026-03-18,Debit Card,Bangalore
MAR_007738,CUST_01887,Smartphone,4,33301,2026-03-09,UPI,Delhi
MAR_007739,CUST_04327,Tablet,4,12875,2026-03-06,UPI,Pune
MAR_007740,CUST_00300,Keyboard,1,9966,2026-03-09,Cash on Delivery,Pune
MAR_007741,CUST_03468,Tablet,3,16112,2026-03-14,Debit Card,Mumbai
MAR_007742,CUST_02932,Smartwatch,1,4106,2026-03-02,Cash on Delivery,Chennai
MAR_007743,CUST_03307,Smartphone,2,46722,2026-03-25,Debit Card,Delhi
MAR_007744,CUST_02299,Tablet,5,37537,2026-03-09,Debit Card,Bangalore
MAR_007745,CUST_01934,Tablet,5,4651,2026-03-23,Cash on Delivery,Mumbai
MAR_007746,CUST_03557,Mouse,4,644,2026-03-27,Cash on Delivery,Chennai
MAR_007747,CUST_04009,Headphones,5,46515,2026-03-24,UPI,Bangalore
MAR_007748,CUST_03734,Mouse,4,46006,2026-03-19,UPI,Delhi
MAR_007749,CUST_00192,Smartphone,1,24960,2026-03-05,Credit Card,Delhi
MAR_007750,CUST_03120,Smartphone,1,3668,2026-03-03,Debit Card,Chennai
MAR_007751,CUST_03768,Smartwatch,1,12220,2026-03-18,Cash on Delivery,Hyderabad
MAR_007752,CUST_00188,Mouse,1,41455,2026-03-08,Cash on Delivery,Chennai
MAR_007753,CUST_03893,Mouse,2,22958,2026-03-20,UPI,Mumbai
MAR_007754,CUST_04918,Keyboard,1,18813,2026-03-04,UPI,Delhi
MAR_007755,CUST_01443,Mouse,3,49417,2026-03-28,Debit Card,Mumbai
MAR_007756,CUST_00984,Tablet,5,12008,2026-03-29,UPI,Chennai
MAR_007757,CUST_02208,Monitor,1,37129,2026-03-19,Debit Card,Bangalore
MAR_007758,CUST_03703,Mouse,3,32108,2026-03-13,Debit Card,Bangalore
MAR_007759,CUST_04127,Mouse,4,377,2026-03-23,Debit Card,Mumbai
MAR_007760,CUST_03939,Keyboard,5,13494,2026-03-26,Cash on Delivery,Delhi
MAR_007761,CUST_03728,Mouse,5,46356,2026-03-29,Debit Card,Bangalore
MAR_007762,CUST_04154,Headphones,1,13340,2026-03-31,UPI,Chennai
MAR_007763,CUST_03416,Laptop,3,30015,2026-03-12,Debit Card,Pune
MAR_007764,CUST_04416,Headphones,5,4609,2026-03-30,Debit Card,Mumbai
MAR_007765,CUST_00626,Keyboard,1,48227,2026-03-31,Credit Card,Pune
MAR_007766,CUST_01943,Smartphone,3,44475,2026-03-01,Credit Card,Delhi
MAR_007767,CUST_03485,Smartphone,2,33233,2026-03-31,Credit Card,Chennai
MAR_007768,CUST_01083,Smartwatch,4,26980,2026-03-15,Credit Card,Bangalore
MAR_007769,CUST_04096,Monitor,2,44573,2026-03-07,Credit Card,Pune
MAR_007770,CUST_04928,Keyboard,5,49311,2026-03-27,UPI,Chennai
MAR_007771,CUST_03544,Headphones,1,3619,2026-03-17,Debit Card,Pune
MAR_007772,CUST_04596,Headphones,2,34534,2026-03-07,Cash on Delivery,Chennai
MAR_007773,CUST_01742,Smartphone,3,5445,2026-03-26,UPI,Chennai
MAR_007774,CUST_00132,Mouse,3,46004,2026-03-23,Debit Card,Bangalore
MAR_007775,CUST_00953,Monitor,2,34972,2026-03-06,Debit Card,Pune
MAR_007776,CUST_02858,Mouse,5,37397,2026-03-28,UPI,Mumbai
MAR_007777,CUST_02294,Mouse,1,28507,2026-03-12,Cash on Delivery,Bangalore
MAR_007778,CUST_00579,Headphones,3,27937,2026-03-26,UPI,Mumbai
MAR_007779,CUST_04940,Smartwatch,1,586,2026-03-15,Credit Card,Hyderabad
MAR_007780,CUST_02877,Laptop,3,39049,2026-03-21,Credit Card,Pune
MAR_007781,CUST_01661,Keyboard,2,36385,2026-03-06,Debit Card,Bangalore
MAR_007782,CUST_01048,Mouse,1,42971,2026-03-26,UPI,Mumbai
MAR_007783,CUST_00381,Monitor,3,38121,2026-03-22,Cash on Delivery,Bangalore
MAR_007784,CUST_01300,Tablet,3,3713,2026-03-03,Credit Card,Bangalore
MAR_007785,CUST_00418,Tablet,3,18371,2026-03-17,Debit Card,Chennai
MAR_007786,CUST_01506,Monitor,1,45450,2026-03-31,Credit Card,Bangalore
MAR_007787,CUST_00243,Headphones,4,23997,2026-03-05,Credit Card,Mumbai
MAR_007788,CUST_02865,Laptop,3,19891,2026-03-19,Credit Card,Bangalore
MAR_007789,CUST_00073,Tablet,4,35593,2026-03-08,Cash on Delivery,Delhi
MAR_007790,CUST_00576,Headphones,5,21728,2026-03-04,Credit Card,Hyderabad
MAR_007791,CUST_03983,Laptop,5,25135,2026-03-27,Cash on Delivery,Delhi
MAR_007792,CUST_03179,Headphones,3,26499,2026-03-07,Credit Card,Mumbai
MAR_007793,CUST_02219,Smartphone,2,2471,2026-03-23,Debit Card,Delhi
MAR_007794,CUST_03032,Keyboard,1,22724,2026-03-16,UPI,Pune
MAR_007795,CUST_03077,Laptop,2,48063,2026-03-10,UPI,Delhi
MAR_007796,CUST_03970,Laptop,1,44905,2026-03-15,Cash on Delivery,Hyderabad
MAR_007797,CUST_03852,Tablet,1,4160,2026-03-10,Cash on Delivery,Pune
MAR_007798,CUST_03218,Mouse,3,8353,2026-03-01,Credit Card,Chennai
MAR_007799,CUST_04015,Mouse,1,4200,2026-03-25,UPI,Delhi
MAR_007800,CUST_01589,Tablet,5,707,2026-03-06,Credit Card,Bangalore
MAR_007801,CUST_02127,Keyboard,5,34099,2026-03-28,Cash on Delivery,Pune
MAR_007802,CUST_02050,Monitor,4,49144,2026-03-29,UPI,Mumbai
MAR_007803,CUST_00949,Mouse,2,46215,2026-03-03,Debit Card,Hyderabad
MAR_007804,CUST_03120,Laptop,4,49615,2026-03-07,Credit Card,Hyderabad
MAR_007805,CUST_04513,Smartwatch,2,453,2026-03-16,Cash on Delivery,Chennai
MAR_007806,CUST_03169,Tablet,2,1553,2026-03-31,Debit Card,Pune
MAR_007807,CUST_02051,Headphones,1,28422,2026-03-29,UPI,Delhi
MAR_007808,CUST_03025,Smartwatch,3,42793,2026-03-04,Debit Card,Hyderabad
MAR_007809,CUST_01519,Smartwatch,5,17159,2026-03-05,UPI,Chennai
MAR_007810,CUST_00767,Headphones,3,3098,2026-03-28,UPI,Hyderabad
MAR_007811,CUST_00831,Headphones,2,45201,2026-03-31,Credit Card,Hyderabad
MAR_007812,CUST_00845,Smartphone,1,47849,2026-03-29,Cash on Delivery,Delhi
MAR_007813,CUST_02212,Tablet,5,24023,2026-03-31,Credit Card,Bangalore
MAR_007814,CUST_01715,Laptop,3,12880,2026-03-25,UPI,Delhi
MAR_007815,CUST_00458,Laptop,3,45721,2026-03-18,UPI,Delhi
MAR_007816,CUST_00989,Smartwatch,2,22326,2026-03-21,Credit Card,Delhi
MAR_007817,CUST_02248,Headphones,4,41216,2026-03-21,UPI,Chennai
MAR_007818,CUST_04067,Smartphone,2,4576,2026-03-18,Cash on Delivery,Mumbai
MAR_007819,CUST_04752,Monitor,1,9356,2026-03-26,Credit Card,Bangalore
MAR_007820,CUST_00636,Smartphone,3,13797,2026-03-10,Cash on Delivery,Mumbai
MAR_007821,CUST_01613,Keyboard,1,1057,2026-03-16,Debit Card,Chennai
MAR_007822,CUST_03486,Smartwatch,2,31182,2026-03-02,UPI,Chennai
MAR_007823,CUST_00131,Monitor,1,37441,2026-03-25,Credit Card,Pune
MAR_007824,CUST_00265,Headphones,4,37922,2026-03-05,Credit Card,Pune
MAR_007825,CUST_02402,Laptop,1,30598,2026-03-28,UPI,Delhi
MAR_007826,CUST_00584,Keyboard,4,39019,2026-03-16,Cash on Delivery,Chennai
MAR_007827,CUST_01017,Keyboard,1,25049,2026-03-02,Cash on Delivery,Bangalore
MAR_007828,CUST_00325,Mouse,2,13513,2026-03-13,Cash on Delivery,Pune
MAR_007829,CUST_00684,Headphones,4,45777,2026-03-03,Debit Card,Mumbai
MAR_007830,CUST_04904,Smartwatch,4,18074,2026-03-04,Debit Card,Hyderabad
MAR_007831,CUST_02455,Keyboard,3,3747,2026-03-19,Debit Card,Mumbai
MAR_007832,CUST_01778,Mouse,5,40126,2026-03-17,UPI,Chennai
MAR_007833,CUST_02075,Laptop,2,27032,2026-03-31,Credit Card,Pune
MAR_007834,CUST_00407,Smartwatch,2,11072,2026-03-10,Credit Card,Delhi
MAR_007835,CUST_00654,Mouse,5,38335,2026-03-11,Cash on Delivery,Pune
MAR_007836,CUST_03310,Mouse,2,8306,2026-03-10,Credit Card,Hyderabad
MAR_007837,CUST_02071,Tablet,2,11272,2026-03-27,Credit Card,Delhi
MAR_007838,CUST_01965,Tablet,3,49258,2026-03-10,Debit Card,Delhi
MAR_007839,CUST_01551,Keyboard,4,2197,2026-03-09,UPI,Delhi
MAR_007840,CUST_01064,Keyboard,5,12123,2026-03-30,Credit Card,Delhi
MAR_007841,CUST_01988,Monitor,2,18940,2026-03-09,UPI,Hyderabad
MAR_007842,CUST_02551,Smartwatch,3,26241,2026-03-14,Cash on Delivery,Hyderabad
MAR_007843,CUST_02052,Smartwatch,5,21185,2026-03-03,Debit Card,Delhi
MAR_007844,CUST_03714,Smartphone,4,23953,2026-03-12,Cash on Delivery,Delhi
MAR_007845,CUST_00207,Laptop,3,27078,2026-03-13,Credit Card,Pune
MAR_007846,CUST_04010,Laptop,4,33445,2026-03-02,UPI,Delhi
MAR_007847,CUST_01460,Mouse,1,39609,2026-03-27,Debit Card,Mumbai
MAR_007848,CUST_01376,Laptop,3,34474,2026-03-27,Cash on Delivery,Chennai
MAR_007849,CUST_01198,Smartphone,5,10706,2026-03-01,Credit Card,Pune
MAR_007850,CUST_02849,Smartphone,5,41652,2026-03-31,Credit Card,Hyderabad
MAR_007851,CUST_02440,Keyboard,4,19993,2026-03-07,Cash on Delivery,Hyderabad
MAR_007852,CUST_03545,Headphones,3,33844,2026-03-02,Credit Card,Delhi
MAR_007853,CUST_01605,Laptop,5,6208,2026-03-22,Debit Card,Delhi
MAR_007854,CUST_03200,Mouse,5,1608,2026-03-18,UPI,Bangalore
MAR_007855,CUST_02145,Laptop,2,47417,2026-03-17,UPI,Delhi
MAR_007856,CUST_00268,Smartphone,5,8799,2026-03-10,Debit Card,Hyderabad
MAR_007857,CUST_04791,Monitor,5,32937,2026-03-13,Debit Card,Chennai
MAR_007858,CUST_00808,Smartphone,1,9799,2026-03-23,Debit Card,Pune
MAR_007859,CUST_02842,Smartwatch,5,10639,2026-03-20,Cash on Delivery,Bangalore
MAR_007860,CUST_00151,Laptop,2,45931,2026-03-10,Credit Card,Mumbai
MAR_007861,CUST_00906,Laptop,3,34887,2026-03-21,Credit Card,Hyderabad
MAR_007862,CUST_02788,Mouse,4,36620,2026-03-10,Cash on Delivery,Mumbai
MAR_007863,CUST_02529,Keyboard,5,33761,2026-03-31,Debit Card,Hyderabad
MAR_007864,CUST_03606,Mouse,4,41670,2026-03-03,Credit Card,Chennai
MAR_007865,CUST_04047,Smartphone,3,16921,2026-03-05,Credit Card,Chennai
MAR_007866,CUST_01986,Keyboard,3,26441,2026-03-12,UPI,Hyderabad
MAR_007867,CUST_01537,Tablet,3,15972,2026-03-14,Debit Card,Mumbai
MAR_007868,CUST_01513,Mouse,5,35989,2026-03-09,Debit Card,Delhi
MAR_007869,CUST_04310,Monitor,4,14400,2026-03-06,Debit Card,Hyderabad
MAR_007870,CUST_01124,Smartwatch,5,24432,2026-03-16,Credit Card,Chennai
MAR_007871,CUST_00842,Smartwatch,4,13998,2026-03-20,UPI,Pune
MAR_007872,CUST_03331,Smartwatch,3,2388,2026-03-25,UPI,Hyderabad
MAR_007873,CUST_04818,Smartwatch,4,26489,2026-03-09,UPI,Mumbai
MAR_007874,CUST_02204,Monitor,2,26132,2026-03-09,Credit Card,Delhi
MAR_007875,CUST_03716,Laptop,4,17659,2026-03-18,UPI,Mumbai
MAR_007876,CUST_03443,Tablet,5,37147,2026-03-31,Debit Card,Bangalore
MAR_007877,CUST_01763,Laptop,5,39911,2026-03-11,Credit Card,Delhi
MAR_007878,CUST_00216,Mouse,1,31469,2026-03-18,Cash on Delivery,Delhi
MAR_007879,CUST_00064,Monitor,4,12843,2026-03-17,UPI,Hyderabad
MAR_007880,CUST_01950,Tablet,2,37872,2026-03-23,Debit Card,Bangalore
MAR_007881,CUST_03081,Smartwatch,3,36501,2026-03-11,Credit Card,Hyderabad
MAR_007882,CUST_02900,Mouse,5,14399,2026-03-20,UPI,Mumbai
MAR_007883,CUST_00155,Keyboard,4,4063,2026-03-09,Cash on Delivery,Hyderabad
MAR_007884,CUST_04561,Smartphone,5,24555,2026-03-31,UPI,Hyderabad
MAR_007885,CUST_03854,Smartphone,3,16016,2026-03-26,Debit Card,Chennai
MAR_007886,CUST_04006,Mouse,2,31675,2026-03-30,Credit Card,Chennai
MAR_007887,CUST_04333,Headphones,2,32516,2026-03-06,UPI,Mumbai
MAR_007888,CUST_03912,Tablet,2,6405,2026-03-19,Cash on Delivery,Mumbai
MAR_007889,CUST_02695,Monitor,2,38889,2026-03-27,Cash on Delivery,Mumbai
MAR_007890,CUST_02811,Headphones,3,18511,2026-03-08,Cash on Delivery,Mumbai
MAR_007891,CUST_00657,Smartphone,2,41707,2026-03-05,Cash on Delivery,Pune
MAR_007892,CUST_01435,Smartwatch,1,12471,2026-03-21,UPI,Chennai
MAR_007893,CUST_01496,Smartphone,2,33836,2026-03-27,UPI,Mumbai
MAR_007894,CUST_01347,Mouse,5,25066,2026-03-30,Cash on Delivery,Hyderabad
MAR_007895,CUST_00898,Smartwatch,2,3650,2026-03-29,Credit Card,Hyderabad
MAR_007896,CUST_03908,Smartwatch,5,46933,2026-03-05,UPI,Chennai
MAR_007897,CUST_02302,Keyboard,2,25541,2026-03-16,UPI,Pune
MAR_007898,CUST_02727,Headphones,1,35804,2026-03-10,UPI,Hyderabad
MAR_007899,CUST_01997,Smartwatch,1,15955,2026-03-15,Credit Card,Chennai
MAR_007900,CUST_01770,Tablet,4,21963,2026-03-27,Cash on Delivery,Pune
MAR_007901,CUST_01828,Keyboard,1,19129,2026-03-05,Debit Card,Hyderabad
MAR_007902,CUST_00091,Laptop,3,17779,2026-03-27,Debit Card,Bangalore
MAR_007903,CUST_01567,Smartphone,2,4887,2026-03-09,Debit Card,Bangalore
MAR_007904,CUST_01432,Keyboard,4,37495,2026-03-27,Cash on Delivery,Hyderabad
MAR_007905,CUST_03312,Tablet,3,17502,2026-03-03,Credit Card,Pune
MAR_007906,CUST_00731,Tablet,5,6277,2026-03-15,Credit Card,Hyderabad
MAR_007907,CUST_02013,Mouse,4,23200,2026-03-25,Debit Card,Chennai
MAR_007908,CUST_01327,Mouse,2,45868,2026-03-11,Cash on Delivery,Bangalore
MAR_007909,CUST_04501,Smartwatch,2,20630,2026-03-24,Credit Card,Bangalore
MAR_007910,CUST_00279,Tablet,3,26667,2026-03-29,Cash on Delivery,Chennai
MAR_007911,CUST_01514,Keyboard,2,12824,2026-03-21,Debit Card,Delhi
MAR_007912,CUST_02706,Monitor,5,30962,2026-03-30,Debit Card,Pune
MAR_007913,CUST_04274,Headphones,1,39326,2026-03-04,Cash on Delivery,Delhi
MAR_007914,CUST_04957,Laptop,5,21651,2026-03-09,Cash on Delivery,Mumbai
MAR_007915,CUST_04266,Laptop,5,27355,2026-03-06,Cash on Delivery,Bangalore
MAR_007916,CUST_00221,Smartphone,3,32578,2026-03-01,Debit Card,Mumbai
MAR_007917,CUST_02432,Headphones,2,42367,2026-03-29,Debit Card,Pune
MAR_007918,CUST_03984,Monitor,3,42722,2026-03-09,Debit Card,Delhi
MAR_007919,CUST_03623,Mouse,4,30862,2026-03-24,Debit Card,Mumbai
MAR_007920,CUST_02086,Headphones,3,5120,2026-03-01,Debit Card,Delhi
MAR_007921,CUST_03649,Tablet,1,10981,2026-03-19,Debit Card,Mumbai
MAR_007922,CUST_00978,Monitor,4,15556,2026-03-28,Credit Card,Pune
MAR_007923,CUST_00213,Monitor,1,1423,2026-03-09,UPI,Bangalore
MAR_007924,CUST_00567,Monitor,4,30969,2026-03-15,Credit Card,Delhi
MAR_007925,CUST_04721,Headphones,5,25975,2026-03-17,Debit Card,Delhi
MAR_007926,CUST_02154,Smartwatch,1,42317,2026-03-20,Credit Card,Hyderabad
MAR_007927,CUST_02359,Keyboard,5,20370,2026-03-03,Cash on Delivery,Mumbai
MAR_007928,CUST_04096,Monitor,5,38760,2026-03-17,Cash on Delivery,Delhi
MAR_007929,CUST_00243,Keyboard,1,33417,2026-03-11,Debit Card,Mumbai
MAR_007930,CUST_02806,Keyboard,5,18075,2026-03-07,UPI,Bangalore
MAR_007931,CUST_00269,Mouse,4,37821,2026-03-04,Cash on Delivery,Mumbai
MAR_007932,CUST_00352,Headphones,3,14018,2026-03-22,Cash on Delivery,Bangalore
MAR_007933,CUST_02564,Mouse,3,36029,2026-03-04,Debit Card,Delhi
MAR_007934,CUST_03281,Monitor,1,1912,2026-03-01,Credit Card,Mumbai
MAR_007935,CUST_04374,Headphones,3,37747,2026-03-02,Debit Card,Mumbai
MAR_007936,CUST_03321,Headphones,2,15920,2026-03-15,Debit Card,Hyderabad
MAR_007937,CUST_03902,Mouse,5,12943,2026-03-23,Cash on Delivery,Mumbai
MAR_007938,CUST_02740,Smartphone,3,12374,2026-03-11,Credit Card,Bangalore
MAR_007939,CUST_00679,Keyboard,3,8698,2026-03-28,Debit Card,Pune
MAR_007940,CUST_03162,Laptop,3,20733,2026-03-25,Cash on Delivery,Hyderabad
MAR_007941,CUST_01176,Smartphone,4,4957,2026-03-27,UPI,Chennai
MAR_007942,CUST_03899,Smartwatch,5,10792,2026-03-17,Cash on Delivery,Delhi
MAR_007943,CUST_04830,Smartwatch,5,42537,2026-03-28,Cash on Delivery,Bangalore
MAR_007944,CUST_03540,Tablet,1,36130,2026-03-03,Debit Card,Pune
MAR_007945,CUST_04534,Smartwatch,2,23841,2026-03-25,Credit Card,Hyderabad
MAR_007946,CUST_02138,Tablet,2,18015,2026-03-06,Credit Card,Mumbai
MAR_007947,CUST_03395,Smartphone,1,33734,2026-03-01,Credit Card,Bangalore
MAR_007948,CUST_04923,Tablet,5,48560,2026-03-11,Cash on Delivery,Hyderabad
MAR_007949,CUST_01178,Headphones,3,41949,2026-03-13,Cash on Delivery,Bangalore
MAR_007950,CUST_00150,Smartwatch,1,37797,2026-03-13,Debit Card,Pune
MAR_007951,CUST_01705,Smartwatch,1,1303,2026-03-02,Debit Card,Mumbai
MAR_007952,CUST_03211,Tablet,2,14965,2026-03-06,Cash on Delivery,Hyderabad
MAR_007953,CUST_00193,Keyboard,5,3797,2026-03-04,Cash on Delivery,Bangalore
MAR_007954,CUST_03843,Keyboard,2,29578,2026-03-29,UPI,Delhi
MAR_007955,CUST_02581,Laptop,3,10249,2026-03-21,Debit Card,Chennai
MAR_007956,CUST_02061,Keyboard,1,15984,2026-03-13,UPI,Chennai
MAR_007957,CUST_00047,Tablet,3,44210,2026-03-13,UPI,Bangalore
MAR_007958,CUST_03676,Laptop,5,26479,2026-03-09,UPI,Hyderabad
MAR_007959,CUST_04463,Headphones,3,39932,2026-03-11,Cash on Delivery,Bangalore
MAR_007960,CUST_04602,Tablet,1,4107,2026-03-05,UPI,Hyderabad
MAR_007961,CUST_04614,Laptop,3,9772,2026-03-28,Credit Card,Delhi
MAR_007962,CUST_03937,Smartwatch,5,13089,2026-03-17,UPI,Bangalore
MAR_007963,CUST_02444,Headphones,4,23876,2026-03-14,UPI,Bangalore
MAR_007964,CUST_01480,Laptop,5,1352,2026-03-06,Cash on Delivery,Delhi
MAR_007965,CUST_03774,Tablet,4,34089,2026-03-20,Debit Card,Chennai
MAR_007966,CUST_03105,Smartphone,1,41823,2026-03-16,UPI,Mumbai
MAR_007967,CUST_00163,Tablet,5,7504,2026-03-08,Credit Card,Pune
MAR_007968,CUST_03355,Mouse,1,13566,2026-03-12,Credit Card,Mumbai
MAR_007969,CUST_01523,Smartphone,2,23205,2026-03-23,Credit Card,Mumbai
MAR_007970,CUST_03070,Keyboard,3,25944,2026-03-18,Debit Card,Chennai
MAR_007971,CUST_01719,Laptop,1,19772,2026-03-14,UPI,Delhi
MAR_007972,CUST_00110,Mouse,4,40885,2026-03-10,Debit Card,Pune
MAR_007973,CUST_02175,Monitor,3,25598,2026-03-02,Debit Card,Mumbai
MAR_007974,CUST_03168,Smartphone,5,35047,2026-03-15,UPI,Hyderabad
MAR_007975,CUST_02929,Tablet,1,32244,2026-03-19,Credit Card,Delhi
MAR_007976,CUST_03328,Smartwatch,1,17536,2026-03-08,Credit Card,Hyderabad
MAR_007977,CUST_04535,Smartphone,4,34827,2026-03-27,Debit Card,Chennai
MAR_007978,CUST_04148,Monitor,1,7534,2026-03-28,Debit Card,Mumbai
MAR_007979,CUST_02437,Laptop,2,38963,2026-03-24,Cash on Delivery,Mumbai
MAR_007980,CUST_04058,Monitor,3,17755,2026-03-05,Cash on Delivery,Delhi
MAR_007981,CUST_03906,Smartwatch,5,37241,2026-03-12,UPI,Hyderabad
MAR_007982,CUST_04394,Headphones,5,4404,2026-03-08,Debit Card,Pune
MAR_007983,CUST_00301,Mouse,4,12583,2026-03-20,Cash on Delivery,Bangalore
MAR_007984,CUST_01821,Headphones,1,35623,2026-03-03,Cash on Delivery,Pune
MAR_007985,CUST_01241,Smartwatch,5,48558,2026-03-13,Cash on Delivery,Mumbai
MAR_007986,CUST_04349,Monitor,3,27003,2026-03-31,Debit Card,Chennai
MAR_007987,CUST_04720,Keyboard,3,16169,2026-03-20,UPI,Hyderabad
MAR_007988,CUST_04046,Mouse,4,16590,2026-03-25,Cash on Delivery,Chennai
MAR_007989,CUST_02313,Mouse,2,48595,2026-03-17,UPI,Mumbai
MAR_007990,CUST_02769,Monitor,3,19054,2026-03-23,Cash on Delivery,Mumbai
MAR_007991,CUST_04017,Laptop,1,47086,2026-03-22,Debit Card,Mumbai
MAR_007992,CUST_04867,Mouse,1,17887,2026-03-25,Credit Card,Mumbai
MAR_007993,CUST_00349,Laptop,4,10048,2026-03-01,Credit Card,Hyderabad
MAR_007994,CUST_04954,Mouse,5,49957,2026-03-12,Debit Card,Bangalore
MAR_007995,CUST_03369,Smartphone,1,12597,2026-03-31,UPI,Delhi
MAR_007996,CUST_00138,Smartwatch,2,8496,2026-03-16,Cash on Delivery,Chennai
MAR_007997,CUST_03027,Laptop,4,12683,2026-03-03,Credit Card,Chennai
MAR_007998,CUST_03054,Mouse,1,15466,2026-03-18,Debit Card,Pune
MAR_007999,CUST_01547,Monitor,5,31299,2026-03-15,Credit Card,Delhi
MAR_008000,CUST_04121,Smartphone,4,22581,2026-03-25,UPI,Hyderabad
MAR_008001,CUST_03521,Keyboard,1,14695,2026-03-27,UPI,Mumbai
MAR_008002,CUST_03377,Keyboard,2,43786,2026-03-16,Credit Card,Chennai
MAR_008003,CUST_00837,Smartphone,5,31789,2026-03-27,Debit Card,Chennai
MAR_008004,CUST_03726,Keyboard,2,45907,2026-03-21,UPI,Chennai
MAR_008005,CUST_00761,Smartwatch,3,48818,2026-03-17,Cash on Delivery,Delhi
MAR_008006,CUST_02739,Mouse,4,23356,2026-03-14,Cash on Delivery,Delhi
MAR_008007,CUST_03597,Laptop,2,26067,2026-03-20,Credit Card,Delhi
MAR_008008,CUST_01587,Keyboard,2,46581,2026-03-18,Cash on Delivery,Chennai
MAR_008009,CUST_00478,Monitor,4,25912,2026-03-19,Credit Card,Chennai
MAR_008010,CUST_02741,Laptop,3,14206,2026-03-30,UPI,Bangalore
MAR_008011,CUST_03642,Mouse,3,43056,2026-03-03,Credit Card,Chennai
MAR_008012,CUST_04947,Smartwatch,5,47178,2026-03-25,Debit Card,Delhi
MAR_008013,CUST_03964,Headphones,4,24063,2026-03-14,UPI,Mumbai
MAR_008014,CUST_03865,Laptop,2,36717,2026-03-19,Cash on Delivery,Bangalore
MAR_008015,CUST_00529,Keyboard,2,31588,2026-03-01,Debit Card,Hyderabad
MAR_008016,CUST_02292,Tablet,3,13607,2026-03-18,Debit Card,Delhi
MAR_008017,CUST_01926,Mouse,1,48328,2026-03-07,Cash on Delivery,Mumbai
MAR_008018,CUST_02906,Smartphone,5,23111,2026-03-06,UPI,Mumbai
MAR_008019,CUST_04797,Headphones,4,39974,2026-03-12,UPI,Pune
MAR_008020,CUST_01332,Headphones,4,33589,2026-03-25,Cash on Delivery,Mumbai
MAR_008021,CUST_04187,Smartwatch,3,46009,2026-03-22,Cash on Delivery,Mumbai
MAR_008022,CUST_01100,Keyboard,5,37664,2026-03-19,Credit Card,Hyderabad
MAR_008023,CUST_02180,Tablet,2,24169,2026-03-23,Debit Card,Mumbai
MAR_008024,CUST_03066,Monitor,4,11693,2026-03-12,Credit Card,Delhi
MAR_008025,CUST_02668,Headphones,4,10964,2026-03-20,UPI,Chennai
MAR_008026,CUST_03685,Tablet,2,43597,2026-03-24,Cash on Delivery,Mumbai
MAR_008027,CUST_02725,Smartphone,3,20395,2026-03-23,Cash on Delivery,Mumbai
MAR_008028,CUST_01474,Headphones,1,1647,2026-03-27,Credit Card,Delhi
MAR_008029,CUST_02126,Laptop,3,33949,2026-03-03,Credit Card,Mumbai
MAR_008030,CUST_01897,Mouse,3,4743,2026-03-02,Credit Card,Delhi
MAR_008031,CUST_03547,Mouse,2,480,2026-03-09,Cash on Delivery,Pune
MAR_008032,CUST_03156,Tablet,2,45267,2026-03-03,Credit Card,Delhi
MAR_008033,CUST_02790,Keyboard,4,21977,2026-03-26,Credit Card,Chennai
MAR_008034,CUST_00450,Monitor,4,46671,2026-03-21,Cash on Delivery,Hyderabad
MAR_008035,CUST_04089,Smartwatch,2,10851,2026-03-07,UPI,Mumbai
MAR_008036,CUST_02592,Tablet,4,2555,2026-03-11,Debit Card,Pune
MAR_008037,CUST_04713,Smartphone,4,13464,2026-03-21,Credit Card,Bangalore
MAR_008038,CUST_01946,Headphones,1,23415,2026-03-10,Debit Card,Bangalore
MAR_008039,CUST_03346,Tablet,1,46419,2026-03-30,UPI,Pune
MAR_008040,CUST_04511,Smartwatch,2,8327,2026-03-16,UPI,Chennai
MAR_008041,CUST_01361,Smartphone,1,46698,2026-03-05,UPI,Bangalore
MAR_008042,CUST_00626,Monitor,1,46758,2026-03-30,Cash on Delivery,Delhi
MAR_008043,CUST_02510,Keyboard,5,10988,2026-03-06,UPI,Pune
MAR_008044,CUST_02691,Laptop,1,4845,2026-03-05,Credit Card,Pune
MAR_008045,CUST_00834,Tablet,1,28933,2026-03-21,UPI,Mumbai
MAR_008046,CUST_01513,Laptop,5,47331,2026-03-03,Debit Card,Hyderabad
MAR_008047,CUST_02977,Monitor,4,15776,2026-03-18,Cash on Delivery,Hyderabad
MAR_008048,CUST_03051,Smartphone,4,9676,2026-03-13,Credit Card,Pune
MAR_008049,CUST_02381,Laptop,3,26622,2026-03-06,UPI,Mumbai
MAR_008050,CUST_01858,Keyboard,1,30844,2026-03-09,Debit Card,Delhi
MAR_008051,CUST_02238,Keyboard,1,9514,2026-03-24,Cash on Delivery,Mumbai
MAR_008052,CUST_01105,Keyboard,4,47588,2026-03-01,Credit Card,Chennai
MAR_008053,CUST_04622,Headphones,1,13051,2026-03-26,Cash on Delivery,Delhi
MAR_008054,CUST_02044,Headphones,5,28266,2026-03-04,Cash on Delivery,Mumbai
MAR_008055,CUST_03399,Tablet,2,25256,2026-03-17,UPI,Pune
MAR_008056,CUST_04717,Laptop,1,39914,2026-03-28,UPI,Chennai
MAR_008057,CUST_02326,Keyboard,5,32055,2026-03-26,Debit Card,Hyderabad
MAR_008058,CUST_04442,Mouse,1,22932,2026-03-01,Credit Card,Pune
MAR_008059,CUST_04375,Mouse,1,26386,2026-03-15,Cash on Delivery,Pune
MAR_008060,CUST_02833,Tablet,4,16113,2026-03-07,Credit Card,Chennai
MAR_008061,CUST_01196,Mouse,3,12174,2026-03-16,Cash on Delivery,Pune
MAR_008062,CUST_00978,Headphones,1,8440,2026-03-07,UPI,Delhi
MAR_008063,CUST_00624,Tablet,3,39009,2026-03-28,Debit Card,Delhi
MAR_008064,CUST_03271,Mouse,2,16607,2026-03-04,UPI,Bangalore
MAR_008065,CUST_02479,Keyboard,2,35191,2026-03-15,Debit Card,Hyderabad
MAR_008066,CUST_03105,Smartphone,3,11230,2026-03-26,UPI,Hyderabad
MAR_008067,CUST_04234,Tablet,5,18754,2026-03-16,Debit Card,Pune
MAR_008068,CUST_03077,Smartwatch,5,28076,2026-03-23,UPI,Hyderabad
MAR_008069,CUST_03747,Laptop,2,42736,2026-03-12,Debit Card,Chennai
MAR_008070,CUST_01670,Smartwatch,5,28118,2026-03-19,Debit Card,Delhi
MAR_008071,CUST_03682,Mouse,5,31306,2026-03-21,Debit Card,Pune
MAR_008072,CUST_02144,Mouse,1,24404,2026-03-28,Credit Card,Mumbai
MAR_008073,CUST_04134,Smartphone,3,38542,2026-03-10,UPI,Bangalore
MAR_008074,CUST_04829,Laptop,1,26707,2026-03-15,Debit Card,Delhi
MAR_008075,CUST_03578,Keyboard,3,37689,2026-03-01,Credit Card,Hyderabad
MAR_008076,CUST_03808,Smartwatch,4,2579,2026-03-13,Cash on Delivery,Pune
MAR_008077,CUST_03268,Headphones,5,40731,2026-03-18,Cash on Delivery,Chennai
MAR_008078,CUST_03982,Smartwatch,2,22751,2026-03-28,UPI,Pune
MAR_008079,CUST_02734,Monitor,1,8804,2026-03-27,Credit Card,Delhi
MAR_008080,CUST_04637,Tablet,2,38157,2026-03-20,Credit Card,Pune
MAR_008081,CUST_02120,Monitor,4,9148,2026-03-25,UPI,Hyderabad
MAR_008082,CUST_03579,Smartwatch,1,41177,2026-03-24,Debit Card,Mumbai
MAR_008083,CUST_04665,Mouse,5,24970,2026-03-06,Debit Card,Bangalore
MAR_008084,CUST_04294,Smartphone,1,22093,2026-03-23,Credit Card,Mumbai
MAR_008085,CUST_04047,Mouse,1,25837,2026-03-05,Cash on Delivery,Pune
MAR_008086,CUST_04156,Tablet,3,8864,2026-03-16,Credit Card,Pune
MAR_008087,CUST_01868,Keyboard,3,41240,2026-03-15,Credit Card,Hyderabad
MAR_008088,CUST_02193,Monitor,1,37655,2026-03-30,Debit Card,Mumbai
MAR_008089,CUST_01058,Keyboard,5,38751,2026-03-28,Cash on Delivery,Delhi
MAR_008090,CUST_01162,Monitor,1,10125,2026-03-02,Credit Card,Bangalore
MAR_008091,CUST_01294,Laptop,5,40773,2026-03-22,Credit Card,Delhi
MAR_008092,CUST_01167,Smartphone,4,13273,2026-03-02,Cash on Delivery,Mumbai
MAR_008093,CUST_04534,Smartwatch,2,40975,2026-03-21,Cash on Delivery,Chennai
MAR_008094,CUST_04866,Laptop,3,49083,2026-03-02,UPI,Bangalore
MAR_008095,CUST_04000,Smartwatch,4,49254,2026-03-13,Cash on Delivery,Pune
MAR_008096,CUST_02381,Smartwatch,5,12008,2026-03-17,Credit Card,Hyderabad
MAR_008097,CUST_00737,Headphones,1,33436,2026-03-03,UPI,Bangalore
MAR_008098,CUST_01001,Tablet,3,23376,2026-03-04,UPI,Delhi
MAR_008099,CUST_03131,Headphones,4,42605,2026-03-16,Cash on Delivery,Delhi
MAR_008100,CUST_04806,Smartwatch,2,42255,2026-03-07,UPI,Bangalore
MAR_008101,CUST_03837,Headphones,5,7493,2026-03-16,Credit Card,Pune
MAR_008102,CUST_04820,Keyboard,3,18520,2026-03-28,Debit Card,Hyderabad
MAR_008103,CUST_04681,Mouse,3,9375,2026-03-04,Debit Card,Mumbai
MAR_008104,CUST_00460,Headphones,5,36002,2026-03-06,Credit Card,Pune
MAR_008105,CUST_02501,Smartphone,2,12039,2026-03-23,Cash on Delivery,Bangalore
MAR_008106,CUST_01968,Keyboard,3,24865,2026-03-14,UPI,Pune
MAR_008107,CUST_01151,Tablet,2,13558,2026-03-23,Debit Card,Pune
MAR_008108,CUST_00620,Smartphone,1,9516,2026-03-26,Credit Card,Bangalore
MAR_008109,CUST_00169,Headphones,1,15056,2026-03-08,Debit Card,Pune
MAR_008110,CUST_04115,Headphones,3,19991,2026-03-11,UPI,Bangalore
MAR_008111,CUST_04827,Smartphone,4,12900,2026-03-16,Debit Card,Mumbai
MAR_008112,CUST_01433,Keyboard,1,41153,2026-03-26,Debit Card,Hyderabad
MAR_008113,CUST_04928,Headphones,3,43710,2026-03-12,Cash on Delivery,Pune
MAR_008114,CUST_01194,Laptop,2,43040,2026-03-09,Debit Card,Mumbai
MAR_008115,CUST_02336,Tablet,1,41967,2026-03-25,Credit Card,Pune
MAR_008116,CUST_04578,Smartwatch,1,4758,2026-03-12,UPI,Pune
MAR_008117,CUST_03307,Keyboard,5,22124,2026-03-25,Cash on Delivery,Pune
MAR_008118,CUST_04576,Headphones,5,2729,2026-03-20,Credit Card,Hyderabad
MAR_008119,CUST_03904,Tablet,3,30784,2026-03-16,Cash on Delivery,Mumbai
MAR_008120,CUST_00893,Tablet,3,4016,2026-03-30,Debit Card,Hyderabad
MAR_008121,CUST_00595,Mouse,2,12213,2026-03-29,Debit Card,Pune
MAR_008122,CUST_00885,Laptop,1,12427,2026-03-21,Cash on Delivery,Hyderabad
MAR_008123,CUST_03323,Monitor,2,5636,2026-03-03,Debit Card,Pune
MAR_008124,CUST_01256,Headphones,5,33990,2026-03-26,UPI,Pune
MAR_008125,CUST_00741,Keyboard,1,32627,2026-03-31,Cash on Delivery,Hyderabad
MAR_008126,CUST_04346,Smartphone,3,42600,2026-03-03,Credit Card,Pune
MAR_008127,CUST_00266,Smartwatch,2,23340,2026-03-14,UPI,Mumbai
MAR_008128,CUST_00776,Smartwatch,1,32874,2026-03-20,UPI,Delhi
MAR_008129,CUST_00719,Tablet,4,45363,2026-03-29,Cash on Delivery,Delhi
MAR_008130,CUST_02193,Monitor,3,32796,2026-03-12,Cash on Delivery,Delhi
MAR_008131,CUST_01600,Laptop,3,46946,2026-03-07,Cash on Delivery,Pune
MAR_008132,CUST_04987,Headphones,1,14162,2026-03-17,Credit Card,Hyderabad
MAR_008133,CUST_00152,Smartwatch,4,1117,2026-03-26,Credit Card,Pune
MAR_008134,CUST_04011,Laptop,3,2754,2026-03-06,Cash on Delivery,Delhi
MAR_008135,CUST_04332,Smartphone,4,7795,2026-03-02,Cash on Delivery,Pune
MAR_008136,CUST_04506,Keyboard,2,41362,2026-03-25,UPI,Mumbai
MAR_008137,CUST_02880,Tablet,5,820,2026-03-30,Credit Card,Bangalore
MAR_008138,CUST_04216,Headphones,2,47662,2026-03-23,Cash on Delivery,Hyderabad
MAR_008139,CUST_01966,Keyboard,4,20398,2026-03-13,Cash on Delivery,Mumbai
MAR_008140,CUST_03574,Tablet,2,12262,2026-03-15,Debit Card,Mumbai
MAR_008141,CUST_04535,Laptop,4,7264,2026-03-01,Cash on Delivery,Hyderabad
MAR_008142,CUST_03054,Keyboard,3,44367,2026-03-21,Credit Card,Pune
MAR_008143,CUST_03538,Monitor,2,9949,2026-03-31,Debit Card,Pune
MAR_008144,CUST_04271,Keyboard,4,15522,2026-03-11,Credit Card,Delhi
MAR_008145,CUST_04430,Monitor,4,7695,2026-03-10,UPI,Delhi
MAR_008146,CUST_02441,Mouse,3,10944,2026-03-20,Cash on Delivery,Mumbai
MAR_008147,CUST_04450,Smartphone,4,5808,2026-03-08,Cash on Delivery,Delhi
MAR_008148,CUST_01047,Headphones,2,12417,2026-03-31,Debit Card,Chennai
MAR_008149,CUST_03680,Mouse,2,12541,2026-03-03,Debit Card,Hyderabad
MAR_008150,CUST_04371,Tablet,2,44931,2026-03-28,UPI,Chennai
MAR_008151,CUST_03584,Laptop,1,41396,2026-03-06,Cash on Delivery,Chennai
MAR_008152,CUST_03584,Smartphone,4,9887,2026-03-27,Debit Card,Mumbai
MAR_008153,CUST_01301,Headphones,1,47338,2026-03-11,Cash on Delivery,Chennai
MAR_008154,CUST_04371,Tablet,5,27700,2026-03-21,UPI,Mumbai
MAR_008155,CUST_00887,Smartphone,1,33780,2026-03-18,Credit Card,Bangalore
MAR_008156,CUST_00864,Keyboard,5,13186,2026-03-01,Debit Card,Chennai
MAR_008157,CUST_00759,Laptop,3,483,2026-03-31,UPI,Mumbai
MAR_008158,CUST_01827,Mouse,4,23431,2026-03-08,Debit Card,Hyderabad
MAR_008159,CUST_04682,Monitor,5,4183,2026-03-30,Debit Card,Chennai
MAR_008160,CUST_01118,Monitor,1,32939,2026-03-18,UPI,Chennai
MAR_008161,CUST_01426,Smartphone,5,8765,2026-03-20,UPI,Delhi
MAR_008162,CUST_02199,Smartphone,4,26554,2026-03-21,UPI,Bangalore
MAR_008163,CUST_01857,Mouse,1,826,2026-03-25,Cash on Delivery,Mumbai
MAR_008164,CUST_01507,Smartphone,5,30302,2026-03-19,Cash on Delivery,Pune
MAR_008165,CUST_01962,Tablet,2,19669,2026-03-11,Credit Card,Bangalore
MAR_008166,CUST_02378,Mouse,4,22524,2026-03-13,UPI,Pune
MAR_008167,CUST_00299,Headphones,1,31833,2026-03-16,Debit Card,Bangalore
MAR_008168,CUST_01687,Headphones,5,6424,2026-03-16,Credit Card,Hyderabad
MAR_008169,CUST_03644,Laptop,5,13010,2026-03-05,Cash on Delivery,Mumbai
MAR_008170,CUST_03250,Keyboard,1,11347,2026-03-28,UPI,Chennai
MAR_008171,CUST_03456,Monitor,3,10308,2026-03-29,UPI,Bangalore
MAR_008172,CUST_00903,Keyboard,5,4975,2026-03-03,Debit Card,Hyderabad
MAR_008173,CUST_03111,Smartphone,2,29685,2026-03-25,Debit Card,Bangalore
MAR_008174,CUST_00024,Mouse,1,49273,2026-03-12,Credit Card,Hyderabad
MAR_008175,CUST_04465,Keyboard,1,21074,2026-03-21,UPI,Bangalore
MAR_008176,CUST_02411,Tablet,1,9427,2026-03-15,Debit Card,Delhi
MAR_008177,CUST_02459,Keyboard,4,45655,2026-03-03,Credit Card,Chennai
MAR_008178,CUST_03344,Tablet,5,27416,2026-03-08,Credit Card,Mumbai
MAR_008179,CUST_04169,Tablet,1,817,2026-03-11,Debit Card,Mumbai
MAR_008180,CUST_01703,Keyboard,2,10015,2026-03-04,Credit Card,Mumbai
MAR_008181,CUST_03620,Smartphone,5,29923,2026-03-17,Debit Card,Mumbai
MAR_008182,CUST_03834,Tablet,2,15900,2026-03-16,Debit Card,Chennai
MAR_008183,CUST_00035,Laptop,2,20209,2026-03-09,Cash on Delivery,Pune
MAR_008184,CUST_00732,Headphones,5,42816,2026-03-24,Cash on Delivery,Hyderabad
MAR_008185,CUST_00007,Mouse,3,32142,2026-03-16,Debit Card,Mumbai
MAR_008186,CUST_03942,Mouse,4,29117,2026-03-21,UPI,Delhi
MAR_008187,CUST_04185,Keyboard,3,48914,2026-03-12,UPI,Hyderabad
MAR_008188,CUST_00130,Laptop,1,9538,2026-03-27,Cash on Delivery,Delhi
MAR_008189,CUST_02011,Smartwatch,2,16555,2026-03-27,Credit Card,Delhi
MAR_008190,CUST_02853,Smartphone,2,43237,2026-03-02,Debit Card,Delhi
MAR_008191,CUST_02242,Monitor,2,36259,2026-03-09,Credit Card,Delhi
MAR_008192,CUST_02771,Laptop,5,4169,2026-03-01,Cash on Delivery,Delhi
MAR_008193,CUST_03066,Keyboard,4,35882,2026-03-27,Debit Card,Hyderabad
MAR_008194,CUST_02744,Tablet,5,20963,2026-03-08,Credit Card,Chennai
MAR_008195,CUST_04124,Headphones,2,13508,2026-03-25,UPI,Delhi
MAR_008196,CUST_02950,Laptop,1,38382,2026-03-19,Debit Card,Pune
MAR_008197,CUST_00787,Headphones,3,32475,2026-03-09,Debit Card,Mumbai
MAR_008198,CUST_04814,Keyboard,4,22938,2026-03-25,Cash on Delivery,Mumbai
MAR_008199,CUST_00193,Keyboard,2,12073,2026-03-08,Debit Card,Hyderabad
MAR_008200,CUST_01469,Headphones,3,25624,2026-03-01,Debit Card,Delhi
MAR_008201,CUST_01670,Smartwatch,1,230,2026-03-09,Debit Card,Mumbai
MAR_008202,CUST_01333,Tablet,1,3922,2026-03-22,Debit Card,Pune
MAR_008203,CUST_03276,Smartwatch,2,34364,2026-03-15,UPI,Delhi
MAR_008204,CUST_02466,Keyboard,1,23175,2026-03-19,Debit Card,Chennai
MAR_008205,CUST_04532,Headphones,5,15714,2026-03-30,UPI,Bangalore
MAR_008206,CUST_02442,Monitor,3,19298,2026-03-29,Credit Card,Pune
MAR_008207,CUST_03673,Smartwatch,4,47892,2026-03-31,Cash on Delivery,Chennai
MAR_008208,CUST_04851,Smartwatch,5,43768,2026-03-06,Cash on Delivery,Mumbai
MAR_008209,CUST_04843,Headphones,5,41913,2026-03-14,Cash on Delivery,Mumbai
MAR_008210,CUST_02571,Laptop,1,28366,2026-03-10,Credit Card,Delhi
MAR_008211,CUST_04163,Headphones,5,26934,2026-03-30,Cash on Delivery,Pune
MAR_008212,CUST_03343,Keyboard,1,48034,2026-03-10,Debit Card,Bangalore
MAR_008213,CUST_03269,Headphones,3,44912,2026-03-19,Cash on Delivery,Pune
MAR_008214,CUST_01783,Smartphone,2,46307,2026-03-08,UPI,Hyderabad
MAR_008215,CUST_00649,Smartwatch,3,17707,2026-03-19,Debit Card,Bangalore
MAR_008216,CUST_02639,Mouse,1,45362,2026-03-13,Credit Card,Hyderabad
MAR_008217,CUST_03441,Monitor,2,875,2026-03-04,UPI,Pune
MAR_008218,CUST_04635,Keyboard,2,21777,2026-03-31,Credit Card,Pune
MAR_008219,CUST_03183,Monitor,3,37750,2026-03-29,Credit Card,Mumbai
MAR_008220,CUST_03351,Keyboard,1,10151,2026-03-09,Credit Card,Pune
MAR_008221,CUST_02468,Monitor,2,29582,2026-03-15,UPI,Chennai
MAR_008222,CUST_00761,Headphones,1,34621,2026-03-22,Debit Card,Bangalore
MAR_008223,CUST_01856,Smartwatch,1,2339,2026-03-01,Credit Card,Pune
MAR_008224,CUST_01996,Mouse,1,18683,2026-03-31,UPI,Delhi
MAR_008225,CUST_01910,Smartwatch,1,15737,2026-03-26,Cash on Delivery,Chennai
MAR_008226,CUST_03752,Smartwatch,4,16278,2026-03-11,Cash on Delivery,Bangalore
MAR_008227,CUST_03570,Tablet,1,12413,2026-03-09,UPI,Delhi
MAR_008228,CUST_04541,Keyboard,1,11043,2026-03-26,Debit Card,Delhi
MAR_008229,CUST_04811,Keyboard,2,20953,2026-03-30,Credit Card,Hyderabad
MAR_008230,CUST_01378,Tablet,4,42852,2026-03-18,Debit Card,Mumbai
MAR_008231,CUST_04284,Keyboard,5,32157,2026-03-25,UPI,Chennai
MAR_008232,CUST_02536,Mouse,3,33177,2026-03-23,Debit Card,Hyderabad
MAR_008233,CUST_00513,Smartwatch,4,7672,2026-03-25,Credit Card,Bangalore
MAR_008234,CUST_00435,Smartwatch,2,22839,2026-03-23,UPI,Chennai
MAR_008235,CUST_00952,Tablet,2,39926,2026-03-21,UPI,Chennai
MAR_008236,CUST_04963,Mouse,2,41145,2026-03-20,Debit Card,Bangalore
MAR_008237,CUST_00021,Monitor,3,26544,2026-03-03,UPI,Hyderabad
MAR_008238,CUST_01260,Laptop,5,10984,2026-03-03,Credit Card,Delhi
MAR_008239,CUST_00827,Laptop,5,22234,2026-03-07,Cash on Delivery,Delhi
MAR_008240,CUST_02710,Smartphone,2,11528,2026-03-27,Debit Card,Hyderabad
MAR_008241,CUST_04992,Tablet,5,48344,2026-03-22,Credit Card,Delhi
MAR_008242,CUST_01949,Headphones,1,41547,2026-03-26,Debit Card,Pune
MAR_008243,CUST_03946,Laptop,5,17700,2026-03-04,Cash on Delivery,Pune
MAR_008244,CUST_02379,Tablet,3,36681,2026-03-13,Cash on Delivery,Delhi
MAR_008245,CUST_03082,Tablet,5,40174,2026-03-17,Credit Card,Hyderabad
MAR_008246,CUST_03087,Headphones,2,36120,2026-03-01,Debit Card,Delhi
MAR_008247,CUST_02913,Keyboard,4,10622,2026-03-30,UPI,Hyderabad
MAR_008248,CUST_04262,Headphones,2,48079,2026-03-31,Cash on Delivery,Pune
MAR_008249,CUST_01489,Monitor,2,9069,2026-03-14,UPI,Mumbai
MAR_008250,CUST_01854,Monitor,4,46295,2026-03-26,Cash on Delivery,Mumbai
MAR_008251,CUST_03197,Smartwatch,3,37891,2026-03-20,Debit Card,Chennai
MAR_008252,CUST_01225,Laptop,1,45603,2026-03-31,UPI,Chennai
MAR_008253,CUST_03524,Headphones,1,41069,2026-03-06,Cash on Delivery,Mumbai
MAR_008254,CUST_04239,Headphones,1,43086,2026-03-24,Cash on Delivery,Hyderabad
MAR_008255,CUST_02294,Mouse,4,6814,2026-03-27,UPI,Delhi
MAR_008256,CUST_03041,Monitor,2,17181,2026-03-20,UPI,Chennai
MAR_008257,CUST_02921,Keyboard,2,23402,2026-03-31,Credit Card,Chennai
MAR_008258,CUST_03830,Headphones,4,36645,2026-03-31,UPI,Bangalore
MAR_008259,CUST_00033,Smartwatch,2,9825,2026-03-29,Credit Card,Chennai
MAR_008260,CUST_01641,Headphones,4,48488,2026-03-11,Credit Card,Hyderabad
MAR_008261,CUST_01189,Tablet,3,40371,2026-03-07,Credit Card,Hyderabad
MAR_008262,CUST_01369,Laptop,2,31004,2026-03-12,Credit Card,Delhi
MAR_008263,CUST_00214,Tablet,2,20847,2026-03-03,Cash on Delivery,Bangalore
MAR_008264,CUST_00204,Laptop,2,7848,2026-03-16,Debit Card,Hyderabad
MAR_008265,CUST_02532,Keyboard,3,48633,2026-03-02,Cash on Delivery,Mumbai
MAR_008266,CUST_01268,Mouse,3,32691,2026-03-06,Credit Card,Chennai
MAR_008267,CUST_01738,Headphones,5,22072,2026-03-06,UPI,Mumbai
MAR_008268,CUST_02716,Keyboard,2,4746,2026-03-06,Credit Card,Pune
MAR_008269,CUST_00877,Smartwatch,1,3520,2026-03-07,Cash on Delivery,Chennai
MAR_008270,CUST_00461,Mouse,1,43001,2026-03-05,Cash on Delivery,Pune
MAR_008271,CUST_02775,Laptop,5,18670,2026-03-02,Credit Card,Chennai
MAR_008272,CUST_04736,Monitor,4,44136,2026-03-20,Credit Card,Bangalore
MAR_008273,CUST_03676,Monitor,2,9149,2026-03-27,Credit Card,Hyderabad
MAR_008274,CUST_02604,Smartwatch,5,36607,2026-03-14,Credit Card,Chennai
MAR_008275,CUST_02041,Keyboard,2,1903,2026-03-09,Cash on Delivery,Delhi
MAR_008276,CUST_03419,Headphones,5,8521,2026-03-23,Credit Card,Hyderabad
MAR_008277,CUST_02562,Tablet,1,38772,2026-03-13,Debit Card,Hyderabad
MAR_008278,CUST_01062,Laptop,1,31920,2026-03-24,Cash on Delivery,Mumbai
MAR_008279,CUST_03803,Tablet,2,11834,2026-03-23,Credit Card,Mumbai
MAR_008280,CUST_00248,Keyboard,5,35255,2026-03-02,Cash on Delivery,Pune
MAR_008281,CUST_02784,Mouse,1,14838,2026-03-15,Credit Card,Delhi
MAR_008282,CUST_01597,Laptop,5,6135,2026-03-04,Credit Card,Mumbai
MAR_008283,CUST_01729,Tablet,2,18593,2026-03-23,Debit Card,Hyderabad
MAR_008284,CUST_04296,Headphones,3,7353,2026-03-09,UPI,Delhi
MAR_008285,CUST_02250,Smartphone,1,31890,2026-03-09,Cash on Delivery,Hyderabad
MAR_008286,CUST_03461,Monitor,4,32020,2026-03-05,Credit Card,Pune
MAR_008287,CUST_01324,Laptop,5,22754,2026-03-07,UPI,Delhi
MAR_008288,CUST_01093,Tablet,3,49239,2026-03-30,Credit Card,Delhi
MAR_008289,CUST_04602,Mouse,1,38297,2026-03-25,Debit Card,Hyderabad
MAR_008290,CUST_00201,Monitor,5,25368,2026-03-29,UPI,Mumbai
MAR_008291,CUST_01639,Tablet,1,40875,2026-03-29,Credit Card,Bangalore
MAR_008292,CUST_03920,Smartphone,1,10361,2026-03-29,Debit Card,Chennai
MAR_008293,CUST_04234,Mouse,2,12954,2026-03-26,UPI,Hyderabad
MAR_008294,CUST_02412,Monitor,4,9913,2026-03-06,Cash on Delivery,Chennai
MAR_008295,CUST_04734,Laptop,5,9055,2026-03-23,Cash on Delivery,Delhi
MAR_008296,CUST_02058,Headphones,2,39809,2026-03-29,Debit Card,Pune
MAR_008297,CUST_03505,Laptop,3,37994,2026-03-09,Debit Card,Delhi
MAR_008298,CUST_02901,Smartphone,2,14019,2026-03-04,UPI,Hyderabad
MAR_008299,CUST_03136,Smartphone,2,9248,2026-03-21,Credit Card,Delhi
MAR_008300,CUST_00706,Monitor,3,2737,2026-03-24,Cash on Delivery,Pune
MAR_008301,CUST_00089,Smartphone,3,49713,2026-03-28,UPI,Pune
MAR_008302,CUST_01007,Smartphone,1,47962,2026-03-31,Debit Card,Pune
MAR_008303,CUST_01499,Smartwatch,1,10155,2026-03-05,Debit Card,Delhi
MAR_008304,CUST_03855,Laptop,4,47999,2026-03-21,Cash on Delivery,Pune
MAR_008305,CUST_02224,Keyboard,4,49751,2026-03-03,UPI,Chennai
MAR_008306,CUST_00639,Smartwatch,1,39823,2026-03-10,Debit Card,Mumbai
MAR_008307,CUST_04980,Tablet,5,23509,2026-03-16,Debit Card,Chennai
MAR_008308,CUST_04069,Smartphone,3,21072,2026-03-27,UPI,Pune
MAR_008309,CUST_03335,Keyboard,1,646,2026-03-14,Debit Card,Bangalore
MAR_008310,CUST_01500,Smartphone,3,22429,2026-03-20,Cash on Delivery,Delhi
MAR_008311,CUST_01244,Smartwatch,5,32225,2026-03-10,Debit Card,Hyderabad
MAR_008312,CUST_03109,Smartwatch,3,35854,2026-03-23,UPI,Chennai
MAR_008313,CUST_01785,Smartphone,1,18668,2026-03-01,Cash on Delivery,Hyderabad
MAR_008314,CUST_04157,Keyboard,3,46764,2026-03-28,Debit Card,Bangalore
MAR_008315,CUST_04613,Smartphone,5,21560,2026-03-21,Credit Card,Hyderabad
MAR_008316,CUST_00679,Tablet,1,37978,2026-03-12,Debit Card,Delhi
MAR_008317,CUST_01937,Keyboard,5,43972,2026-03-13,Debit Card,Bangalore
MAR_008318,CUST_01298,Tablet,4,4872,2026-03-28,Cash on Delivery,Mumbai
MAR_008319,CUST_02624,Laptop,1,38130,2026-03-30,Debit Card,Mumbai
MAR_008320,CUST_02946,Smartphone,3,11843,2026-03-24,Credit Card,Bangalore
MAR_008321,CUST_00191,Tablet,1,33304,2026-03-30,Cash on Delivery,Mumbai
MAR_008322,CUST_03856,Keyboard,5,5030,2026-03-09,Credit Card,Hyderabad
MAR_008323,CUST_02693,Laptop,2,19126,2026-03-25,Credit Card,Hyderabad
MAR_008324,CUST_01258,Smartphone,4,437,2026-03-18,Cash on Delivery,Bangalore
MAR_008325,CUST_00384,Monitor,1,26552,2026-03-27,Credit Card,Pune
MAR_008326,CUST_01711,Smartwatch,2,20792,2026-03-29,Debit Card,Mumbai
MAR_008327,CUST_00373,Mouse,4,5345,2026-03-26,Debit Card,Mumbai
MAR_008328,CUST_02721,Smartwatch,3,40198,2026-03-01,Debit Card,Bangalore
MAR_008329,CUST_03312,Laptop,2,30302,2026-03-04,Cash on Delivery,Pune
MAR_008330,CUST_01169,Smartwatch,5,12614,2026-03-05,UPI,Hyderabad
MAR_008331,CUST_00012,Mouse,3,6989,2026-03-14,UPI,Hyderabad
MAR_008332,CUST_00349,Mouse,5,37809,2026-03-12,Credit Card,Mumbai
MAR_008333,CUST_04006,Laptop,4,9322,2026-03-02,Debit Card,Pune
MAR_008334,CUST_02281,Headphones,3,10847,2026-03-20,UPI,Hyderabad
MAR_008335,CUST_04151,Tablet,2,13006,2026-03-27,UPI,Hyderabad
MAR_008336,CUST_04715,Laptop,5,46680,2026-03-12,Debit Card,Chennai
MAR_008337,CUST_01799,Smartwatch,3,21632,2026-03-31,Debit Card,Hyderabad
MAR_008338,CUST_04290,Smartwatch,2,36222,2026-03-15,Credit Card,Bangalore
MAR_008339,CUST_04787,Tablet,4,42270,2026-03-03,Credit Card,Mumbai
MAR_008340,CUST_03507,Tablet,2,24901,2026-03-10,UPI,Hyderabad
MAR_008341,CUST_03660,Headphones,2,5924,2026-03-01,Credit Card,Hyderabad
MAR_008342,CUST_04704,Headphones,3,21010,2026-03-06,UPI,Chennai
MAR_008343,CUST_00395,Smartwatch,3,1366,2026-03-31,Debit Card,Bangalore
MAR_008344,CUST_02165,Mouse,5,47180,2026-03-28,Cash on Delivery,Mumbai
MAR_008345,CUST_04770,Mouse,3,30127,2026-03-03,UPI,Mumbai
MAR_008346,CUST_01282,Smartwatch,5,36722,2026-03-29,Debit Card,Delhi
MAR_008347,CUST_04512,Headphones,1,27382,2026-03-06,Credit Card,Delhi
MAR_008348,CUST_03322,Headphones,3,37724,2026-03-10,Debit Card,Chennai
MAR_008349,CUST_04490,Tablet,3,25474,2026-03-21,Cash on Delivery,Delhi
MAR_008350,CUST_01154,Laptop,3,29430,2026-03-07,Credit Card,Delhi
MAR_008351,CUST_01058,Headphones,4,47413,2026-03-15,Credit Card,Hyderabad
MAR_008352,CUST_03662,Smartwatch,2,27400,2026-03-21,Cash on Delivery,Pune
MAR_008353,CUST_00391,Smartphone,1,8778,2026-03-21,UPI,Delhi
MAR_008354,CUST_00735,Laptop,2,24701,2026-03-18,UPI,Bangalore
MAR_008355,CUST_01491,Headphones,5,24646,2026-03-01,Debit Card,Delhi
MAR_008356,CUST_03310,Smartwatch,3,12799,2026-03-07,Credit Card,Pune
MAR_008357,CUST_03911,Headphones,3,38693,2026-03-13,Debit Card,Hyderabad
MAR_008358,CUST_00707,Tablet,4,9123,2026-03-25,Cash on Delivery,Chennai
MAR_008359,CUST_01235,Tablet,1,7859,2026-03-25,Cash on Delivery,Mumbai
MAR_008360,CUST_03990,Headphones,3,21092,2026-03-11,Debit Card,Delhi
MAR_008361,CUST_02877,Tablet,2,17007,2026-03-18,Debit Card,Mumbai
MAR_008362,CUST_01231,Laptop,2,7132,2026-03-04,Debit Card,Delhi
MAR_008363,CUST_00657,Tablet,2,9007,2026-03-05,Credit Card,Bangalore
MAR_008364,CUST_00484,Keyboard,5,10829,2026-03-11,Cash on Delivery,Bangalore
MAR_008365,CUST_00813,Smartwatch,1,38268,2026-03-17,Debit Card,Hyderabad
MAR_008366,CUST_02019,Smartphone,3,13724,2026-03-20,UPI,Bangalore
MAR_008367,CUST_04114,Laptop,2,21072,2026-03-31,UPI,Delhi
MAR_008368,CUST_03960,Monitor,3,5809,2026-03-11,Credit Card,Pune
MAR_008369,CUST_01936,Smartphone,5,39952,2026-03-13,Credit Card,Hyderabad
MAR_008370,CUST_04056,Mouse,3,10672,2026-03-07,Debit Card,Bangalore
MAR_008371,CUST_01998,Monitor,4,5260,2026-03-24,Cash on Delivery,Chennai
MAR_008372,CUST_00524,Headphones,1,5054,2026-03-01,Debit Card,Bangalore
MAR_008373,CUST_00050,Smartphone,4,19450,2026-03-15,Cash on Delivery,Mumbai
MAR_008374,CUST_01513,Smartwatch,2,5799,2026-03-01,Debit Card,Delhi
MAR_008375,CUST_01869,Keyboard,2,41412,2026-03-01,Debit Card,Delhi
MAR_008376,CUST_00223,Headphones,2,22391,2026-03-21,Debit Card,Mumbai
MAR_008377,CUST_04622,Tablet,2,2225,2026-03-13,Cash on Delivery,Hyderabad
MAR_008378,CUST_03398,Mouse,5,10183,2026-03-07,Credit Card,Delhi
MAR_008379,CUST_00481,Monitor,1,31518,2026-03-31,Cash on Delivery,Delhi
MAR_008380,CUST_03285,Laptop,3,27871,2026-03-25,Cash on Delivery,Bangalore
MAR_008381,CUST_03706,Mouse,5,42928,2026-03-12,Credit Card,Chennai
MAR_008382,CUST_02549,Laptop,3,34755,2026-03-30,Debit Card,Hyderabad
MAR_008383,CUST_00958,Mouse,2,9915,2026-03-29,UPI,Delhi
MAR_008384,CUST_01248,Monitor,5,13642,2026-03-20,Cash on Delivery,Bangalore
MAR_008385,CUST_01095,Headphones,4,26465,2026-03-28,Cash on Delivery,Hyderabad
MAR_008386,CUST_04853,Mouse,1,44820,2026-03-02,Credit Card,Delhi
MAR_008387,CUST_00810,Headphones,3,40628,2026-03-03,Credit Card,Mumbai
MAR_008388,CUST_03223,Mouse,2,7574,2026-03-02,Cash on Delivery,Mumbai
MAR_008389,CUST_04072,Smartwatch,4,23985,2026-03-25,UPI,Mumbai
MAR_008390,CUST_03277,Laptop,4,33300,2026-03-25,Debit Card,Pune
MAR_008391,CUST_00902,Tablet,1,17370,2026-03-09,Cash on Delivery,Chennai
MAR_008392,CUST_00803,Monitor,5,24655,2026-03-31,Cash on Delivery,Hyderabad
MAR_008393,CUST_00998,Smartwatch,3,19959,2026-03-02,Cash on Delivery,Pune
MAR_008394,CUST_04687,Tablet,1,37137,2026-03-15,Debit Card,Bangalore
MAR_008395,CUST_04496,Tablet,5,4906,2026-03-20,Cash on Delivery,Mumbai
MAR_008396,CUST_03329,Smartwatch,4,40411,2026-03-10,Cash on Delivery,Hyderabad
MAR_008397,CUST_04261,Headphones,2,30976,2026-03-22,Debit Card,Hyderabad
MAR_008398,CUST_04084,Keyboard,1,6585,2026-03-05,UPI,Hyderabad
MAR_008399,CUST_03877,Smartphone,4,27609,2026-03-03,UPI,Chennai
MAR_008400,CUST_02853,Smartphone,1,24793,2026-03-04,Debit Card,Chennai
MAR_008401,CUST_02341,Headphones,3,14936,2026-03-20,UPI,Pune
MAR_008402,CUST_03302,Headphones,2,45610,2026-03-13,Cash on Delivery,Mumbai
MAR_008403,CUST_02949,Smartwatch,5,42651,2026-03-15,UPI,Chennai
MAR_008404,CUST_04160,Keyboard,4,37717,2026-03-05,Credit Card,Pune
MAR_008405,CUST_04765,Laptop,5,40380,2026-03-10,Cash on Delivery,Bangalore
MAR_008406,CUST_01212,Keyboard,2,35977,2026-03-02,Debit Card,Pune
MAR_008407,CUST_01877,Mouse,5,13526,2026-03-15,Credit Card,Bangalore
MAR_008408,CUST_04505,Monitor,3,6178,2026-03-30,UPI,Delhi
MAR_008409,CUST_03047,Monitor,1,23005,2026-03-29,UPI,Delhi
MAR_008410,CUST_04236,Laptop,4,43403,2026-03-31,Cash on Delivery,Mumbai
MAR_008411,CUST_04429,Monitor,1,7130,2026-03-01,UPI,Pune
MAR_008412,CUST_01593,Headphones,5,20117,2026-03-07,UPI,Hyderabad
MAR_008413,CUST_03244,Monitor,4,11658,2026-03-25,UPI,Pune
MAR_008414,CUST_02892,Laptop,2,3824,2026-03-23,UPI,Hyderabad
MAR_008415,CUST_01434,Mouse,1,19186,2026-03-12,Credit Card,Pune
MAR_008416,CUST_02517,Laptop,4,32878,2026-03-01,Debit Card,Pune
MAR_008417,CUST_04861,Laptop,4,5214,2026-03-28,Cash on Delivery,Pune
MAR_008418,CUST_02401,Laptop,1,34511,2026-03-02,UPI,Bangalore
MAR_008419,CUST_04791,Mouse,2,6656,2026-03-24,Debit Card,Pune
MAR_008420,CUST_00174,Headphones,3,35989,2026-03-28,Cash on Delivery,Bangalore
MAR_008421,CUST_02763,Mouse,3,10340,2026-03-14,UPI,Delhi
MAR_008422,CUST_03075,Tablet,2,29329,2026-03-30,Debit Card,Pune
MAR_008423,CUST_00140,Keyboard,2,3321,2026-03-17,Credit Card,Hyderabad
MAR_008424,CUST_04740,Laptop,3,39395,2026-03-14,UPI,Mumbai
MAR_008425,CUST_03555,Laptop,2,20969,2026-03-28,UPI,Pune
MAR_008426,CUST_00399,Laptop,1,12861,2026-03-02,Debit Card,Chennai
MAR_008427,CUST_02165,Laptop,1,28034,2026-03-29,Cash on Delivery,Delhi
MAR_008428,CUST_02975,Mouse,2,5369,2026-03-20,Cash on Delivery,Mumbai
MAR_008429,CUST_03780,Tablet,4,14616,2026-03-03,Cash on Delivery,Bangalore
MAR_008430,CUST_01475,Laptop,2,26897,2026-03-23,Credit Card,Chennai
MAR_008431,CUST_00271,Smartwatch,3,25622,2026-03-08,Cash on Delivery,Delhi
MAR_008432,CUST_03809,Laptop,3,30680,2026-03-03,Cash on Delivery,Pune
MAR_008433,CUST_04481,Smartphone,4,13990,2026-03-12,Cash on Delivery,Delhi
MAR_008434,CUST_03896,Mouse,2,23301,2026-03-29,Debit Card,Hyderabad
MAR_008435,CUST_03595,Smartphone,2,40736,2026-03-22,UPI,Mumbai
MAR_008436,CUST_03115,Mouse,3,5352,2026-03-03,Debit Card,Chennai
MAR_008437,CUST_03507,Laptop,3,31217,2026-03-15,UPI,Pune
MAR_008438,CUST_04563,Laptop,4,42613,2026-03-05,Cash on Delivery,Pune
MAR_008439,CUST_03837,Keyboard,3,26739,2026-03-24,UPI,Chennai
MAR_008440,CUST_04384,Tablet,3,36687,2026-03-05,Credit Card,Chennai
MAR_008441,CUST_04038,Tablet,3,22595,2026-03-09,UPI,Pune
MAR_008442,CUST_02866,Tablet,1,9977,2026-03-30,Credit Card,Mumbai
MAR_008443,CUST_04177,Smartphone,3,12133,2026-03-18,Debit Card,Pune
MAR_008444,CUST_00717,Monitor,4,8462,2026-03-16,Cash on Delivery,Bangalore
MAR_008445,CUST_04855,Keyboard,4,20300,2026-03-07,UPI,Mumbai
MAR_008446,CUST_03903,Smartphone,1,8478,2026-03-11,Cash on Delivery,Chennai
MAR_008447,CUST_01581,Tablet,4,9525,2026-03-10,Debit Card,Delhi
MAR_008448,CUST_00946,Smartphone,2,38506,2026-03-05,Credit Card,Chennai
MAR_008449,CUST_00699,Smartwatch,2,39667,2026-03-08,Debit Card,Mumbai
MAR_008450,CUST_00266,Monitor,5,33942,2026-03-15,Credit Card,Mumbai
MAR_008451,CUST_01450,Smartphone,3,5166,2026-03-27,UPI,Delhi
MAR_008452,CUST_00691,Smartwatch,2,46346,2026-03-27,Cash on Delivery,Pune
MAR_008453,CUST_02650,Monitor,5,12378,2026-03-26,Debit Card,Mumbai
MAR_008454,CUST_03516,Smartphone,1,22305,2026-03-18,Cash on Delivery,Pune
MAR_008455,CUST_01425,Mouse,5,38972,2026-03-26,UPI,Mumbai
MAR_008456,CUST_00083,Mouse,3,36829,2026-03-27,Credit Card,Hyderabad
MAR_008457,CUST_03784,Smartphone,2,12470,2026-03-07,Credit Card,Bangalore
MAR_008458,CUST_04994,Headphones,1,47945,2026-03-25,Cash on Delivery,Hyderabad
MAR_008459,CUST_02286,Smartwatch,3,18614,2026-03-07,UPI,Pune
MAR_008460,CUST_03409,Laptop,1,5163,2026-03-27,Debit Card,Delhi
MAR_008461,CUST_02090,Smartwatch,3,34922,2026-03-11,Cash on Delivery,Hyderabad
MAR_008462,CUST_00887,Headphones,3,47307,2026-03-23,Debit Card,Delhi
MAR_008463,CUST_01659,Headphones,1,4489,2026-03-16,Debit Card,Bangalore
MAR_008464,CUST_02174,Keyboard,3,17789,2026-03-27,Debit Card,Pune
MAR_008465,CUST_00656,Smartwatch,5,9034,2026-03-14,Credit Card,Bangalore
MAR_008466,CUST_03266,Tablet,4,1573,2026-03-14,Debit Card,Pune
MAR_008467,CUST_04699,Headphones,4,34493,2026-03-17,Debit Card,Hyderabad
MAR_008468,CUST_03240,Headphones,4,48706,2026-03-17,Credit Card,Pune
MAR_008469,CUST_04495,Smartphone,3,14093,2026-03-07,Cash on Delivery,Bangalore
MAR_008470,CUST_04173,Tablet,1,12626,2026-03-18,UPI,Hyderabad
MAR_008471,CUST_01480,Headphones,2,13769,2026-03-06,Credit Card,Hyderabad
MAR_008472,CUST_01881,Monitor,2,43965,2026-03-14,Debit Card,Pune
MAR_008473,CUST_01347,Smartwatch,3,29241,2026-03-24,UPI,Bangalore
MAR_008474,CUST_03329,Monitor,5,31272,2026-03-23,UPI,Delhi
MAR_008475,CUST_03125,Tablet,3,8366,2026-03-16,Credit Card,Bangalore
MAR_008476,CUST_00919,Laptop,2,48411,2026-03-25,UPI,Pune
MAR_008477,CUST_02258,Laptop,1,39382,2026-03-13,UPI,Mumbai
MAR_008478,CUST_03237,Keyboard,1,8975,2026-03-19,Debit Card,Delhi
MAR_008479,CUST_00291,Smartwatch,2,26432,2026-03-20,Credit Card,Mumbai
MAR_008480,CUST_03256,Smartwatch,3,484,2026-03-27,Cash on Delivery,Chennai
MAR_008481,CUST_03172,Monitor,2,26860,2026-03-30,Credit Card,Hyderabad
MAR_008482,CUST_00123,Laptop,1,39160,2026-03-16,Credit Card,Bangalore
MAR_008483,CUST_04759,Keyboard,4,46657,2026-03-19,Cash on Delivery,Mumbai
MAR_008484,CUST_01508,Headphones,3,3040,2026-03-13,Cash on Delivery,Hyderabad
MAR_008485,CUST_03573,Mouse,4,24722,2026-03-08,Cash on Delivery,Hyderabad
MAR_008486,CUST_01973,Smartwatch,3,18699,2026-03-18,UPI,Pune
MAR_008487,CUST_02222,Laptop,2,47936,2026-03-18,UPI,Pune
MAR_008488,CUST_00491,Smartphone,2,2549,2026-03-13,Cash on Delivery,Pune
MAR_008489,CUST_00518,Headphones,1,33505,2026-03-25,UPI,Mumbai
MAR_008490,CUST_02766,Smartphone,2,38712,2026-03-19,Cash on Delivery,Chennai
MAR_008491,CUST_03373,Smartwatch,3,9998,2026-03-24,Cash on Delivery,Mumbai
MAR_008492,CUST_00671,Keyboard,1,30650,2026-03-13,Cash on Delivery,Bangalore
MAR_008493,CUST_00382,Mouse,3,3447,2026-03-05,Credit Card,Hyderabad
MAR_008494,CUST_02803,Tablet,2,6862,2026-03-01,UPI,Bangalore
MAR_008495,CUST_00827,Monitor,5,24594,2026-03-17,Cash on Delivery,Pune
MAR_008496,CUST_01345,Monitor,5,23249,2026-03-26,Debit Card,Mumbai
MAR_008497,CUST_00194,Tablet,2,35469,2026-03-16,Debit Card,Hyderabad
MAR_008498,CUST_04187,Smartwatch,1,13724,2026-03-26,Debit Card,Hyderabad
MAR_008499,CUST_04405,Keyboard,4,43984,2026-03-30,Cash on Delivery,Delhi
MAR_008500,CUST_02449,Laptop,1,1477,2026-03-21,UPI,Pune
MAR_008501,CUST_04514,Mouse,3,1064,2026-03-01,Debit Card,Pune
MAR_008502,CUST_04672,Smartphone,4,11103,2026-03-23,UPI,Hyderabad
MAR_008503,CUST_00428,Smartwatch,3,37026,2026-03-13,UPI,Chennai
MAR_008504,CUST_02562,Headphones,3,35206,2026-03-27,UPI,Mumbai
MAR_008505,CUST_00915,Keyboard,3,26136,2026-03-27,Credit Card,Bangalore
MAR_008506,CUST_00126,Mouse,1,17954,2026-03-28,Debit Card,Delhi
MAR_008507,CUST_00008,Mouse,3,18426,2026-03-28,Cash on Delivery,Bangalore
MAR_008508,CUST_02287,Keyboard,2,35211,2026-03-05,Cash on Delivery,Bangalore
MAR_008509,CUST_02971,Headphones,1,34728,2026-03-21,Credit Card,Mumbai
MAR_008510,CUST_01498,Keyboard,2,13790,2026-03-20,Credit Card,Chennai
MAR_008511,CUST_04931,Mouse,2,31494,2026-03-30,Credit Card,Bangalore
MAR_008512,CUST_01045,Monitor,3,43667,2026-03-05,UPI,Bangalore
MAR_008513,CUST_00657,Laptop,5,11414,2026-03-12,Cash on Delivery,Bangalore
MAR_008514,CUST_03260,Keyboard,4,25968,2026-03-11,Debit Card,Mumbai
MAR_008515,CUST_03152,Laptop,5,35742,2026-03-06,Cash on Delivery,Hyderabad
MAR_008516,CUST_01223,Laptop,2,10880,2026-03-21,UPI,Hyderabad
MAR_008517,CUST_02857,Monitor,5,21757,2026-03-13,Credit Card,Pune
MAR_008518,CUST_01519,Keyboard,2,47261,2026-03-16,Credit Card,Pune
MAR_008519,CUST_03870,Keyboard,3,2642,2026-03-23,UPI,Pune
MAR_008520,CUST_03203,Monitor,2,3538,2026-03-09,Credit Card,Bangalore
MAR_008521,CUST_02103,Monitor,4,6505,2026-03-30,Debit Card,Mumbai
MAR_008522,CUST_01377,Keyboard,4,7320,2026-03-31,Credit Card,Mumbai
MAR_008523,CUST_03916,Keyboard,5,3002,2026-03-01,Cash on Delivery,Delhi
MAR_008524,CUST_00315,Smartphone,1,18886,2026-03-02,Cash on Delivery,Bangalore
MAR_008525,CUST_03609,Smartphone,3,45675,2026-03-23,Credit Card,Chennai
MAR_008526,CUST_03624,Keyboard,3,19459,2026-03-31,Cash on Delivery,Mumbai
MAR_008527,CUST_04465,Smartphone,2,11495,2026-03-30,UPI,Mumbai
MAR_008528,CUST_00199,Monitor,3,6520,2026-03-18,UPI,Pune
MAR_008529,CUST_00229,Mouse,3,14742,2026-03-20,Cash on Delivery,Mumbai
MAR_008530,CUST_02798,Laptop,3,9725,2026-03-28,Debit Card,Pune
MAR_008531,CUST_01100,Monitor,5,23576,2026-03-18,Cash on Delivery,Hyderabad
MAR_008532,CUST_00114,Headphones,2,40162,2026-03-18,UPI,Hyderabad
MAR_008533,CUST_01558,Mouse,1,20783,2026-03-13,UPI,Hyderabad
MAR_008534,CUST_00857,Headphones,2,15101,2026-03-07,Credit Card,Mumbai
MAR_008535,CUST_03435,Monitor,4,46210,2026-03-10,Credit Card,Pune
MAR_008536,CUST_00477,Tablet,3,3396,2026-03-06,Debit Card,Delhi
MAR_008537,CUST_02608,Monitor,5,1648,2026-03-06,UPI,Chennai
MAR_008538,CUST_01168,Headphones,5,2096,2026-03-06,Cash on Delivery,Delhi
MAR_008539,CUST_02938,Mouse,5,28718,2026-03-20,Cash on Delivery,Delhi
MAR_008540,CUST_01361,Headphones,5,29968,2026-03-30,UPI,Bangalore
MAR_008541,CUST_04866,Smartphone,2,42646,2026-03-21,Debit Card,Pune
MAR_008542,CUST_00510,Smartphone,3,33661,2026-03-25,Credit Card,Mumbai
MAR_008543,CUST_01599,Keyboard,1,43297,2026-03-27,Cash on Delivery,Bangalore
MAR_008544,CUST_04381,Keyboard,4,41375,2026-03-21,Debit Card,Hyderabad
MAR_008545,CUST_04675,Tablet,2,41131,2026-03-29,Cash on Delivery,Hyderabad
MAR_008546,CUST_00973,Headphones,3,12495,2026-03-14,Debit Card,Bangalore
MAR_008547,CUST_01126,Keyboard,5,34427,2026-03-12,Debit Card,Hyderabad
MAR_008548,CUST_04846,Mouse,1,36308,2026-03-24,Cash on Delivery,Delhi
MAR_008549,CUST_03642,Monitor,1,46777,2026-03-07,Credit Card,Mumbai
MAR_008550,CUST_04037,Keyboard,5,23249,2026-03-11,UPI,Chennai
MAR_008551,CUST_04857,Monitor,2,10851,2026-03-30,Cash on Delivery,Hyderabad
MAR_008552,CUST_02016,Smartwatch,1,20858,2026-03-10,Debit Card,Delhi
MAR_008553,CUST_03368,Mouse,2,19054,2026-03-24,Debit Card,Bangalore
MAR_008554,CUST_03126,Headphones,3,1020,2026-03-30,UPI,Hyderabad
MAR_008555,CUST_04355,Smartwatch,1,22625,2026-03-01,UPI,Hyderabad
MAR_008556,CUST_04605,Smartphone,3,35765,2026-03-22,Debit Card,Hyderabad
MAR_008557,CUST_02718,Laptop,2,41182,2026-03-08,UPI,Pune
MAR_008558,CUST_04851,Mouse,4,9236,2026-03-14,UPI,Delhi
MAR_008559,CUST_04483,Headphones,5,17164,2026-03-01,UPI,Pune
MAR_008560,CUST_00014,Keyboard,1,43721,2026-03-23,Cash on Delivery,Delhi
MAR_008561,CUST_04151,Headphones,4,36915,2026-03-15,UPI,Mumbai
MAR_008562,CUST_00520,Smartphone,1,33021,2026-03-11,Cash on Delivery,Chennai
MAR_008563,CUST_04634,Mouse,5,30241,2026-03-31,Cash on Delivery,Mumbai
MAR_008564,CUST_01728,Tablet,5,5703,2026-03-06,Credit Card,Bangalore
MAR_008565,CUST_00963,Smartphone,2,16582,2026-03-27,Cash on Delivery,Pune
MAR_008566,CUST_00318,Monitor,1,22918,2026-03-29,Cash on Delivery,Pune
MAR_008567,CUST_01505,Tablet,5,34824,2026-03-12,UPI,Chennai
MAR_008568,CUST_00502,Mouse,5,9673,2026-03-13,Cash on Delivery,Pune
MAR_008569,CUST_03814,Smartphone,3,29394,2026-03-07,UPI,Pune
MAR_008570,CUST_00422,Headphones,3,24997,2026-03-11,Debit Card,Chennai
MAR_008571,CUST_00981,Mouse,1,12041,2026-03-12,UPI,Hyderabad
MAR_008572,CUST_04427,Smartwatch,4,3728,2026-03-11,Debit Card,Hyderabad
MAR_008573,CUST_01501,Laptop,5,43318,2026-03-01,Cash on Delivery,Pune
MAR_008574,CUST_03681,Laptop,1,7265,2026-03-07,Credit Card,Bangalore
MAR_008575,CUST_01585,Laptop,5,15016,2026-03-16,Debit Card,Hyderabad
MAR_008576,CUST_04014,Tablet,3,22396,2026-03-17,Debit Card,Bangalore
MAR_008577,CUST_01019,Laptop,4,29847,2026-03-30,Debit Card,Mumbai
MAR_008578,CUST_02363,Laptop,2,49970,2026-03-23,UPI,Hyderabad
MAR_008579,CUST_01301,Smartphone,3,40841,2026-03-14,Cash on Delivery,Bangalore
MAR_008580,CUST_02324,Tablet,2,10769,2026-03-31,Cash on Delivery,Delhi
MAR_008581,CUST_03870,Smartphone,5,37276,2026-03-02,Debit Card,Chennai
MAR_008582,CUST_01983,Mouse,3,39407,2026-03-14,Debit Card,Pune
MAR_008583,CUST_02015,Monitor,2,25956,2026-03-12,UPI,Bangalore
MAR_008584,CUST_00918,Tablet,3,18314,2026-03-07,Cash on Delivery,Chennai
MAR_008585,CUST_03873,Tablet,4,669,2026-03-20,Credit Card,Pune
MAR_008586,CUST_01864,Headphones,3,20006,2026-03-31,Debit Card,Mumbai
MAR_008587,CUST_02926,Laptop,4,13049,2026-03-16,Debit Card,Chennai
MAR_008588,CUST_02436,Headphones,3,18076,2026-03-14,Cash on Delivery,Bangalore
MAR_008589,CUST_04605,Monitor,3,25988,2026-03-04,Credit Card,Pune
MAR_008590,CUST_00776,Laptop,5,35403,2026-03-08,Cash on Delivery,Bangalore
MAR_008591,CUST_02087,Mouse,4,27873,2026-03-19,UPI,Pune
MAR_008592,CUST_03244,Keyboard,4,49802,2026-03-29,Credit Card,Mumbai
MAR_008593,CUST_02880,Smartwatch,1,21084,2026-03-18,Debit Card,Pune
MAR_008594,CUST_02673,Smartwatch,1,43422,2026-03-09,Debit Card,Hyderabad
MAR_008595,CUST_04073,Monitor,5,33741,2026-03-17,UPI,Mumbai
MAR_008596,CUST_00847,Smartwatch,5,48856,2026-03-11,Cash on Delivery,Pune
MAR_008597,CUST_01983,Headphones,1,8140,2026-03-06,Debit Card,Pune
MAR_008598,CUST_04198,Smartwatch,1,20548,2026-03-10,Cash on Delivery,Pune
MAR_008599,CUST_04499,Smartphone,1,38468,2026-03-12,Credit Card,Pune
MAR_008600,CUST_02654,Laptop,2,14226,2026-03-01,Credit Card,Delhi
MAR_008601,CUST_02514,Mouse,2,42854,2026-03-02,UPI,Hyderabad
MAR_008602,CUST_01026,Monitor,1,9449,2026-03-16,UPI,Bangalore
MAR_008603,CUST_02863,Smartphone,2,38062,2026-03-12,UPI,Bangalore
MAR_008604,CUST_03717,Mouse,1,27591,2026-03-06,Credit Card,Chennai
MAR_008605,CUST_02210,Smartwatch,4,1429,2026-03-17,Cash on Delivery,Delhi
MAR_008606,CUST_04890,Smartphone,2,39606,2026-03-31,UPI,Mumbai
MAR_008607,CUST_04474,Smartwatch,4,12296,2026-03-22,Cash on Delivery,Hyderabad
MAR_008608,CUST_03626,Smartphone,5,22590,2026-03-04,UPI,Bangalore
MAR_008609,CUST_02547,Mouse,5,21736,2026-03-23,UPI,Delhi
MAR_008610,CUST_01180,Smartphone,3,35750,2026-03-14,Credit Card,Chennai
MAR_008611,CUST_04517,Laptop,5,40963,2026-03-27,Credit Card,Mumbai
MAR_008612,CUST_04490,Mouse,2,10658,2026-03-08,Credit Card,Hyderabad
MAR_008613,CUST_03520,Laptop,5,5094,2026-03-06,Cash on Delivery,Bangalore
MAR_008614,CUST_02011,Tablet,1,18818,2026-03-25,UPI,Chennai
MAR_008615,CUST_02803,Monitor,4,42803,2026-03-03,UPI,Hyderabad
MAR_008616,CUST_04822,Smartwatch,1,19854,2026-03-30,Debit Card,Chennai
MAR_008617,CUST_04825,Smartphone,4,27449,2026-03-24,Debit Card,Pune
MAR_008618,CUST_04400,Headphones,5,26797,2026-03-28,Credit Card,Delhi
MAR_008619,CUST_04778,Smartwatch,1,12273,2026-03-05,UPI,Chennai
MAR_008620,CUST_02141,Monitor,3,49598,2026-03-05,Debit Card,Hyderabad
MAR_008621,CUST_03613,Laptop,3,22197,2026-03-22,Cash on Delivery,Pune
MAR_008622,CUST_02397,Mouse,4,16194,2026-03-02,UPI,Chennai
MAR_008623,CUST_03652,Headphones,1,21001,2026-03-01,Debit Card,Bangalore
MAR_008624,CUST_02993,Monitor,3,4866,2026-03-04,UPI,Hyderabad
MAR_008625,CUST_03604,Laptop,1,11624,2026-03-17,Debit Card,Chennai
MAR_008626,CUST_03630,Smartphone,4,33882,2026-03-15,Credit Card,Pune
MAR_008627,CUST_02552,Smartphone,1,45138,2026-03-15,Credit Card,Bangalore
MAR_008628,CUST_00624,Keyboard,5,589,2026-03-24,Credit Card,Bangalore
MAR_008629,CUST_00092,Tablet,1,7662,2026-03-02,UPI,Mumbai
MAR_008630,CUST_02161,Keyboard,5,1823,2026-03-30,Credit Card,Mumbai
MAR_008631,CUST_00088,Keyboard,5,42242,2026-03-08,Debit Card,Delhi
MAR_008632,CUST_01108,Smartphone,3,1207,2026-03-26,Credit Card,Chennai
MAR_008633,CUST_03180,Laptop,3,9965,2026-03-11,Debit Card,Bangalore
MAR_008634,CUST_00161,Headphones,1,21785,2026-03-10,Credit Card,Hyderabad
MAR_008635,CUST_04806,Headphones,2,5706,2026-03-30,UPI,Bangalore
MAR_008636,CUST_02440,Smartwatch,2,2093,2026-03-08,Credit Card,Bangalore
MAR_008637,CUST_04138,Laptop,2,2890,2026-03-20,UPI,Hyderabad
MAR_008638,CUST_03371,Keyboard,4,31484,2026-03-20,Credit Card,Delhi
MAR_008639,CUST_02456,Tablet,4,44160,2026-03-11,Cash on Delivery,Delhi
MAR_008640,CUST_02877,Keyboard,4,8439,2026-03-28,UPI,Delhi
MAR_008641,CUST_00663,Headphones,1,34524,2026-03-01,Cash on Delivery,Bangalore
MAR_008642,CUST_02043,Keyboard,4,9265,2026-03-28,Cash on Delivery,Delhi
MAR_008643,CUST_04478,Monitor,1,24643,2026-03-01,Cash on Delivery,Bangalore
MAR_008644,CUST_00197,Mouse,3,26491,2026-03-16,Debit Card,Delhi
MAR_008645,CUST_03339,Laptop,4,27597,2026-03-16,Cash on Delivery,Pune
MAR_008646,CUST_03662,Headphones,5,18986,2026-03-23,Cash on Delivery,Delhi
MAR_008647,CUST_04424,Monitor,2,12397,2026-03-20,Cash on Delivery,Bangalore
MAR_008648,CUST_03842,Mouse,1,44366,2026-03-03,Debit Card,Bangalore
MAR_008649,CUST_03769,Headphones,1,49870,2026-03-01,UPI,Mumbai
MAR_008650,CUST_04316,Smartwatch,5,3896,2026-03-29,Credit Card,Delhi
MAR_008651,CUST_04214,Mouse,4,5851,2026-03-05,Debit Card,Pune
MAR_008652,CUST_02831,Keyboard,5,29360,2026-03-08,Credit Card,Delhi
MAR_008653,CUST_04727,Laptop,2,29153,2026-03-29,Credit Card,Chennai
MAR_008654,CUST_04136,Keyboard,4,5493,2026-03-26,UPI,Hyderabad
MAR_008655,CUST_02960,Smartphone,4,5186,2026-03-11,Debit Card,Chennai
MAR_008656,CUST_03458,Laptop,2,45781,2026-03-30,Cash on Delivery,Bangalore
MAR_008657,CUST_00220,Smartwatch,3,16641,2026-03-02,UPI,Mumbai
MAR_008658,CUST_03940,Keyboard,1,32056,2026-03-17,UPI,Hyderabad
MAR_008659,CUST_00345,Monitor,1,47928,2026-03-17,Credit Card,Pune
MAR_008660,CUST_01917,Laptop,3,43622,2026-03-08,Debit Card,Bangalore
MAR_008661,CUST_02446,Keyboard,5,46921,2026-03-07,Debit Card,Chennai
MAR_008662,CUST_01560,Monitor,3,33809,2026-03-12,Debit Card,Bangalore
MAR_008663,CUST_00276,Smartwatch,2,17111,2026-03-27,Debit Card,Mumbai
MAR_008664,CUST_01086,Headphones,3,27699,2026-03-23,Cash on Delivery,Delhi
MAR_008665,CUST_03452,Smartphone,2,16584,2026-03-10,UPI,Chennai
MAR_008666,CUST_03729,Tablet,4,12335,2026-03-24,Credit Card,Pune
MAR_008667,CUST_02133,Monitor,5,40152,2026-03-28,Cash on Delivery,Bangalore
MAR_008668,CUST_04739,Headphones,4,36629,2026-03-04,Cash on Delivery,Chennai
MAR_008669,CUST_02875,Mouse,1,29629,2026-03-06,Credit Card,Pune
MAR_008670,CUST_02639,Laptop,1,12070,2026-03-06,UPI,Chennai
MAR_008671,CUST_01711,Smartwatch,1,40521,2026-03-23,Credit Card,Chennai
MAR_008672,CUST_01605,Smartphone,3,9046,2026-03-24,Debit Card,Mumbai
MAR_008673,CUST_02663,Headphones,4,37527,2026-03-09,Credit Card,Pune
MAR_008674,CUST_00846,Smartwatch,1,9946,2026-03-16,Cash on Delivery,Pune
MAR_008675,CUST_03445,Keyboard,3,32944,2026-03-21,UPI,Hyderabad
MAR_008676,CUST_03995,Keyboard,1,10151,2026-03-09,Debit Card,Pune
MAR_008677,CUST_03415,Laptop,1,9205,2026-03-18,Debit Card,Pune
MAR_008678,CUST_01042,Laptop,3,23247,2026-03-27,Cash on Delivery,Chennai
MAR_008679,CUST_01439,Smartwatch,2,5041,2026-03-01,Credit Card,Chennai
MAR_008680,CUST_02197,Mouse,1,13435,2026-03-31,Debit Card,Delhi
MAR_008681,CUST_01595,Smartphone,3,33251,2026-03-26,Cash on Delivery,Pune
MAR_008682,CUST_02679,Mouse,5,42190,2026-03-15,Credit Card,Pune
MAR_008683,CUST_02389,Smartphone,2,47628,2026-03-28,Credit Card,Pune
MAR_008684,CUST_00276,Monitor,4,49146,2026-03-31,UPI,Pune
MAR_008685,CUST_02410,Laptop,5,817,2026-03-27,Cash on Delivery,Delhi
MAR_008686,CUST_02432,Smartwatch,4,44184,2026-03-04,Credit Card,Hyderabad
MAR_008687,CUST_00090,Smartphone,2,41751,2026-03-15,Credit Card,Bangalore
MAR_008688,CUST_00196,Smartwatch,2,27583,2026-03-08,Debit Card,Hyderabad
MAR_008689,CUST_00149,Monitor,1,16107,2026-03-29,UPI,Hyderabad
MAR_008690,CUST_04376,Keyboard,5,39385,2026-03-01,Cash on Delivery,Mumbai
MAR_008691,CUST_00239,Smartwatch,4,24824,2026-03-06,Debit Card,Chennai
MAR_008692,CUST_03240,Keyboard,3,41103,2026-03-10,Credit Card,Chennai
MAR_008693,CUST_03701,Tablet,2,8130,2026-03-22,Cash on Delivery,Chennai
MAR_008694,CUST_04144,Monitor,5,30725,2026-03-24,Cash on Delivery,Chennai
MAR_008695,CUST_04276,Tablet,3,1156,2026-03-14,UPI,Chennai
MAR_008696,CUST_01935,Headphones,5,18481,2026-03-01,Credit Card,Pune
MAR_008697,CUST_01299,Laptop,5,41926,2026-03-03,Credit Card,Chennai
MAR_008698,CUST_01940,Smartwatch,2,4569,2026-03-12,UPI,Pune
MAR_008699,CUST_04991,Mouse,2,28728,2026-03-23,UPI,Delhi
MAR_008700,CUST_04864,Laptop,5,2741,2026-03-23,Debit Card,Mumbai
MAR_008701,CUST_04804,Smartphone,5,43160,2026-03-24,Cash on Delivery,Chennai
MAR_008702,CUST_00482,Tablet,3,45740,2026-03-24,Credit Card,Hyderabad
MAR_008703,CUST_00831,Laptop,1,17624,2026-03-02,Debit Card,Pune
MAR_008704,CUST_03156,Smartwatch,2,21652,2026-03-03,Debit Card,Bangalore
MAR_008705,CUST_02624,Tablet,1,27074,2026-03-17,Credit Card,Mumbai
MAR_008706,CUST_01261,Mouse,2,46919,2026-03-20,Credit Card,Hyderabad
MAR_008707,CUST_00830,Monitor,2,31616,2026-03-11,Credit Card,Bangalore
MAR_008708,CUST_04529,Keyboard,5,5296,2026-03-13,UPI,Delhi
MAR_008709,CUST_01713,Laptop,4,30266,2026-03-19,Debit Card,Delhi
MAR_008710,CUST_01462,Mouse,5,8153,2026-03-24,Cash on Delivery,Mumbai
MAR_008711,CUST_02799,Mouse,1,9121,2026-03-05,Credit Card,Mumbai
MAR_008712,CUST_02801,Keyboard,1,30447,2026-03-11,Cash on Delivery,Delhi
MAR_008713,CUST_00492,Smartwatch,1,8543,2026-03-17,Debit Card,Chennai
MAR_008714,CUST_04674,Laptop,5,14723,2026-03-08,Cash on Delivery,Hyderabad
MAR_008715,CUST_00934,Mouse,2,48646,2026-03-20,Debit Card,Mumbai
MAR_008716,CUST_00629,Headphones,1,22577,2026-03-13,Debit Card,Bangalore
MAR_008717,CUST_00821,Headphones,2,44282,2026-03-25,UPI,Chennai
MAR_008718,CUST_04155,Smartwatch,5,12825,2026-03-28,Cash on Delivery,Delhi
MAR_008719,CUST_01124,Headphones,4,45816,2026-03-09,Cash on Delivery,Chennai
MAR_008720,CUST_01513,Headphones,1,41280,2026-03-17,Credit Card,Delhi
MAR_008721,CUST_00850,Laptop,4,10203,2026-03-13,Debit Card,Chennai
MAR_008722,CUST_01562,Keyboard,4,40327,2026-03-31,Debit Card,Hyderabad
MAR_008723,CUST_00930,Keyboard,3,19536,2026-03-18,Debit Card,Bangalore
MAR_008724,CUST_02897,Smartphone,2,29169,2026-03-16,UPI,Delhi
MAR_008725,CUST_04626,Keyboard,4,8919,2026-03-23,Debit Card,Hyderabad
MAR_008726,CUST_02791,Keyboard,4,49238,2026-03-27,Cash on Delivery,Delhi
MAR_008727,CUST_00946,Laptop,2,48700,2026-03-26,Credit Card,Hyderabad
MAR_008728,CUST_03182,Smartwatch,4,23644,2026-03-02,UPI,Mumbai
MAR_008729,CUST_02766,Keyboard,3,45472,2026-03-09,Credit Card,Mumbai
MAR_008730,CUST_03858,Smartwatch,5,6086,2026-03-30,Credit Card,Bangalore
MAR_008731,CUST_02723,Mouse,4,34962,2026-03-19,Cash on Delivery,Delhi
MAR_008732,CUST_02626,Keyboard,3,20535,2026-03-03,Credit Card,Chennai
MAR_008733,CUST_02710,Monitor,5,24478,2026-03-13,Debit Card,Chennai
MAR_008734,CUST_04571,Smartwatch,2,12399,2026-03-29,Credit Card,Chennai
MAR_008735,CUST_02996,Smartwatch,2,5723,2026-03-11,Debit Card,Pune
MAR_008736,CUST_01103,Keyboard,3,44087,2026-03-17,Cash on Delivery,Bangalore
MAR_008737,CUST_00718,Smartphone,3,6420,2026-03-17,Credit Card,Hyderabad
MAR_008738,CUST_03697,Keyboard,3,16815,2026-03-27,Credit Card,Mumbai
MAR_008739,CUST_00381,Smartwatch,3,26026,2026-03-02,Credit Card,Mumbai
MAR_008740,CUST_01274,Laptop,2,45134,2026-03-30,Debit Card,Mumbai
MAR_008741,CUST_03508,Smartwatch,1,26056,2026-03-22,Cash on Delivery,Hyderabad
MAR_008742,CUST_03945,Laptop,5,14511,2026-03-22,Credit Card,Hyderabad
MAR_008743,CUST_02430,Tablet,4,38494,2026-03-19,Credit Card,Mumbai
MAR_008744,CUST_00574,Tablet,4,43380,2026-03-08,UPI,Bangalore
MAR_008745,CUST_01762,Tablet,1,47076,2026-03-26,Cash on Delivery,Pune
MAR_008746,CUST_04890,Monitor,2,15793,2026-03-05,Credit Card,Delhi
MAR_008747,CUST_04306,Smartwatch,4,25395,2026-03-04,Cash on Delivery,Hyderabad
MAR_008748,CUST_00125,Headphones,5,9550,2026-03-29,Credit Card,Chennai
MAR_008749,CUST_03587,Mouse,1,2535,2026-03-19,UPI,Hyderabad
MAR_008750,CUST_00075,Smartwatch,4,2841,2026-03-12,Cash on Delivery,Mumbai
MAR_008751,CUST_02812,Headphones,2,7134,2026-03-12,Credit Card,Bangalore
MAR_008752,CUST_02283,Smartwatch,4,36260,2026-03-04,Debit Card,Bangalore
MAR_008753,CUST_01437,Keyboard,5,16272,2026-03-04,UPI,Delhi
MAR_008754,CUST_00871,Monitor,5,12519,2026-03-08,Cash on Delivery,Hyderabad
MAR_008755,CUST_04334,Keyboard,5,11285,2026-03-07,Credit Card,Pune
MAR_008756,CUST_03125,Monitor,4,35759,2026-03-02,Debit Card,Bangalore
MAR_008757,CUST_03139,Tablet,3,4015,2026-03-16,Debit Card,Delhi
MAR_008758,CUST_01330,Laptop,4,27341,2026-03-15,UPI,Delhi
MAR_008759,CUST_04780,Smartphone,2,34548,2026-03-03,Credit Card,Mumbai
MAR_008760,CUST_03149,Headphones,2,40249,2026-03-11,Cash on Delivery,Delhi
MAR_008761,CUST_00710,Smartwatch,2,49810,2026-03-29,Debit Card,Chennai
MAR_008762,CUST_00875,Tablet,3,4498,2026-03-08,UPI,Delhi
MAR_008763,CUST_04106,Mouse,3,8164,2026-03-11,Cash on Delivery,Bangalore
MAR_008764,CUST_00904,Headphones,5,37439,2026-03-17,Debit Card,Delhi
MAR_008765,CUST_04650,Headphones,3,6860,2026-03-23,Cash on Delivery,Hyderabad
MAR_008766,CUST_01124,Keyboard,1,40484,2026-03-22,Debit Card,Delhi
MAR_008767,CUST_03296,Laptop,5,15090,2026-03-21,Debit Card,Chennai
MAR_008768,CUST_01653,Mouse,5,24773,2026-03-13,UPI,Hyderabad
MAR_008769,CUST_04122,Tablet,5,18098,2026-03-15,Debit Card,Bangalore
MAR_008770,CUST_00539,Headphones,1,22404,2026-03-28,Cash on Delivery,Mumbai
MAR_008771,CUST_03698,Monitor,4,10723,2026-03-18,Debit Card,Bangalore
MAR_008772,CUST_02937,Mouse,4,3028,2026-03-28,UPI,Mumbai
MAR_008773,CUST_01939,Keyboard,2,4947,2026-03-17,Debit Card,Mumbai
MAR_008774,CUST_00554,Monitor,2,4250,2026-03-06,Cash on Delivery,Chennai
MAR_008775,CUST_03531,Smartwatch,1,17534,2026-03-05,Debit Card,Chennai
MAR_008776,CUST_04660,Headphones,3,17892,2026-03-29,Credit Card,Hyderabad
MAR_008777,CUST_01974,Monitor,4,7755,2026-03-26,Cash on Delivery,Bangalore
MAR_008778,CUST_01556,Mouse,1,46704,2026-03-18,Debit Card,Pune
MAR_008779,CUST_00276,Laptop,5,38558,2026-03-31,Cash on Delivery,Delhi
MAR_008780,CUST_03565,Smartwatch,5,19163,2026-03-07,UPI,Delhi
MAR_008781,CUST_01429,Mouse,5,28971,2026-03-15,UPI,Chennai
MAR_008782,CUST_00886,Laptop,4,34056,2026-03-29,Debit Card,Mumbai
MAR_008783,CUST_02815,Laptop,5,28205,2026-03-13,Debit Card,Hyderabad
MAR_008784,CUST_03532,Smartwatch,1,33919,2026-03-01,Credit Card,Hyderabad
MAR_008785,CUST_01107,Smartphone,1,30798,2026-03-07,Debit Card,Delhi
MAR_008786,CUST_03170,Laptop,2,1617,2026-03-26,Debit Card,Delhi
MAR_008787,CUST_02392,Headphones,1,19926,2026-03-20,Credit Card,Pune
MAR_008788,CUST_04951,Headphones,4,14277,2026-03-14,Cash on Delivery,Mumbai
MAR_008789,CUST_00278,Laptop,4,47949,2026-03-01,Debit Card,Chennai
MAR_008790,CUST_04729,Smartwatch,1,6939,2026-03-02,Credit Card,Pune
MAR_008791,CUST_03432,Monitor,4,5945,2026-03-22,Debit Card,Chennai
MAR_008792,CUST_02939,Laptop,1,6598,2026-03-01,Cash on Delivery,Delhi
MAR_008793,CUST_01491,Headphones,2,45828,2026-03-22,UPI,Delhi
MAR_008794,CUST_00761,Smartphone,5,49913,2026-03-23,UPI,Bangalore
MAR_008795,CUST_04133,Laptop,3,9400,2026-03-05,UPI,Hyderabad
MAR_008796,CUST_00128,Mouse,4,17684,2026-03-10,Cash on Delivery,Delhi
MAR_008797,CUST_03218,Smartphone,4,47997,2026-03-05,Cash on Delivery,Mumbai
MAR_008798,CUST_03848,Smartphone,3,30371,2026-03-08,Debit Card,Chennai
MAR_008799,CUST_02846,Mouse,2,27855,2026-03-03,UPI,Hyderabad
MAR_008800,CUST_01578,Headphones,2,15245,2026-03-22,Debit Card,Pune
MAR_008801,CUST_03319,Mouse,2,28672,2026-03-18,Debit Card,Hyderabad
MAR_008802,CUST_04838,Smartphone,1,33638,2026-03-20,Cash on Delivery,Mumbai
MAR_008803,CUST_04259,Laptop,3,16817,2026-03-20,UPI,Pune
MAR_008804,CUST_01143,Headphones,1,17815,2026-03-05,Credit Card,Delhi
MAR_008805,CUST_04337,Tablet,1,3855,2026-03-21,Debit Card,Pune
MAR_008806,CUST_04072,Laptop,1,49383,2026-03-01,UPI,Chennai
MAR_008807,CUST_03268,Smartphone,5,1328,2026-03-01,Cash on Delivery,Mumbai
MAR_008808,CUST_02910,Laptop,1,2760,2026-03-26,Cash on Delivery,Chennai
MAR_008809,CUST_02907,Monitor,3,4406,2026-03-04,Credit Card,Delhi
MAR_008810,CUST_03788,Tablet,1,31166,2026-03-02,Cash on Delivery,Hyderabad
MAR_008811,CUST_00389,Laptop,1,2122,2026-03-01,Debit Card,Chennai
MAR_008812,CUST_03011,Headphones,5,21875,2026-03-28,Credit Card,Mumbai
MAR_008813,CUST_03407,Monitor,4,39512,2026-03-01,UPI,Hyderabad
MAR_008814,CUST_02123,Laptop,2,11556,2026-03-14,Cash on Delivery,Hyderabad
MAR_008815,CUST_02454,Headphones,1,20492,2026-03-01,Debit Card,Pune
MAR_008816,CUST_02525,Mouse,3,10403,2026-03-08,Cash on Delivery,Pune
MAR_008817,CUST_00506,Smartwatch,5,43786,2026-03-12,Credit Card,Bangalore
MAR_008818,CUST_02196,Smartwatch,5,6651,2026-03-06,Credit Card,Bangalore
MAR_008819,CUST_02486,Keyboard,4,35797,2026-03-08,Cash on Delivery,Mumbai
MAR_008820,CUST_04485,Keyboard,1,37613,2026-03-06,Cash on Delivery,Chennai
MAR_008821,CUST_00823,Headphones,4,7058,2026-03-15,Cash on Delivery,Mumbai
MAR_008822,CUST_04311,Keyboard,2,40535,2026-03-19,Cash on Delivery,Pune
MAR_008823,CUST_01686,Keyboard,5,17787,2026-03-03,UPI,Mumbai
MAR_008824,CUST_01477,Mouse,2,1542,2026-03-08,Debit Card,Delhi
MAR_008825,CUST_00359,Monitor,5,33740,2026-03-09,Debit Card,Mumbai
MAR_008826,CUST_04996,Laptop,1,19210,2026-03-08,Credit Card,Mumbai
MAR_008827,CUST_02929,Smartwatch,4,12007,2026-03-07,UPI,Bangalore
MAR_008828,CUST_04834,Mouse,4,8855,2026-03-27,Debit Card,Pune
MAR_008829,CUST_04792,Headphones,4,22740,2026-03-17,Credit Card,Hyderabad
MAR_008830,CUST_01807,Mouse,3,26474,2026-03-24,Credit Card,Delhi
MAR_008831,CUST_03854,Keyboard,3,7126,2026-03-02,Cash on Delivery,Mumbai
MAR_008832,CUST_01443,Monitor,5,17270,2026-03-29,Cash on Delivery,Pune
MAR_008833,CUST_03809,Laptop,1,30848,2026-03-29,Cash on Delivery,Chennai
MAR_008834,CUST_02568,Tablet,4,33675,2026-03-29,Credit Card,Delhi
MAR_008835,CUST_03028,Keyboard,4,17614,2026-03-21,Cash on Delivery,Delhi
MAR_008836,CUST_00814,Keyboard,1,5155,2026-03-19,Credit Card,Delhi
MAR_008837,CUST_00817,Mouse,5,38182,2026-03-29,Credit Card,Chennai
MAR_008838,CUST_04142,Keyboard,5,16409,2026-03-06,Cash on Delivery,Mumbai
MAR_008839,CUST_00353,Headphones,5,43077,2026-03-19,UPI,Delhi
MAR_008840,CUST_02937,Smartwatch,5,44931,2026-03-07,UPI,Hyderabad
MAR_008841,CUST_04542,Keyboard,5,29978,2026-03-02,UPI,Delhi
MAR_008842,CUST_03020,Headphones,3,17670,2026-03-25,Credit Card,Mumbai
MAR_008843,CUST_03546,Smartphone,2,49497,2026-03-21,UPI,Chennai
MAR_008844,CUST_03059,Smartwatch,5,47861,2026-03-25,UPI,Bangalore
MAR_008845,CUST_02019,Keyboard,3,24957,2026-03-07,UPI,Bangalore
MAR_008846,CUST_00448,Smartphone,2,25867,2026-03-24,Debit Card,Bangalore
MAR_008847,CUST_00087,Smartwatch,3,19010,2026-03-20,UPI,Bangalore
MAR_008848,CUST_02312,Keyboard,3,16130,2026-03-18,Cash on Delivery,Delhi
MAR_008849,CUST_03588,Smartwatch,1,3463,2026-03-21,UPI,Bangalore
MAR_008850,CUST_01641,Tablet,2,29544,2026-03-30,Cash on Delivery,Bangalore
MAR_008851,CUST_04493,Tablet,1,47962,2026-03-23,Credit Card,Delhi
MAR_008852,CUST_04569,Keyboard,1,5945,2026-03-03,UPI,Chennai
MAR_008853,CUST_01160,Keyboard,5,6154,2026-03-19,Debit Card,Mumbai
MAR_008854,CUST_01673,Smartwatch,5,1215,2026-03-25,Debit Card,Bangalore
MAR_008855,CUST_02983,Monitor,3,16740,2026-03-12,Credit Card,Hyderabad
MAR_008856,CUST_04122,Mouse,1,38516,2026-03-05,Credit Card,Bangalore
MAR_008857,CUST_03283,Laptop,3,7283,2026-03-02,UPI,Hyderabad
MAR_008858,CUST_01764,Mouse,5,36097,2026-03-25,Cash on Delivery,Hyderabad
MAR_008859,CUST_00567,Laptop,4,39226,2026-03-05,Debit Card,Delhi
MAR_008860,CUST_04135,Tablet,4,6716,2026-03-16,Credit Card,Hyderabad
MAR_008861,CUST_04723,Smartphone,2,40870,2026-03-13,Cash on Delivery,Pune
MAR_008862,CUST_01054,Mouse,1,31775,2026-03-08,Credit Card,Chennai
MAR_008863,CUST_02560,Laptop,2,14528,2026-03-17,Debit Card,Delhi
MAR_008864,CUST_00827,Mouse,3,13810,2026-03-30,Cash on Delivery,Bangalore
MAR_008865,CUST_01750,Keyboard,3,48354,2026-03-20,Cash on Delivery,Hyderabad
MAR_008866,CUST_01132,Keyboard,5,12589,2026-03-09,Cash on Delivery,Bangalore
MAR_008867,CUST_02661,Smartwatch,3,8437,2026-03-13,Cash on Delivery,Hyderabad
MAR_008868,CUST_00757,Mouse,3,47953,2026-03-26,Cash on Delivery,Hyderabad
MAR_008869,CUST_01219,Smartwatch,2,6753,2026-03-22,Credit Card,Bangalore
MAR_008870,CUST_03351,Laptop,3,8557,2026-03-12,Debit Card,Delhi
MAR_008871,CUST_02534,Monitor,4,10610,2026-03-27,Debit Card,Hyderabad
MAR_008872,CUST_02845,Smartwatch,5,4046,2026-03-20,UPI,Bangalore
MAR_008873,CUST_01294,Laptop,5,12184,2026-03-16,Credit Card,Bangalore
MAR_008874,CUST_02770,Mouse,1,12498,2026-03-14,Debit Card,Delhi
MAR_008875,CUST_03469,Mouse,3,12373,2026-03-25,Credit Card,Bangalore
MAR_008876,CUST_01504,Keyboard,5,49230,2026-03-22,Debit Card,Bangalore
MAR_008877,CUST_03761,Tablet,2,49999,2026-03-19,UPI,Chennai
MAR_008878,CUST_02451,Laptop,2,45079,2026-03-31,Debit Card,Bangalore
MAR_008879,CUST_00497,Mouse,2,42849,2026-03-26,Cash on Delivery,Pune
MAR_008880,CUST_03040,Keyboard,4,992,2026-03-28,Credit Card,Hyderabad
MAR_008881,CUST_03246,Mouse,4,16736,2026-03-21,Credit Card,Hyderabad
MAR_008882,CUST_01249,Smartphone,4,42437,2026-03-18,Credit Card,Pune
MAR_008883,CUST_01034,Headphones,2,19780,2026-03-24,UPI,Pune
MAR_008884,CUST_04996,Headphones,1,31730,2026-03-14,Debit Card,Bangalore
MAR_008885,CUST_04015,Laptop,3,43118,2026-03-27,Credit Card,Mumbai
MAR_008886,CUST_02559,Smartwatch,3,20227,2026-03-01,UPI,Chennai
MAR_008887,CUST_01422,Keyboard,5,39293,2026-03-07,Cash on Delivery,Delhi
MAR_008888,CUST_01387,Smartwatch,2,31623,2026-03-12,Credit Card,Hyderabad
MAR_008889,CUST_03178,Mouse,3,34069,2026-03-20,UPI,Hyderabad
MAR_008890,CUST_03564,Headphones,3,24130,2026-03-13,UPI,Chennai
MAR_008891,CUST_02333,Headphones,3,11815,2026-03-14,UPI,Hyderabad
MAR_008892,CUST_04148,Keyboard,5,44850,2026-03-13,Debit Card,Bangalore
MAR_008893,CUST_00411,Headphones,1,22183,2026-03-07,Cash on Delivery,Chennai
MAR_008894,CUST_02225,Keyboard,5,4977,2026-03-05,Cash on Delivery,Pune
MAR_008895,CUST_00151,Tablet,2,38954,2026-03-11,Credit Card,Mumbai
MAR_008896,CUST_00759,Smartwatch,2,6918,2026-03-17,UPI,Chennai
MAR_008897,CUST_04896,Monitor,3,33053,2026-03-25,UPI,Mumbai
MAR_008898,CUST_01139,Keyboard,4,43026,2026-03-28,Debit Card,Delhi
MAR_008899,CUST_01962,Monitor,2,21566,2026-03-05,Credit Card,Pune
MAR_008900,CUST_01653,Keyboard,1,24115,2026-03-31,Cash on Delivery,Hyderabad
MAR_008901,CUST_00738,Smartwatch,1,11193,2026-03-10,UPI,Chennai
MAR_008902,CUST_03193,Headphones,2,45317,2026-03-26,Cash on Delivery,Delhi
MAR_008903,CUST_01885,Smartphone,5,33409,2026-03-23,UPI,Bangalore
MAR_008904,CUST_02495,Headphones,3,33412,2026-03-21,Credit Card,Mumbai
MAR_008905,CUST_00475,Laptop,3,32587,2026-03-28,Debit Card,Delhi
MAR_008906,CUST_04537,Monitor,4,29899,2026-03-02,Debit Card,Pune
MAR_008907,CUST_04673,Laptop,4,30370,2026-03-17,Debit Card,Mumbai
MAR_008908,CUST_03133,Laptop,4,39626,2026-03-29,Credit Card,Hyderabad
MAR_008909,CUST_03230,Monitor,3,35447,2026-03-16,Debit Card,Bangalore
MAR_008910,CUST_00311,Smartphone,3,40475,2026-03-01,Cash on Delivery,Delhi
MAR_008911,CUST_02980,Headphones,1,6492,2026-03-03,UPI,Hyderabad
MAR_008912,CUST_02871,Tablet,1,49986,2026-03-06,UPI,Hyderabad
MAR_008913,CUST_02907,Mouse,2,27818,2026-03-08,Cash on Delivery,Mumbai
MAR_008914,CUST_04832,Monitor,5,40894,2026-03-23,UPI,Bangalore
MAR_008915,CUST_03514,Smartphone,1,26680,2026-03-05,Cash on Delivery,Bangalore
MAR_008916,CUST_00428,Monitor,5,31149,2026-03-14,Cash on Delivery,Delhi
MAR_008917,CUST_02080,Smartphone,3,16645,2026-03-19,UPI,Hyderabad
MAR_008918,CUST_03820,Smartwatch,5,17205,2026-03-23,Cash on Delivery,Hyderabad
MAR_008919,CUST_03636,Smartphone,2,6828,2026-03-27,UPI,Pune
MAR_008920,CUST_04664,Headphones,2,34182,2026-03-23,Debit Card,Mumbai
MAR_008921,CUST_01993,Monitor,4,13192,2026-03-11,UPI,Chennai
MAR_008922,CUST_04198,Monitor,3,20931,2026-03-28,Credit Card,Bangalore
MAR_008923,CUST_00288,Laptop,1,13534,2026-03-02,Debit Card,Bangalore
MAR_008924,CUST_02964,Headphones,1,28083,2026-03-06,Credit Card,Mumbai
MAR_008925,CUST_03047,Headphones,2,14000,2026-03-06,Cash on Delivery,Pune
MAR_008926,CUST_02584,Laptop,5,11993,2026-03-17,UPI,Pune
MAR_008927,CUST_00875,Keyboard,4,421,2026-03-27,Credit Card,Chennai
MAR_008928,CUST_02089,Smartwatch,4,14753,2026-03-28,UPI,Bangalore
MAR_008929,CUST_04311,Smartwatch,4,48419,2026-03-12,Debit Card,Bangalore
MAR_008930,CUST_01820,Tablet,5,29425,2026-03-03,Cash on Delivery,Pune
MAR_008931,CUST_04493,Keyboard,3,49483,2026-03-23,Credit Card,Pune
MAR_008932,CUST_00704,Mouse,1,10090,2026-03-01,Cash on Delivery,Bangalore
MAR_008933,CUST_02010,Laptop,2,12101,2026-03-25,UPI,Bangalore
MAR_008934,CUST_00173,Tablet,4,10632,2026-03-03,UPI,Mumbai
MAR_008935,CUST_01324,Keyboard,5,42846,2026-03-16,Credit Card,Hyderabad
MAR_008936,CUST_04033,Monitor,2,46392,2026-03-08,Cash on Delivery,Mumbai
MAR_008937,CUST_04680,Tablet,5,42523,2026-03-06,Cash on Delivery,Chennai
MAR_008938,CUST_00344,Headphones,3,48624,2026-03-17,Cash on Delivery,Pune
MAR_008939,CUST_00808,Smartwatch,4,45808,2026-03-20,UPI,Delhi
MAR_008940,CUST_04799,Smartphone,4,25770,2026-03-02,Credit Card,Mumbai
MAR_008941,CUST_00130,Tablet,1,21711,2026-03-09,Credit Card,Bangalore
MAR_008942,CUST_00030,Laptop,2,32189,2026-03-29,Debit Card,Bangalore
MAR_008943,CUST_01886,Tablet,2,37192,2026-03-07,Credit Card,Pune
MAR_008944,CUST_01354,Tablet,2,15950,2026-03-13,Credit Card,Chennai
MAR_008945,CUST_02452,Tablet,2,26351,2026-03-14,Credit Card,Delhi
MAR_008946,CUST_00882,Laptop,4,39513,2026-03-28,UPI,Hyderabad
MAR_008947,CUST_00181,Tablet,4,12673,2026-03-18,Cash on Delivery,Hyderabad
MAR_008948,CUST_00770,Keyboard,3,45343,2026-03-09,Cash on Delivery,Hyderabad
MAR_008949,CUST_00853,Keyboard,2,1433,2026-03-17,Debit Card,Delhi
MAR_008950,CUST_01567,Laptop,2,21923,2026-03-04,Cash on Delivery,Mumbai
MAR_008951,CUST_03085,Keyboard,2,3167,2026-03-02,Debit Card,Hyderabad
MAR_008952,CUST_00821,Monitor,2,18226,2026-03-04,Debit Card,Delhi
MAR_008953,CUST_00436,Smartwatch,3,24894,2026-03-07,Debit Card,Bangalore
MAR_008954,CUST_00053,Headphones,5,38407,2026-03-15,Cash on Delivery,Bangalore
MAR_008955,CUST_02173,Smartphone,4,7861,2026-03-07,Credit Card,Pune
MAR_008956,CUST_02382,Mouse,4,11052,2026-03-24,Credit Card,Delhi
MAR_008957,CUST_00978,Headphones,4,30885,2026-03-29,Debit Card,Chennai
MAR_008958,CUST_02063,Smartwatch,5,27956,2026-03-14,Credit Card,Mumbai
MAR_008959,CUST_03209,Monitor,3,26364,2026-03-16,Debit Card,Pune
MAR_008960,CUST_02554,Smartwatch,3,44641,2026-03-13,Debit Card,Delhi
MAR_008961,CUST_02684,Mouse,5,16161,2026-03-18,Cash on Delivery,Hyderabad
MAR_008962,CUST_04799,Mouse,4,16392,2026-03-18,Cash on Delivery,Pune
MAR_008963,CUST_03472,Smartwatch,1,5135,2026-03-14,Cash on Delivery,Mumbai
MAR_008964,CUST_02403,Smartwatch,2,46100,2026-03-07,Cash on Delivery,Chennai
MAR_008965,CUST_00172,Mouse,3,41889,2026-03-08,UPI,Pune
MAR_008966,CUST_02029,Monitor,2,45641,2026-03-15,Cash on Delivery,Mumbai
MAR_008967,CUST_04602,Tablet,3,5456,2026-03-17,Credit Card,Hyderabad
MAR_008968,CUST_01188,Monitor,3,37399,2026-03-21,Credit Card,Bangalore
MAR_008969,CUST_00021,Monitor,4,12866,2026-03-04,Cash on Delivery,Hyderabad
MAR_008970,CUST_02842,Headphones,4,37474,2026-03-23,Debit Card,Mumbai
MAR_008971,CUST_03629,Laptop,2,2479,2026-03-25,Cash on Delivery,Pune
MAR_008972,CUST_01409,Monitor,5,6369,2026-03-13,Credit Card,Delhi
MAR_008973,CUST_00682,Smartphone,5,17493,2026-03-13,Debit Card,Delhi
MAR_008974,CUST_01162,Laptop,5,38239,2026-03-24,Cash on Delivery,Delhi
MAR_008975,CUST_02294,Smartwatch,2,20489,2026-03-30,Credit Card,Chennai
MAR_008976,CUST_00285,Tablet,5,28733,2026-03-11,Credit Card,Chennai
MAR_008977,CUST_03571,Mouse,5,18673,2026-03-21,UPI,Mumbai
MAR_008978,CUST_01886,Mouse,5,17029,2026-03-19,Debit Card,Chennai
MAR_008979,CUST_01940,Monitor,5,38500,2026-03-16,Credit Card,Chennai
MAR_008980,CUST_04547,Headphones,2,27521,2026-03-23,Cash on Delivery,Mumbai
MAR_008981,CUST_02328,Smartwatch,4,14006,2026-03-20,Debit Card,Delhi
MAR_008982,CUST_04923,Monitor,1,23016,2026-03-08,Debit Card,Pune
MAR_008983,CUST_02001,Keyboard,2,23352,2026-03-07,Credit Card,Mumbai
MAR_008984,CUST_02584,Keyboard,4,22047,2026-03-09,Cash on Delivery,Pune
MAR_008985,CUST_00046,Laptop,4,34497,2026-03-02,Credit Card,Delhi
MAR_008986,CUST_00950,Headphones,3,25196,2026-03-15,Cash on Delivery,Delhi
MAR_008987,CUST_02682,Smartwatch,5,6085,2026-03-28,Debit Card,Delhi
MAR_008988,CUST_00533,Keyboard,2,32273,2026-03-04,Debit Card,Bangalore
MAR_008989,CUST_02901,Keyboard,5,4631,2026-03-30,Cash on Delivery,Bangalore
MAR_008990,CUST_00966,Keyboard,1,4615,2026-03-29,Cash on Delivery,Bangalore
MAR_008991,CUST_03620,Smartphone,1,30828,2026-03-11,Debit Card,Hyderabad
MAR_008992,CUST_00972,Mouse,3,4387,2026-03-04,Credit Card,Hyderabad
MAR_008993,CUST_00518,Smartwatch,1,15071,2026-03-18,Credit Card,Bangalore
MAR_008994,CUST_04766,Keyboard,5,6972,2026-03-19,Debit Card,Hyderabad
MAR_008995,CUST_04094,Headphones,1,9681,2026-03-30,UPI,Pune
MAR_008996,CUST_02987,Smartphone,5,6829,2026-03-17,Credit Card,Mumbai
MAR_008997,CUST_00729,Keyboard,5,40207,2026-03-07,Credit Card,Delhi
MAR_008998,CUST_02748,Tablet,5,23576,2026-03-24,Debit Card,Bangalore
MAR_008999,CUST_03633,Laptop,4,9679,2026-03-14,Cash on Delivery,Bangalore
MAR_009000,CUST_02962,Headphones,4,47465,2026-03-16,Credit Card,Chennai
MAR_009001,CUST_00857,Keyboard,2,48342,2026-03-11,Cash on Delivery,Delhi
MAR_009002,CUST_03008,Laptop,3,18364,2026-03-08,Debit Card,Hyderabad
MAR_009003,CUST_03462,Keyboard,1,49003,2026-03-27,Credit Card,Chennai
MAR_009004,CUST_04908,Smartwatch,3,31278,2026-03-02,Credit Card,Pune
MAR_009005,CUST_04861,Monitor,4,32920,2026-03-22,Cash on Delivery,Delhi
MAR_009006,CUST_00331,Tablet,5,37516,2026-03-20,Cash on Delivery,Pune
MAR_009007,CUST_04132,Monitor,4,34766,2026-03-11,UPI,Mumbai
MAR_009008,CUST_03632,Monitor,1,25638,2026-03-20,Cash on Delivery,Hyderabad
MAR_009009,CUST_01137,Mouse,3,32437,2026-03-21,UPI,Chennai
MAR_009010,CUST_03033,Tablet,5,16584,2026-03-13,Debit Card,Bangalore
MAR_009011,CUST_00714,Laptop,3,21840,2026-03-20,Credit Card,Pune
MAR_009012,CUST_04748,Tablet,5,39732,2026-03-19,UPI,Mumbai
MAR_009013,CUST_00352,Headphones,1,14606,2026-03-20,Credit Card,Hyderabad
MAR_009014,CUST_00498,Tablet,5,17875,2026-03-15,UPI,Chennai
MAR_009015,CUST_04099,Smartwatch,5,31782,2026-03-11,Credit Card,Delhi
MAR_009016,CUST_02109,Smartphone,5,13911,2026-03-05,Debit Card,Hyderabad
MAR_009017,CUST_01134,Keyboard,1,18580,2026-03-10,Credit Card,Hyderabad
MAR_009018,CUST_02939,Smartwatch,3,37307,2026-03-01,UPI,Hyderabad
MAR_009019,CUST_00562,Laptop,3,41745,2026-03-07,Credit Card,Chennai
MAR_009020,CUST_00852,Smartphone,4,25350,2026-03-08,UPI,Bangalore
MAR_009021,CUST_02941,Smartphone,2,15025,2026-03-19,UPI,Chennai
MAR_009022,CUST_01387,Smartwatch,5,44387,2026-03-15,UPI,Hyderabad
MAR_009023,CUST_02479,Tablet,3,15814,2026-03-10,UPI,Bangalore
MAR_009024,CUST_04587,Monitor,4,30369,2026-03-05,Cash on Delivery,Bangalore
MAR_009025,CUST_01425,Mouse,1,6658,2026-03-11,Credit Card,Pune
MAR_009026,CUST_04259,Smartwatch,5,14324,2026-03-13,UPI,Bangalore
MAR_009027,CUST_03721,Smartwatch,2,49954,2026-03-14,UPI,Chennai
MAR_009028,CUST_00609,Laptop,2,24274,2026-03-24,Cash on Delivery,Chennai
MAR_009029,CUST_04084,Smartwatch,2,38306,2026-03-25,Debit Card,Bangalore
MAR_009030,CUST_02271,Smartwatch,3,16351,2026-03-17,UPI,Chennai
MAR_009031,CUST_01090,Mouse,3,43440,2026-03-22,Cash on Delivery,Hyderabad
MAR_009032,CUST_01158,Smartwatch,2,21204,2026-03-27,UPI,Chennai
MAR_009033,CUST_03130,Smartwatch,4,22168,2026-03-16,UPI,Hyderabad
MAR_009034,CUST_01089,Keyboard,4,12133,2026-03-20,Credit Card,Delhi
MAR_009035,CUST_00354,Laptop,4,15475,2026-03-19,UPI,Pune
MAR_009036,CUST_01546,Tablet,4,37394,2026-03-07,Debit Card,Bangalore
MAR_009037,CUST_04973,Headphones,3,27271,2026-03-03,Debit Card,Bangalore
MAR_009038,CUST_00982,Mouse,4,28897,2026-03-12,Debit Card,Chennai
MAR_009039,CUST_00356,Mouse,5,26676,2026-03-12,UPI,Pune
MAR_009040,CUST_00891,Tablet,3,1152,2026-03-19,UPI,Hyderabad
MAR_009041,CUST_00376,Headphones,1,22807,2026-03-07,UPI,Bangalore
MAR_009042,CUST_03556,Monitor,5,12704,2026-03-20,Debit Card,Delhi
MAR_009043,CUST_00253,Smartphone,1,37170,2026-03-21,UPI,Pune
MAR_009044,CUST_02945,Monitor,2,13190,2026-03-14,UPI,Mumbai
MAR_009045,CUST_02064,Smartwatch,2,49733,2026-03-04,Debit Card,Mumbai
MAR_009046,CUST_04184,Mouse,2,13097,2026-03-31,Debit Card,Chennai
MAR_009047,CUST_00714,Monitor,4,19905,2026-03-24,UPI,Chennai
MAR_009048,CUST_03022,Keyboard,2,47282,2026-03-25,Credit Card,Pune
MAR_009049,CUST_02362,Smartphone,1,40760,2026-03-24,Debit Card,Mumbai
MAR_009050,CUST_00382,Laptop,5,12394,2026-03-13,Cash on Delivery,Delhi
MAR_009051,CUST_01383,Laptop,4,41280,2026-03-19,UPI,Pune
MAR_009052,CUST_03847,Monitor,4,34665,2026-03-19,Cash on Delivery,Chennai
MAR_009053,CUST_03410,Headphones,1,23350,2026-03-09,Debit Card,Delhi
MAR_009054,CUST_01365,Smartwatch,3,42818,2026-03-10,Debit Card,Bangalore
MAR_009055,CUST_02991,Smartphone,5,13633,2026-03-22,Debit Card,Pune
MAR_009056,CUST_00646,Monitor,4,29374,2026-03-10,Credit Card,Mumbai
MAR_009057,CUST_01272,Smartwatch,1,23091,2026-03-10,Debit Card,Bangalore
MAR_009058,CUST_02075,Smartphone,4,2367,2026-03-21,Credit Card,Mumbai
MAR_009059,CUST_00373,Tablet,2,34540,2026-03-27,UPI,Mumbai
MAR_009060,CUST_04478,Mouse,3,14129,2026-03-18,Credit Card,Delhi
MAR_009061,CUST_04784,Keyboard,3,48954,2026-03-28,Credit Card,Pune
MAR_009062,CUST_02352,Mouse,2,41647,2026-03-04,Debit Card,Delhi
MAR_009063,CUST_00547,Laptop,1,9795,2026-03-19,Debit Card,Chennai
MAR_009064,CUST_04425,Monitor,4,34495,2026-03-03,UPI,Bangalore
MAR_009065,CUST_01471,Keyboard,3,2980,2026-03-09,Debit Card,Delhi
MAR_009066,CUST_04313,Tablet,1,24230,2026-03-29,Cash on Delivery,Delhi
MAR_009067,CUST_03131,Monitor,3,29506,2026-03-09,Debit Card,Pune
MAR_009068,CUST_01096,Headphones,5,5880,2026-03-19,Credit Card,Bangalore
MAR_009069,CUST_01147,Headphones,2,3312,2026-03-04,UPI,Delhi
MAR_009070,CUST_01101,Tablet,1,25676,2026-03-04,Cash on Delivery,Bangalore
MAR_009071,CUST_01266,Smartphone,2,9999,2026-03-08,Credit Card,Bangalore
MAR_009072,CUST_00528,Keyboard,4,4557,2026-03-30,UPI,Delhi
MAR_009073,CUST_00773,Mouse,4,7041,2026-03-29,Credit Card,Delhi
MAR_009074,CUST_04255,Laptop,3,11087,2026-03-18,UPI,Pune
MAR_009075,CUST_00880,Smartwatch,2,38971,2026-03-25,Cash on Delivery,Delhi
MAR_009076,CUST_01447,Smartphone,4,18394,2026-03-21,Cash on Delivery,Mumbai
MAR_009077,CUST_00914,Monitor,1,25468,2026-03-07,UPI,Bangalore
MAR_009078,CUST_00231,Laptop,3,11679,2026-03-05,UPI,Pune
MAR_009079,CUST_00718,Keyboard,1,4271,2026-03-25,Cash on Delivery,Bangalore
MAR_009080,CUST_04288,Tablet,1,43841,2026-03-23,Debit Card,Chennai
MAR_009081,CUST_03899,Monitor,4,439,2026-03-25,UPI,Bangalore
MAR_009082,CUST_01538,Laptop,5,29330,2026-03-23,Cash on Delivery,Mumbai
MAR_009083,CUST_00305,Keyboard,1,42940,2026-03-26,Cash on Delivery,Mumbai
MAR_009084,CUST_03033,Monitor,5,29434,2026-03-23,Debit Card,Hyderabad
MAR_009085,CUST_00836,Keyboard,1,29379,2026-03-19,UPI,Bangalore
MAR_009086,CUST_00740,Smartphone,5,44574,2026-03-25,Debit Card,Delhi
MAR_009087,CUST_03257,Mouse,3,23652,2026-03-02,Cash on Delivery,Mumbai
MAR_009088,CUST_00307,Tablet,2,44046,2026-03-24,Cash on Delivery,Pune
MAR_009089,CUST_04702,Laptop,3,41428,2026-03-22,Credit Card,Pune
MAR_009090,CUST_00013,Smartphone,5,8094,2026-03-30,Credit Card,Mumbai
MAR_009091,CUST_01766,Tablet,5,45937,2026-03-30,Credit Card,Bangalore
MAR_009092,CUST_00286,Headphones,4,31542,2026-03-25,Cash on Delivery,Mumbai
MAR_009093,CUST_04389,Headphones,2,42292,2026-03-06,UPI,Hyderabad
MAR_009094,CUST_04340,Smartwatch,4,18717,2026-03-06,UPI,Hyderabad
MAR_009095,CUST_04203,Laptop,4,38934,2026-03-02,Credit Card,Mumbai
MAR_009096,CUST_03702,Tablet,2,27685,2026-03-30,UPI,Bangalore
MAR_009097,CUST_00085,Keyboard,3,37464,2026-03-25,Cash on Delivery,Pune
MAR_009098,CUST_04885,Headphones,3,42989,2026-03-28,Debit Card,Hyderabad
MAR_009099,CUST_04537,Smartwatch,3,46809,2026-03-14,Debit Card,Delhi
MAR_009100,CUST_02953,Smartwatch,2,44271,2026-03-01,Cash on Delivery,Hyderabad
MAR_009101,CUST_01454,Tablet,2,21074,2026-03-17,Credit Card,Chennai
MAR_009102,CUST_03157,Mouse,4,40363,2026-03-06,Credit Card,Mumbai
MAR_009103,CUST_04947,Laptop,1,7777,2026-03-10,Debit Card,Delhi
MAR_009104,CUST_03094,Laptop,3,10228,2026-03-27,Credit Card,Bangalore
MAR_009105,CUST_00594,Monitor,4,33111,2026-03-21,Cash on Delivery,Delhi
MAR_009106,CUST_00878,Mouse,5,31761,2026-03-08,Cash on Delivery,Bangalore
MAR_009107,CUST_04309,Smartwatch,3,35740,2026-03-05,UPI,Delhi
MAR_009108,CUST_04341,Keyboard,5,5552,2026-03-20,Debit Card,Chennai
MAR_009109,CUST_01763,Smartwatch,3,46088,2026-03-18,UPI,Bangalore
MAR_009110,CUST_03358,Smartphone,5,6288,2026-03-17,Cash on Delivery,Delhi
MAR_009111,CUST_03277,Keyboard,4,43183,2026-03-26,UPI,Delhi
MAR_009112,CUST_01084,Tablet,1,6821,2026-03-23,Credit Card,Bangalore
MAR_009113,CUST_04095,Keyboard,3,49188,2026-03-11,Debit Card,Delhi
MAR_009114,CUST_00640,Keyboard,2,29111,2026-03-15,Debit Card,Chennai
MAR_009115,CUST_01977,Laptop,1,47584,2026-03-09,Credit Card,Chennai
MAR_009116,CUST_03103,Headphones,5,35195,2026-03-30,Debit Card,Bangalore
MAR_009117,CUST_04454,Smartwatch,2,1669,2026-03-30,Credit Card,Hyderabad
MAR_009118,CUST_01248,Smartwatch,3,27631,2026-03-31,Debit Card,Mumbai
MAR_009119,CUST_03775,Mouse,5,18466,2026-03-17,Debit Card,Hyderabad
MAR_009120,CUST_02620,Mouse,5,38660,2026-03-12,Debit Card,Chennai
MAR_009121,CUST_04043,Mouse,3,22652,2026-03-17,Credit Card,Hyderabad
MAR_009122,CUST_00887,Keyboard,5,10946,2026-03-03,UPI,Chennai
MAR_009123,CUST_01180,Laptop,2,39140,2026-03-14,Debit Card,Delhi
MAR_009124,CUST_00538,Smartwatch,3,47769,2026-03-13,UPI,Pune
MAR_009125,CUST_03709,Mouse,4,18675,2026-03-29,Credit Card,Delhi
MAR_009126,CUST_04371,Mouse,5,26357,2026-03-26,Cash on Delivery,Bangalore
MAR_009127,CUST_00772,Tablet,3,18959,2026-03-14,Credit Card,Pune
MAR_009128,CUST_03275,Keyboard,2,15475,2026-03-18,Cash on Delivery,Mumbai
MAR_009129,CUST_00606,Keyboard,5,21413,2026-03-09,Credit Card,Chennai
MAR_009130,CUST_02313,Monitor,2,22650,2026-03-29,Debit Card,Pune
MAR_009131,CUST_00262,Keyboard,4,20965,2026-03-30,Credit Card,Bangalore
MAR_009132,CUST_02684,Mouse,4,22158,2026-03-14,Debit Card,Delhi
MAR_009133,CUST_02445,Mouse,2,13649,2026-03-07,Debit Card,Bangalore
MAR_009134,CUST_01773,Mouse,1,34245,2026-03-20,Cash on Delivery,Delhi
MAR_009135,CUST_02828,Mouse,5,19390,2026-03-24,Debit Card,Pune
MAR_009136,CUST_04378,Keyboard,4,17114,2026-03-03,Debit Card,Mumbai
MAR_009137,CUST_03550,Keyboard,3,17101,2026-03-06,Cash on Delivery,Mumbai
MAR_009138,CUST_04564,Smartwatch,4,41724,2026-03-07,Cash on Delivery,Bangalore
MAR_009139,CUST_02445,Tablet,5,19019,2026-03-20,UPI,Hyderabad
MAR_009140,CUST_04208,Headphones,2,30078,2026-03-21,Credit Card,Hyderabad
MAR_009141,CUST_03976,Mouse,1,46078,2026-03-26,Debit Card,Mumbai
MAR_009142,CUST_00295,Smartwatch,4,25380,2026-03-02,Credit Card,Pune
MAR_009143,CUST_03320,Smartphone,1,7559,2026-03-15,Debit Card,Hyderabad
MAR_009144,CUST_03400,Laptop,2,10727,2026-03-13,Debit Card,Pune
MAR_009145,CUST_02041,Mouse,4,47163,2026-03-31,Debit Card,Chennai
MAR_009146,CUST_04295,Laptop,5,40932,2026-03-12,UPI,Bangalore
MAR_009147,CUST_04627,Tablet,3,21660,2026-03-05,UPI,Chennai
MAR_009148,CUST_01643,Tablet,3,41292,2026-03-11,Cash on Delivery,Hyderabad
MAR_009149,CUST_02090,Smartwatch,1,11007,2026-03-27,Cash on Delivery,Delhi
MAR_009150,CUST_02162,Headphones,3,9127,2026-03-12,UPI,Chennai
MAR_009151,CUST_02297,Mouse,5,12901,2026-03-28,UPI,Mumbai
MAR_009152,CUST_04070,Mouse,2,30368,2026-03-31,Debit Card,Pune
MAR_009153,CUST_02529,Mouse,4,44847,2026-03-03,Debit Card,Hyderabad
MAR_009154,CUST_00528,Laptop,3,21750,2026-03-24,UPI,Mumbai
MAR_009155,CUST_01992,Mouse,1,23742,2026-03-19,UPI,Chennai
MAR_009156,CUST_00678,Laptop,5,49760,2026-03-05,UPI,Pune
MAR_009157,CUST_01266,Keyboard,3,34637,2026-03-11,Cash on Delivery,Hyderabad
MAR_009158,CUST_02058,Monitor,2,33107,2026-03-10,Cash on Delivery,Delhi
MAR_009159,CUST_01072,Smartwatch,3,17987,2026-03-04,Cash on Delivery,Delhi
MAR_009160,CUST_01430,Headphones,1,15535,2026-03-05,UPI,Mumbai
MAR_009161,CUST_00060,Tablet,5,31321,2026-03-20,Credit Card,Delhi
MAR_009162,CUST_04394,Monitor,4,14992,2026-03-31,Cash on Delivery,Bangalore
MAR_009163,CUST_04034,Tablet,4,14356,2026-03-14,UPI,Delhi
MAR_009164,CUST_00899,Mouse,4,16103,2026-03-11,UPI,Pune
MAR_009165,CUST_04365,Smartphone,3,21376,2026-03-02,Cash on Delivery,Delhi
MAR_009166,CUST_03271,Smartwatch,4,46379,2026-03-29,UPI,Mumbai
MAR_009167,CUST_00938,Headphones,3,25466,2026-03-04,Cash on Delivery,Hyderabad
MAR_009168,CUST_03086,Smartphone,2,11469,2026-03-03,UPI,Delhi
MAR_009169,CUST_03465,Keyboard,3,28423,2026-03-26,UPI,Chennai
MAR_009170,CUST_03074,Mouse,1,47902,2026-03-31,Cash on Delivery,Mumbai
MAR_009171,CUST_00326,Keyboard,2,42458,2026-03-13,Cash on Delivery,Chennai
MAR_009172,CUST_00476,Monitor,1,19455,2026-03-01,Credit Card,Pune
MAR_009173,CUST_01328,Keyboard,2,38976,2026-03-09,Credit Card,Pune
MAR_009174,CUST_01930,Mouse,1,37515,2026-03-11,UPI,Bangalore
MAR_009175,CUST_04339,Tablet,3,16632,2026-03-01,Credit Card,Hyderabad
MAR_009176,CUST_02182,Mouse,5,22952,2026-03-12,Credit Card,Delhi
MAR_009177,CUST_01339,Monitor,3,32134,2026-03-30,Debit Card,Mumbai
MAR_009178,CUST_03630,Smartphone,3,45483,2026-03-31,UPI,Delhi
MAR_009179,CUST_00215,Tablet,5,26878,2026-03-29,Debit Card,Hyderabad
MAR_009180,CUST_02456,Smartwatch,1,22716,2026-03-22,UPI,Delhi
MAR_009181,CUST_01109,Smartwatch,2,6836,2026-03-28,UPI,Mumbai
MAR_009182,CUST_04787,Laptop,1,22148,2026-03-05,UPI,Mumbai
MAR_009183,CUST_03627,Headphones,4,23999,2026-03-11,Debit Card,Chennai
MAR_009184,CUST_04145,Monitor,4,15789,2026-03-13,Cash on Delivery,Bangalore
MAR_009185,CUST_00637,Laptop,5,6901,2026-03-09,Cash on Delivery,Chennai
MAR_009186,CUST_03125,Tablet,4,6885,2026-03-20,Credit Card,Chennai
MAR_009187,CUST_00780,Smartphone,2,23373,2026-03-03,Cash on Delivery,Chennai
MAR_009188,CUST_04563,Smartwatch,5,46769,2026-03-18,Cash on Delivery,Chennai
MAR_009189,CUST_03621,Monitor,4,49982,2026-03-12,Credit Card,Chennai
MAR_009190,CUST_04676,Tablet,4,3497,2026-03-19,UPI,Delhi
MAR_009191,CUST_02425,Smartphone,4,11509,2026-03-26,Cash on Delivery,Hyderabad
MAR_009192,CUST_00799,Mouse,1,2353,2026-03-17,Credit Card,Bangalore
MAR_009193,CUST_01754,Headphones,1,47064,2026-03-18,Cash on Delivery,Delhi
MAR_009194,CUST_00045,Smartwatch,4,225,2026-03-26,Debit Card,Bangalore
MAR_009195,CUST_00874,Keyboard,2,20354,2026-03-20,Credit Card,Pune
MAR_009196,CUST_03751,Keyboard,3,49017,2026-03-08,Cash on Delivery,Delhi
MAR_009197,CUST_02664,Tablet,2,47806,2026-03-26,UPI,Pune
MAR_009198,CUST_02314,Laptop,4,12408,2026-03-24,Credit Card,Pune
MAR_009199,CUST_00548,Tablet,4,24117,2026-03-09,Cash on Delivery,Chennai
MAR_009200,CUST_03407,Laptop,5,4256,2026-03-19,UPI,Mumbai
MAR_009201,CUST_02630,Smartphone,4,30295,2026-03-26,Credit Card,Chennai
MAR_009202,CUST_03712,Monitor,1,8716,2026-03-06,Debit Card,Mumbai
MAR_009203,CUST_03129,Laptop,4,28370,2026-03-04,Cash on Delivery,Hyderabad
MAR_009204,CUST_00340,Laptop,4,46946,2026-03-19,Credit Card,Bangalore
MAR_009205,CUST_01057,Smartphone,2,43850,2026-03-04,UPI,Chennai
MAR_009206,CUST_00158,Smartwatch,2,8452,2026-03-29,Cash on Delivery,Hyderabad
MAR_009207,CUST_01412,Laptop,1,45615,2026-03-29,Cash on Delivery,Mumbai
MAR_009208,CUST_04786,Laptop,3,2373,2026-03-12,Credit Card,Delhi
MAR_009209,CUST_02947,Smartwatch,5,11291,2026-03-02,UPI,Bangalore
MAR_009210,CUST_00483,Smartwatch,4,49253,2026-03-04,Debit Card,Delhi
MAR_009211,CUST_02683,Monitor,2,21561,2026-03-11,Debit Card,Bangalore
MAR_009212,CUST_03143,Keyboard,3,35024,2026-03-23,Debit Card,Delhi
MAR_009213,CUST_03238,Monitor,5,7435,2026-03-05,Credit Card,Hyderabad
MAR_009214,CUST_03487,Monitor,2,8971,2026-03-18,Debit Card,Hyderabad
MAR_009215,CUST_03198,Laptop,3,28423,2026-03-05,Cash on Delivery,Chennai
MAR_009216,CUST_01304,Mouse,1,201,2026-03-23,Credit Card,Delhi
MAR_009217,CUST_00617,Laptop,2,4848,2026-03-27,Cash on Delivery,Mumbai
MAR_009218,CUST_04958,Headphones,4,6557,2026-03-09,Debit Card,Delhi
MAR_009219,CUST_02440,Smartphone,1,33480,2026-03-12,Debit Card,Bangalore
MAR_009220,CUST_03528,Keyboard,4,4203,2026-03-12,Debit Card,Pune
MAR_009221,CUST_02766,Tablet,5,4019,2026-03-05,Debit Card,Hyderabad
MAR_009222,CUST_03528,Keyboard,1,19912,2026-03-15,Debit Card,Delhi
MAR_009223,CUST_00650,Mouse,3,36539,2026-03-09,Cash on Delivery,Hyderabad
MAR_009224,CUST_02542,Tablet,5,46133,2026-03-26,Debit Card,Delhi
MAR_009225,CUST_04099,Tablet,3,32403,2026-03-27,Credit Card,Bangalore
MAR_009226,CUST_03686,Monitor,2,290,2026-03-05,Cash on Delivery,Hyderabad
MAR_009227,CUST_02247,Laptop,3,387,2026-03-26,UPI,Mumbai
MAR_009228,CUST_01947,Tablet,3,29567,2026-03-09,Debit Card,Hyderabad
MAR_009229,CUST_03138,Smartphone,1,5041,2026-03-20,Debit Card,Mumbai
MAR_009230,CUST_00520,Mouse,4,46126,2026-03-06,UPI,Hyderabad
MAR_009231,CUST_00288,Monitor,4,12921,2026-03-06,Debit Card,Chennai
MAR_009232,CUST_00515,Tablet,2,3003,2026-03-31,Credit Card,Bangalore
MAR_009233,CUST_02150,Smartwatch,2,17704,2026-03-22,Debit Card,Chennai
MAR_009234,CUST_04460,Smartwatch,5,27212,2026-03-23,UPI,Chennai
MAR_009235,CUST_01130,Laptop,5,39644,2026-03-28,Cash on Delivery,Hyderabad
MAR_009236,CUST_02553,Keyboard,1,49909,2026-03-24,Cash on Delivery,Bangalore
MAR_009237,CUST_04104,Smartphone,4,43155,2026-03-17,UPI,Bangalore
MAR_009238,CUST_01972,Smartwatch,2,47636,2026-03-16,Cash on Delivery,Chennai
MAR_009239,CUST_03615,Mouse,1,20120,2026-03-31,UPI,Delhi
MAR_009240,CUST_04793,Laptop,3,20653,2026-03-01,Debit Card,Mumbai
MAR_009241,CUST_04575,Laptop,4,1076,2026-03-05,Debit Card,Mumbai
MAR_009242,CUST_02384,Laptop,1,19201,2026-03-15,UPI,Bangalore
MAR_009243,CUST_03905,Laptop,3,5926,2026-03-08,Credit Card,Chennai
MAR_009244,CUST_00221,Headphones,2,21851,2026-03-02,Debit Card,Chennai
MAR_009245,CUST_01497,Monitor,4,26669,2026-03-07,Cash on Delivery,Mumbai
MAR_009246,CUST_04175,Keyboard,3,41709,2026-03-18,Debit Card,Bangalore
MAR_009247,CUST_03549,Keyboard,1,18785,2026-03-03,UPI,Hyderabad
MAR_009248,CUST_00875,Smartwatch,4,22633,2026-03-25,Cash on Delivery,Pune
MAR_009249,CUST_04783,Laptop,3,29645,2026-03-20,Debit Card,Chennai
MAR_009250,CUST_03348,Keyboard,4,47073,2026-03-08,Cash on Delivery,Pune
MAR_009251,CUST_01671,Mouse,1,11919,2026-03-14,Debit Card,Delhi
MAR_009252,CUST_04359,Keyboard,3,3687,2026-03-02,Cash on Delivery,Hyderabad
MAR_009253,CUST_02003,Mouse,1,36845,2026-03-07,Debit Card,Mumbai
MAR_009254,CUST_03908,Monitor,4,4613,2026-03-17,UPI,Mumbai
MAR_009255,CUST_02117,Tablet,3,47643,2026-03-01,UPI,Hyderabad
MAR_009256,CUST_03043,Laptop,3,37955,2026-03-11,UPI,Bangalore
MAR_009257,CUST_03873,Laptop,1,18633,2026-03-20,UPI,Delhi
MAR_009258,CUST_04776,Tablet,3,40695,2026-03-01,Credit Card,Bangalore
MAR_009259,CUST_02768,Smartphone,4,11245,2026-03-28,Debit Card,Mumbai
MAR_009260,CUST_03461,Tablet,3,4898,2026-03-14,Cash on Delivery,Mumbai
MAR_009261,CUST_00601,Smartphone,5,34954,2026-03-25,Credit Card,Chennai
MAR_009262,CUST_00214,Smartwatch,5,48052,2026-03-08,Credit Card,Delhi
MAR_009263,CUST_02160,Laptop,2,30390,2026-03-31,Cash on Delivery,Delhi
MAR_009264,CUST_04753,Smartwatch,1,2860,2026-03-25,Debit Card,Bangalore
MAR_009265,CUST_01605,Laptop,2,1926,2026-03-17,Debit Card,Mumbai
MAR_009266,CUST_01867,Tablet,1,10475,2026-03-30,Cash on Delivery,Delhi
MAR_009267,CUST_02712,Monitor,1,48937,2026-03-21,Cash on Delivery,Hyderabad
MAR_009268,CUST_04180,Laptop,5,10203,2026-03-17,Cash on Delivery,Delhi
MAR_009269,CUST_01860,Mouse,5,9017,2026-03-01,UPI,Chennai
MAR_009270,CUST_00299,Laptop,1,15356,2026-03-24,Debit Card,Hyderabad
MAR_009271,CUST_01321,Keyboard,5,42217,2026-03-15,UPI,Bangalore
MAR_009272,CUST_03430,Mouse,2,1446,2026-03-23,UPI,Chennai
MAR_009273,CUST_01452,Headphones,1,23360,2026-03-21,Credit Card,Chennai
MAR_009274,CUST_01902,Monitor,2,6488,2026-03-29,Debit Card,Delhi
MAR_009275,CUST_04920,Mouse,4,994,2026-03-29,Cash on Delivery,Hyderabad
MAR_009276,CUST_00561,Monitor,3,26127,2026-03-16,UPI,Delhi
MAR_009277,CUST_00799,Laptop,2,18521,2026-03-09,Cash on Delivery,Delhi
MAR_009278,CUST_00092,Laptop,2,3982,2026-03-17,Cash on Delivery,Delhi
MAR_009279,CUST_00591,Headphones,5,18511,2026-03-16,Credit Card,Chennai
MAR_009280,CUST_00977,Tablet,4,12533,2026-03-31,Credit Card,Delhi
MAR_009281,CUST_03140,Keyboard,5,48321,2026-03-08,Debit Card,Delhi
MAR_009282,CUST_00573,Laptop,4,3704,2026-03-19,Debit Card,Bangalore
MAR_009283,CUST_04173,Headphones,3,47746,2026-03-19,Debit Card,Pune
MAR_009284,CUST_02098,Laptop,3,12148,2026-03-13,Debit Card,Bangalore
MAR_009285,CUST_04187,Mouse,1,6748,2026-03-24,Cash on Delivery,Pune
MAR_009286,CUST_02434,Laptop,4,41943,2026-03-27,Credit Card,Delhi
MAR_009287,CUST_03819,Tablet,1,538,2026-03-17,UPI,Mumbai
MAR_009288,CUST_00802,Keyboard,2,8205,2026-03-10,Debit Card,Chennai
MAR_009289,CUST_02340,Keyboard,5,9372,2026-03-05,Cash on Delivery,Hyderabad
MAR_009290,CUST_00440,Tablet,1,31358,2026-03-12,Cash on Delivery,Hyderabad
MAR_009291,CUST_03139,Monitor,1,22102,2026-03-27,UPI,Chennai
MAR_009292,CUST_02775,Smartwatch,1,2052,2026-03-20,Debit Card,Bangalore
MAR_009293,CUST_01768,Mouse,1,3585,2026-03-28,Cash on Delivery,Bangalore
MAR_009294,CUST_02435,Keyboard,4,27566,2026-03-10,Cash on Delivery,Chennai
MAR_009295,CUST_00026,Laptop,4,6900,2026-03-15,Cash on Delivery,Mumbai
MAR_009296,CUST_01994,Keyboard,5,45415,2026-03-19,Debit Card,Bangalore
MAR_009297,CUST_02950,Laptop,2,45341,2026-03-04,Debit Card,Mumbai
MAR_009298,CUST_04518,Smartwatch,2,12447,2026-03-17,Cash on Delivery,Hyderabad
MAR_009299,CUST_02954,Smartwatch,3,28441,2026-03-18,Cash on Delivery,Bangalore
MAR_009300,CUST_02823,Mouse,5,1202,2026-03-08,Credit Card,Pune
MAR_009301,CUST_00339,Mouse,1,28020,2026-03-18,Credit Card,Bangalore
MAR_009302,CUST_02364,Tablet,3,23035,2026-03-25,Debit Card,Pune
MAR_009303,CUST_01227,Headphones,4,44784,2026-03-27,UPI,Delhi
MAR_009304,CUST_04025,Smartphone,4,47548,2026-03-30,Cash on Delivery,Hyderabad
MAR_009305,CUST_01283,Mouse,5,25587,2026-03-09,Debit Card,Mumbai
MAR_009306,CUST_02301,Tablet,4,21627,2026-03-07,UPI,Pune
MAR_009307,CUST_00854,Smartwatch,1,28596,2026-03-12,Credit Card,Hyderabad
MAR_009308,CUST_01943,Monitor,1,10124,2026-03-01,Debit Card,Hyderabad
MAR_009309,CUST_00205,Smartwatch,5,48946,2026-03-06,Cash on Delivery,Bangalore
MAR_009310,CUST_03611,Laptop,4,3616,2026-03-08,UPI,Chennai
MAR_009311,CUST_03080,Monitor,1,20279,2026-03-10,UPI,Pune
MAR_009312,CUST_02404,Mouse,3,26369,2026-03-06,UPI,Hyderabad
MAR_009313,CUST_04388,Laptop,3,31573,2026-03-06,Credit Card,Bangalore
MAR_009314,CUST_00419,Keyboard,3,16235,2026-03-02,Credit Card,Delhi
MAR_009315,CUST_00320,Laptop,5,1464,2026-03-04,Debit Card,Bangalore
MAR_009316,CUST_03779,Keyboard,4,10495,2026-03-05,Credit Card,Hyderabad
MAR_009317,CUST_01100,Monitor,5,8484,2026-03-12,Debit Card,Hyderabad
MAR_009318,CUST_04320,Mouse,4,47871,2026-03-01,Cash on Delivery,Delhi
MAR_009319,CUST_04712,Smartphone,3,33267,2026-03-19,Debit Card,Bangalore
MAR_009320,CUST_04341,Monitor,2,11512,2026-03-08,Debit Card,Chennai
MAR_009321,CUST_02254,Smartphone,5,46980,2026-03-01,UPI,Bangalore
MAR_009322,CUST_00535,Tablet,4,40620,2026-03-27,Debit Card,Hyderabad
MAR_009323,CUST_03622,Tablet,5,35473,2026-03-27,Credit Card,Hyderabad
MAR_009324,CUST_04616,Mouse,3,37142,2026-03-29,Debit Card,Pune
MAR_009325,CUST_00613,Mouse,3,17264,2026-03-24,Credit Card,Bangalore
MAR_009326,CUST_03911,Mouse,2,5273,2026-03-03,Cash on Delivery,Chennai
MAR_009327,CUST_04751,Tablet,5,4573,2026-03-04,Debit Card,Delhi
MAR_009328,CUST_00825,Laptop,3,27525,2026-03-21,Credit Card,Delhi
MAR_009329,CUST_04674,Headphones,3,43850,2026-03-28,UPI,Hyderabad
MAR_009330,CUST_04615,Laptop,5,8051,2026-03-18,Cash on Delivery,Delhi
MAR_009331,CUST_04488,Headphones,1,1277,2026-03-22,UPI,Pune
MAR_009332,CUST_04070,Monitor,4,15261,2026-03-05,Cash on Delivery,Chennai
MAR_009333,CUST_00819,Tablet,3,6869,2026-03-15,Debit Card,Pune
MAR_009334,CUST_00609,Monitor,4,38877,2026-03-15,Cash on Delivery,Chennai
MAR_009335,CUST_04747,Monitor,4,37158,2026-03-20,Cash on Delivery,Delhi
MAR_009336,CUST_04069,Laptop,1,49133,2026-03-02,Debit Card,Delhi
MAR_009337,CUST_00074,Monitor,3,39694,2026-03-18,UPI,Pune
MAR_009338,CUST_03841,Headphones,5,11791,2026-03-11,Cash on Delivery,Bangalore
MAR_009339,CUST_00145,Laptop,4,24730,2026-03-08,Cash on Delivery,Mumbai
MAR_009340,CUST_03137,Keyboard,2,11347,2026-03-03,UPI,Chennai
MAR_009341,CUST_02585,Monitor,5,29899,2026-03-29,Debit Card,Hyderabad
MAR_009342,CUST_03614,Keyboard,5,32216,2026-03-10,UPI,Hyderabad
MAR_009343,CUST_04187,Headphones,4,4730,2026-03-28,Credit Card,Bangalore
MAR_009344,CUST_03887,Smartphone,1,22221,2026-03-31,Debit Card,Hyderabad
MAR_009345,CUST_00604,Smartphone,5,3836,2026-03-02,Cash on Delivery,Mumbai
MAR_009346,CUST_04816,Laptop,3,4410,2026-03-30,Debit Card,Delhi
MAR_009347,CUST_01422,Keyboard,1,32905,2026-03-15,Credit Card,Hyderabad
MAR_009348,CUST_03569,Smartwatch,1,5960,2026-03-21,Cash on Delivery,Mumbai
MAR_009349,CUST_04646,Laptop,4,33556,2026-03-15,Credit Card,Pune
MAR_009350,CUST_00242,Headphones,4,7270,2026-03-25,Debit Card,Bangalore
MAR_009351,CUST_02362,Tablet,3,2777,2026-03-24,Cash on Delivery,Delhi
MAR_009352,CUST_04774,Headphones,4,24206,2026-03-02,UPI,Bangalore
MAR_009353,CUST_00190,Monitor,1,40093,2026-03-04,UPI,Chennai
MAR_009354,CUST_02888,Tablet,1,6554,2026-03-24,UPI,Chennai
MAR_009355,CUST_00873,Smartwatch,3,9249,2026-03-27,Credit Card,Bangalore
MAR_009356,CUST_03857,Smartwatch,5,18236,2026-03-13,Debit Card,Chennai
MAR_009357,CUST_04337,Mouse,1,36700,2026-03-01,Cash on Delivery,Mumbai
MAR_009358,CUST_00753,Smartphone,5,16141,2026-03-17,UPI,Pune
MAR_009359,CUST_00389,Smartwatch,5,34219,2026-03-20,Credit Card,Hyderabad
MAR_009360,CUST_02411,Smartwatch,1,21795,2026-03-27,Debit Card,Mumbai
MAR_009361,CUST_04372,Smartphone,2,5697,2026-03-11,Debit Card,Mumbai
MAR_009362,CUST_03124,Tablet,5,34726,2026-03-20,Cash on Delivery,Hyderabad
MAR_009363,CUST_03891,Smartwatch,3,11729,2026-03-02,Cash on Delivery,Mumbai
MAR_009364,CUST_02768,Headphones,1,2139,2026-03-22,Debit Card,Bangalore
MAR_009365,CUST_04279,Keyboard,3,21466,2026-03-27,Credit Card,Delhi
MAR_009366,CUST_02833,Tablet,4,11826,2026-03-28,Cash on Delivery,Chennai
MAR_009367,CUST_01138,Mouse,2,32857,2026-03-09,Cash on Delivery,Mumbai
MAR_009368,CUST_00563,Smartwatch,3,35061,2026-03-30,Credit Card,Chennai
MAR_009369,CUST_02035,Laptop,5,22455,2026-03-25,Cash on Delivery,Bangalore
MAR_009370,CUST_02842,Headphones,5,11145,2026-03-12,Cash on Delivery,Pune
MAR_009371,CUST_00767,Keyboard,1,33953,2026-03-24,Credit Card,Hyderabad
MAR_009372,CUST_04794,Tablet,2,13832,2026-03-08,Credit Card,Bangalore
MAR_009373,CUST_01179,Laptop,3,14881,2026-03-13,Debit Card,Bangalore
MAR_009374,CUST_03628,Smartphone,5,1971,2026-03-13,Credit Card,Mumbai
MAR_009375,CUST_01249,Headphones,5,9516,2026-03-15,UPI,Pune
MAR_009376,CUST_03113,Tablet,4,22324,2026-03-04,Cash on Delivery,Bangalore
MAR_009377,CUST_00614,Tablet,2,39296,2026-03-10,Credit Card,Chennai
MAR_009378,CUST_00479,Smartwatch,1,40578,2026-03-28,UPI,Bangalore
MAR_009379,CUST_03939,Headphones,3,10570,2026-03-15,UPI,Bangalore
MAR_009380,CUST_03555,Laptop,3,38344,2026-03-30,Cash on Delivery,Chennai
MAR_009381,CUST_02715,Keyboard,2,46317,2026-03-16,Credit Card,Pune
MAR_009382,CUST_02730,Headphones,1,12946,2026-03-19,Cash on Delivery,Pune
MAR_009383,CUST_02145,Headphones,4,27955,2026-03-13,UPI,Chennai
MAR_009384,CUST_01409,Laptop,2,44984,2026-03-31,Debit Card,Delhi
MAR_009385,CUST_02984,Smartphone,5,7452,2026-03-31,Cash on Delivery,Delhi
MAR_009386,CUST_04141,Mouse,5,37600,2026-03-09,UPI,Bangalore
MAR_009387,CUST_03795,Keyboard,1,7272,2026-03-31,UPI,Chennai
MAR_009388,CUST_00582,Smartwatch,1,4338,2026-03-05,Cash on Delivery,Mumbai
MAR_009389,CUST_00071,Keyboard,3,23408,2026-03-30,Cash on Delivery,Mumbai
MAR_009390,CUST_03118,Headphones,5,34750,2026-03-31,Debit Card,Chennai
MAR_009391,CUST_03134,Smartwatch,3,22343,2026-03-21,Credit Card,Bangalore
MAR_009392,CUST_01052,Monitor,2,33658,2026-03-15,UPI,Mumbai
MAR_009393,CUST_00046,Monitor,3,38965,2026-03-27,UPI,Pune
MAR_009394,CUST_00994,Monitor,5,37206,2026-03-02,Cash on Delivery,Chennai
MAR_009395,CUST_01464,Mouse,2,6636,2026-03-05,Cash on Delivery,Mumbai
MAR_009396,CUST_04282,Tablet,1,6693,2026-03-22,Debit Card,Delhi
MAR_009397,CUST_00011,Mouse,4,23462,2026-03-18,Credit Card,Bangalore
MAR_009398,CUST_01614,Keyboard,2,5594,2026-03-19,UPI,Bangalore
MAR_009399,CUST_00312,Tablet,3,32377,2026-03-31,Debit Card,Hyderabad
MAR_009400,CUST_03945,Laptop,3,8453,2026-03-28,Debit Card,Chennai
MAR_009401,CUST_03100,Headphones,5,30720,2026-03-06,UPI,Hyderabad
MAR_009402,CUST_01956,Keyboard,2,35520,2026-03-13,UPI,Hyderabad
MAR_009403,CUST_02644,Keyboard,2,11210,2026-03-01,Debit Card,Mumbai
MAR_009404,CUST_02882,Laptop,4,30004,2026-03-03,Debit Card,Mumbai
MAR_009405,CUST_03695,Mouse,3,36684,2026-03-29,Debit Card,Delhi
MAR_009406,CUST_02454,Laptop,4,29318,2026-03-07,UPI,Bangalore
MAR_009407,CUST_02798,Laptop,1,28088,2026-03-29,Debit Card,Hyderabad
MAR_009408,CUST_02360,Smartwatch,4,9298,2026-03-19,Debit Card,Chennai
MAR_009409,CUST_02569,Smartphone,5,7246,2026-03-01,Credit Card,Mumbai
MAR_009410,CUST_02151,Smartwatch,3,10935,2026-03-14,Debit Card,Pune
MAR_009411,CUST_04295,Tablet,1,20601,2026-03-28,UPI,Hyderabad
MAR_009412,CUST_03837,Headphones,3,10075,2026-03-04,UPI,Chennai
MAR_009413,CUST_01746,Headphones,4,29256,2026-03-02,Credit Card,Delhi
MAR_009414,CUST_03858,Laptop,4,17502,2026-03-21,UPI,Bangalore
MAR_009415,CUST_01316,Smartwatch,2,49162,2026-03-03,Debit Card,Delhi
MAR_009416,CUST_01136,Mouse,2,18964,2026-03-21,Credit Card,Pune
MAR_009417,CUST_04970,Keyboard,5,32690,2026-03-11,Cash on Delivery,Bangalore
MAR_009418,CUST_04283,Laptop,5,15520,2026-03-17,Credit Card,Bangalore
MAR_009419,CUST_03610,Laptop,5,45531,2026-03-01,Cash on Delivery,Mumbai
MAR_009420,CUST_00376,Monitor,5,2233,2026-03-07,UPI,Delhi
MAR_009421,CUST_04001,Keyboard,4,2770,2026-03-07,Cash on Delivery,Delhi
MAR_009422,CUST_02514,Smartphone,4,10130,2026-03-07,Debit Card,Pune
MAR_009423,CUST_02160,Smartphone,2,32119,2026-03-15,Cash on Delivery,Delhi
MAR_009424,CUST_04416,Laptop,3,36245,2026-03-09,Debit Card,Bangalore
MAR_009425,CUST_01657,Keyboard,1,19036,2026-03-21,UPI,Bangalore
MAR_009426,CUST_01437,Mouse,1,3631,2026-03-16,Credit Card,Bangalore
MAR_009427,CUST_04161,Monitor,3,23576,2026-03-03,Debit Card,Hyderabad
MAR_009428,CUST_00171,Monitor,2,36243,2026-03-30,UPI,Delhi
MAR_009429,CUST_01470,Mouse,4,43972,2026-03-16,UPI,Mumbai
MAR_009430,CUST_03495,Monitor,2,20835,2026-03-22,Debit Card,Pune
MAR_009431,CUST_00824,Smartphone,5,37536,2026-03-18,Credit Card,Hyderabad
MAR_009432,CUST_01229,Headphones,2,7163,2026-03-18,Credit Card,Hyderabad
MAR_009433,CUST_03217,Keyboard,2,14238,2026-03-05,Cash on Delivery,Bangalore
MAR_009434,CUST_02962,Mouse,1,20288,2026-03-09,UPI,Hyderabad
MAR_009435,CUST_03884,Laptop,5,20188,2026-03-07,Cash on Delivery,Pune
MAR_009436,CUST_02520,Laptop,5,42569,2026-03-10,Credit Card,Mumbai
MAR_009437,CUST_01176,Monitor,1,13080,2026-03-24,Debit Card,Mumbai
MAR_009438,CUST_01796,Laptop,4,27451,2026-03-31,Cash on Delivery,Chennai
MAR_009439,CUST_01654,Smartphone,1,36509,2026-03-30,Credit Card,Chennai
MAR_009440,CUST_03246,Mouse,1,49558,2026-03-17,Credit Card,Chennai
MAR_009441,CUST_02289,Keyboard,5,48087,2026-03-02,Credit Card,Mumbai
MAR_009442,CUST_01440,Monitor,1,22400,2026-03-11,Cash on Delivery,Delhi
MAR_009443,CUST_02630,Laptop,1,1062,2026-03-10,Debit Card,Pune
MAR_009444,CUST_00054,Smartphone,3,10705,2026-03-06,Debit Card,Hyderabad
MAR_009445,CUST_04470,Tablet,5,35046,2026-03-18,Cash on Delivery,Mumbai
MAR_009446,CUST_03273,Tablet,4,18613,2026-03-01,Credit Card,Bangalore
MAR_009447,CUST_04718,Headphones,4,33726,2026-03-15,Credit Card,Delhi
MAR_009448,CUST_00043,Tablet,3,39439,2026-03-25,UPI,Chennai
MAR_009449,CUST_03936,Tablet,3,21142,2026-03-06,Cash on Delivery,Mumbai
MAR_009450,CUST_00062,Smartphone,1,12057,2026-03-15,UPI,Chennai
MAR_009451,CUST_00593,Tablet,4,23231,2026-03-14,Debit Card,Hyderabad
MAR_009452,CUST_03762,Monitor,1,28947,2026-03-24,Credit Card,Bangalore
MAR_009453,CUST_00742,Laptop,2,47561,2026-03-08,UPI,Hyderabad
MAR_009454,CUST_00716,Mouse,4,32361,2026-03-24,Debit Card,Mumbai
MAR_009455,CUST_01878,Laptop,4,12969,2026-03-28,Debit Card,Delhi
MAR_009456,CUST_04784,Mouse,4,29467,2026-03-25,Cash on Delivery,Bangalore
MAR_009457,CUST_01557,Tablet,2,26520,2026-03-28,UPI,Delhi
MAR_009458,CUST_04793,Smartwatch,4,15057,2026-03-11,UPI,Chennai
MAR_009459,CUST_02171,Laptop,1,728,2026-03-09,UPI,Hyderabad
MAR_009460,CUST_01950,Monitor,3,23073,2026-03-27,Credit Card,Delhi
MAR_009461,CUST_03788,Mouse,1,16444,2026-03-30,Credit Card,Hyderabad
MAR_009462,CUST_01896,Keyboard,2,29732,2026-03-08,UPI,Chennai
MAR_009463,CUST_01772,Mouse,1,12339,2026-03-17,UPI,Mumbai
MAR_009464,CUST_00126,Tablet,3,22346,2026-03-22,Cash on Delivery,Delhi
MAR_009465,CUST_02214,Keyboard,4,20304,2026-03-24,Cash on Delivery,Hyderabad
MAR_009466,CUST_04197,Keyboard,3,30637,2026-03-03,Credit Card,Mumbai
MAR_009467,CUST_04760,Keyboard,1,27837,2026-03-01,Cash on Delivery,Bangalore
MAR_009468,CUST_00665,Smartwatch,1,31975,2026-03-22,Debit Card,Delhi
MAR_009469,CUST_04655,Laptop,2,16270,2026-03-21,Credit Card,Pune
MAR_009470,CUST_00987,Smartwatch,1,11716,2026-03-08,UPI,Pune
MAR_009471,CUST_04547,Laptop,2,13956,2026-03-08,Debit Card,Bangalore
MAR_009472,CUST_02977,Tablet,5,47968,2026-03-20,Cash on Delivery,Mumbai
MAR_009473,CUST_04621,Tablet,1,6098,2026-03-01,UPI,Delhi
MAR_009474,CUST_04614,Smartphone,4,13074,2026-03-01,Debit Card,Pune
MAR_009475,CUST_01887,Headphones,4,31671,2026-03-02,Cash on Delivery,Bangalore
MAR_009476,CUST_04065,Mouse,4,39792,2026-03-25,Cash on Delivery,Delhi
MAR_009477,CUST_02939,Headphones,2,1515,2026-03-11,UPI,Delhi
MAR_009478,CUST_02493,Laptop,5,15497,2026-03-23,Debit Card,Bangalore
MAR_009479,CUST_03109,Tablet,2,30975,2026-03-29,Credit Card,Pune
MAR_009480,CUST_00131,Smartphone,4,1012,2026-03-12,Debit Card,Bangalore
MAR_009481,CUST_04816,Keyboard,1,651,2026-03-18,Debit Card,Pune
MAR_009482,CUST_03448,Monitor,2,12863,2026-03-30,Cash on Delivery,Chennai
MAR_009483,CUST_00644,Smartwatch,2,25203,2026-03-30,Debit Card,Hyderabad
MAR_009484,CUST_01248,Smartwatch,5,31400,2026-03-24,Credit Card,Mumbai
MAR_009485,CUST_02625,Monitor,5,23604,2026-03-01,Debit Card,Pune
MAR_009486,CUST_04989,Laptop,2,1768,2026-03-04,Debit Card,Pune
MAR_009487,CUST_02669,Headphones,1,28933,2026-03-29,UPI,Bangalore
MAR_009488,CUST_04264,Tablet,5,7819,2026-03-24,Debit Card,Pune
MAR_009489,CUST_01927,Monitor,5,42745,2026-03-11,Cash on Delivery,Delhi
MAR_009490,CUST_04205,Smartwatch,2,46440,2026-03-06,Cash on Delivery,Hyderabad
MAR_009491,CUST_04207,Laptop,4,49792,2026-03-25,Credit Card,Bangalore
MAR_009492,CUST_02351,Tablet,5,47586,2026-03-04,Debit Card,Delhi
MAR_009493,CUST_03728,Mouse,5,47234,2026-03-11,Cash on Delivery,Pune
MAR_009494,CUST_04410,Laptop,2,11107,2026-03-12,Debit Card,Pune
MAR_009495,CUST_04271,Monitor,5,43790,2026-03-10,UPI,Bangalore
MAR_009496,CUST_00051,Smartphone,1,24943,2026-03-18,Credit Card,Mumbai
MAR_009497,CUST_03646,Smartphone,4,43393,2026-03-18,Debit Card,Mumbai
MAR_009498,CUST_04385,Monitor,4,45049,2026-03-05,Credit Card,Pune
MAR_009499,CUST_02288,Tablet,4,40958,2026-03-16,UPI,Mumbai
MAR_009500,CUST_04606,Smartphone,5,38494,2026-03-13,Credit Card,Pune
MAR_009501,CUST_00308,Smartwatch,5,20859,2026-03-17,Credit Card,Bangalore
MAR_009502,CUST_01132,Smartphone,3,23180,2026-03-10,Credit Card,Mumbai
MAR_009503,CUST_03439,Smartwatch,1,29359,2026-03-05,Cash on Delivery,Pune
MAR_009504,CUST_01432,Headphones,5,9434,2026-03-12,Credit Card,Delhi
MAR_009505,CUST_04499,Keyboard,5,4739,2026-03-23,Credit Card,Bangalore
MAR_009506,CUST_00111,Keyboard,1,18869,2026-03-28,UPI,Hyderabad
MAR_009507,CUST_02331,Monitor,3,16880,2026-03-23,Debit Card,Delhi
MAR_009508,CUST_02933,Keyboard,5,6387,2026-03-08,UPI,Pune
MAR_009509,CUST_00841,Smartwatch,3,39687,2026-03-25,Cash on Delivery,Bangalore
MAR_009510,CUST_01262,Keyboard,5,38122,2026-03-05,Credit Card,Delhi
MAR_009511,CUST_01508,Keyboard,4,2411,2026-03-23,Credit Card,Delhi
MAR_009512,CUST_04370,Keyboard,4,15129,2026-03-09,Credit Card,Chennai
MAR_009513,CUST_00506,Keyboard,2,3334,2026-03-16,Cash on Delivery,Hyderabad
MAR_009514,CUST_04857,Smartphone,4,18213,2026-03-01,Cash on Delivery,Bangalore
MAR_009515,CUST_03436,Tablet,3,18954,2026-03-07,Debit Card,Bangalore
MAR_009516,CUST_00904,Mouse,2,23559,2026-03-13,UPI,Hyderabad
MAR_009517,CUST_00151,Headphones,5,1864,2026-03-15,Debit Card,Mumbai
MAR_009518,CUST_03978,Mouse,3,27705,2026-03-13,UPI,Chennai
MAR_009519,CUST_04163,Smartphone,1,4112,2026-03-05,Credit Card,Delhi
MAR_009520,CUST_04706,Monitor,5,19724,2026-03-22,Debit Card,Hyderabad
MAR_009521,CUST_03404,Monitor,1,38873,2026-03-01,UPI,Bangalore
MAR_009522,CUST_03925,Smartwatch,5,10592,2026-03-12,UPI,Hyderabad
MAR_009523,CUST_01106,Keyboard,3,30817,2026-03-08,UPI,Mumbai
MAR_009524,CUST_03195,Mouse,3,10046,2026-03-04,Debit Card,Hyderabad
MAR_009525,CUST_01629,Monitor,3,19812,2026-03-30,Credit Card,Delhi
MAR_009526,CUST_02097,Tablet,3,42579,2026-03-03,Cash on Delivery,Delhi
MAR_009527,CUST_00149,Smartphone,3,26576,2026-03-07,Cash on Delivery,Bangalore
MAR_009528,CUST_02897,Tablet,1,42578,2026-03-01,Credit Card,Bangalore
MAR_009529,CUST_00205,Smartwatch,1,34461,2026-03-03,Cash on Delivery,Mumbai
MAR_009530,CUST_00920,Mouse,1,12054,2026-03-22,UPI,Chennai
MAR_009531,CUST_01395,Smartwatch,4,2584,2026-03-29,Debit Card,Mumbai
MAR_009532,CUST_03457,Keyboard,3,24967,2026-03-25,Debit Card,Pune
MAR_009533,CUST_02370,Tablet,2,41451,2026-03-30,Credit Card,Bangalore
MAR_009534,CUST_04843,Smartphone,1,6854,2026-03-16,Debit Card,Bangalore
MAR_009535,CUST_03553,Keyboard,2,41603,2026-03-22,UPI,Hyderabad
MAR_009536,CUST_04327,Tablet,1,29453,2026-03-21,Credit Card,Chennai
MAR_009537,CUST_03507,Monitor,5,35766,2026-03-11,Cash on Delivery,Delhi
MAR_009538,CUST_00224,Headphones,4,41709,2026-03-13,UPI,Hyderabad
MAR_009539,CUST_04604,Smartwatch,2,12263,2026-03-02,Credit Card,Chennai
MAR_009540,CUST_00601,Laptop,3,4990,2026-03-16,Credit Card,Bangalore
MAR_009541,CUST_03272,Laptop,4,12654,2026-03-14,Cash on Delivery,Pune
MAR_009542,CUST_00348,Mouse,5,25859,2026-03-19,UPI,Pune
MAR_009543,CUST_01285,Laptop,1,18954,2026-03-10,UPI,Hyderabad
MAR_009544,CUST_00620,Mouse,5,13114,2026-03-10,UPI,Hyderabad
MAR_009545,CUST_01694,Laptop,3,24077,2026-03-16,UPI,Hyderabad
MAR_009546,CUST_01945,Tablet,4,12853,2026-03-15,UPI,Bangalore
MAR_009547,CUST_03955,Laptop,5,17027,2026-03-20,Credit Card,Delhi
MAR_009548,CUST_02119,Laptop,1,41780,2026-03-05,Debit Card,Chennai
MAR_009549,CUST_00506,Headphones,3,35889,2026-03-09,Credit Card,Chennai
MAR_009550,CUST_00135,Tablet,5,43313,2026-03-27,Cash on Delivery,Delhi
MAR_009551,CUST_00073,Keyboard,3,22113,2026-03-30,UPI,Bangalore
MAR_009552,CUST_04198,Laptop,4,48923,2026-03-14,Debit Card,Mumbai
MAR_009553,CUST_02831,Keyboard,1,9701,2026-03-06,Debit Card,Mumbai
MAR_009554,CUST_03056,Monitor,2,41053,2026-03-06,UPI,Bangalore
MAR_009555,CUST_00107,Smartwatch,5,6002,2026-03-08,UPI,Pune
MAR_009556,CUST_04788,Headphones,1,19452,2026-03-14,UPI,Pune
MAR_009557,CUST_04260,Tablet,5,28456,2026-03-17,Credit Card,Bangalore
MAR_009558,CUST_04959,Smartwatch,1,21084,2026-03-08,UPI,Delhi
MAR_009559,CUST_03971,Keyboard,2,16603,2026-03-20,Credit Card,Chennai
MAR_009560,CUST_02604,Headphones,5,22183,2026-03-02,Debit Card,Delhi
MAR_009561,CUST_02097,Headphones,2,48944,2026-03-18,UPI,Chennai
MAR_009562,CUST_02576,Headphones,5,11528,2026-03-23,Debit Card,Mumbai
MAR_009563,CUST_00912,Tablet,1,27233,2026-03-21,Debit Card,Delhi
MAR_009564,CUST_00993,Headphones,2,37706,2026-03-12,UPI,Chennai
MAR_009565,CUST_02779,Monitor,2,5339,2026-03-10,Credit Card,Bangalore
MAR_009566,CUST_02180,Smartphone,1,20604,2026-03-11,Credit Card,Pune
MAR_009567,CUST_02455,Tablet,1,17377,2026-03-05,Debit Card,Mumbai
MAR_009568,CUST_02719,Keyboard,5,13212,2026-03-08,UPI,Hyderabad
MAR_009569,CUST_01341,Keyboard,5,23803,2026-03-21,Cash on Delivery,Hyderabad
MAR_009570,CUST_02936,Tablet,4,29086,2026-03-15,Debit Card,Hyderabad
MAR_009571,CUST_02790,Headphones,2,44595,2026-03-28,UPI,Chennai
MAR_009572,CUST_04944,Monitor,5,19479,2026-03-26,Debit Card,Bangalore
MAR_009573,CUST_03343,Mouse,4,12741,2026-03-29,UPI,Mumbai
MAR_009574,CUST_03167,Headphones,2,13138,2026-03-29,Cash on Delivery,Bangalore
MAR_009575,CUST_00104,Keyboard,4,16764,2026-03-17,UPI,Bangalore
MAR_009576,CUST_00763,Monitor,5,27118,2026-03-14,UPI,Delhi
MAR_009577,CUST_02549,Headphones,2,32468,2026-03-17,Debit Card,Hyderabad
MAR_009578,CUST_03419,Laptop,2,36154,2026-03-19,Cash on Delivery,Bangalore
MAR_009579,CUST_04273,Headphones,4,11645,2026-03-01,Credit Card,Delhi
MAR_009580,CUST_04759,Smartwatch,2,22315,2026-03-31,Credit Card,Hyderabad
MAR_009581,CUST_02726,Mouse,1,14254,2026-03-21,UPI,Pune
MAR_009582,CUST_03880,Mouse,2,30169,2026-03-15,UPI,Mumbai
MAR_009583,CUST_02059,Mouse,5,13112,2026-03-08,Credit Card,Bangalore
MAR_009584,CUST_00580,Mouse,2,10603,2026-03-24,Cash on Delivery,Hyderabad
MAR_009585,CUST_00073,Laptop,4,17904,2026-03-11,Debit Card,Chennai
MAR_009586,CUST_01096,Monitor,3,25518,2026-03-17,Debit Card,Pune
MAR_009587,CUST_02422,Headphones,2,27669,2026-03-31,Credit Card,Hyderabad
MAR_009588,CUST_04274,Mouse,5,255,2026-03-01,UPI,Delhi
MAR_009589,CUST_04732,Monitor,3,25428,2026-03-08,Debit Card,Delhi
MAR_009590,CUST_01059,Monitor,5,35007,2026-03-25,Credit Card,Chennai
MAR_009591,CUST_02357,Tablet,2,40588,2026-03-17,Debit Card,Delhi
MAR_009592,CUST_03603,Mouse,1,38793,2026-03-22,Debit Card,Chennai
MAR_009593,CUST_02325,Mouse,2,32292,2026-03-13,Debit Card,Delhi
MAR_009594,CUST_04513,Laptop,4,2386,2026-03-21,UPI,Delhi
MAR_009595,CUST_01269,Monitor,4,44521,2026-03-18,Cash on Delivery,Delhi
MAR_009596,CUST_01062,Smartphone,5,6819,2026-03-13,Cash on Delivery,Chennai
MAR_009597,CUST_04701,Monitor,5,885,2026-03-18,Debit Card,Mumbai
MAR_009598,CUST_00605,Keyboard,2,34997,2026-03-07,Credit Card,Delhi
MAR_009599,CUST_00217,Laptop,1,30584,2026-03-06,Cash on Delivery,Delhi
MAR_009600,CUST_04318,Headphones,3,18430,2026-03-25,Debit Card,Pune
MAR_009601,CUST_04573,Smartwatch,3,40966,2026-03-23,Debit Card,Bangalore
MAR_009602,CUST_03228,Tablet,3,38976,2026-03-17,Cash on Delivery,Pune
MAR_009603,CUST_00610,Monitor,1,11641,2026-03-01,Debit Card,Pune
MAR_009604,CUST_03849,Smartphone,4,15370,2026-03-29,Debit Card,Chennai
MAR_009605,CUST_03653,Keyboard,4,15479,2026-03-11,Debit Card,Bangalore
MAR_009606,CUST_01975,Smartwatch,1,24614,2026-03-20,Debit Card,Mumbai
MAR_009607,CUST_03406,Laptop,1,47885,2026-03-10,Credit Card,Delhi
MAR_009608,CUST_04633,Laptop,2,13458,2026-03-23,Credit Card,Bangalore
MAR_009609,CUST_00183,Monitor,3,40265,2026-03-24,Debit Card,Pune
MAR_009610,CUST_02516,Mouse,5,4281,2026-03-25,Cash on Delivery,Pune
MAR_009611,CUST_00388,Mouse,3,9671,2026-03-27,UPI,Bangalore
MAR_009612,CUST_04988,Smartphone,2,23128,2026-03-28,Cash on Delivery,Chennai
MAR_009613,CUST_00982,Keyboard,3,26742,2026-03-13,Cash on Delivery,Bangalore
MAR_009614,CUST_01951,Monitor,1,2420,2026-03-14,Debit Card,Mumbai
MAR_009615,CUST_00781,Headphones,1,7192,2026-03-15,Debit Card,Mumbai
MAR_009616,CUST_01014,Smartwatch,2,27000,2026-03-25,Debit Card,Delhi
MAR_009617,CUST_04754,Headphones,5,24277,2026-03-01,Debit Card,Hyderabad
MAR_009618,CUST_02318,Laptop,3,4454,2026-03-08,Credit Card,Hyderabad
MAR_009619,CUST_02713,Headphones,3,46399,2026-03-29,Debit Card,Hyderabad
MAR_009620,CUST_01976,Headphones,5,35948,2026-03-26,Debit Card,Delhi
MAR_009621,CUST_01648,Headphones,3,17057,2026-03-11,Cash on Delivery,Delhi
MAR_009622,CUST_00365,Laptop,2,2430,2026-03-04,Debit Card,Pune
MAR_009623,CUST_00280,Tablet,4,29923,2026-03-15,Debit Card,Hyderabad
MAR_009624,CUST_02843,Smartwatch,5,20149,2026-03-27,Cash on Delivery,Hyderabad
MAR_009625,CUST_00266,Headphones,5,42956,2026-03-23,Debit Card,Chennai
MAR_009626,CUST_01594,Monitor,1,22532,2026-03-06,Credit Card,Mumbai
MAR_009627,CUST_03360,Tablet,5,48937,2026-03-25,Credit Card,Pune
MAR_009628,CUST_03969,Tablet,1,11794,2026-03-31,UPI,Pune
MAR_009629,CUST_02056,Smartphone,3,34956,2026-03-05,UPI,Pune
MAR_009630,CUST_04778,Smartphone,1,20783,2026-03-03,Cash on Delivery,Mumbai
MAR_009631,CUST_03092,Smartphone,3,12427,2026-03-07,UPI,Bangalore
MAR_009632,CUST_04435,Mouse,3,6333,2026-03-14,Debit Card,Delhi
MAR_009633,CUST_04349,Tablet,5,30694,2026-03-19,Debit Card,Hyderabad
MAR_009634,CUST_03816,Keyboard,3,20977,2026-03-29,Cash on Delivery,Delhi
MAR_009635,CUST_00175,Tablet,5,32038,2026-03-17,Cash on Delivery,Chennai
MAR_009636,CUST_01475,Smartwatch,4,43856,2026-03-15,Cash on Delivery,Pune
MAR_009637,CUST_03605,Smartphone,3,24613,2026-03-30,Credit Card,Mumbai
MAR_009638,CUST_03206,Tablet,2,42983,2026-03-29,Credit Card,Mumbai
MAR_009639,CUST_04425,Smartwatch,1,1115,2026-03-26,UPI,Delhi
MAR_009640,CUST_02617,Laptop,3,35671,2026-03-02,Cash on Delivery,Hyderabad
MAR_009641,CUST_02793,Smartwatch,4,46704,2026-03-18,Debit Card,Pune
MAR_009642,CUST_04887,Laptop,3,26264,2026-03-08,Cash on Delivery,Bangalore
MAR_009643,CUST_00088,Headphones,1,12809,2026-03-11,Credit Card,Pune
MAR_009644,CUST_00228,Smartwatch,5,41448,2026-03-30,Credit Card,Mumbai
MAR_009645,CUST_03668,Keyboard,2,26250,2026-03-24,UPI,Bangalore
MAR_009646,CUST_01805,Laptop,4,2443,2026-03-02,Cash on Delivery,Chennai
MAR_009647,CUST_01294,Laptop,3,41187,2026-03-06,Debit Card,Delhi
MAR_009648,CUST_00493,Monitor,1,15302,2026-03-11,Debit Card,Delhi
MAR_009649,CUST_00118,Monitor,5,21538,2026-03-08,Credit Card,Bangalore
MAR_009650,CUST_02864,Monitor,5,1214,2026-03-10,Debit Card,Hyderabad
MAR_009651,CUST_00172,Monitor,2,18292,2026-03-24,UPI,Mumbai
MAR_009652,CUST_00964,Smartwatch,1,46096,2026-03-20,Credit Card,Mumbai
MAR_009653,CUST_00452,Tablet,3,3338,2026-03-11,Cash on Delivery,Pune
MAR_009654,CUST_00375,Laptop,5,25963,2026-03-24,Credit Card,Hyderabad
MAR_009655,CUST_00268,Headphones,1,22965,2026-03-21,Credit Card,Hyderabad
MAR_009656,CUST_04866,Mouse,3,36430,2026-03-01,Debit Card,Chennai
MAR_009657,CUST_03751,Monitor,2,23432,2026-03-20,Debit Card,Pune
MAR_009658,CUST_02197,Laptop,1,10891,2026-03-27,Credit Card,Hyderabad
MAR_009659,CUST_00997,Keyboard,4,9174,2026-03-23,Debit Card,Mumbai
MAR_009660,CUST_00211,Tablet,4,25618,2026-03-09,Debit Card,Pune
MAR_009661,CUST_01973,Smartwatch,2,29909,2026-03-01,Cash on Delivery,Pune
MAR_009662,CUST_00129,Monitor,4,36938,2026-03-22,Credit Card,Chennai
MAR_009663,CUST_04210,Tablet,3,32775,2026-03-25,Cash on Delivery,Chennai
MAR_009664,CUST_03320,Headphones,4,39010,2026-03-25,UPI,Delhi
MAR_009665,CUST_03790,Tablet,4,11013,2026-03-27,Cash on Delivery,Chennai
MAR_009666,CUST_01134,Tablet,5,8598,2026-03-06,Debit Card,Pune
MAR_009667,CUST_02633,Keyboard,2,3908,2026-03-13,Credit Card,Delhi
MAR_009668,CUST_02076,Monitor,1,13037,2026-03-08,Debit Card,Pune
MAR_009669,CUST_02468,Monitor,4,27855,2026-03-11,Credit Card,Chennai
MAR_009670,CUST_00707,Mouse,1,45308,2026-03-05,Cash on Delivery,Chennai
MAR_009671,CUST_04300,Keyboard,5,6400,2026-03-06,Cash on Delivery,Chennai
MAR_009672,CUST_00794,Monitor,5,48194,2026-03-28,Debit Card,Hyderabad
MAR_009673,CUST_03512,Monitor,4,15341,2026-03-10,Cash on Delivery,Bangalore
MAR_009674,CUST_00992,Tablet,5,11225,2026-03-15,Debit Card,Mumbai
MAR_009675,CUST_01347,Headphones,4,5169,2026-03-22,Debit Card,Mumbai
MAR_009676,CUST_00811,Mouse,4,3169,2026-03-09,Debit Card,Hyderabad
MAR_009677,CUST_01508,Keyboard,3,27977,2026-03-11,UPI,Mumbai
MAR_009678,CUST_02322,Monitor,2,45773,2026-03-26,Credit Card,Delhi
MAR_009679,CUST_03057,Smartphone,4,38118,2026-03-25,Credit Card,Hyderabad
MAR_009680,CUST_02227,Headphones,5,29867,2026-03-18,UPI,Bangalore
MAR_009681,CUST_02834,Tablet,4,40135,2026-03-18,Credit Card,Hyderabad
MAR_009682,CUST_02600,Laptop,5,43175,2026-03-14,UPI,Hyderabad
MAR_009683,CUST_01250,Keyboard,1,29740,2026-03-24,Credit Card,Pune
MAR_009684,CUST_03957,Smartphone,5,16865,2026-03-25,Cash on Delivery,Mumbai
MAR_009685,CUST_01032,Headphones,3,15944,2026-03-16,UPI,Chennai
MAR_009686,CUST_03026,Smartphone,3,35513,2026-03-26,Debit Card,Hyderabad
MAR_009687,CUST_03788,Laptop,3,45766,2026-03-12,Credit Card,Delhi
MAR_009688,CUST_01855,Mouse,2,22239,2026-03-02,Cash on Delivery,Pune
MAR_009689,CUST_04575,Laptop,1,40507,2026-03-30,UPI,Bangalore
MAR_009690,CUST_00551,Monitor,3,11709,2026-03-28,Debit Card,Bangalore
MAR_009691,CUST_04621,Smartphone,2,41218,2026-03-11,UPI,Pune
MAR_009692,CUST_03437,Tablet,2,36700,2026-03-20,Credit Card,Pune
MAR_009693,CUST_04584,Tablet,4,33629,2026-03-12,UPI,Mumbai
MAR_009694,CUST_04515,Monitor,2,9123,2026-03-07,UPI,Hyderabad
MAR_009695,CUST_04107,Smartphone,5,23444,2026-03-18,Cash on Delivery,Hyderabad
MAR_009696,CUST_04229,Laptop,2,28952,2026-03-18,UPI,Chennai
MAR_009697,CUST_04682,Smartwatch,3,24101,2026-03-02,Debit Card,Pune
MAR_009698,CUST_04930,Smartwatch,2,40338,2026-03-17,Credit Card,Hyderabad
MAR_009699,CUST_01991,Tablet,2,39068,2026-03-25,Cash on Delivery,Pune
MAR_009700,CUST_03343,Smartwatch,4,11366,2026-03-19,Cash on Delivery,Mumbai
MAR_009701,CUST_04744,Smartphone,3,36334,2026-03-08,Credit Card,Bangalore
MAR_009702,CUST_03095,Keyboard,5,19584,2026-03-23,UPI,Hyderabad
MAR_009703,CUST_02745,Keyboard,4,17152,2026-03-23,Debit Card,Bangalore
MAR_009704,CUST_03901,Headphones,5,48299,2026-03-30,Debit Card,Mumbai
MAR_009705,CUST_01062,Laptop,5,48166,2026-03-11,Credit Card,Pune
MAR_009706,CUST_04088,Monitor,5,38758,2026-03-21,Credit Card,Chennai
MAR_009707,CUST_03539,Mouse,4,21572,2026-03-10,Debit Card,Bangalore
MAR_009708,CUST_00408,Laptop,5,10346,2026-03-07,Debit Card,Delhi
MAR_009709,CUST_03750,Smartphone,5,11568,2026-03-19,Debit Card,Hyderabad
MAR_009710,CUST_03325,Mouse,3,13589,2026-03-12,UPI,Pune
MAR_009711,CUST_01550,Keyboard,1,30827,2026-03-23,Debit Card,Hyderabad
MAR_009712,CUST_03803,Smartphone,1,19345,2026-03-20,UPI,Hyderabad
MAR_009713,CUST_03281,Laptop,4,23409,2026-03-02,Credit Card,Chennai
MAR_009714,CUST_00340,Monitor,3,2043,2026-03-11,UPI,Pune
MAR_009715,CUST_02080,Mouse,3,33801,2026-03-05,Cash on Delivery,Hyderabad
MAR_009716,CUST_04565,Headphones,3,32513,2026-03-30,Credit Card,Bangalore
MAR_009717,CUST_04600,Headphones,3,49566,2026-03-14,Debit Card,Mumbai
MAR_009718,CUST_03575,Mouse,5,6736,2026-03-21,Cash on Delivery,Chennai
MAR_009719,CUST_04071,Headphones,4,1792,2026-03-16,Cash on Delivery,Bangalore
MAR_009720,CUST_04797,Monitor,4,11182,2026-03-12,Cash on Delivery,Delhi
MAR_009721,CUST_02924,Smartphone,4,3027,2026-03-29,UPI,Pune
MAR_009722,CUST_00428,Tablet,4,31912,2026-03-21,Credit Card,Chennai
MAR_009723,CUST_03084,Mouse,3,30997,2026-03-21,Credit Card,Hyderabad
MAR_009724,CUST_01228,Smartwatch,2,32411,2026-03-11,Cash on Delivery,Chennai
MAR_009725,CUST_03869,Monitor,3,45235,2026-03-19,Credit Card,Hyderabad
MAR_009726,CUST_00092,Smartwatch,5,17112,2026-03-12,Cash on Delivery,Mumbai
MAR_009727,CUST_00154,Mouse,5,36760,2026-03-27,Cash on Delivery,Bangalore
MAR_009728,CUST_02627,Tablet,2,49636,2026-03-27,Debit Card,Mumbai
MAR_009729,CUST_03657,Headphones,1,23561,2026-03-28,Credit Card,Bangalore
MAR_009730,CUST_02152,Keyboard,3,33207,2026-03-01,Credit Card,Chennai
MAR_009731,CUST_03892,Mouse,4,37926,2026-03-02,Credit Card,Delhi
MAR_009732,CUST_04018,Laptop,4,22809,2026-03-10,Credit Card,Hyderabad
MAR_009733,CUST_04157,Mouse,4,42539,2026-03-01,Debit Card,Bangalore
MAR_009734,CUST_02092,Keyboard,5,6535,2026-03-15,Cash on Delivery,Hyderabad
MAR_009735,CUST_01258,Smartphone,5,32597,2026-03-09,Cash on Delivery,Pune
MAR_009736,CUST_01630,Mouse,4,17786,2026-03-07,Debit Card,Chennai
MAR_009737,CUST_00575,Headphones,5,36285,2026-03-17,Debit Card,Bangalore
MAR_009738,CUST_03286,Tablet,2,17124,2026-03-27,Debit Card,Delhi
MAR_009739,CUST_02504,Laptop,3,47835,2026-03-29,Cash on Delivery,Chennai
MAR_009740,CUST_01887,Laptop,3,25082,2026-03-31,Credit Card,Chennai
MAR_009741,CUST_00110,Mouse,4,45523,2026-03-19,UPI,Bangalore
MAR_009742,CUST_02622,Laptop,4,33893,2026-03-09,UPI,Delhi
MAR_009743,CUST_00111,Smartphone,5,30272,2026-03-11,UPI,Delhi
MAR_009744,CUST_02640,Mouse,2,12383,2026-03-10,Debit Card,Chennai
MAR_009745,CUST_00160,Monitor,5,47393,2026-03-18,Debit Card,Bangalore
MAR_009746,CUST_01804,Mouse,2,48687,2026-03-03,Credit Card,Hyderabad
MAR_009747,CUST_01015,Keyboard,3,33664,2026-03-07,UPI,Hyderabad
MAR_009748,CUST_04414,Tablet,4,33836,2026-03-18,Debit Card,Pune
MAR_009749,CUST_02995,Monitor,3,16446,2026-03-04,Debit Card,Delhi
MAR_009750,CUST_02762,Laptop,4,22825,2026-03-12,Debit Card,Pune
MAR_009751,CUST_01455,Smartwatch,2,13439,2026-03-21,Cash on Delivery,Bangalore
MAR_009752,CUST_02723,Smartphone,5,24853,2026-03-30,Cash on Delivery,Chennai
MAR_009753,CUST_04873,Laptop,3,30820,2026-03-10,UPI,Hyderabad
MAR_009754,CUST_00991,Tablet,3,26637,2026-03-18,UPI,Delhi
MAR_009755,CUST_04432,Tablet,5,40323,2026-03-28,Credit Card,Pune
MAR_009756,CUST_01156,Keyboard,3,21629,2026-03-17,Cash on Delivery,Pune
MAR_009757,CUST_04302,Tablet,3,34136,2026-03-31,Debit Card,Mumbai
MAR_009758,CUST_00352,Mouse,5,3613,2026-03-30,Cash on Delivery,Mumbai
MAR_009759,CUST_00174,Laptop,5,31097,2026-03-01,Cash on Delivery,Hyderabad
MAR_009760,CUST_03437,Monitor,2,43360,2026-03-23,Credit Card,Bangalore
MAR_009761,CUST_03657,Monitor,1,15072,2026-03-19,Credit Card,Delhi
MAR_009762,CUST_04911,Keyboard,2,31845,2026-03-10,Cash on Delivery,Delhi
MAR_009763,CUST_02751,Tablet,2,38755,2026-03-04,Credit Card,Hyderabad
MAR_009764,CUST_02231,Smartphone,2,40829,2026-03-31,UPI,Delhi
MAR_009765,CUST_03046,Mouse,2,20050,2026-03-11,Credit Card,Pune
MAR_009766,CUST_00226,Laptop,1,40571,2026-03-20,UPI,Hyderabad
MAR_009767,CUST_01617,Mouse,3,3529,2026-03-12,Credit Card,Pune
MAR_009768,CUST_03839,Mouse,3,15881,2026-03-05,Credit Card,Hyderabad
MAR_009769,CUST_01549,Keyboard,5,38280,2026-03-17,Credit Card,Bangalore
MAR_009770,CUST_01329,Smartwatch,1,40123,2026-03-23,Cash on Delivery,Mumbai
MAR_009771,CUST_03426,Laptop,1,40045,2026-03-01,UPI,Hyderabad
MAR_009772,CUST_00367,Laptop,3,47123,2026-03-13,Debit Card,Pune
MAR_009773,CUST_03306,Tablet,2,43877,2026-03-12,Cash on Delivery,Chennai
MAR_009774,CUST_04075,Keyboard,4,34766,2026-03-24,Debit Card,Mumbai
MAR_009775,CUST_02679,Headphones,1,46585,2026-03-22,Debit Card,Delhi
MAR_009776,CUST_02363,Monitor,2,35605,2026-03-26,UPI,Chennai
MAR_009777,CUST_00606,Mouse,4,48342,2026-03-29,UPI,Bangalore
MAR_009778,CUST_02296,Laptop,4,26759,2026-03-14,Credit Card,Pune
MAR_009779,CUST_04881,Smartphone,5,46008,2026-03-03,Debit Card,Hyderabad
MAR_009780,CUST_02067,Smartwatch,2,15418,2026-03-14,Debit Card,Mumbai
MAR_009781,CUST_00205,Tablet,5,17039,2026-03-23,Cash on Delivery,Hyderabad
MAR_009782,CUST_00971,Smartwatch,3,8044,2026-03-20,Debit Card,Bangalore
MAR_009783,CUST_01795,Mouse,2,15760,2026-03-03,Credit Card,Pune
MAR_009784,CUST_04002,Laptop,1,9136,2026-03-04,UPI,Delhi
MAR_009785,CUST_02920,Monitor,3,49474,2026-03-21,Credit Card,Chennai
MAR_009786,CUST_00526,Monitor,2,4639,2026-03-22,Cash on Delivery,Hyderabad
MAR_009787,CUST_03899,Headphones,1,38739,2026-03-18,UPI,Delhi
MAR_009788,CUST_02027,Tablet,5,36608,2026-03-11,UPI,Pune
MAR_009789,CUST_04946,Smartwatch,4,8787,2026-03-17,Credit Card,Bangalore
MAR_009790,CUST_02346,Laptop,2,39242,2026-03-25,Debit Card,Mumbai
MAR_009791,CUST_03990,Tablet,4,29888,2026-03-01,Cash on Delivery,Hyderabad
MAR_009792,CUST_04988,Laptop,2,20980,2026-03-05,Credit Card,Delhi
MAR_009793,CUST_02749,Mouse,1,5334,2026-03-16,UPI,Bangalore
MAR_009794,CUST_01647,Mouse,2,16175,2026-03-03,Cash on Delivery,Mumbai
MAR_009795,CUST_01029,Tablet,2,10430,2026-03-10,Credit Card,Hyderabad
MAR_009796,CUST_01479,Smartwatch,2,8003,2026-03-04,Credit Card,Hyderabad
MAR_009797,CUST_04495,Monitor,2,1899,2026-03-17,UPI,Mumbai
MAR_009798,CUST_04921,Laptop,1,25160,2026-03-12,Cash on Delivery,Pune
MAR_009799,CUST_02083,Tablet,5,26554,2026-03-17,Credit Card,Bangalore
MAR_009800,CUST_00298,Keyboard,1,41914,2026-03-06,UPI,Chennai
MAR_009801,CUST_04433,Headphones,3,36539,2026-03-09,UPI,Mumbai
MAR_009802,CUST_04412,Headphones,5,16979,2026-03-20,UPI,Mumbai
MAR_009803,CUST_01980,Monitor,2,34679,2026-03-09,Credit Card,Delhi
MAR_009804,CUST_02170,Keyboard,3,10724,2026-03-24,Cash on Delivery,Chennai
MAR_009805,CUST_02278,Tablet,2,13202,2026-03-07,UPI,Chennai
MAR_009806,CUST_03331,Monitor,5,30343,2026-03-24,Debit Card,Bangalore
MAR_009807,CUST_04411,Smartphone,4,4331,2026-03-19,Debit Card,Hyderabad
MAR_009808,CUST_00410,Smartphone,2,27038,2026-03-17,Credit Card,Pune
MAR_009809,CUST_01711,Smartwatch,2,32624,2026-03-20,UPI,Hyderabad
MAR_009810,CUST_04065,Laptop,4,29920,2026-03-28,Cash on Delivery,Bangalore
MAR_009811,CUST_00718,Monitor,1,28720,2026-03-30,Debit Card,Delhi
MAR_009812,CUST_04707,Tablet,3,11353,2026-03-27,Debit Card,Hyderabad
MAR_009813,CUST_02039,Monitor,4,13403,2026-03-19,Debit Card,Bangalore
MAR_009814,CUST_03293,Smartphone,1,33256,2026-03-31,UPI,Chennai
MAR_009815,CUST_02635,Smartphone,5,10506,2026-03-10,Cash on Delivery,Pune
MAR_009816,CUST_02917,Tablet,2,14152,2026-03-24,Credit Card,Delhi
MAR_009817,CUST_04383,Mouse,3,12457,2026-03-03,Credit Card,Delhi
MAR_009818,CUST_01947,Monitor,3,17622,2026-03-24,Credit Card,Delhi
MAR_009819,CUST_01938,Laptop,1,21742,2026-03-11,Debit Card,Mumbai
MAR_009820,CUST_03839,Laptop,5,6850,2026-03-20,Credit Card,Chennai
MAR_009821,CUST_00193,Mouse,3,9258,2026-03-06,Cash on Delivery,Bangalore
MAR_009822,CUST_04983,Smartwatch,5,22203,2026-03-06,Debit Card,Mumbai
MAR_009823,CUST_04907,Mouse,4,1753,2026-03-22,UPI,Hyderabad
MAR_009824,CUST_00472,Laptop,5,25568,2026-03-05,Cash on Delivery,Hyderabad
MAR_009825,CUST_03414,Smartphone,5,32424,2026-03-30,Debit Card,Delhi
MAR_009826,CUST_02354,Laptop,4,11140,2026-03-10,Credit Card,Bangalore
MAR_009827,CUST_02570,Mouse,2,5007,2026-03-23,Cash on Delivery,Mumbai
MAR_009828,CUST_04454,Tablet,2,37081,2026-03-21,Cash on Delivery,Delhi
MAR_009829,CUST_00866,Smartphone,3,18264,2026-03-24,Cash on Delivery,Chennai
MAR_009830,CUST_00414,Monitor,3,340,2026-03-24,Cash on Delivery,Pune
MAR_009831,CUST_02555,Smartphone,5,10153,2026-03-25,UPI,Delhi
MAR_009832,CUST_03476,Smartwatch,1,30766,2026-03-01,Cash on Delivery,Pune
MAR_009833,CUST_02022,Headphones,5,13080,2026-03-20,Cash on Delivery,Mumbai
MAR_009834,CUST_02745,Monitor,5,15784,2026-03-20,UPI,Chennai
MAR_009835,CUST_00011,Mouse,1,20368,2026-03-20,Debit Card,Hyderabad
MAR_009836,CUST_01027,Monitor,3,6987,2026-03-01,Debit Card,Mumbai
MAR_009837,CUST_02972,Smartwatch,4,1330,2026-03-03,Credit Card,Hyderabad
MAR_009838,CUST_02088,Headphones,2,22464,2026-03-14,UPI,Chennai
MAR_009839,CUST_03117,Smartphone,3,18187,2026-03-20,Credit Card,Delhi
MAR_009840,CUST_03225,Mouse,3,28951,2026-03-03,UPI,Delhi
MAR_009841,CUST_02643,Tablet,5,37353,2026-03-06,Debit Card,Chennai
MAR_009842,CUST_01526,Tablet,4,44104,2026-03-07,UPI,Chennai
MAR_009843,CUST_02086,Tablet,5,36047,2026-03-02,Cash on Delivery,Bangalore
MAR_009844,CUST_00648,Headphones,1,43374,2026-03-15,UPI,Chennai
MAR_009845,CUST_00443,Headphones,1,17731,2026-03-22,Credit Card,Bangalore
MAR_009846,CUST_02783,Laptop,1,49596,2026-03-08,UPI,Delhi
MAR_009847,CUST_03611,Mouse,2,23570,2026-03-22,UPI,Pune
MAR_009848,CUST_04686,Headphones,1,21556,2026-03-29,Cash on Delivery,Chennai
MAR_009849,CUST_02406,Monitor,2,25492,2026-03-07,Cash on Delivery,Delhi
MAR_009850,CUST_04943,Headphones,3,49463,2026-03-10,Debit Card,Chennai
MAR_009851,CUST_00850,Tablet,4,29711,2026-03-19,Credit Card,Pune
MAR_009852,CUST_02527,Monitor,5,27682,2026-03-19,Cash on Delivery,Mumbai
MAR_009853,CUST_01682,Keyboard,5,43390,2026-03-30,Credit Card,Pune
MAR_009854,CUST_02292,Monitor,5,47451,2026-03-28,Cash on Delivery,Pune
MAR_009855,CUST_03043,Mouse,5,22686,2026-03-11,Cash on Delivery,Pune
MAR_009856,CUST_02397,Smartphone,1,20486,2026-03-27,Debit Card,Chennai
MAR_009857,CUST_02531,Smartwatch,4,12110,2026-03-28,UPI,Bangalore
MAR_009858,CUST_03873,Tablet,5,37095,2026-03-21,UPI,Hyderabad
MAR_009859,CUST_04208,Keyboard,4,40279,2026-03-28,Cash on Delivery,Chennai
MAR_009860,CUST_04317,Smartphone,1,20048,2026-03-03,Cash on Delivery,Mumbai
MAR_009861,CUST_00768,Smartphone,3,39823,2026-03-17,UPI,Bangalore
MAR_009862,CUST_02274,Tablet,4,17922,2026-03-20,Debit Card,Mumbai
MAR_009863,CUST_04246,Keyboard,3,6302,2026-03-13,Cash on Delivery,Pune
MAR_009864,CUST_02043,Smartphone,1,29124,2026-03-08,UPI,Pune
MAR_009865,CUST_00107,Keyboard,3,17456,2026-03-05,UPI,Mumbai
MAR_009866,CUST_04530,Keyboard,2,14449,2026-03-14,UPI,Delhi
MAR_009867,CUST_02760,Tablet,2,25057,2026-03-03,UPI,Hyderabad
MAR_009868,CUST_02957,Keyboard,1,13660,2026-03-08,Cash on Delivery,Chennai
MAR_009869,CUST_02678,Tablet,5,29170,2026-03-18,Credit Card,Chennai
MAR_009870,CUST_00167,Laptop,3,10213,2026-03-22,Debit Card,Hyderabad
MAR_009871,CUST_01913,Smartphone,2,48978,2026-03-24,UPI,Bangalore
MAR_009872,CUST_04398,Laptop,1,47304,2026-03-16,Debit Card,Chennai
MAR_009873,CUST_01692,Headphones,4,9415,2026-03-04,Cash on Delivery,Pune
MAR_009874,CUST_00063,Smartphone,1,40869,2026-03-08,Debit Card,Delhi
MAR_009875,CUST_04410,Monitor,1,24047,2026-03-09,UPI,Hyderabad
MAR_009876,CUST_04123,Headphones,2,2502,2026-03-07,UPI,Bangalore
MAR_009877,CUST_01214,Tablet,4,49044,2026-03-16,Cash on Delivery,Chennai
MAR_009878,CUST_01418,Keyboard,1,41673,2026-03-24,UPI,Chennai
MAR_009879,CUST_04815,Laptop,2,6289,2026-03-28,Cash on Delivery,Chennai
MAR_009880,CUST_03488,Headphones,5,32806,2026-03-12,UPI,Delhi
MAR_009881,CUST_02281,Monitor,2,200,2026-03-27,Cash on Delivery,Pune
MAR_009882,CUST_02319,Laptop,5,30117,2026-03-15,Credit Card,Mumbai
MAR_009883,CUST_02200,Tablet,3,13870,2026-03-05,Debit Card,Chennai
MAR_009884,CUST_00109,Mouse,2,46373,2026-03-04,UPI,Mumbai
MAR_009885,CUST_04894,Tablet,4,20775,2026-03-25,Debit Card,Delhi
MAR_009886,CUST_00542,Headphones,1,22949,2026-03-21,Cash on Delivery,Delhi
MAR_009887,CUST_04618,Mouse,2,48975,2026-03-07,UPI,Delhi
MAR_009888,CUST_02031,Monitor,5,40536,2026-03-14,UPI,Pune
MAR_009889,CUST_01005,Mouse,1,31775,2026-03-09,Debit Card,Hyderabad
MAR_009890,CUST_01619,Monitor,1,21904,2026-03-30,UPI,Pune
MAR_009891,CUST_02059,Laptop,3,37159,2026-03-20,UPI,Delhi
MAR_009892,CUST_00387,Smartphone,4,7909,2026-03-25,Debit Card,Hyderabad
MAR_009893,CUST_01992,Keyboard,5,29134,2026-03-09,UPI,Chennai
MAR_009894,CUST_04625,Smartwatch,2,35394,2026-03-14,Cash on Delivery,Mumbai
MAR_009895,CUST_02672,Monitor,1,46943,2026-03-31,UPI,Chennai
MAR_009896,CUST_00183,Smartphone,4,7555,2026-03-01,Debit Card,Delhi
MAR_009897,CUST_03839,Smartwatch,5,36432,2026-03-28,Credit Card,Chennai
MAR_009898,CUST_03844,Laptop,5,7076,2026-03-28,Cash on Delivery,Delhi
MAR_009899,CUST_04824,Laptop,4,41229,2026-03-23,UPI,Mumbai
MAR_009900,CUST_00371,Monitor,4,45490,2026-03-01,Credit Card,Mumbai
MAR_009901,CUST_04840,Headphones,3,36746,2026-03-08,UPI,Bangalore
MAR_009902,CUST_03027,Tablet,5,10544,2026-03-12,Credit Card,Delhi
MAR_009903,CUST_03703,Keyboard,1,6030,2026-03-04,Credit Card,Bangalore
MAR_009904,CUST_01197,Mouse,1,12450,2026-03-03,Debit Card,Delhi
MAR_009905,CUST_02153,Smartphone,3,34586,2026-03-15,Credit Card,Pune
MAR_009906,CUST_01315,Smartphone,5,5276,2026-03-09,UPI,Bangalore
MAR_009907,CUST_00422,Smartphone,5,27026,2026-03-01,Debit Card,Chennai
MAR_009908,CUST_01540,Headphones,2,35057,2026-03-06,Cash on Delivery,Mumbai
MAR_009909,CUST_01532,Smartphone,5,14021,2026-03-21,Credit Card,Delhi
MAR_009910,CUST_03961,Headphones,2,47389,2026-03-11,Credit Card,Mumbai
MAR_009911,CUST_03256,Mouse,4,44318,2026-03-23,UPI,Mumbai
MAR_009912,CUST_03514,Laptop,3,26759,2026-03-27,Cash on Delivery,Delhi
MAR_009913,CUST_00182,Laptop,5,34877,2026-03-04,Cash on Delivery,Chennai
MAR_009914,CUST_02258,Tablet,5,39011,2026-03-07,Cash on Delivery,Bangalore
MAR_009915,CUST_02052,Tablet,5,46244,2026-03-12,Debit Card,Delhi
MAR_009916,CUST_02231,Tablet,4,1269,2026-03-28,Debit Card,Hyderabad
MAR_009917,CUST_04226,Smartphone,4,24026,2026-03-24,Credit Card,Mumbai
MAR_009918,CUST_00347,Tablet,4,508,2026-03-14,Debit Card,Mumbai
MAR_009919,CUST_01714,Tablet,5,5396,2026-03-10,UPI,Chennai
MAR_009920,CUST_01211,Mouse,3,39763,2026-03-10,UPI,Bangalore
MAR_009921,CUST_01856,Monitor,1,48594,2026-03-19,Credit Card,Chennai
MAR_009922,CUST_04105,Tablet,3,38484,2026-03-20,Credit Card,Pune
MAR_009923,CUST_03674,Headphones,2,33412,2026-03-12,Credit Card,Mumbai
MAR_009924,CUST_01159,Laptop,4,20644,2026-03-04,Debit Card,Pune
MAR_009925,CUST_04128,Laptop,2,27701,2026-03-28,UPI,Mumbai
MAR_009926,CUST_03004,Laptop,2,27421,2026-03-24,Credit Card,Chennai
MAR_009927,CUST_04567,Tablet,3,21690,2026-03-07,Debit Card,Hyderabad
MAR_009928,CUST_04344,Monitor,5,27108,2026-03-12,UPI,Pune
MAR_009929,CUST_00694,Headphones,1,35854,2026-03-06,Cash on Delivery,Bangalore
MAR_009930,CUST_02013,Mouse,1,13267,2026-03-25,Credit Card,Chennai
MAR_009931,CUST_01669,Mouse,3,45870,2026-03-03,Debit Card,Hyderabad
MAR_009932,CUST_00271,Monitor,1,19991,2026-03-05,UPI,Chennai
MAR_009933,CUST_02074,Smartphone,5,28303,2026-03-15,Cash on Delivery,Pune
MAR_009934,CUST_01435,Monitor,4,31124,2026-03-03,Debit Card,Mumbai
MAR_009935,CUST_00517,Laptop,3,29000,2026-03-01,Credit Card,Chennai
MAR_009936,CUST_04611,Smartwatch,4,32787,2026-03-08,Cash on Delivery,Pune
MAR_009937,CUST_01165,Smartphone,3,2809,2026-03-11,Credit Card,Delhi
MAR_009938,CUST_02294,Tablet,2,34287,2026-03-02,Credit Card,Hyderabad
MAR_009939,CUST_00723,Keyboard,4,46646,2026-03-29,Credit Card,Delhi
MAR_009940,CUST_02546,Mouse,4,48982,2026-03-17,Debit Card,Hyderabad
MAR_009941,CUST_01722,Tablet,5,40654,2026-03-24,Credit Card,Hyderabad
MAR_009942,CUST_00687,Smartwatch,1,2616,2026-03-31,Debit Card,Hyderabad
MAR_009943,CUST_00234,Headphones,2,34553,2026-03-24,Debit Card,Pune
MAR_009944,CUST_03686,Headphones,5,39783,2026-03-08,Cash on Delivery,Mumbai
MAR_009945,CUST_03734,Mouse,4,42340,2026-03-15,Cash on Delivery,Hyderabad
MAR_009946,CUST_02801,Smartwatch,1,20693,2026-03-25,UPI,Chennai
MAR_009947,CUST_03450,Smartphone,4,48080,2026-03-28,UPI,Mumbai
MAR_009948,CUST_02733,Smartwatch,1,47266,2026-03-21,Cash on Delivery,Pune
MAR_009949,CUST_02475,Headphones,1,42108,2026-03-25,UPI,Chennai
MAR_009950,CUST_02293,Mouse,1,47343,2026-03-06,UPI,Mumbai
MAR_009951,CUST_02533,Headphones,5,44033,2026-03-20,Cash on Delivery,Hyderabad
MAR_009952,CUST_04275,Monitor,2,31817,2026-03-07,Debit Card,Delhi
MAR_009953,CUST_03506,Keyboard,1,3710,2026-03-29,UPI,Mumbai
MAR_009954,CUST_02785,Monitor,4,42940,2026-03-28,UPI,Mumbai
MAR_009955,CUST_00378,Tablet,2,10489,2026-03-24,UPI,Hyderabad
MAR_009956,CUST_02191,Keyboard,2,46636,2026-03-13,Debit Card,Bangalore
MAR_009957,CUST_01286,Mouse,4,11595,2026-03-31,Cash on Delivery,Delhi
MAR_009958,CUST_04491,Laptop,4,23911,2026-03-22,UPI,Pune
MAR_009959,CUST_02895,Smartphone,2,12836,2026-03-20,Cash on Delivery,Chennai
MAR_009960,CUST_00338,Tablet,1,42496,2026-03-26,Debit Card,Pune
MAR_009961,CUST_00847,Tablet,4,31145,2026-03-11,Credit Card,Chennai
MAR_009962,CUST_04468,Smartwatch,2,1433,2026-03-05,Cash on Delivery,Chennai
MAR_009963,CUST_04660,Mouse,4,35351,2026-03-03,Debit Card,Mumbai
MAR_009964,CUST_02103,Smartwatch,5,40789,2026-03-23,Debit Card,Hyderabad
MAR_009965,CUST_03669,Keyboard,2,49182,2026-03-31,Cash on Delivery,Delhi
MAR_009966,CUST_04821,Laptop,1,34731,2026-03-31,Credit Card,Pune
MAR_009967,CUST_00596,Smartphone,4,38743,2026-03-11,Credit Card,Mumbai
MAR_009968,CUST_00676,Tablet,3,31741,2026-03-15,Debit Card,Bangalore
MAR_009969,CUST_02626,Smartphone,1,39871,2026-03-04,UPI,Bangalore
MAR_009970,CUST_02645,Smartphone,1,12368,2026-03-13,Cash on Delivery,Pune
MAR_009971,CUST_01792,Keyboard,3,32532,2026-03-08,Cash on Delivery,Chennai
MAR_009972,CUST_02360,Laptop,4,27252,2026-03-25,Credit Card,Pune
MAR_009973,CUST_02581,Mouse,3,13946,2026-03-09,Debit Card,Mumbai
MAR_009974,CUST_03839,Monitor,3,927,2026-03-18,Debit Card,Mumbai
MAR_009975,CUST_04465,Smartphone,3,2130,2026-03-25,Credit Card,Pune
MAR_009976,CUST_02723,Laptop,5,20690,2026-03-16,Credit Card,Bangalore
MAR_009977,CUST_00202,Mouse,3,2833,2026-03-16,Credit Card,Hyderabad
MAR_009978,CUST_02083,Mouse,5,40519,2026-03-03,Cash on Delivery,Mumbai
MAR_009979,CUST_02886,Headphones,2,14638,2026-03-25,Cash on Delivery,Delhi
MAR_009980,CUST_01299,Tablet,5,40824,2026-03-02,Credit Card,Delhi
MAR_009981,CUST_00246,Laptop,5,44157,2026-03-30,Credit Card,Delhi
MAR_009982,CUST_04365,Tablet,3,8327,2026-03-23,Credit Card,Hyderabad
MAR_009983,CUST_04856,Keyboard,4,26364,2026-03-23,Debit Card,Delhi
MAR_009984,CUST_02494,Headphones,3,11868,2026-03-02,Credit Card,Delhi
MAR_009985,CUST_00064,Laptop,3,47320,2026-03-18,Credit Card,Mumbai
MAR_009986,CUST_00321,Smartphone,1,421,2026-03-14,Debit Card,Bangalore
MAR_009987,CUST_04310,Tablet,3,11032,2026-03-08,Debit Card,Delhi
MAR_009988,CUST_03864,Mouse,5,38834,2026-03-29,Debit Card,Mumbai
MAR_009989,CUST_02307,Tablet,2,48347,2026-03-05,UPI,Mumbai
MAR_009990,CUST_00090,Mouse,3,2218,2026-03-20,Debit Card,Delhi
MAR_009991,CUST_01419,Smartwatch,2,3722,2026-03-09,Cash on Delivery,Pune
MAR_009992,CUST_03135,Mouse,3,2815,2026-03-23,Debit Card,Mumbai
MAR_009993,CUST_01119,Keyboard,3,38858,2026-03-20,UPI,Bangalore
MAR_009994,CUST_03800,Keyboard,3,35737,2026-03-08,Debit Card,Hyderabad
MAR_009995,CUST_04301,Mouse,4,15267,2026-03-14,Debit Card,Bangalore
MAR_009996,CUST_02736,Monitor,1,48007,2026-03-15,Cash on Delivery,Mumbai
MAR_009997,CUST_01410,Monitor,5,26537,2026-03-07,Cash on Delivery,Mumbai
MAR_009998,CUST_02481,Monitor,5,36422,2026-03-08,Cash on Delivery,Hyderabad
MAR_009999,CUST_03909,Smartphone,3,29834,2026-03-13,Debit Card,Delhi
MAR_010000,CUST_00568,Tablet,5,11990,2026-03-21,Credit Card,Pune
MAR_010001,CUST_00994,Tablet,2,3166,2026-03-22,Cash on Delivery,Mumbai
MAR_010002,CUST_02300,Headphones,5,865,2026-03-21,Credit Card,Hyderabad
MAR_010003,CUST_04944,Smartphone,1,30749,2026-03-25,Cash on Delivery,Delhi
MAR_010004,CUST_03832,Headphones,5,27444,2026-03-29,Cash on Delivery,Delhi
MAR_010005,CUST_04943,Mouse,2,35962,2026-03-07,Cash on Delivery,Delhi
MAR_010006,CUST_04628,Keyboard,4,46099,2026-03-31,Credit Card,Mumbai
MAR_010007,CUST_02403,Mouse,4,26541,2026-03-28,Credit Card,Delhi
MAR_010008,CUST_02716,Tablet,5,13009,2026-03-27,UPI,Mumbai
MAR_010009,CUST_04047,Smartwatch,3,42883,2026-03-26,Credit Card,Hyderabad
MAR_010010,CUST_00582,Tablet,1,41061,2026-03-12,Credit Card,Chennai
MAR_010011,CUST_03754,Smartphone,3,1444,2026-03-30,Credit Card,Hyderabad
MAR_010012,CUST_03860,Laptop,5,27148,2026-03-29,Credit Card,Mumbai
MAR_010013,CUST_04593,Mouse,2,18149,2026-03-11,UPI,Chennai
MAR_010014,CUST_01240,Smartwatch,3,39606,2026-03-10,Credit Card,Hyderabad
MAR_010015,CUST_01479,Laptop,2,36395,2026-03-06,Cash on Delivery,Hyderabad
MAR_010016,CUST_04381,Smartwatch,1,305,2026-03-01,Cash on Delivery,Hyderabad
MAR_010017,CUST_01228,Smartwatch,2,9868,2026-03-09,UPI,Bangalore
MAR_010018,CUST_02428,Laptop,2,8297,2026-03-20,Cash on Delivery,Bangalore
MAR_010019,CUST_01683,Monitor,2,27514,2026-03-16,Cash on Delivery,Mumbai
MAR_010020,CUST_01575,Headphones,3,26011,2026-03-17,Cash on Delivery,Delhi
MAR_010021,CUST_04531,Monitor,4,42068,2026-03-18,Debit Card,Mumbai
MAR_010022,CUST_01060,Headphones,2,32004,2026-03-26,Cash on Delivery,Delhi
MAR_010023,CUST_02285,Headphones,3,12544,2026-03-16,Cash on Delivery,Chennai
MAR_010024,CUST_04820,Tablet,4,14903,2026-03-10,Cash on Delivery,Hyderabad
MAR_010025,CUST_00609,Monitor,5,37092,2026-03-16,Cash on Delivery,Pune
MAR_010026,CUST_03355,Tablet,2,33638,2026-03-05,Cash on Delivery,Pune
MAR_010027,CUST_04321,Keyboard,1,33718,2026-03-23,Credit Card,Pune
MAR_010028,CUST_04669,Tablet,5,9007,2026-03-24,Cash on Delivery,Pune
MAR_010029,CUST_03895,Monitor,1,35875,2026-03-05,UPI,Pune
MAR_010030,CUST_04611,Keyboard,5,1946,2026-03-01,Debit Card,Pune
MAR_010031,CUST_03428,Monitor,3,42099,2026-03-01,Cash on Delivery,Delhi
MAR_010032,CUST_01592,Monitor,4,40738,2026-03-03,Debit Card,Bangalore
MAR_010033,CUST_02028,Tablet,2,8689,2026-03-23,Credit Card,Delhi
MAR_010034,CUST_01213,Mouse,2,12898,2026-03-31,UPI,Chennai
MAR_010035,CUST_04161,Smartphone,5,3874,2026-03-29,Debit Card,Delhi
MAR_010036,CUST_03412,Tablet,2,44108,2026-03-15,UPI,Hyderabad
MAR_010037,CUST_00515,Monitor,5,12499,2026-03-02,Debit Card,Delhi
MAR_010038,CUST_04747,Headphones,1,6985,2026-03-29,Credit Card,Pune
MAR_010039,CUST_04113,Laptop,5,46738,2026-03-24,Cash on Delivery,Chennai
MAR_010040,CUST_00105,Smartwatch,1,13595,2026-03-23,Cash on Delivery,Bangalore
MAR_010041,CUST_02142,Laptop,5,11899,2026-03-05,UPI,Chennai
MAR_010042,CUST_00872,Tablet,3,46229,2026-03-17,Debit Card,Delhi
MAR_010043,CUST_02520,Laptop,1,31197,2026-03-18,UPI,Bangalore
MAR_010044,CUST_03975,Tablet,3,47229,2026-03-14,Cash on Delivery,Chennai
MAR_010045,CUST_03192,Mouse,2,7728,2026-03-06,Cash on Delivery,Chennai
MAR_010046,CUST_02748,Smartwatch,5,12139,2026-03-16,Credit Card,Chennai
MAR_010047,CUST_01722,Mouse,3,27061,2026-03-21,UPI,Pune
MAR_010048,CUST_02174,Keyboard,5,18922,2026-03-05,UPI,Bangalore
MAR_010049,CUST_03725,Laptop,4,12328,2026-03-04,Cash on Delivery,Bangalore
MAR_010050,CUST_03221,Headphones,3,1577,2026-03-29,Credit Card,Pune
MAR_010051,CUST_04185,Smartphone,2,37733,2026-03-25,Credit Card,Pune
MAR_010052,CUST_02199,Laptop,3,17893,2026-03-21,Debit Card,Hyderabad
MAR_010053,CUST_02059,Laptop,2,28067,2026-03-18,Credit Card,Delhi
MAR_010054,CUST_01761,Smartphone,3,13110,2026-03-11,UPI,Pune
MAR_010055,CUST_01991,Smartwatch,1,41969,2026-03-31,Debit Card,Hyderabad
MAR_010056,CUST_04270,Laptop,3,32814,2026-03-30,Debit Card,Hyderabad
MAR_010057,CUST_04855,Smartphone,1,47975,2026-03-11,Debit Card,Hyderabad
MAR_010058,CUST_02765,Mouse,1,34571,2026-03-17,Credit Card,Delhi
MAR_010059,CUST_02698,Monitor,3,41106,2026-03-23,Cash on Delivery,Delhi
MAR_010060,CUST_01525,Tablet,1,17958,2026-03-07,Credit Card,Chennai
MAR_010061,CUST_01804,Monitor,3,31049,2026-03-27,Cash on Delivery,Chennai
MAR_010062,CUST_02989,Laptop,4,18498,2026-03-04,Cash on Delivery,Bangalore
MAR_010063,CUST_01984,Monitor,4,9442,2026-03-15,Cash on Delivery,Pune
MAR_010064,CUST_00774,Headphones,1,33512,2026-03-01,Cash on Delivery,Delhi
MAR_010065,CUST_03574,Laptop,2,49112,2026-03-07,UPI,Hyderabad
MAR_010066,CUST_04449,Headphones,4,37444,2026-03-29,Cash on Delivery,Pune
MAR_010067,CUST_03582,Mouse,5,1153,2026-03-07,Debit Card,Bangalore
MAR_010068,CUST_04165,Tablet,5,12483,2026-03-14,Cash on Delivery,Bangalore
MAR_010069,CUST_03983,Tablet,3,44478,2026-03-25,Credit Card,Delhi
MAR_010070,CUST_02131,Tablet,1,28451,2026-03-03,UPI,Hyderabad
MAR_010071,CUST_02164,Monitor,2,12576,2026-03-30,UPI,Delhi
MAR_010072,CUST_03485,Smartphone,5,37005,2026-03-20,Credit Card,Delhi
MAR_010073,CUST_03607,Headphones,2,48597,2026-03-28,Cash on Delivery,Hyderabad
MAR_010074,CUST_00404,Keyboard,4,48739,2026-03-31,Cash on Delivery,Chennai
MAR_010075,CUST_00125,Laptop,1,1815,2026-03-04,Debit Card,Bangalore
MAR_010076,CUST_02203,Monitor,4,13333,2026-03-12,UPI,Delhi
MAR_010077,CUST_02463,Smartwatch,1,10097,2026-03-31,Cash on Delivery,Pune
MAR_010078,CUST_03525,Smartphone,1,9837,2026-03-18,UPI,Chennai
MAR_010079,CUST_03774,Smartwatch,3,26911,2026-03-01,Credit Card,Chennai
MAR_010080,CUST_02001,Keyboard,1,3448,2026-03-06,Credit Card,Mumbai
MAR_010081,CUST_04056,Smartwatch,4,15223,2026-03-04,Credit Card,Pune
MAR_010082,CUST_01094,Laptop,1,31065,2026-03-08,Debit Card,Chennai
MAR_010083,CUST_02779,Smartphone,3,28499,2026-03-03,Cash on Delivery,Mumbai
MAR_010084,CUST_02445,Headphones,1,43985,2026-03-31,Cash on Delivery,Delhi
MAR_010085,CUST_01620,Laptop,4,10511,2026-03-07,Debit Card,Chennai
MAR_010086,CUST_01865,Headphones,1,12190,2026-03-07,Credit Card,Mumbai
MAR_010087,CUST_02920,Mouse,4,20651,2026-03-30,UPI,Pune
MAR_010088,CUST_02124,Mouse,1,36437,2026-03-17,UPI,Chennai
MAR_010089,CUST_04737,Smartphone,5,15356,2026-03-01,Debit Card,Pune
MAR_010090,CUST_01423,Tablet,1,41619,2026-03-04,Credit Card,Delhi
MAR_010091,CUST_03548,Headphones,1,12221,2026-03-05,Credit Card,Hyderabad
MAR_010092,CUST_01005,Headphones,4,2260,2026-03-09,Credit Card,Delhi
MAR_010093,CUST_00243,Laptop,5,2785,2026-03-19,Cash on Delivery,Hyderabad
MAR_010094,CUST_00818,Keyboard,4,28243,2026-03-06,Credit Card,Delhi
MAR_010095,CUST_02797,Mouse,4,23861,2026-03-04,Debit Card,Chennai
MAR_010096,CUST_03984,Mouse,4,33510,2026-03-28,Credit Card,Hyderabad
MAR_010097,CUST_03450,Tablet,5,40820,2026-03-20,UPI,Mumbai
MAR_010098,CUST_01980,Tablet,3,718,2026-03-31,Credit Card,Delhi
MAR_010099,CUST_04655,Smartwatch,4,7663,2026-03-19,Cash on Delivery,Mumbai
MAR_010100,CUST_01337,Tablet,1,1227,2026-03-08,Credit Card,Mumbai
MAR_010101,CUST_02961,Smartwatch,5,12269,2026-03-25,Debit Card,Bangalore
MAR_010102,CUST_02109,Tablet,4,43669,2026-03-14,Credit Card,Hyderabad
MAR_010103,CUST_01080,Mouse,2,49359,2026-03-29,Debit Card,Chennai
MAR_010104,CUST_04898,Mouse,5,16325,2026-03-22,UPI,Pune
MAR_010105,CUST_04959,Headphones,3,11479,2026-03-21,Cash on Delivery,Hyderabad
MAR_010106,CUST_01985,Laptop,2,43010,2026-03-17,Credit Card,Bangalore
MAR_010107,CUST_04282,Tablet,4,35610,2026-03-25,Debit Card,Hyderabad
MAR_010108,CUST_00898,Mouse,1,2653,2026-03-18,Credit Card,Mumbai
MAR_010109,CUST_01616,Smartphone,5,40543,2026-03-19,Debit Card,Bangalore
MAR_010110,CUST_02789,Smartwatch,3,26341,2026-03-03,Cash on Delivery,Delhi
MAR_010111,CUST_02099,Laptop,2,22435,2026-03-28,UPI,Pune
MAR_010112,CUST_01319,Keyboard,4,32006,2026-03-14,Credit Card,Bangalore
MAR_010113,CUST_00906,Mouse,2,47964,2026-03-02,UPI,Hyderabad
MAR_010114,CUST_00068,Headphones,2,30859,2026-03-06,Credit Card,Bangalore
MAR_010115,CUST_04370,Smartwatch,3,39417,2026-03-09,Debit Card,Delhi
MAR_010116,CUST_04453,Smartwatch,5,41802,2026-03-08,Credit Card,Bangalore
MAR_010117,CUST_04129,Headphones,2,4150,2026-03-26,UPI,Bangalore
MAR_010118,CUST_04232,Headphones,3,20280,2026-03-07,Cash on Delivery,Delhi
MAR_010119,CUST_00330,Monitor,4,5862,2026-03-27,Debit Card,Chennai
MAR_010120,CUST_01799,Laptop,1,48972,2026-03-05,Credit Card,Chennai
MAR_010121,CUST_01876,Laptop,5,34192,2026-03-13,Cash on Delivery,Pune
MAR_010122,CUST_01708,Headphones,3,34209,2026-03-07,Debit Card,Delhi
MAR_010123,CUST_01141,Headphones,4,36081,2026-03-13,Debit Card,Chennai
MAR_010124,CUST_03242,Mouse,4,40664,2026-03-14,Credit Card,Hyderabad
MAR_010125,CUST_03864,Smartwatch,1,10976,2026-03-08,Credit Card,Bangalore
MAR_010126,CUST_03428,Mouse,5,15878,2026-03-22,Cash on Delivery,Pune
MAR_010127,CUST_02895,Tablet,4,25580,2026-03-23,Credit Card,Mumbai
MAR_010128,CUST_02506,Keyboard,2,45554,2026-03-06,Credit Card,Pune
MAR_010129,CUST_00598,Monitor,1,26721,2026-03-17,Credit Card,Bangalore
MAR_010130,CUST_02324,Smartphone,2,8572,2026-03-29,Debit Card,Mumbai
MAR_010131,CUST_02506,Headphones,4,43590,2026-03-29,UPI,Pune
MAR_010132,CUST_03759,Monitor,5,35564,2026-03-06,Credit Card,Chennai
MAR_010133,CUST_00103,Smartphone,4,31207,2026-03-12,UPI,Delhi
MAR_010134,CUST_02618,Smartphone,5,32903,2026-03-02,Credit Card,Delhi
MAR_010135,CUST_03073,Laptop,1,25450,2026-03-17,UPI,Chennai
MAR_010136,CUST_01915,Monitor,4,21546,2026-03-02,Debit Card,Chennai
MAR_010137,CUST_03859,Smartphone,5,35266,2026-03-03,Debit Card,Mumbai
MAR_010138,CUST_01103,Smartphone,1,24360,2026-03-20,Cash on Delivery,Delhi
MAR_010139,CUST_04768,Tablet,2,4644,2026-03-04,Debit Card,Bangalore
MAR_010140,CUST_01673,Monitor,3,10993,2026-03-12,Credit Card,Delhi
MAR_010141,CUST_03447,Keyboard,3,49628,2026-03-15,UPI,Chennai
MAR_010142,CUST_04790,Smartphone,3,7459,2026-03-03,UPI,Chennai
MAR_010143,CUST_01250,Headphones,5,30257,2026-03-10,UPI,Pune
MAR_010144,CUST_04420,Headphones,3,22203,2026-03-05,UPI,Delhi
MAR_010145,CUST_03195,Monitor,1,41486,2026-03-10,Debit Card,Hyderabad
MAR_010146,CUST_00350,Smartphone,4,31278,2026-03-07,Debit Card,Pune
MAR_010147,CUST_00532,Headphones,5,4506,2026-03-11,Credit Card,Mumbai
MAR_010148,CUST_04786,Monitor,5,32892,2026-03-26,Credit Card,Pune
MAR_010149,CUST_01751,Smartwatch,4,29558,2026-03-22,Cash on Delivery,Bangalore
MAR_010150,CUST_01788,Smartwatch,1,47662,2026-03-11,Cash on Delivery,Chennai
MAR_010151,CUST_03857,Smartwatch,2,18224,2026-03-23,Debit Card,Mumbai
MAR_010152,CUST_04890,Mouse,4,22222,2026-03-28,UPI,Hyderabad
MAR_010153,CUST_03536,Keyboard,2,14222,2026-03-10,Credit Card,Pune
MAR_010154,CUST_03825,Headphones,3,24642,2026-03-24,Credit Card,Pune
MAR_010155,CUST_01259,Headphones,4,8492,2026-03-08,UPI,Delhi
MAR_010156,CUST_00749,Laptop,1,4440,2026-03-26,UPI,Chennai
MAR_010157,CUST_03208,Mouse,4,29189,2026-03-19,Debit Card,Bangalore
MAR_010158,CUST_01456,Keyboard,4,28845,2026-03-17,Credit Card,Mumbai
MAR_010159,CUST_02095,Tablet,1,25294,2026-03-29,Debit Card,Bangalore
MAR_010160,CUST_01418,Smartwatch,5,248,2026-03-06,UPI,Pune
MAR_010161,CUST_03021,Monitor,4,14697,2026-03-24,UPI,Mumbai
MAR_010162,CUST_03769,Mouse,4,47028,2026-03-16,UPI,Pune
MAR_010163,CUST_01251,Smartphone,2,26850,2026-03-12,Cash on Delivery,Delhi
MAR_010164,CUST_04131,Mouse,4,5362,2026-03-31,Cash on Delivery,Bangalore
MAR_010165,CUST_01869,Headphones,5,38433,2026-03-17,Credit Card,Pune
MAR_010166,CUST_01172,Mouse,1,27158,2026-03-11,Credit Card,Bangalore
MAR_010167,CUST_01771,Keyboard,4,8136,2026-03-03,Debit Card,Delhi
MAR_010168,CUST_02144,Smartphone,3,4659,2026-03-21,Cash on Delivery,Hyderabad
MAR_010169,CUST_00052,Mouse,4,3714,2026-03-08,Debit Card,Hyderabad
MAR_010170,CUST_04551,Tablet,3,41013,2026-03-29,Debit Card,Hyderabad
MAR_010171,CUST_01477,Keyboard,1,11559,2026-03-06,Cash on Delivery,Delhi
MAR_010172,CUST_02165,Headphones,1,28308,2026-03-21,Cash on Delivery,Pune
MAR_010173,CUST_04001,Smartwatch,2,9095,2026-03-13,Cash on Delivery,Bangalore
MAR_010174,CUST_04354,Smartwatch,3,33346,2026-03-02,UPI,Delhi
MAR_010175,CUST_04628,Headphones,1,29617,2026-03-06,Debit Card,Chennai
MAR_010176,CUST_01594,Keyboard,5,32883,2026-03-27,Debit Card,Hyderabad
MAR_010177,CUST_00086,Smartwatch,4,12947,2026-03-08,Credit Card,Bangalore
MAR_010178,CUST_02284,Keyboard,1,27582,2026-03-18,Credit Card,Pune
MAR_010179,CUST_01605,Tablet,1,9304,2026-03-22,Cash on Delivery,Mumbai
MAR_010180,CUST_00201,Headphones,3,45369,2026-03-13,Debit Card,Chennai
MAR_010181,CUST_02111,Smartphone,2,22056,2026-03-13,Credit Card,Chennai
MAR_010182,CUST_03515,Smartphone,1,24596,2026-03-06,Credit Card,Delhi
MAR_010183,CUST_01531,Smartwatch,1,4018,2026-03-16,Debit Card,Delhi
MAR_010184,CUST_02399,Smartwatch,4,10775,2026-03-31,Debit Card,Chennai
MAR_010185,CUST_04824,Headphones,5,6735,2026-03-26,Cash on Delivery,Hyderabad
MAR_010186,CUST_01241,Monitor,5,17223,2026-03-20,Credit Card,Chennai
MAR_010187,CUST_04043,Tablet,4,13942,2026-03-29,UPI,Hyderabad
MAR_010188,CUST_04864,Headphones,5,49952,2026-03-14,Cash on Delivery,Mumbai
MAR_010189,CUST_02302,Laptop,2,20973,2026-03-18,Credit Card,Hyderabad
MAR_010190,CUST_04046,Smartphone,4,10832,2026-03-12,Debit Card,Hyderabad
MAR_010191,CUST_01309,Smartphone,1,36549,2026-03-15,Debit Card,Bangalore
MAR_010192,CUST_04761,Headphones,5,46949,2026-03-15,Debit Card,Bangalore
MAR_010193,CUST_03487,Laptop,5,8184,2026-03-03,Cash on Delivery,Bangalore
MAR_010194,CUST_01054,Headphones,4,24409,2026-03-01,Cash on Delivery,Pune
MAR_010195,CUST_03079,Mouse,4,22494,2026-03-12,Debit Card,Pune
MAR_010196,CUST_03578,Monitor,2,33503,2026-03-19,Debit Card,Delhi
MAR_010197,CUST_03398,Laptop,5,1007,2026-03-14,Cash on Delivery,Hyderabad
MAR_010198,CUST_03480,Smartwatch,2,43400,2026-03-05,Credit Card,Bangalore
MAR_010199,CUST_01370,Headphones,1,28768,2026-03-05,Debit Card,Chennai
MAR_010200,CUST_00090,Monitor,5,43034,2026-03-25,Debit Card,Pune
MAR_010201,CUST_01791,Laptop,5,18188,2026-03-04,UPI,Pune
MAR_010202,CUST_03691,Smartwatch,1,12832,2026-03-09,Debit Card,Chennai
MAR_010203,CUST_03881,Laptop,3,19045,2026-03-16,Debit Card,Bangalore
MAR_010204,CUST_03959,Monitor,2,28385,2026-03-06,Debit Card,Pune
MAR_010205,CUST_04693,Keyboard,2,13686,2026-03-21,UPI,Delhi
MAR_010206,CUST_00500,Keyboard,3,15788,2026-03-21,UPI,Hyderabad
MAR_010207,CUST_02597,Keyboard,3,6549,2026-03-30,UPI,Pune
MAR_010208,CUST_00840,Monitor,4,29640,2026-03-16,Debit Card,Delhi
MAR_010209,CUST_02968,Smartwatch,1,21038,2026-03-20,Debit Card,Delhi
MAR_010210,CUST_04528,Headphones,4,40159,2026-03-30,Debit Card,Chennai
MAR_010211,CUST_02243,Tablet,5,19726,2026-03-03,Debit Card,Bangalore
MAR_010212,CUST_00437,Mouse,3,45966,2026-03-01,Credit Card,Delhi
MAR_010213,CUST_00728,Tablet,2,34185,2026-03-23,Cash on Delivery,Mumbai
MAR_010214,CUST_01573,Keyboard,3,22969,2026-03-09,Debit Card,Delhi
MAR_010215,CUST_04754,Keyboard,2,20830,2026-03-14,Credit Card,Bangalore
MAR_010216,CUST_01157,Keyboard,5,22070,2026-03-24,Cash on Delivery,Pune
MAR_010217,CUST_03269,Keyboard,3,27399,2026-03-10,UPI,Delhi
MAR_010218,CUST_02159,Headphones,2,31631,2026-03-30,Debit Card,Chennai
MAR_010219,CUST_04757,Laptop,1,40372,2026-03-02,UPI,Bangalore
MAR_010220,CUST_04742,Mouse,3,38032,2026-03-14,Credit Card,Hyderabad
MAR_010221,CUST_02606,Smartphone,3,17414,2026-03-26,Cash on Delivery,Delhi
MAR_010222,CUST_03602,Headphones,2,9691,2026-03-06,Cash on Delivery,Hyderabad
MAR_010223,CUST_02726,Smartwatch,5,31981,2026-03-02,UPI,Hyderabad
MAR_010224,CUST_02657,Mouse,4,30804,2026-03-29,Debit Card,Hyderabad
MAR_010225,CUST_04277,Tablet,3,4809,2026-03-21,Debit Card,Pune
MAR_010226,CUST_01758,Laptop,3,19401,2026-03-19,UPI,Delhi
MAR_010227,CUST_02179,Monitor,4,36707,2026-03-27,UPI,Mumbai
MAR_010228,CUST_00319,Smartphone,1,31702,2026-03-25,Debit Card,Pune
MAR_010229,CUST_03424,Tablet,3,316,2026-03-07,Cash on Delivery,Chennai
MAR_010230,CUST_03258,Smartphone,5,4636,2026-03-15,Credit Card,Chennai
MAR_010231,CUST_04616,Headphones,1,44966,2026-03-15,Cash on Delivery,Mumbai
MAR_010232,CUST_02057,Tablet,2,23724,2026-03-31,Cash on Delivery,Mumbai
MAR_010233,CUST_00791,Keyboard,3,37951,2026-03-29,Debit Card,Hyderabad
MAR_010234,CUST_02851,Keyboard,1,19586,2026-03-05,UPI,Mumbai
MAR_010235,CUST_00750,Monitor,2,19468,2026-03-20,UPI,Chennai
MAR_010236,CUST_04251,Monitor,3,48821,2026-03-24,Credit Card,Bangalore
MAR_010237,CUST_00364,Keyboard,5,8352,2026-03-28,Cash on Delivery,Pune
MAR_010238,CUST_03549,Smartphone,1,46389,2026-03-30,Cash on Delivery,Delhi
MAR_010239,CUST_00256,Smartwatch,1,26563,2026-03-05,Debit Card,Chennai
MAR_010240,CUST_03666,Mouse,4,20800,2026-03-10,Cash on Delivery,Hyderabad
MAR_010241,CUST_02094,Headphones,5,36044,2026-03-07,Cash on Delivery,Hyderabad
MAR_010242,CUST_03326,Laptop,5,15338,2026-03-31,Cash on Delivery,Bangalore
MAR_010243,CUST_00707,Keyboard,4,46124,2026-03-09,Credit Card,Bangalore
MAR_010244,CUST_03504,Smartphone,1,23850,2026-03-23,Credit Card,Bangalore
MAR_010245,CUST_04249,Laptop,2,16239,2026-03-22,UPI,Bangalore
MAR_010246,CUST_03776,Monitor,5,17608,2026-03-20,Cash on Delivery,Chennai
MAR_010247,CUST_03669,Keyboard,5,37509,2026-03-17,UPI,Hyderabad
MAR_010248,CUST_00601,Laptop,4,49536,2026-03-03,Debit Card,Bangalore
MAR_010249,CUST_00922,Laptop,4,31358,2026-03-26,Cash on Delivery,Delhi
MAR_010250,CUST_00160,Headphones,3,2132,2026-03-15,Cash on Delivery,Delhi
MAR_010251,CUST_03211,Keyboard,2,44356,2026-03-11,UPI,Delhi
MAR_010252,CUST_03567,Headphones,1,3387,2026-03-18,Debit Card,Mumbai
MAR_010253,CUST_00037,Tablet,4,35228,2026-03-14,UPI,Chennai
MAR_010254,CUST_02890,Tablet,1,7676,2026-03-14,Debit Card,Bangalore
MAR_010255,CUST_02506,Headphones,4,10034,2026-03-22,Debit Card,Pune
MAR_010256,CUST_04757,Smartphone,2,48809,2026-03-16,Cash on Delivery,Mumbai
MAR_010257,CUST_02605,Tablet,2,27371,2026-03-04,Cash on Delivery,Hyderabad
MAR_010258,CUST_03901,Headphones,5,12573,2026-03-10,UPI,Chennai
MAR_010259,CUST_03963,Smartwatch,2,42515,2026-03-18,Cash on Delivery,Hyderabad
MAR_010260,CUST_04051,Headphones,2,17964,2026-03-30,Debit Card,Hyderabad
MAR_010261,CUST_01721,Smartwatch,1,38356,2026-03-27,Credit Card,Mumbai
MAR_010262,CUST_01926,Smartwatch,4,26241,2026-03-29,UPI,Delhi
MAR_010263,CUST_04382,Tablet,2,26773,2026-03-14,Credit Card,Chennai
MAR_010264,CUST_02680,Laptop,5,21204,2026-03-12,Debit Card,Pune
MAR_010265,CUST_04679,Mouse,3,36306,2026-03-20,UPI,Chennai
MAR_010266,CUST_02883,Monitor,1,10318,2026-03-25,Cash on Delivery,Bangalore
MAR_010267,CUST_00331,Tablet,1,30253,2026-03-01,Credit Card,Pune
MAR_010268,CUST_02713,Tablet,4,11157,2026-03-21,Credit Card,Hyderabad
MAR_010269,CUST_00224,Smartphone,2,47712,2026-03-18,Credit Card,Delhi
MAR_010270,CUST_03808,Smartphone,5,12264,2026-03-04,Cash on Delivery,Chennai
MAR_010271,CUST_02198,Smartphone,3,31634,2026-03-09,UPI,Delhi
MAR_010272,CUST_02290,Tablet,2,2872,2026-03-08,Cash on Delivery,Bangalore
MAR_010273,CUST_01149,Mouse,4,25438,2026-03-25,Debit Card,Bangalore
MAR_010274,CUST_00817,Headphones,3,48524,2026-03-10,Credit Card,Hyderabad
MAR_010275,CUST_04174,Smartphone,5,20782,2026-03-06,UPI,Chennai
MAR_010276,CUST_03927,Headphones,1,34032,2026-03-30,UPI,Bangalore
MAR_010277,CUST_03600,Tablet,3,25602,2026-03-28,Debit Card,Hyderabad
MAR_010278,CUST_04549,Smartphone,3,18111,2026-03-04,Credit Card,Chennai
MAR_010279,CUST_04483,Monitor,4,20336,2026-03-12,UPI,Bangalore
MAR_010280,CUST_04714,Smartwatch,3,14394,2026-03-27,Debit Card,Pune
MAR_010281,CUST_02199,Tablet,2,10867,2026-03-14,Credit Card,Hyderabad
MAR_010282,CUST_04251,Keyboard,2,42607,2026-03-08,Debit Card,Hyderabad
MAR_010283,CUST_02140,Smartwatch,2,37819,2026-03-17,UPI,Hyderabad
MAR_010284,CUST_02534,Monitor,5,25332,2026-03-08,Credit Card,Bangalore
MAR_010285,CUST_04968,Mouse,1,13814,2026-03-28,Debit Card,Chennai
MAR_010286,CUST_01294,Smartwatch,1,30941,2026-03-30,Credit Card,Mumbai
MAR_010287,CUST_03220,Headphones,2,5663,2026-03-10,Cash on Delivery,Delhi
MAR_010288,CUST_03898,Smartphone,2,47090,2026-03-09,Cash on Delivery,Mumbai
MAR_010289,CUST_02438,Monitor,1,4224,2026-03-03,Debit Card,Chennai
MAR_010290,CUST_01296,Tablet,1,39467,2026-03-25,Debit Card,Delhi
MAR_010291,CUST_02065,Laptop,2,38156,2026-03-26,Cash on Delivery,Pune
MAR_010292,CUST_02970,Headphones,3,19458,2026-03-16,Credit Card,Delhi
MAR_010293,CUST_02722,Monitor,3,22686,2026-03-06,Cash on Delivery,Hyderabad
MAR_010294,CUST_03610,Smartphone,2,42590,2026-03-08,UPI,Mumbai
MAR_010295,CUST_04336,Tablet,3,19766,2026-03-20,UPI,Mumbai
MAR_010296,CUST_01883,Monitor,1,31878,2026-03-29,Cash on Delivery,Pune
MAR_010297,CUST_03656,Keyboard,4,20107,2026-03-29,Debit Card,Bangalore
MAR_010298,CUST_02209,Laptop,1,16907,2026-03-01,Cash on Delivery,Bangalore
MAR_010299,CUST_04782,Tablet,3,27046,2026-03-19,Debit Card,Pune
MAR_010300,CUST_04098,Smartwatch,3,10078,2026-03-14,Credit Card,Mumbai
MAR_010301,CUST_03868,Laptop,1,44977,2026-03-11,UPI,Mumbai
MAR_010302,CUST_01706,Smartphone,2,5146,2026-03-15,Credit Card,Pune
MAR_010303,CUST_00919,Laptop,4,8228,2026-03-15,Cash on Delivery,Delhi
MAR_010304,CUST_00650,Smartphone,5,45125,2026-03-31,Debit Card,Delhi
MAR_010305,CUST_00740,Smartphone,4,46457,2026-03-03,UPI,Bangalore
MAR_010306,CUST_04642,Smartwatch,4,26602,2026-03-14,Debit Card,Pune
MAR_010307,CUST_04254,Mouse,1,39439,2026-03-24,Credit Card,Chennai
MAR_010308,CUST_03984,Keyboard,1,12093,2026-03-13,Cash on Delivery,Hyderabad
MAR_010309,CUST_01318,Tablet,5,23421,2026-03-28,Credit Card,Pune
MAR_010310,CUST_01747,Headphones,2,7239,2026-03-04,Credit Card,Pune
MAR_010311,CUST_00619,Headphones,3,12394,2026-03-12,Cash on Delivery,Delhi
MAR_010312,CUST_03744,Tablet,1,18874,2026-03-06,Credit Card,Pune
MAR_010313,CUST_01841,Tablet,2,22983,2026-03-02,Credit Card,Hyderabad
MAR_010314,CUST_04301,Smartphone,2,16369,2026-03-23,Cash on Delivery,Hyderabad
MAR_010315,CUST_03300,Laptop,3,48193,2026-03-13,Cash on Delivery,Bangalore
MAR_010316,CUST_04574,Mouse,4,377,2026-03-23,Cash on Delivery,Delhi
MAR_010317,CUST_00106,Tablet,3,20140,2026-03-24,Cash on Delivery,Chennai
MAR_010318,CUST_00183,Headphones,3,32186,2026-03-21,UPI,Pune
MAR_010319,CUST_00966,Monitor,3,32936,2026-03-10,Credit Card,Bangalore
MAR_010320,CUST_03386,Laptop,3,43997,2026-03-30,Credit Card,Pune
MAR_010321,CUST_04404,Tablet,2,27147,2026-03-27,Credit Card,Hyderabad
MAR_010322,CUST_03933,Laptop,3,28667,2026-03-27,Credit Card,Bangalore
MAR_010323,CUST_04434,Laptop,5,44239,2026-03-20,Debit Card,Hyderabad
MAR_010324,CUST_00238,Smartphone,5,32701,2026-03-14,Credit Card,Hyderabad
MAR_010325,CUST_00444,Headphones,1,24174,2026-03-21,Credit Card,Bangalore
MAR_010326,CUST_00611,Headphones,5,23024,2026-03-24,Debit Card,Delhi
MAR_010327,CUST_01764,Laptop,1,7703,2026-03-13,Debit Card,Mumbai
MAR_010328,CUST_01911,Keyboard,5,3814,2026-03-07,UPI,Pune
MAR_010329,CUST_01878,Keyboard,4,35550,2026-03-04,Cash on Delivery,Mumbai
MAR_010330,CUST_03226,Laptop,4,3637,2026-03-25,Cash on Delivery,Hyderabad
MAR_010331,CUST_04055,Tablet,4,27756,2026-03-24,Debit Card,Hyderabad
MAR_010332,CUST_01021,Laptop,5,35839,2026-03-26,Debit Card,Pune
MAR_010333,CUST_01631,Tablet,5,6603,2026-03-12,UPI,Hyderabad
MAR_010334,CUST_03697,Mouse,3,12636,2026-03-13,UPI,Pune
MAR_010335,CUST_03161,Laptop,3,46746,2026-03-12,UPI,Mumbai
MAR_010336,CUST_01417,Mouse,2,22667,2026-03-12,Cash on Delivery,Bangalore
MAR_010337,CUST_02001,Keyboard,3,26464,2026-03-02,Debit Card,Bangalore
MAR_010338,CUST_03639,Monitor,5,11749,2026-03-06,Cash on Delivery,Chennai
MAR_010339,CUST_01267,Smartphone,3,26672,2026-03-16,Credit Card,Bangalore
MAR_010340,CUST_00109,Laptop,4,32948,2026-03-24,UPI,Mumbai
MAR_010341,CUST_04272,Smartwatch,3,47170,2026-03-04,Debit Card,Pune
MAR_010342,CUST_01666,Laptop,4,14364,2026-03-16,Debit Card,Mumbai
MAR_010343,CUST_00380,Laptop,4,14816,2026-03-16,Credit Card,Chennai
MAR_010344,CUST_01236,Keyboard,3,47961,2026-03-12,Cash on Delivery,Hyderabad
MAR_010345,CUST_04385,Keyboard,2,24982,2026-03-23,Debit Card,Pune
MAR_010346,CUST_01409,Monitor,3,11353,2026-03-03,UPI,Delhi
MAR_010347,CUST_03708,Headphones,1,9034,2026-03-11,Credit Card,Mumbai
MAR_010348,CUST_03525,Smartwatch,2,45730,2026-03-08,Credit Card,Delhi
MAR_010349,CUST_02702,Headphones,5,5877,2026-03-31,Credit Card,Delhi
MAR_010350,CUST_01222,Tablet,5,33309,2026-03-18,UPI,Bangalore
MAR_010351,CUST_03742,Headphones,3,9418,2026-03-31,UPI,Hyderabad
MAR_010352,CUST_01070,Smartwatch,4,23661,2026-03-31,Debit Card,Delhi
MAR_010353,CUST_01874,Mouse,4,46583,2026-03-02,Cash on Delivery,Pune
MAR_010354,CUST_03615,Headphones,2,18727,2026-03-07,Credit Card,Bangalore
MAR_010355,CUST_03674,Monitor,2,6118,2026-03-03,Debit Card,Bangalore
MAR_010356,CUST_03451,Keyboard,5,17213,2026-03-26,Debit Card,Mumbai
MAR_010357,CUST_03876,Mouse,5,40055,2026-03-27,Credit Card,Chennai
MAR_010358,CUST_02055,Laptop,2,14076,2026-03-07,Credit Card,Mumbai
MAR_010359,CUST_03493,Laptop,1,14107,2026-03-29,Cash on Delivery,Pune
MAR_010360,CUST_03494,Keyboard,4,36285,2026-03-23,Cash on Delivery,Pune
MAR_010361,CUST_02182,Monitor,5,37908,2026-03-17,Debit Card,Chennai
MAR_010362,CUST_02037,Keyboard,3,22903,2026-03-17,UPI,Mumbai
MAR_010363,CUST_00147,Keyboard,1,39784,2026-03-05,UPI,Chennai
MAR_010364,CUST_02585,Smartwatch,2,44683,2026-03-13,Debit Card,Delhi
MAR_010365,CUST_03292,Tablet,5,27388,2026-03-17,Credit Card,Hyderabad
MAR_010366,CUST_00313,Laptop,2,47184,2026-03-22,Debit Card,Delhi
MAR_010367,CUST_03804,Smartwatch,1,27920,2026-03-15,Credit Card,Pune
MAR_010368,CUST_00591,Smartphone,4,25489,2026-03-09,Credit Card,Pune
MAR_010369,CUST_01196,Smartphone,5,27261,2026-03-29,Cash on Delivery,Pune
MAR_010370,CUST_04024,Laptop,2,31009,2026-03-04,UPI,Delhi
MAR_010371,CUST_03542,Mouse,5,43071,2026-03-11,Cash on Delivery,Pune
MAR_010372,CUST_03801,Monitor,5,34001,2026-03-18,Debit Card,Chennai
MAR_010373,CUST_01697,Mouse,1,13420,2026-03-07,Cash on Delivery,Pune
MAR_010374,CUST_00689,Smartwatch,4,12521,2026-03-07,Cash on Delivery,Delhi
MAR_010375,CUST_04692,Smartphone,2,49335,2026-03-22,Cash on Delivery,Bangalore
MAR_010376,CUST_02124,Headphones,4,17236,2026-03-06,Cash on Delivery,Chennai
MAR_010377,CUST_04521,Tablet,5,41240,2026-03-12,Debit Card,Hyderabad
MAR_010378,CUST_01215,Monitor,1,20824,2026-03-30,UPI,Pune
MAR_010379,CUST_03875,Mouse,3,48117,2026-03-23,Cash on Delivery,Mumbai
MAR_010380,CUST_03944,Tablet,2,30815,2026-03-02,Debit Card,Hyderabad
MAR_010381,CUST_02540,Tablet,1,36441,2026-03-13,Debit Card,Delhi
MAR_010382,CUST_04570,Monitor,3,4658,2026-03-03,Debit Card,Mumbai
MAR_010383,CUST_03829,Tablet,1,18110,2026-03-11,Debit Card,Chennai
MAR_010384,CUST_00359,Laptop,5,11500,2026-03-27,Cash on Delivery,Chennai
MAR_010385,CUST_01776,Tablet,1,10557,2026-03-03,Debit Card,Delhi
MAR_010386,CUST_01336,Headphones,1,5554,2026-03-26,Credit Card,Chennai
MAR_010387,CUST_03032,Monitor,3,3825,2026-03-04,Debit Card,Hyderabad
MAR_010388,CUST_04296,Smartphone,4,20348,2026-03-28,Debit Card,Delhi
MAR_010389,CUST_02466,Mouse,5,11043,2026-03-11,Credit Card,Pune
MAR_010390,CUST_04428,Monitor,5,12546,2026-03-10,UPI,Chennai
MAR_010391,CUST_00079,Mouse,4,42239,2026-03-25,Credit Card,Mumbai
MAR_010392,CUST_00747,Smartphone,1,36226,2026-03-28,Credit Card,Hyderabad
MAR_010393,CUST_03325,Monitor,5,48761,2026-03-17,Cash on Delivery,Mumbai
MAR_010394,CUST_00493,Smartphone,2,47555,2026-03-04,Debit Card,Mumbai
MAR_010395,CUST_01948,Headphones,5,45883,2026-03-04,Cash on Delivery,Hyderabad
MAR_010396,CUST_03686,Tablet,1,6893,2026-03-29,Debit Card,Delhi
MAR_010397,CUST_02731,Mouse,5,32767,2026-03-30,Credit Card,Bangalore
MAR_010398,CUST_00285,Monitor,3,39361,2026-03-26,Debit Card,Pune
MAR_010399,CUST_01639,Mouse,1,22721,2026-03-18,Debit Card,Delhi
MAR_010400,CUST_00407,Laptop,5,4056,2026-03-04,UPI,Bangalore
MAR_010401,CUST_02698,Mouse,2,34500,2026-03-25,Cash on Delivery,Mumbai
MAR_010402,CUST_03713,Monitor,1,45335,2026-03-29,Debit Card,Mumbai
MAR_010403,CUST_01047,Headphones,3,6757,2026-03-03,Credit Card,Chennai
MAR_010404,CUST_01525,Laptop,1,24874,2026-03-10,Credit Card,Mumbai
MAR_010405,CUST_03951,Monitor,3,6324,2026-03-01,Cash on Delivery,Chennai
MAR_010406,CUST_02712,Keyboard,2,35860,2026-03-30,Credit Card,Bangalore
MAR_010407,CUST_02093,Laptop,2,43302,2026-03-29,Cash on Delivery,Delhi
MAR_010408,CUST_02833,Tablet,3,14253,2026-03-19,Cash on Delivery,Bangalore
MAR_010409,CUST_03164,Tablet,3,7670,2026-03-13,UPI,Hyderabad
MAR_010410,CUST_02930,Mouse,3,23737,2026-03-30,Debit Card,Chennai
MAR_010411,CUST_02223,Mouse,4,16397,2026-03-08,Debit Card,Mumbai
MAR_010412,CUST_04783,Smartwatch,2,6298,2026-03-15,Debit Card,Mumbai
MAR_010413,CUST_01774,Smartphone,5,23389,2026-03-08,UPI,Delhi
MAR_010414,CUST_03252,Tablet,3,23067,2026-03-23,Credit Card,Hyderabad
MAR_010415,CUST_00966,Smartphone,2,31266,2026-03-09,Cash on Delivery,Hyderabad
MAR_010416,CUST_00577,Smartwatch,5,5291,2026-03-24,Cash on Delivery,Chennai
MAR_010417,CUST_00901,Mouse,4,4053,2026-03-22,Cash on Delivery,Bangalore
MAR_010418,CUST_02345,Laptop,1,11104,2026-03-08,UPI,Delhi
MAR_010419,CUST_02184,Headphones,1,8107,2026-03-26,Cash on Delivery,Hyderabad
MAR_010420,CUST_00988,Smartwatch,2,5846,2026-03-31,Cash on Delivery,Delhi
MAR_010421,CUST_00485,Smartwatch,2,9328,2026-03-21,Cash on Delivery,Bangalore
MAR_010422,CUST_01735,Tablet,4,33255,2026-03-16,UPI,Delhi
MAR_010423,CUST_04696,Tablet,5,20193,2026-03-21,Credit Card,Pune
MAR_010424,CUST_03731,Keyboard,2,5140,2026-03-28,UPI,Mumbai
MAR_010425,CUST_03065,Keyboard,2,44186,2026-03-28,UPI,Mumbai
MAR_010426,CUST_02170,Laptop,1,21242,2026-03-07,Debit Card,Chennai
MAR_010427,CUST_03924,Monitor,4,37872,2026-03-01,UPI,Hyderabad
MAR_010428,CUST_04925,Keyboard,1,6386,2026-03-24,Debit Card,Mumbai
MAR_010429,CUST_01676,Smartwatch,1,3321,2026-03-30,Debit Card,Chennai
MAR_010430,CUST_01251,Laptop,5,8167,2026-03-08,Cash on Delivery,Hyderabad
MAR_010431,CUST_02732,Laptop,3,34711,2026-03-05,Credit Card,Mumbai
MAR_010432,CUST_00438,Smartwatch,1,21578,2026-03-16,Debit Card,Chennai
MAR_010433,CUST_04627,Smartphone,3,15062,2026-03-26,Credit Card,Mumbai
MAR_010434,CUST_03833,Headphones,5,24317,2026-03-28,UPI,Delhi
MAR_010435,CUST_03668,Headphones,3,30423,2026-03-16,Cash on Delivery,Pune
MAR_010436,CUST_03556,Laptop,2,33809,2026-03-11,Debit Card,Pune
MAR_010437,CUST_04002,Smartwatch,4,38496,2026-03-07,Debit Card,Hyderabad
MAR_010438,CUST_02659,Tablet,1,15761,2026-03-03,Credit Card,Pune
MAR_010439,CUST_00890,Smartphone,5,3974,2026-03-15,Credit Card,Hyderabad
MAR_010440,CUST_02195,Smartphone,2,45573,2026-03-22,Cash on Delivery,Chennai
MAR_010441,CUST_00643,Smartwatch,1,405,2026-03-12,Credit Card,Mumbai
MAR_010442,CUST_00975,Mouse,3,19421,2026-03-02,UPI,Bangalore
MAR_010443,CUST_03618,Smartphone,5,12865,2026-03-07,UPI,Mumbai
MAR_010444,CUST_01445,Monitor,1,42319,2026-03-02,Credit Card,Bangalore
MAR_010445,CUST_01246,Monitor,4,44944,2026-03-09,Cash on Delivery,Bangalore
MAR_010446,CUST_04466,Laptop,3,48299,2026-03-08,Debit Card,Delhi
MAR_010447,CUST_02339,Smartwatch,3,38140,2026-03-20,UPI,Delhi
MAR_010448,CUST_02857,Smartwatch,4,4166,2026-03-02,Debit Card,Delhi
MAR_010449,CUST_03500,Mouse,1,20241,2026-03-14,Cash on Delivery,Hyderabad
MAR_010450,CUST_01832,Laptop,5,31973,2026-03-08,UPI,Hyderabad
MAR_010451,CUST_01758,Mouse,3,19131,2026-03-17,Debit Card,Mumbai
MAR_010452,CUST_04412,Smartwatch,3,40446,2026-03-19,UPI,Mumbai
MAR_010453,CUST_04860,Mouse,1,33206,2026-03-08,Debit Card,Hyderabad
MAR_010454,CUST_01704,Monitor,3,6697,2026-03-24,UPI,Mumbai
MAR_010455,CUST_03491,Monitor,5,13388,2026-03-24,Cash on Delivery,Hyderabad
MAR_010456,CUST_01221,Laptop,4,19916,2026-03-15,Credit Card,Hyderabad
MAR_010457,CUST_01788,Headphones,3,15958,2026-03-06,Debit Card,Chennai
MAR_010458,CUST_04108,Monitor,2,21503,2026-03-31,UPI,Delhi
MAR_010459,CUST_03254,Smartphone,4,36505,2026-03-28,UPI,Delhi
MAR_010460,CUST_01931,Smartphone,1,29459,2026-03-13,UPI,Bangalore
MAR_010461,CUST_02060,Smartwatch,1,44390,2026-03-01,Debit Card,Delhi
MAR_010462,CUST_03832,Smartwatch,4,13689,2026-03-19,Debit Card,Pune
MAR_010463,CUST_04536,Keyboard,3,14169,2026-03-23,Debit Card,Hyderabad
MAR_010464,CUST_01916,Smartphone,4,38877,2026-03-15,Debit Card,Chennai
MAR_010465,CUST_02608,Keyboard,2,15118,2026-03-07,Cash on Delivery,Chennai
MAR_010466,CUST_02312,Tablet,3,33866,2026-03-23,Credit Card,Hyderabad
MAR_010467,CUST_00349,Keyboard,2,43079,2026-03-20,Debit Card,Pune
MAR_010468,CUST_03079,Tablet,5,31805,2026-03-15,Cash on Delivery,Pune
MAR_010469,CUST_04632,Tablet,3,839,2026-03-31,Credit Card,Mumbai
MAR_010470,CUST_04709,Headphones,2,18970,2026-03-27,Credit Card,Hyderabad
MAR_010471,CUST_00902,Monitor,5,48776,2026-03-25,Debit Card,Mumbai
MAR_010472,CUST_02022,Mouse,4,9502,2026-03-18,Credit Card,Pune
MAR_010473,CUST_00342,Mouse,1,30452,2026-03-31,Cash on Delivery,Bangalore
MAR_010474,CUST_04516,Headphones,5,23130,2026-03-09,UPI,Bangalore
MAR_010475,CUST_00469,Keyboard,5,31888,2026-03-12,Cash on Delivery,Hyderabad
MAR_010476,CUST_01439,Smartwatch,5,27128,2026-03-21,UPI,Mumbai
MAR_010477,CUST_00273,Headphones,1,7338,2026-03-24,Cash on Delivery,Mumbai
MAR_010478,CUST_04727,Laptop,2,7335,2026-03-18,Credit Card,Chennai
MAR_010479,CUST_00277,Headphones,4,44143,2026-03-16,Debit Card,Mumbai
MAR_010480,CUST_00575,Smartwatch,1,10615,2026-03-15,UPI,Mumbai
MAR_010481,CUST_03934,Monitor,1,33351,2026-03-15,Debit Card,Pune
MAR_010482,CUST_02954,Keyboard,2,12646,2026-03-13,Cash on Delivery,Pune
MAR_010483,CUST_00274,Keyboard,2,44341,2026-03-26,Cash on Delivery,Delhi
MAR_010484,CUST_03871,Monitor,4,33695,2026-03-20,Credit Card,Hyderabad
MAR_010485,CUST_01143,Laptop,2,19978,2026-03-27,Credit Card,Bangalore
MAR_010486,CUST_00997,Smartphone,3,10464,2026-03-18,Debit Card,Pune
MAR_010487,CUST_02702,Smartwatch,1,23092,2026-03-17,Credit Card,Mumbai
MAR_010488,CUST_02592,Tablet,5,33880,2026-03-31,Cash on Delivery,Hyderabad
MAR_010489,CUST_04731,Smartphone,2,14373,2026-03-10,UPI,Chennai
MAR_010490,CUST_01886,Mouse,2,35932,2026-03-23,Cash on Delivery,Bangalore
MAR_010491,CUST_03132,Smartphone,2,42542,2026-03-25,Credit Card,Chennai
MAR_010492,CUST_02391,Headphones,5,2573,2026-03-11,Debit Card,Mumbai
MAR_010493,CUST_04864,Monitor,4,3213,2026-03-13,Debit Card,Bangalore
MAR_010494,CUST_02090,Monitor,3,26669,2026-03-27,Cash on Delivery,Chennai
MAR_010495,CUST_04642,Smartwatch,2,45220,2026-03-09,UPI,Delhi
MAR_010496,CUST_01358,Monitor,5,34147,2026-03-18,UPI,Chennai
MAR_010497,CUST_01099,Keyboard,1,15273,2026-03-01,UPI,Mumbai
MAR_010498,CUST_01595,Monitor,5,39574,2026-03-22,Cash on Delivery,Mumbai
MAR_010499,CUST_04526,Smartwatch,2,41316,2026-03-11,Debit Card,Hyderabad
MAR_010500,CUST_01351,Laptop,1,26689,2026-03-30,Credit Card,Hyderabad
MAR_010501,CUST_00657,Tablet,3,10512,2026-03-17,Debit Card,Bangalore
MAR_010502,CUST_02889,Tablet,2,33997,2026-03-23,Debit Card,Hyderabad
MAR_010503,CUST_03031,Headphones,1,28559,2026-03-31,Cash on Delivery,Delhi
MAR_010504,CUST_04887,Tablet,1,42189,2026-03-11,Credit Card,Bangalore
MAR_010505,CUST_04071,Laptop,3,14914,2026-03-18,Cash on Delivery,Delhi
MAR_010506,CUST_02181,Mouse,2,35287,2026-03-01,Debit Card,Mumbai
MAR_010507,CUST_01992,Tablet,4,3977,2026-03-30,Credit Card,Chennai
MAR_010508,CUST_00832,Smartphone,4,37336,2026-03-14,UPI,Chennai
MAR_010509,CUST_00839,Headphones,4,33151,2026-03-14,Credit Card,Hyderabad
MAR_010510,CUST_01118,Smartwatch,1,33295,2026-03-03,Cash on Delivery,Mumbai
MAR_010511,CUST_01607,Keyboard,4,14615,2026-03-08,Credit Card,Bangalore
MAR_010512,CUST_00627,Smartphone,1,14031,2026-03-05,Credit Card,Chennai
MAR_010513,CUST_04224,Headphones,4,36541,2026-03-03,Cash on Delivery,Delhi
MAR_010514,CUST_02269,Tablet,1,28835,2026-03-29,Debit Card,Pune
MAR_010515,CUST_02610,Smartphone,2,7120,2026-03-02,UPI,Chennai
MAR_010516,CUST_04520,Monitor,4,25010,2026-03-31,UPI,Bangalore
MAR_010517,CUST_00081,Monitor,1,49258,2026-03-07,Cash on Delivery,Chennai
MAR_010518,CUST_04234,Laptop,1,25928,2026-03-28,Debit Card,Bangalore
MAR_010519,CUST_03733,Mouse,1,37034,2026-03-07,UPI,Pune
MAR_010520,CUST_01772,Keyboard,2,15081,2026-03-23,Cash on Delivery,Delhi
MAR_010521,CUST_03683,Laptop,2,25175,2026-03-08,UPI,Hyderabad
MAR_010522,CUST_01332,Keyboard,3,41322,2026-03-20,UPI,Bangalore
MAR_010523,CUST_02185,Tablet,3,13693,2026-03-31,UPI,Pune
MAR_010524,CUST_03686,Mouse,2,27556,2026-03-07,UPI,Chennai
MAR_010525,CUST_00647,Monitor,2,48382,2026-03-02,Debit Card,Mumbai
MAR_010526,CUST_04772,Smartwatch,1,9638,2026-03-20,Credit Card,Pune
MAR_010527,CUST_01605,Mouse,2,33772,2026-03-11,Debit Card,Bangalore
MAR_010528,CUST_04652,Tablet,1,18154,2026-03-23,Credit Card,Bangalore
MAR_010529,CUST_03040,Mouse,3,25131,2026-03-08,Debit Card,Mumbai
MAR_010530,CUST_03331,Tablet,2,10372,2026-03-17,Cash on Delivery,Chennai
MAR_010531,CUST_03542,Mouse,3,31614,2026-03-28,Cash on Delivery,Delhi
MAR_010532,CUST_01426,Monitor,1,22359,2026-03-02,Credit Card,Chennai
MAR_010533,CUST_03843,Mouse,1,9289,2026-03-30,Cash on Delivery,Bangalore
MAR_010534,CUST_00826,Laptop,5,26496,2026-03-30,UPI,Bangalore
MAR_010535,CUST_03495,Mouse,4,21752,2026-03-06,Cash on Delivery,Delhi
MAR_010536,CUST_03017,Smartwatch,1,46034,2026-03-03,Cash on Delivery,Chennai
MAR_010537,CUST_01309,Mouse,3,31008,2026-03-03,Credit Card,Chennai
MAR_010538,CUST_04199,Smartphone,2,32371,2026-03-10,UPI,Pune
MAR_010539,CUST_02301,Mouse,3,26512,2026-03-10,Cash on Delivery,Pune
MAR_010540,CUST_02730,Smartwatch,5,35355,2026-03-12,Credit Card,Delhi
MAR_010541,CUST_00153,Laptop,1,15793,2026-03-12,Debit Card,Bangalore
MAR_010542,CUST_02287,Mouse,3,7536,2026-03-30,UPI,Bangalore
MAR_010543,CUST_03607,Tablet,2,10001,2026-03-09,UPI,Delhi
MAR_010544,CUST_00472,Mouse,5,12193,2026-03-05,Cash on Delivery,Delhi
MAR_010545,CUST_00122,Tablet,1,15222,2026-03-16,UPI,Hyderabad
MAR_010546,CUST_01558,Tablet,5,46220,2026-03-24,UPI,Mumbai
MAR_010547,CUST_02751,Mouse,3,22726,2026-03-08,Debit Card,Hyderabad
MAR_010548,CUST_00389,Headphones,3,39216,2026-03-06,Credit Card,Pune
MAR_010549,CUST_01300,Headphones,3,858,2026-03-16,UPI,Bangalore
MAR_010550,CUST_01009,Smartwatch,5,49256,2026-03-19,Debit Card,Mumbai
MAR_010551,CUST_00261,Headphones,4,25747,2026-03-31,Debit Card,Chennai
MAR_010552,CUST_04597,Smartphone,3,34256,2026-03-17,Cash on Delivery,Hyderabad
MAR_010553,CUST_02065,Smartphone,2,37978,2026-03-17,Credit Card,Bangalore
MAR_010554,CUST_00186,Tablet,2,31909,2026-03-07,Cash on Delivery,Bangalore
MAR_010555,CUST_03328,Headphones,1,41419,2026-03-31,Cash on Delivery,Hyderabad
MAR_010556,CUST_00083,Laptop,2,1148,2026-03-15,UPI,Pune
MAR_010557,CUST_02435,Smartphone,1,32683,2026-03-03,Debit Card,Mumbai
MAR_010558,CUST_04066,Smartwatch,5,15169,2026-03-21,UPI,Mumbai
MAR_010559,CUST_00271,Tablet,4,47576,2026-03-16,Debit Card,Delhi
MAR_010560,CUST_01060,Tablet,2,17565,2026-03-04,Debit Card,Delhi
MAR_010561,CUST_04616,Monitor,5,10556,2026-03-23,UPI,Mumbai
MAR_010562,CUST_03369,Keyboard,1,9606,2026-03-09,Credit Card,Delhi
MAR_010563,CUST_00583,Mouse,3,11854,2026-03-07,Cash on Delivery,Hyderabad
MAR_010564,CUST_04732,Monitor,2,49021,2026-03-31,UPI,Bangalore
MAR_010565,CUST_00649,Smartwatch,3,37964,2026-03-18,Cash on Delivery,Bangalore
MAR_010566,CUST_02052,Tablet,3,11176,2026-03-24,Debit Card,Mumbai
MAR_010567,CUST_02168,Tablet,4,14506,2026-03-16,Debit Card,Hyderabad
MAR_010568,CUST_01981,Mouse,3,30036,2026-03-27,Cash on Delivery,Hyderabad
MAR_010569,CUST_02064,Mouse,1,14633,2026-03-01,Cash on Delivery,Bangalore
MAR_010570,CUST_04618,Mouse,2,14430,2026-03-06,Debit Card,Hyderabad
MAR_010571,CUST_00998,Tablet,2,45418,2026-03-26,Debit Card,Chennai
MAR_010572,CUST_03282,Mouse,3,28144,2026-03-31,Cash on Delivery,Bangalore
MAR_010573,CUST_04359,Mouse,2,28084,2026-03-25,Debit Card,Hyderabad
MAR_010574,CUST_04751,Headphones,1,42347,2026-03-28,Debit Card,Pune
MAR_010575,CUST_00066,Monitor,5,4676,2026-03-27,UPI,Chennai
MAR_010576,CUST_03079,Mouse,1,25939,2026-03-12,Debit Card,Chennai
MAR_010577,CUST_03730,Laptop,5,46762,2026-03-10,UPI,Mumbai
MAR_010578,CUST_01514,Headphones,1,15518,2026-03-24,Credit Card,Chennai
MAR_010579,CUST_04798,Laptop,5,1566,2026-03-08,UPI,Pune
MAR_010580,CUST_02375,Laptop,2,12524,2026-03-12,Debit Card,Hyderabad
MAR_010581,CUST_04129,Smartphone,1,12380,2026-03-26,Debit Card,Mumbai
MAR_010582,CUST_02513,Laptop,3,49229,2026-03-11,Cash on Delivery,Chennai
MAR_010583,CUST_02329,Smartwatch,5,28749,2026-03-30,Credit Card,Bangalore
MAR_010584,CUST_00495,Smartphone,1,7878,2026-03-22,UPI,Mumbai
MAR_010585,CUST_04501,Laptop,3,34074,2026-03-27,Debit Card,Hyderabad
MAR_010586,CUST_02219,Tablet,3,16526,2026-03-22,Cash on Delivery,Mumbai
MAR_010587,CUST_00631,Monitor,3,2283,2026-03-20,Cash on Delivery,Chennai
MAR_010588,CUST_02222,Tablet,3,31936,2026-03-08,UPI,Pune
MAR_010589,CUST_01944,Keyboard,2,1971,2026-03-12,UPI,Delhi
MAR_010590,CUST_00554,Mouse,2,5002,2026-03-05,Cash on Delivery,Mumbai
MAR_010591,CUST_01377,Mouse,3,16183,2026-03-05,UPI,Hyderabad
MAR_010592,CUST_00664,Tablet,2,35589,2026-03-17,Credit Card,Chennai
MAR_010593,CUST_00662,Smartwatch,1,49319,2026-03-13,Debit Card,Pune
MAR_010594,CUST_00348,Smartwatch,4,14844,2026-03-06,Credit Card,Delhi
MAR_010595,CUST_04359,Headphones,1,30838,2026-03-22,Debit Card,Delhi
MAR_010596,CUST_00222,Smartphone,1,42251,2026-03-02,Cash on Delivery,Bangalore
MAR_010597,CUST_04904,Monitor,4,29985,2026-03-13,UPI,Hyderabad
MAR_010598,CUST_02584,Laptop,4,8721,2026-03-03,UPI,Hyderabad
MAR_010599,CUST_00733,Monitor,4,6130,2026-03-01,UPI,Chennai
MAR_010600,CUST_02907,Smartwatch,2,28501,2026-03-01,UPI,Pune
MAR_010601,CUST_02811,Smartwatch,5,44759,2026-03-24,Cash on Delivery,Chennai
MAR_010602,CUST_03795,Smartwatch,2,684,2026-03-06,Credit Card,Pune
MAR_010603,CUST_01725,Mouse,2,35571,2026-03-04,Cash on Delivery,Pune
MAR_010604,CUST_00161,Mouse,3,33061,2026-03-08,UPI,Mumbai
MAR_010605,CUST_04335,Keyboard,4,36513,2026-03-15,Debit Card,Bangalore
MAR_010606,CUST_04621,Smartphone,3,14787,2026-03-01,Cash on Delivery,Mumbai
MAR_010607,CUST_00020,Laptop,2,48106,2026-03-22,Cash on Delivery,Chennai
MAR_010608,CUST_00491,Mouse,4,34711,2026-03-13,UPI,Bangalore
MAR_010609,CUST_03758,Smartphone,4,7306,2026-03-26,Debit Card,Delhi
MAR_010610,CUST_01280,Smartphone,2,2602,2026-03-08,Debit Card,Bangalore
MAR_010611,CUST_02129,Smartwatch,2,28445,2026-03-12,Cash on Delivery,Pune
MAR_010612,CUST_01980,Laptop,4,38446,2026-03-07,Credit Card,Bangalore
MAR_010613,CUST_02594,Mouse,5,33311,2026-03-06,UPI,Delhi
MAR_010614,CUST_00038,Headphones,2,45379,2026-03-11,Credit Card,Delhi
MAR_010615,CUST_01370,Tablet,2,32413,2026-03-25,Credit Card,Mumbai
MAR_010616,CUST_00302,Keyboard,2,32128,2026-03-06,Cash on Delivery,Mumbai
MAR_010617,CUST_03775,Keyboard,4,1847,2026-03-29,Debit Card,Bangalore
MAR_010618,CUST_03575,Mouse,2,1867,2026-03-16,Cash on Delivery,Mumbai
MAR_010619,CUST_01082,Smartphone,4,22995,2026-03-20,Cash on Delivery,Mumbai
MAR_010620,CUST_02446,Headphones,3,24072,2026-03-06,Cash on Delivery,Mumbai
MAR_010621,CUST_00337,Mouse,4,11000,2026-03-14,Credit Card,Hyderabad
MAR_010622,CUST_00746,Mouse,5,29472,2026-03-13,UPI,Hyderabad
MAR_010623,CUST_00697,Smartphone,1,24569,2026-03-14,Credit Card,Bangalore
MAR_010624,CUST_04948,Mouse,1,9154,2026-03-27,Credit Card,Hyderabad
MAR_010625,CUST_01033,Smartphone,3,30158,2026-03-30,Credit Card,Bangalore
MAR_010626,CUST_03012,Monitor,3,11093,2026-03-16,Debit Card,Hyderabad
MAR_010627,CUST_01801,Keyboard,5,47929,2026-03-03,Cash on Delivery,Bangalore
MAR_010628,CUST_03098,Monitor,4,17601,2026-03-07,Debit Card,Bangalore
MAR_010629,CUST_02874,Smartphone,2,43381,2026-03-05,Credit Card,Delhi
MAR_010630,CUST_00833,Smartphone,4,20097,2026-03-09,Credit Card,Bangalore
MAR_010631,CUST_03880,Keyboard,3,2472,2026-03-15,Cash on Delivery,Pune
MAR_010632,CUST_02123,Tablet,2,41479,2026-03-31,Cash on Delivery,Hyderabad
MAR_010633,CUST_00894,Keyboard,4,13325,2026-03-05,Cash on Delivery,Mumbai
MAR_010634,CUST_03724,Keyboard,1,26990,2026-03-05,UPI,Mumbai
MAR_010635,CUST_03079,Headphones,3,10816,2026-03-07,Debit Card,Bangalore
MAR_010636,CUST_02955,Laptop,3,44527,2026-03-14,Credit Card,Pune
MAR_010637,CUST_03086,Smartphone,2,25805,2026-03-03,UPI,Chennai
MAR_010638,CUST_04148,Headphones,5,14300,2026-03-07,UPI,Chennai
MAR_010639,CUST_00062,Keyboard,3,46157,2026-03-05,Credit Card,Hyderabad
MAR_010640,CUST_04834,Laptop,1,44806,2026-03-18,Cash on Delivery,Bangalore
MAR_010641,CUST_01573,Mouse,2,47440,2026-03-07,Debit Card,Mumbai
MAR_010642,CUST_04741,Keyboard,2,23409,2026-03-26,Cash on Delivery,Hyderabad
MAR_010643,CUST_03430,Smartwatch,1,45055,2026-03-12,UPI,Bangalore
MAR_010644,CUST_03701,Headphones,2,29661,2026-03-16,Credit Card,Pune
MAR_010645,CUST_02832,Mouse,5,49100,2026-03-22,Debit Card,Mumbai
MAR_010646,CUST_02981,Headphones,2,48721,2026-03-07,Debit Card,Bangalore
MAR_010647,CUST_03180,Headphones,2,49997,2026-03-11,Debit Card,Chennai
MAR_010648,CUST_04687,Keyboard,3,15943,2026-03-05,UPI,Hyderabad
MAR_010649,CUST_04610,Laptop,5,11502,2026-03-05,Credit Card,Mumbai
MAR_010650,CUST_00913,Mouse,3,859,2026-03-30,Credit Card,Pune
MAR_010651,CUST_03032,Smartwatch,2,46773,2026-03-18,UPI,Delhi
MAR_010652,CUST_00728,Laptop,4,47730,2026-03-15,Credit Card,Chennai
MAR_010653,CUST_03459,Smartphone,4,42756,2026-03-12,Credit Card,Chennai
MAR_010654,CUST_01562,Tablet,5,45396,2026-03-24,Credit Card,Bangalore
MAR_010655,CUST_03997,Keyboard,5,3706,2026-03-21,UPI,Mumbai
MAR_010656,CUST_03133,Tablet,5,38553,2026-03-31,Cash on Delivery,Mumbai
MAR_010657,CUST_03456,Keyboard,2,46800,2026-03-14,Debit Card,Pune
MAR_010658,CUST_02416,Smartwatch,1,16276,2026-03-03,Cash on Delivery,Hyderabad
MAR_010659,CUST_03738,Tablet,5,20523,2026-03-06,Cash on Delivery,Bangalore
MAR_010660,CUST_00400,Tablet,3,48302,2026-03-29,Cash on Delivery,Hyderabad
MAR_010661,CUST_03068,Laptop,3,23781,2026-03-05,Debit Card,Mumbai
MAR_010662,CUST_04916,Mouse,5,44583,2026-03-09,Cash on Delivery,Delhi
MAR_010663,CUST_00921,Headphones,1,15114,2026-03-10,Cash on Delivery,Hyderabad
MAR_010664,CUST_00259,Tablet,1,25939,2026-03-05,UPI,Hyderabad
MAR_010665,CUST_03133,Mouse,2,22674,2026-03-13,Debit Card,Chennai
MAR_010666,CUST_02447,Keyboard,3,25476,2026-03-03,Debit Card,Bangalore
MAR_010667,CUST_03241,Monitor,1,25764,2026-03-20,Debit Card,Hyderabad
MAR_010668,CUST_04627,Keyboard,4,44192,2026-03-17,Cash on Delivery,Mumbai
MAR_010669,CUST_02032,Tablet,1,7296,2026-03-29,Credit Card,Bangalore
MAR_010670,CUST_02020,Laptop,3,25106,2026-03-14,Debit Card,Delhi
MAR_010671,CUST_04119,Monitor,5,9103,2026-03-20,Debit Card,Hyderabad
MAR_010672,CUST_01155,Laptop,2,40957,2026-03-10,UPI,Pune
MAR_010673,CUST_02185,Laptop,2,6446,2026-03-07,Debit Card,Hyderabad
MAR_010674,CUST_02053,Smartphone,1,25184,2026-03-01,Cash on Delivery,Chennai
MAR_010675,CUST_00894,Tablet,2,37157,2026-03-30,Debit Card,Delhi
MAR_010676,CUST_03216,Smartwatch,4,3486,2026-03-24,Debit Card,Bangalore
MAR_010677,CUST_01521,Tablet,4,21017,2026-03-18,Debit Card,Mumbai
MAR_010678,CUST_01164,Tablet,1,46576,2026-03-19,UPI,Chennai
MAR_010679,CUST_02562,Monitor,5,13984,2026-03-14,Credit Card,Pune
MAR_010680,CUST_03895,Headphones,5,45544,2026-03-31,Cash on Delivery,Bangalore
MAR_010681,CUST_02254,Mouse,4,23537,2026-03-13,UPI,Hyderabad
MAR_010682,CUST_00422,Tablet,1,22696,2026-03-17,Credit Card,Bangalore
MAR_010683,CUST_04694,Tablet,3,15160,2026-03-27,UPI,Delhi
MAR_010684,CUST_03913,Monitor,1,14604,2026-03-19,UPI,Hyderabad
MAR_010685,CUST_01505,Monitor,4,42901,2026-03-10,Cash on Delivery,Chennai
MAR_010686,CUST_02423,Laptop,1,20903,2026-03-18,Credit Card,Hyderabad
MAR_010687,CUST_03841,Laptop,2,48345,2026-03-22,Cash on Delivery,Mumbai
MAR_010688,CUST_03731,Mouse,5,21698,2026-03-16,Cash on Delivery,Bangalore
MAR_010689,CUST_04558,Laptop,2,20174,2026-03-05,Cash on Delivery,Pune
MAR_010690,CUST_02698,Tablet,1,45325,2026-03-31,Cash on Delivery,Mumbai
MAR_010691,CUST_01438,Monitor,1,35036,2026-03-31,Credit Card,Bangalore
MAR_010692,CUST_02448,Smartphone,1,28740,2026-03-16,Cash on Delivery,Delhi
MAR_010693,CUST_04524,Tablet,4,5842,2026-03-04,Debit Card,Bangalore
MAR_010694,CUST_02812,Smartwatch,2,15753,2026-03-27,Cash on Delivery,Bangalore
MAR_010695,CUST_01479,Mouse,4,2785,2026-03-14,Credit Card,Pune
MAR_010696,CUST_02218,Tablet,3,15500,2026-03-07,Credit Card,Delhi
MAR_010697,CUST_00834,Smartphone,5,9945,2026-03-24,Credit Card,Bangalore
MAR_010698,CUST_02262,Monitor,4,45188,2026-03-10,UPI,Pune
MAR_010699,CUST_02507,Laptop,4,39969,2026-03-12,UPI,Pune
MAR_010700,CUST_03029,Monitor,3,14909,2026-03-21,Debit Card,Chennai
MAR_010701,CUST_01535,Smartphone,4,48830,2026-03-20,UPI,Hyderabad
MAR_010702,CUST_02203,Laptop,2,7663,2026-03-31,UPI,Bangalore
MAR_010703,CUST_03047,Monitor,2,23341,2026-03-26,Cash on Delivery,Bangalore
MAR_010704,CUST_00843,Smartwatch,4,8320,2026-03-11,UPI,Mumbai
MAR_010705,CUST_02757,Mouse,1,43447,2026-03-10,Cash on Delivery,Chennai
MAR_010706,CUST_02308,Laptop,5,2189,2026-03-05,Cash on Delivery,Bangalore
MAR_010707,CUST_01217,Tablet,1,28420,2026-03-09,Cash on Delivery,Mumbai
MAR_010708,CUST_02244,Laptop,3,49562,2026-03-21,Credit Card,Pune
MAR_010709,CUST_03879,Tablet,3,25494,2026-03-28,Credit Card,Mumbai
MAR_010710,CUST_01270,Headphones,4,6866,2026-03-28,Cash on Delivery,Hyderabad
MAR_010711,CUST_04488,Tablet,2,30456,2026-03-04,Debit Card,Hyderabad
MAR_010712,CUST_01237,Keyboard,3,32396,2026-03-18,Debit Card,Chennai
MAR_010713,CUST_03255,Monitor,1,21550,2026-03-20,Credit Card,Hyderabad
MAR_010714,CUST_01831,Keyboard,2,45785,2026-03-19,Debit Card,Chennai
MAR_010715,CUST_04488,Mouse,3,4153,2026-03-07,UPI,Pune
MAR_010716,CUST_00871,Monitor,4,19740,2026-03-22,UPI,Chennai
MAR_010717,CUST_00075,Tablet,2,39378,2026-03-21,Cash on Delivery,Mumbai
MAR_010718,CUST_03754,Tablet,2,13558,2026-03-02,Debit Card,Bangalore
MAR_010719,CUST_03980,Smartwatch,5,38137,2026-03-01,Cash on Delivery,Pune
MAR_010720,CUST_03294,Mouse,5,18952,2026-03-23,Cash on Delivery,Bangalore
MAR_010721,CUST_04113,Monitor,3,3330,2026-03-08,Debit Card,Hyderabad
MAR_010722,CUST_00859,Laptop,4,43484,2026-03-20,UPI,Chennai
MAR_010723,CUST_03583,Mouse,2,29779,2026-03-07,Credit Card,Delhi
MAR_010724,CUST_02195,Headphones,5,43519,2026-03-26,Cash on Delivery,Bangalore
MAR_010725,CUST_01294,Monitor,2,2365,2026-03-09,UPI,Hyderabad
MAR_010726,CUST_01647,Mouse,3,25497,2026-03-24,Cash on Delivery,Mumbai
MAR_010727,CUST_01613,Monitor,1,10431,2026-03-05,Debit Card,Bangalore
MAR_010728,CUST_02946,Smartphone,2,19426,2026-03-18,UPI,Bangalore
MAR_010729,CUST_03157,Smartphone,1,30413,2026-03-31,Debit Card,Mumbai
MAR_010730,CUST_00311,Keyboard,5,40594,2026-03-23,UPI,Mumbai
MAR_010731,CUST_00055,Smartwatch,5,26828,2026-03-04,Cash on Delivery,Mumbai
MAR_010732,CUST_01980,Smartphone,4,6343,2026-03-22,Debit Card,Chennai
MAR_010733,CUST_01818,Headphones,3,25050,2026-03-05,Debit Card,Bangalore
MAR_010734,CUST_03720,Mouse,4,28418,2026-03-19,Credit Card,Mumbai
MAR_010735,CUST_00977,Laptop,3,42309,2026-03-30,Debit Card,Chennai
MAR_010736,CUST_03956,Headphones,1,1149,2026-03-16,Cash on Delivery,Pune
MAR_010737,CUST_03565,Smartwatch,5,22647,2026-03-03,Debit Card,Pune
MAR_010738,CUST_00097,Mouse,1,20505,2026-03-03,Debit Card,Hyderabad
MAR_010739,CUST_01373,Smartphone,3,47373,2026-03-17,Cash on Delivery,Bangalore
MAR_010740,CUST_00386,Laptop,4,15511,2026-03-12,Credit Card,Mumbai
MAR_010741,CUST_00219,Mouse,4,28117,2026-03-11,UPI,Mumbai
MAR_010742,CUST_01813,Keyboard,3,1049,2026-03-13,Credit Card,Pune
MAR_010743,CUST_03535,Headphones,2,11152,2026-03-13,Cash on Delivery,Chennai
MAR_010744,CUST_00347,Keyboard,5,3147,2026-03-21,Cash on Delivery,Hyderabad
MAR_010745,CUST_00877,Tablet,1,9632,2026-03-14,Credit Card,Mumbai
MAR_010746,CUST_02349,Smartwatch,3,27460,2026-03-27,Credit Card,Bangalore
MAR_010747,CUST_03727,Mouse,2,42273,2026-03-17,Cash on Delivery,Chennai
MAR_010748,CUST_00717,Tablet,5,12867,2026-03-18,Cash on Delivery,Delhi
MAR_010749,CUST_01133,Headphones,1,21836,2026-03-29,Cash on Delivery,Pune
MAR_010750,CUST_03720,Smartwatch,4,46353,2026-03-25,UPI,Bangalore
MAR_010751,CUST_00802,Tablet,1,34323,2026-03-01,UPI,Bangalore
MAR_010752,CUST_01652,Monitor,3,38838,2026-03-21,Credit Card,Chennai
MAR_010753,CUST_02575,Smartwatch,2,35323,2026-03-03,Debit Card,Bangalore
MAR_010754,CUST_03846,Keyboard,1,25066,2026-03-02,UPI,Chennai
MAR_010755,CUST_04558,Headphones,5,20610,2026-03-10,UPI,Mumbai
MAR_010756,CUST_03975,Monitor,3,45293,2026-03-27,Debit Card,Chennai
MAR_010757,CUST_04455,Smartwatch,2,11154,2026-03-19,Cash on Delivery,Delhi
MAR_010758,CUST_00668,Smartwatch,5,39210,2026-03-31,Credit Card,Delhi
MAR_010759,CUST_03321,Laptop,1,5869,2026-03-25,UPI,Chennai
MAR_010760,CUST_01023,Tablet,1,13676,2026-03-28,Credit Card,Pune
MAR_010761,CUST_02467,Smartwatch,2,26660,2026-03-22,UPI,Hyderabad
MAR_010762,CUST_00220,Monitor,3,49170,2026-03-19,Debit Card,Pune
MAR_010763,CUST_03454,Tablet,5,32189,2026-03-09,Credit Card,Pune
MAR_010764,CUST_01001,Smartwatch,5,42647,2026-03-21,UPI,Bangalore
MAR_010765,CUST_00606,Monitor,4,13441,2026-03-01,Credit Card,Chennai
MAR_010766,CUST_02460,Monitor,2,25902,2026-03-01,Cash on Delivery,Hyderabad
MAR_010767,CUST_00231,Laptop,3,10377,2026-03-12,Cash on Delivery,Delhi
MAR_010768,CUST_02249,Laptop,2,19690,2026-03-11,Debit Card,Pune
MAR_010769,CUST_04825,Laptop,3,18895,2026-03-10,Credit Card,Bangalore
MAR_010770,CUST_02012,Smartwatch,1,47044,2026-03-25,UPI,Pune
MAR_010771,CUST_01278,Smartphone,5,29237,2026-03-30,Credit Card,Delhi
MAR_010772,CUST_00668,Monitor,2,23625,2026-03-20,UPI,Hyderabad
MAR_010773,CUST_01919,Monitor,1,46546,2026-03-30,Cash on Delivery,Delhi
MAR_010774,CUST_02844,Laptop,4,39082,2026-03-05,Cash on Delivery,Pune
MAR_010775,CUST_02399,Keyboard,1,24130,2026-03-05,Credit Card,Chennai
MAR_010776,CUST_02396,Smartphone,3,44640,2026-03-15,Cash on Delivery,Hyderabad
MAR_010777,CUST_01421,Keyboard,2,3252,2026-03-15,Debit Card,Delhi
MAR_010778,CUST_00006,Monitor,5,24950,2026-03-27,Debit Card,Mumbai
MAR_010779,CUST_03152,Laptop,4,37975,2026-03-17,Credit Card,Pune
MAR_010780,CUST_01122,Smartphone,2,33332,2026-03-07,Debit Card,Bangalore
MAR_010781,CUST_03522,Tablet,1,48652,2026-03-08,Debit Card,Bangalore
MAR_010782,CUST_00711,Smartphone,1,10588,2026-03-27,UPI,Mumbai
MAR_010783,CUST_00979,Monitor,2,6097,2026-03-02,Debit Card,Chennai
MAR_010784,CUST_01454,Mouse,1,47363,2026-03-29,UPI,Hyderabad
MAR_010785,CUST_01220,Headphones,4,16268,2026-03-16,UPI,Hyderabad
MAR_010786,CUST_03736,Laptop,1,16235,2026-03-15,Credit Card,Hyderabad
MAR_010787,CUST_00907,Tablet,1,18506,2026-03-20,Credit Card,Pune
MAR_010788,CUST_00017,Keyboard,3,47896,2026-03-28,Cash on Delivery,Mumbai
MAR_010789,CUST_02756,Monitor,5,34271,2026-03-16,Cash on Delivery,Mumbai
MAR_010790,CUST_04931,Tablet,5,32126,2026-03-29,Credit Card,Hyderabad
MAR_010791,CUST_02395,Smartwatch,4,5042,2026-03-15,Credit Card,Mumbai
MAR_010792,CUST_02456,Smartwatch,3,35675,2026-03-19,Credit Card,Mumbai
MAR_010793,CUST_01966,Laptop,1,24120,2026-03-29,Credit Card,Bangalore
MAR_010794,CUST_01612,Mouse,3,43000,2026-03-20,Cash on Delivery,Mumbai
MAR_010795,CUST_04722,Keyboard,1,27333,2026-03-17,UPI,Chennai
MAR_010796,CUST_01791,Laptop,4,39693,2026-03-22,Cash on Delivery,Hyderabad
MAR_010797,CUST_04008,Keyboard,4,15692,2026-03-13,UPI,Mumbai
MAR_010798,CUST_00643,Tablet,1,9493,2026-03-28,UPI,Bangalore
MAR_010799,CUST_01815,Headphones,4,5630,2026-03-17,Cash on Delivery,Hyderabad
MAR_010800,CUST_01692,Laptop,3,45020,2026-03-20,Credit Card,Bangalore
MAR_010801,CUST_00926,Keyboard,5,30477,2026-03-20,UPI,Mumbai
MAR_010802,CUST_00768,Laptop,2,32554,2026-03-10,Debit Card,Bangalore
MAR_010803,CUST_01832,Smartphone,5,33121,2026-03-13,UPI,Chennai
MAR_010804,CUST_02170,Tablet,5,15370,2026-03-16,Credit Card,Delhi
MAR_010805,CUST_01215,Monitor,1,27692,2026-03-27,UPI,Chennai
MAR_010806,CUST_01893,Smartwatch,4,11576,2026-03-29,Credit Card,Mumbai
MAR_010807,CUST_03988,Laptop,5,23750,2026-03-24,Cash on Delivery,Bangalore
MAR_010808,CUST_03231,Headphones,2,3193,2026-03-11,UPI,Pune
MAR_010809,CUST_01152,Monitor,3,47209,2026-03-05,Debit Card,Chennai
MAR_010810,CUST_00355,Keyboard,3,44778,2026-03-19,UPI,Mumbai
MAR_010811,CUST_03863,Laptop,2,10442,2026-03-01,Cash on Delivery,Hyderabad
MAR_010812,CUST_02641,Headphones,2,6667,2026-03-09,UPI,Pune
MAR_010813,CUST_03001,Monitor,5,1697,2026-03-08,UPI,Mumbai
MAR_010814,CUST_01495,Smartphone,1,16747,2026-03-22,Credit Card,Hyderabad
MAR_010815,CUST_00251,Headphones,2,36978,2026-03-18,Debit Card,Delhi
MAR_010816,CUST_03825,Headphones,5,26430,2026-03-17,Debit Card,Delhi
MAR_010817,CUST_03149,Smartphone,2,46077,2026-03-08,UPI,Chennai
MAR_010818,CUST_04856,Keyboard,5,8740,2026-03-20,UPI,Mumbai
MAR_010819,CUST_00729,Smartwatch,2,9121,2026-03-23,UPI,Delhi
MAR_010820,CUST_03705,Smartphone,1,8446,2026-03-11,Cash on Delivery,Mumbai
MAR_010821,CUST_03138,Keyboard,5,19787,2026-03-28,Cash on Delivery,Mumbai
MAR_010822,CUST_01651,Mouse,2,11800,2026-03-31,Cash on Delivery,Chennai
MAR_010823,CUST_03730,Smartphone,3,24362,2026-03-17,Cash on Delivery,Hyderabad
MAR_010824,CUST_01205,Keyboard,4,42851,2026-03-21,Debit Card,Hyderabad
MAR_010825,CUST_00245,Mouse,3,41565,2026-03-28,Credit Card,Mumbai
MAR_010826,CUST_03847,Smartwatch,3,17719,2026-03-04,Debit Card,Pune
MAR_010827,CUST_02879,Headphones,5,23810,2026-03-10,UPI,Delhi
MAR_010828,CUST_00146,Keyboard,2,37192,2026-03-12,Credit Card,Chennai
MAR_010829,CUST_02499,Laptop,2,30697,2026-03-01,Credit Card,Pune
MAR_010830,CUST_03331,Headphones,4,34604,2026-03-22,Credit Card,Hyderabad
MAR_010831,CUST_03514,Headphones,5,16808,2026-03-03,UPI,Chennai
MAR_010832,CUST_00183,Mouse,5,34197,2026-03-31,UPI,Hyderabad
MAR_010833,CUST_01870,Monitor,3,29526,2026-03-26,Credit Card,Mumbai
MAR_010834,CUST_01613,Keyboard,1,32595,2026-03-05,UPI,Hyderabad
MAR_010835,CUST_00726,Keyboard,1,44324,2026-03-09,UPI,Chennai
MAR_010836,CUST_00681,Smartwatch,2,40600,2026-03-30,UPI,Hyderabad
MAR_010837,CUST_04370,Monitor,3,16010,2026-03-19,Credit Card,Bangalore
MAR_010838,CUST_01197,Monitor,5,29219,2026-03-03,UPI,Mumbai
MAR_010839,CUST_01583,Laptop,1,13749,2026-03-08,Credit Card,Bangalore
MAR_010840,CUST_02925,Tablet,1,13899,2026-03-30,Cash on Delivery,Chennai
MAR_010841,CUST_03991,Headphones,5,47832,2026-03-05,Credit Card,Chennai
MAR_010842,CUST_01807,Tablet,3,8005,2026-03-28,Credit Card,Delhi
MAR_010843,CUST_01544,Mouse,5,5245,2026-03-02,UPI,Hyderabad
MAR_010844,CUST_01550,Keyboard,2,48464,2026-03-29,Cash on Delivery,Chennai
MAR_010845,CUST_01344,Smartphone,1,32094,2026-03-28,UPI,Mumbai
MAR_010846,CUST_02545,Mouse,1,10516,2026-03-10,Credit Card,Mumbai
MAR_010847,CUST_02505,Smartwatch,3,41545,2026-03-28,Debit Card,Bangalore
MAR_010848,CUST_00554,Tablet,4,29242,2026-03-13,Cash on Delivery,Delhi
MAR_010849,CUST_00998,Monitor,2,26068,2026-03-08,Credit Card,Pune
MAR_010850,CUST_00679,Monitor,1,27891,2026-03-02,UPI,Bangalore
MAR_010851,CUST_02280,Smartwatch,1,27948,2026-03-05,Cash on Delivery,Delhi
MAR_010852,CUST_00939,Tablet,3,6781,2026-03-05,Cash on Delivery,Delhi
MAR_010853,CUST_03483,Headphones,4,4816,2026-03-28,Debit Card,Hyderabad
MAR_010854,CUST_00605,Keyboard,4,28230,2026-03-02,UPI,Delhi
MAR_010855,CUST_04317,Mouse,2,5684,2026-03-16,UPI,Delhi
MAR_010856,CUST_02694,Mouse,4,40884,2026-03-03,Debit Card,Mumbai
MAR_010857,CUST_00938,Smartwatch,2,19812,2026-03-22,UPI,Pune
MAR_010858,CUST_00660,Keyboard,3,23767,2026-03-27,UPI,Delhi
MAR_010859,CUST_02237,Headphones,1,35813,2026-03-19,UPI,Delhi
MAR_010860,CUST_02643,Keyboard,2,7908,2026-03-19,Cash on Delivery,Mumbai
MAR_010861,CUST_02280,Smartphone,1,27719,2026-03-19,Cash on Delivery,Hyderabad
MAR_010862,CUST_03609,Smartphone,5,6963,2026-03-31,Debit Card,Hyderabad
MAR_010863,CUST_01457,Monitor,1,12115,2026-03-31,Cash on Delivery,Bangalore
MAR_010864,CUST_04456,Laptop,2,22038,2026-03-23,Cash on Delivery,Bangalore
MAR_010865,CUST_00054,Smartphone,1,33874,2026-03-20,Cash on Delivery,Pune
MAR_010866,CUST_00957,Mouse,2,3420,2026-03-12,Cash on Delivery,Mumbai
MAR_010867,CUST_02011,Monitor,3,42218,2026-03-04,Cash on Delivery,Chennai
MAR_010868,CUST_04944,Headphones,1,37032,2026-03-30,Credit Card,Hyderabad
MAR_010869,CUST_04798,Monitor,5,22614,2026-03-16,Cash on Delivery,Bangalore
MAR_010870,CUST_03677,Laptop,1,33028,2026-03-04,Credit Card,Bangalore
MAR_010871,CUST_00008,Tablet,4,16029,2026-03-17,Credit Card,Hyderabad
MAR_010872,CUST_01747,Headphones,2,2933,2026-03-24,Credit Card,Delhi
MAR_010873,CUST_00322,Laptop,1,17328,2026-03-19,Debit Card,Mumbai
MAR_010874,CUST_02039,Keyboard,3,47833,2026-03-01,UPI,Hyderabad
MAR_010875,CUST_04971,Tablet,1,42179,2026-03-08,Debit Card,Delhi
MAR_010876,CUST_04037,Monitor,2,14225,2026-03-07,UPI,Mumbai
MAR_010877,CUST_03560,Headphones,2,4717,2026-03-12,UPI,Hyderabad
MAR_010878,CUST_01798,Headphones,5,1826,2026-03-23,Cash on Delivery,Bangalore
MAR_010879,CUST_03862,Tablet,3,22668,2026-03-30,Cash on Delivery,Chennai
MAR_010880,CUST_02461,Keyboard,3,13265,2026-03-29,Credit Card,Bangalore
MAR_010881,CUST_04936,Monitor,3,39229,2026-03-13,Credit Card,Delhi
MAR_010882,CUST_03292,Monitor,4,39675,2026-03-31,Cash on Delivery,Mumbai
MAR_010883,CUST_01434,Keyboard,4,4915,2026-03-05,Cash on Delivery,Bangalore
MAR_010884,CUST_04932,Headphones,3,36492,2026-03-02,Cash on Delivery,Bangalore
MAR_010885,CUST_04515,Mouse,5,6883,2026-03-01,Cash on Delivery,Bangalore
MAR_010886,CUST_01739,Headphones,1,44714,2026-03-26,Cash on Delivery,Mumbai
MAR_010887,CUST_01515,Smartwatch,3,38781,2026-03-28,Cash on Delivery,Bangalore
MAR_010888,CUST_03827,Tablet,5,21255,2026-03-16,UPI,Bangalore
MAR_010889,CUST_00425,Smartwatch,1,40805,2026-03-30,Cash on Delivery,Delhi
MAR_010890,CUST_01993,Monitor,4,7142,2026-03-19,UPI,Mumbai
MAR_010891,CUST_03262,Monitor,2,21651,2026-03-06,Debit Card,Mumbai
MAR_010892,CUST_00691,Monitor,1,1415,2026-03-06,Debit Card,Bangalore
MAR_010893,CUST_04530,Headphones,2,5366,2026-03-05,Debit Card,Pune
MAR_010894,CUST_03019,Monitor,4,39487,2026-03-25,Debit Card,Chennai
MAR_010895,CUST_01409,Tablet,1,33641,2026-03-08,UPI,Mumbai
MAR_010896,CUST_00843,Monitor,2,6543,2026-03-31,Credit Card,Hyderabad
MAR_010897,CUST_00480,Mouse,4,19832,2026-03-08,Cash on Delivery,Mumbai
MAR_010898,CUST_01170,Keyboard,1,13608,2026-03-20,Credit Card,Chennai
MAR_010899,CUST_03331,Headphones,5,27866,2026-03-04,Cash on Delivery,Chennai
MAR_010900,CUST_02178,Headphones,2,20938,2026-03-18,Cash on Delivery,Delhi
MAR_010901,CUST_01869,Smartphone,5,18776,2026-03-25,Cash on Delivery,Hyderabad
MAR_010902,CUST_03092,Monitor,3,31009,2026-03-27,UPI,Delhi
MAR_010903,CUST_03539,Tablet,2,11312,2026-03-12,Credit Card,Bangalore
MAR_010904,CUST_00320,Headphones,2,47107,2026-03-08,Cash on Delivery,Delhi
MAR_010905,CUST_02034,Monitor,5,7793,2026-03-20,Credit Card,Pune
MAR_010906,CUST_01172,Headphones,5,38613,2026-03-28,Credit Card,Chennai
MAR_010907,CUST_02880,Monitor,4,30373,2026-03-14,UPI,Pune
MAR_010908,CUST_03348,Laptop,3,16839,2026-03-23,UPI,Chennai
MAR_010909,CUST_03449,Mouse,4,47739,2026-03-03,UPI,Pune
MAR_010910,CUST_01692,Smartphone,3,23779,2026-03-26,UPI,Delhi
MAR_010911,CUST_01994,Keyboard,2,34171,2026-03-18,Debit Card,Bangalore
MAR_010912,CUST_01940,Headphones,2,31176,2026-03-14,Cash on Delivery,Delhi
MAR_010913,CUST_03063,Smartwatch,1,21562,2026-03-25,Credit Card,Hyderabad
MAR_010914,CUST_01933,Keyboard,3,39195,2026-03-02,Cash on Delivery,Delhi
MAR_010915,CUST_03043,Smartwatch,5,37849,2026-03-13,UPI,Pune
MAR_010916,CUST_04688,Monitor,5,48295,2026-03-19,UPI,Hyderabad
MAR_010917,CUST_04733,Headphones,1,26891,2026-03-15,UPI,Bangalore
MAR_010918,CUST_02749,Monitor,4,16741,2026-03-16,UPI,Delhi
MAR_010919,CUST_00256,Laptop,4,41621,2026-03-29,Cash on Delivery,Bangalore
MAR_010920,CUST_03051,Keyboard,3,26920,2026-03-22,Credit Card,Chennai
MAR_010921,CUST_03101,Mouse,1,44844,2026-03-03,Credit Card,Delhi
MAR_010922,CUST_00877,Monitor,3,20966,2026-03-22,Cash on Delivery,Pune
MAR_010923,CUST_02921,Monitor,5,49269,2026-03-02,UPI,Delhi
MAR_010924,CUST_03786,Laptop,5,19032,2026-03-27,Debit Card,Bangalore
MAR_010925,CUST_04392,Monitor,2,25171,2026-03-01,Debit Card,Pune
MAR_010926,CUST_00340,Laptop,2,44261,2026-03-04,Cash on Delivery,Pune
MAR_010927,CUST_04596,Smartphone,2,38833,2026-03-25,Credit Card,Chennai
MAR_010928,CUST_04761,Tablet,2,890,2026-03-13,Debit Card,Bangalore
MAR_010929,CUST_00345,Smartphone,4,20041,2026-03-18,Debit Card,Bangalore
MAR_010930,CUST_02926,Headphones,5,21985,2026-03-24,UPI,Hyderabad
MAR_010931,CUST_03188,Smartwatch,2,16929,2026-03-15,UPI,Hyderabad
MAR_010932,CUST_04401,Laptop,3,38798,2026-03-24,Credit Card,Mumbai
MAR_010933,CUST_02561,Mouse,4,10948,2026-03-18,Debit Card,Pune
MAR_010934,CUST_02341,Tablet,1,23376,2026-03-26,Credit Card,Bangalore
MAR_010935,CUST_01644,Mouse,1,34180,2026-03-03,Cash on Delivery,Mumbai
MAR_010936,CUST_00182,Mouse,3,25491,2026-03-07,Debit Card,Pune
MAR_010937,CUST_02746,Keyboard,3,28266,2026-03-16,Debit Card,Mumbai
MAR_010938,CUST_04387,Mouse,2,41751,2026-03-15,Debit Card,Bangalore
MAR_010939,CUST_00129,Keyboard,3,11432,2026-03-22,Cash on Delivery,Hyderabad
MAR_010940,CUST_04579,Mouse,5,39849,2026-03-21,Debit Card,Delhi
MAR_010941,CUST_01652,Tablet,3,49403,2026-03-16,UPI,Chennai
MAR_010942,CUST_01927,Tablet,4,5962,2026-03-12,Cash on Delivery,Mumbai
MAR_010943,CUST_04761,Headphones,4,2998,2026-03-24,Cash on Delivery,Pune
MAR_010944,CUST_04039,Smartphone,5,40994,2026-03-18,Cash on Delivery,Mumbai
MAR_010945,CUST_02261,Headphones,5,26713,2026-03-22,Cash on Delivery,Chennai
MAR_010946,CUST_00680,Monitor,5,34186,2026-03-14,UPI,Hyderabad
MAR_010947,CUST_02613,Tablet,3,27400,2026-03-11,UPI,Hyderabad
MAR_010948,CUST_04074,Keyboard,5,7522,2026-03-31,Cash on Delivery,Delhi
MAR_010949,CUST_02635,Smartwatch,5,22730,2026-03-11,Debit Card,Bangalore
MAR_010950,CUST_04162,Monitor,1,42326,2026-03-15,UPI,Pune
MAR_010951,CUST_00605,Headphones,3,23786,2026-03-10,Cash on Delivery,Bangalore
MAR_010952,CUST_04497,Mouse,5,33264,2026-03-13,UPI,Mumbai
MAR_010953,CUST_04524,Keyboard,3,9007,2026-03-21,Debit Card,Bangalore
MAR_010954,CUST_04102,Smartphone,1,47994,2026-03-04,Debit Card,Hyderabad
MAR_010955,CUST_02147,Monitor,3,28468,2026-03-28,UPI,Mumbai
MAR_010956,CUST_03828,Smartwatch,4,36449,2026-03-08,UPI,Mumbai
MAR_010957,CUST_00458,Monitor,2,37614,2026-03-04,Credit Card,Hyderabad
MAR_010958,CUST_02458,Smartphone,3,24138,2026-03-27,Credit Card,Bangalore
MAR_010959,CUST_04912,Keyboard,4,18497,2026-03-21,Debit Card,Bangalore
MAR_010960,CUST_01129,Smartwatch,2,32841,2026-03-20,UPI,Hyderabad
MAR_010961,CUST_04050,Smartwatch,5,48081,2026-03-18,Debit Card,Hyderabad
MAR_010962,CUST_03207,Laptop,1,43845,2026-03-01,UPI,Hyderabad
MAR_010963,CUST_04513,Smartphone,2,36991,2026-03-23,UPI,Pune
MAR_010964,CUST_02467,Mouse,2,8627,2026-03-30,UPI,Hyderabad
MAR_010965,CUST_02347,Smartwatch,4,18249,2026-03-13,Cash on Delivery,Mumbai
MAR_010966,CUST_04561,Smartphone,3,2672,2026-03-08,Credit Card,Mumbai
MAR_010967,CUST_03612,Mouse,2,24289,2026-03-07,UPI,Bangalore
MAR_010968,CUST_00710,Laptop,1,39253,2026-03-26,UPI,Delhi
MAR_010969,CUST_02209,Headphones,5,24930,2026-03-03,UPI,Pune
MAR_010970,CUST_00227,Headphones,4,29642,2026-03-16,Debit Card,Bangalore
MAR_010971,CUST_03221,Smartphone,4,22790,2026-03-20,Debit Card,Pune
MAR_010972,CUST_00375,Headphones,5,3580,2026-03-10,UPI,Mumbai
MAR_010973,CUST_01959,Monitor,2,4411,2026-03-29,Credit Card,Bangalore
MAR_010974,CUST_03702,Tablet,4,37768,2026-03-17,Credit Card,Bangalore
MAR_010975,CUST_00794,Tablet,3,49436,2026-03-31,UPI,Pune
MAR_010976,CUST_01684,Smartwatch,1,9617,2026-03-06,Credit Card,Bangalore
MAR_010977,CUST_01798,Mouse,3,7364,2026-03-13,Cash on Delivery,Chennai
MAR_010978,CUST_04260,Mouse,1,15343,2026-03-02,UPI,Hyderabad
MAR_010979,CUST_03564,Tablet,4,23791,2026-03-14,Debit Card,Pune
MAR_010980,CUST_02187,Tablet,5,1388,2026-03-17,Cash on Delivery,Hyderabad
MAR_010981,CUST_02193,Tablet,4,38721,2026-03-12,Credit Card,Delhi
MAR_010982,CUST_01286,Headphones,2,36604,2026-03-21,Cash on Delivery,Pune
MAR_010983,CUST_04348,Keyboard,2,7186,2026-03-10,Credit Card,Mumbai
MAR_010984,CUST_00763,Smartphone,5,22542,2026-03-16,Debit Card,Mumbai
MAR_010985,CUST_01665,Smartphone,4,12133,2026-03-24,UPI,Chennai
MAR_010986,CUST_01337,Monitor,3,46680,2026-03-17,UPI,Pune
MAR_010987,CUST_04184,Headphones,3,33563,2026-03-10,Debit Card,Delhi
MAR_010988,CUST_00121,Smartphone,1,23503,2026-03-18,Debit Card,Pune
MAR_010989,CUST_02769,Laptop,3,9797,2026-03-02,UPI,Chennai
MAR_010990,CUST_00041,Smartphone,4,46426,2026-03-03,Credit Card,Mumbai
MAR_010991,CUST_04347,Smartwatch,3,26724,2026-03-11,Credit Card,Bangalore
MAR_010992,CUST_01309,Smartphone,1,26263,2026-03-20,UPI,Hyderabad
MAR_010993,CUST_00357,Mouse,4,15925,2026-03-14,UPI,Bangalore
MAR_010994,CUST_02721,Mouse,4,17626,2026-03-23,Cash on Delivery,Chennai
MAR_010995,CUST_00405,Monitor,1,12728,2026-03-09,Debit Card,Pune
MAR_010996,CUST_04746,Keyboard,4,12714,2026-03-25,Debit Card,Bangalore
MAR_010997,CUST_00172,Headphones,2,2436,2026-03-09,Cash on Delivery,Pune
MAR_010998,CUST_04548,Tablet,4,21989,2026-03-01,Credit Card,Bangalore
MAR_010999,CUST_03130,Smartphone,2,28341,2026-03-10,Credit Card,Hyderabad
MAR_011000,CUST_01850,Mouse,3,44017,2026-03-06,Cash on Delivery,Mumbai
